classe	nome	rotulo	tipo	controle	tabela	coluna	tamanho	lookup	itens
OrdemServico	ABRANGENCIA_DOD	Qual a abrangência do projeto?	String	DropDownList	CP_ORDEM_SERVICO	ABRANGENCIA_DOD		S	
OrdemServico	ABRANGENCIA_DOD_V2	Qual a abrangência do projeto?	String	DropDownList	CP_ORDEM_SERVICO	ABRANGENCIA_DOD_V2		S	
OrdemServico	ACAO_EC	Ação da estratégia corporativa	String	DropDownList	CP_ORDEM_SERVICO	ACAO_EC		S	
OrdemServico	ACAO_TOMADA	Ação a ser tomada	String	Memo	CP_ORDEM_SERVICO	ACAO_TOMADA	2000		
OrdemServico	ACEITE_CONSIG	Li e concordo que em caso de desligamento, incidirá o desconto de até 30% das verbas rescisórias.	Boolean	CheckBox	CP_ORDEM_SERVICO	ACEITE_CONSIG			
OrdemServico	ACEITE_DESIGNACAO	Aceite	Boolean	CheckBox	CPE_CONTRATOS02	ACEITE_DESIGNACAO			
OrdemServico	ACEITE_DESIGNA_SISCCON	Aceite de Designação	Boolean	CheckBox	CPE_CONTRATOS02	ACEITE_DESIGNA_SISCCON			
OrdemServico	ACEITE_DESIGNA_SISCCON2	Aceite Designação	Boolean	CheckBox	CPE_CONTRATOS02	ACEITE_DESIGNA_SISCCON2			
OrdemServico	ACEITE_RISCO	Aceite - Risco Cliente	Boolean	CheckBox	CPE_FINANCEIRO	ACEITE_RISCO			
OrdemServico	ACESSO CELULAR	Ligações locais - celular	Boolean	CheckBox	CP_ORDEM_SERVICO	ACESSO_CELULAR			
OrdemServico	ACESSO DDD	DDD (Interurbano)	Boolean	CheckBox	CP_ORDEM_SERVICO	ACESSO_DDD			
OrdemServico	ACESSO DDI	DDI (Internacional)	Boolean	CheckBox	CP_ORDEM_SERVICO	ACESSO_DDI			
OrdemServico	ACESSO FIXO	Ligações locais - fixo	Boolean	CheckBox	CP_ORDEM_SERVICO	ACESSO_FIXO			
OrdemServico	ACESSO RAMAL	Ramal interno	Boolean	CheckBox	CP_ORDEM_SERVICO	ACESSO_RAMAL			
OrdemServico	ACESSO TELEFONIA	Acesso a telefonia	Boolean	CheckBox	CP_ORDEM_SERVICO	ACESSO_TELEFONIA			
OrdemServico	ACIDENTE_CAT	Acidente CAT	RecordList	DataGrid	Z_00143_ACIDENTE_CAT	ACIDENTE_CAT			
OrdemServico	ACOES_IMPLE	Ações a implementar	String	Memo	CP_ORDEM_SERVICO	ACOES_IMPLE	2000		
OrdemServico	ACOMPANHANDO_GRUPO_A	Estará acompanhando Presidente / Direto / Conselheiro 	String	DropDownList	CPE_DESLOCAMENTO	ACOMPANHANDO_GRUPO_A			Sim;Não
OrdemServico	ACUMULOPERMITIDOEVEDADO	Acúmulo Permitido e Vedado	String	DropDownList	CPE_CSC	ACUMULOPERMITIDOEVEDADO			Acúmulo Permitido; Acúmulo Vedado
OrdemServico	ADESAO_DIARIAS_AVULSAS	Confirmo a adesão a opção de diárias avulsas sem comprovação documental.	Boolean	CheckBox	CPE_CSC	ADESAO_DIARIAS_AVULSAS			
OrdemServico	ADIANTAMENTO30PDPEP	Itens para adiantamento	RecordList	DataGrid	Z_00143_ADIANTAMENTO30PDPEP	ADIANTAMENTO30PDPEP			
OrdemServico	ADITIVOS	Aditivos	String	TextBox	CPE_CSC	ADITIVOS			
OrdemServico	ADIT_SOL	Tipos de Aditivo	RecordList	DataGrid	Z_00143_ADIT_SOL	ADIT_SOL			
OrdemServico	AFASTAMENTO	Houve afastamento?	String	DropDownList	CPE_PESSOAS	AFASTAMENTO			Sim; Não
OrdemServico	AGENCIA	Agência	String	TextBox	CP_ORDEM_SERVICO	AGENCIA			
OrdemServico	AGENCIA_NUMERO	Número da Agência Bancária	String	TextBox	CPE_CSC	AGENCIA_NUMERO			
OrdemServico	AGENDAMENTO_DATA_HORA_PSICO	Agendamento de Data e Hora 	RecordList	DataGrid	Z_00143_AGENDAMENTO_DATA_HORA_PSICO	AGENDAMENTO_DATA_HORA_PSICO			
OrdemServico	AGEND_CONSULTA	AGEND_CONSULTA	RecordList	DataGrid	Z_00143_AGEND_CONSULTA	AGEND_CONSULTA			
OrdemServico	AGUA_FRIA_SOLICITACOES_GESAP	Água Fria - Solicitações Gesap	String	DropDownList	CPE_CONTRATOS02	AGUA_FRIA_SOLICITACOES_GESAP			Instalação de torneira;Instalação de bebedouro;Instalação de filtro;Reparo em registro;Manutenção de caixa d'água 
OrdemServico	AJUSTE_LIMITE	Ajuste Limite	String	TextBox	CPE_PDCI2019	AJUSTE_LIMITE			
OrdemServico	AJUSTE_REDACIONAL	Ajuste Redacional de Contratos	Boolean	CheckBox	CPE_NEGOCIOS	AJUSTE_REDACIONAL			
OrdemServico	ALCADA	ALCADA	String	TextBox	CPE_HOMOLOGACAO	ALCADA			
OrdemServico	ALCADA1	ALÇADA1	RecordList	DataGrid	Z_00143_ALCADA1	ALCADA1			
OrdemServico	ALCADA2	ALÇADA2	RecordList	DataGrid	Z_00143_ALCADA2	ALCADA2			
OrdemServico	ALCADA3	ALÇADA3	RecordList	DataGrid	Z_00143_ALCADA3	ALCADA3			
OrdemServico	ALCADA4	ALÇADA4	RecordList	DataGrid	Z_00143_ALCADA4	ALCADA4			
OrdemServico	ALCADA_ESTATUTARIO	Instrumento com a alçada e competência dos representantes estatutários	Boolean	CheckBox	CP_ORDEM_SERVICO	ALCADA_ESTATUTARIO			
OrdemServico	ALCADA_SUFICIENTE	Alçada de aprovação foi suficiente?	String	DropDownList	CP_ORDEM_SERVICO	ALCADA_SUFICIENTE			Sim;Não
OrdemServico	ALERGIA	ALERGIA	String	DropDownList	CPE_CONTRATOS02	ALERGIA			SIM;NÃO
OrdemServico	ALERGIA_1	ALERGIA_1	Boolean	CheckBox	CPE_ORDEM_SERVICO	ALERGIA_1			
OrdemServico	ALINHAMENTO_DOD	Alinhado a estratégia da empresa?	String	DropDownList	CP_ORDEM_SERVICO	ALINHAMENTO_DOD		S	
OrdemServico	ALINHAMENTO_DOD_V2	A solicitação é para atender uma estratégia corporativa da BBTS?	String	DropDownList	CP_ORDEM_SERVICO	ALINHAMENTO_DOD_V2		S	
OrdemServico	ALINHAMENTO_ESTRATEGICO_DOD	Alinhamento Estratégico	String	Memo	CP_ORDEM_SERVICO	ALINHAMENTO_ESTRATEGICO_DOD	2000		
OrdemServico	ALIQUOTAS_DE_ISSQN	Aliquotas de ISSQN	RecordList	DataGrid	Z_00143_ALIQUOTAS_DE_ISSQN	ALIQUOTAS_DE_ISSQN			
OrdemServico	ALIQUOTA_FINAL	Aliquota Final	String	TextBox	CPE_CSC	ALIQUOTA_FINAL			
OrdemServico	ALMOX_ENDERECO	Endereço:	String	TextBox	CPE_CSC	ALMOX_ENDERECO			
OrdemServico	ALTERACAO_CONTA	ALTERACAO_CONTA	String	TextBox	CPE_CSC	ALTERACAO_CONTA			
OrdemServico	ALTERACAO_PORC	ALTERACAO_PORC	String	TextBox	CPE_CSC	ALTERACAO_PORC			
OrdemServico	ALTERADO_AMIL	Alterado	String	DropDownList	CP_ORDEM_SERVICO	ALTERADO_AMIL			Sim;Não
OrdemServico	ALTERADO_SAUDE	Alterado	String	DropDownList	CP_ORDEM_SERVICO	ALTERADO_SAUDE			Sim;Não
OrdemServico	ALT_SCR	Descrição detalhada	String	Memo	CP_ORDEM_SERVICO	ALT_SCR			
OrdemServico	ALVENARIA_E_VEDACOES_SOLICITACOES_GESAP	Alvenaria e Vedações - Solicitações Gesap	String	DropDownList	CPE_CONTRATOS02	ALVENARIA_E_VEDACOES_SOLICITACOES_GESAP			Construção de parede;Reparo em parede;Fechamento de vãos;Abertura de portas e janelas;Correção de trincas
OrdemServico	AMBIENTE	Tipo de Ambiente	String	DropDownList	CP_ORDEM_SERVICO	AMBIENTE			Produção;Homologação;Desenvolvimento
OrdemServico	AMBIENTES_PARA_ARTE	Ambiente	RecordList	DataGrid	Z_00143_AMBIENTES_PARA_ARTE	AMBIENTES_PARA_ARTE			
OrdemServico	ANALISE_CCL	Análise CCL - Qualificação Financeira	String	Memo	CPE_FINANCEIRO	ANALISE_CCL			
OrdemServico	ANALISE_EPP	Análise EPP - Qualificação Financeira	String	Memo	CPE_FINANCEIRO	ANALISE_EPP			
OrdemServico	ANALISE_IMPACTO	Análise de Impacto	String	Memo	CP_ORDEM_SERVICO	ANALISE_IMPACTO			
OrdemServico	ANALISE_INDICADORES	Análise dos Indicadores - Qualificação Financeira	String	Memo	CPE_FINANCEIRO	ANALISE_INDICADORES			
OrdemServico	ANALISE_INDICADORES_RISCO	Análise dos Indicadores - Risco Cliente	String	Memo	CPE_FINANCEIRO	ANALISE_INDICADORES_RISCO			
OrdemServico	ANALISE_PARECER_TRIBUTARIO	Análise	String	TextBox	CPE_CSC	ANALISE_PARECER_TRIBUTARIO			
OrdemServico	ANALISE_PL	Análise PL - Qualificação Financeira	String	Memo	CPE_FINANCEIRO	ANALISE_PL			
OrdemServico	ANALISE_SOLICITACAO	Resumo da Análise	String	Memo	CP_ORDEM_SERVICO	ANALISE_SOLICITACAO			
OrdemServico	ANALISTA_CONTRATO	Analista do Contrato	RecordList	DataGrid	Z_00143_ANALISTA_CONTRATO	ANALISTA_CONTRATO			
OrdemServico	ANALISTA_CONTRATO_SUP	Analista do contrato suplente	String	DropDownList	CPE_CONTRATOS02	ANALISTA_CONTRATO_SUP		S	
OrdemServico	ANALISTA_CONTRATO_TITU	Analista do contrato titular	String	DropDownList	CPE_CONTRATOS02	ANALISTA_CONTRATO_TITU		S	
OrdemServico	ANDAR	ANDAR	String	TextBox	CPE_CONTRATOS02	ANDAR			
OrdemServico	ANO	Ano	Integer	TextBox	CP_ORDEM_SERVICO	ANO	4		
OrdemServico	ANOS	Anos	String	DropDownList	CPE_CONTRATOS	ANOS	50		2023;2024;2025;2026;2027;2028;2029;2030;2031;2032;2033;2034;2035;2036;2037;2038;2039;2040
OrdemServico	ANO_FIM	Ano Fim	String	TextBox	CP_ORDEM_SERVICO	ANO_FIM	4		
OrdemServico	ANO_INICIO	Ano Início	String	TextBox	CP_ORDEM_SERVICO	ANO_INICIO	4		
OrdemServico	ANO_NUMERO_MEMORANDO	Ano auxiliar do numero do memorando	String	TextBox	CPE_CSC	ANO_NUMERO_MEMORANDO			
OrdemServico	ANO_REF	Ano referência	String	DropDownList	CPE_CSC	ANO_REF	4		2027;2026;2025
OrdemServico	ANO_REFERENCIA	Ano referência	String	DropDownList	CPE_CSC	ANO_REFERENCIA			
OrdemServico	ANS_DIAS	ANS (dias)	String	TextBox	CP_ORDEM_SERVICO	ANS_DIAS	10		
OrdemServico	ANS_MIN	ANS (minutos)	Integer	TextBox	CP_ORDEM_SERVICO	ANS_MIN	10		
OrdemServico	ANS_SERVICO	Informe o ANS em minutos	String	TextBox	CPE_CSC	ANS_SERVICO			
OrdemServico	APLICACAO	Aplicação que será bloqueada	String	TextBox	CP_ORDEM_SERVICO	APLICACAO			
OrdemServico	APLICACAO1	Aplicação	String	DropDownList	CPE_NEGOCIOS	APLICACAO1			Projetos; Produtos customizáveis; Recontratação; Aditivos; Novo Contrato
OrdemServico	APLIC_NOTES	Aplicativo Notes	String	DropDownList	CP_ORDEM_SERVICO	APLIC_NOTES			Portal de Projetos 2015;Portal de Projetos 2014;Portal de Projetos 2013;Portal de Projetos 2012;Portal de Projetos 2011;
OrdemServico	APONTAMENTOCONCI	Apontamentos da conciliação	RecordList	DataGrid	Z_00143_APONTAMENTOCONCI	APONTAMENTOCONCI			
OrdemServico	APOSENTADORIA_PS	APOSENTADORIA_PS	String	DropDownList	CPE_CONTRATOS02	APOSENTADORIA_PS			Sim; Não
OrdemServico	APRESENTACAO_RELATO_AVALI	Apresentação dos relatórios de ocorrências para fiscalização da contratante, na periodicidade determinada no contrato 	String	DropDownList	CPE_CONTRATOS02	APRESENTACAO_RELATO_AVALI			1;2;3;0
OrdemServico	APRESENTA_BENS_AVALI	Apresentação de bens com as certificações exigidas	String	DropDownList	CPE_CONTRATOS	APRESENTA_BENS_AVALI			1;2;3;0
OrdemServico	APRESENTA_DOC_AVALIACAO	Apresentação de documentação técnica inerente ao objeto da contratação	String	DropDownList	CPE_CONTRATOS	APRESENTA_DOC_AVALIACAO			1;2;3;0
OrdemServico	APRESENTA_DOC_AVALIACAO2	Apresentação de documentação técnica inerente ao objeto da contratação	String	DropDownList	CPE_CONTRATOS	APRESENTA_DOC_AVALIACAO2			1;2;3;0
OrdemServico	APRESENTA_TERMO_AVALI	Apresentação do termo de garantia dos bens 	String	DropDownList	CPE_CONTRATOS	APRESENTA_TERMO_AVALI			1;2;3;0
OrdemServico	APRESENT_RELAC_AVALI	Apresentação da relação dos empregados alocados no contrato contendo nome completo, cargo ou função, horário do posto de trabalho, 	String	DropDownList	CPE_CONTRATOS	APRESENT_RELAC_AVALI			1;2;3;0
OrdemServico	APROREMAN	Aprova_reman	RecordList	DataGrid	Z_00143_APROREMAN	APROREMAN			
OrdemServico	APROVACOES	Campo para preenchimento das aprovações.	String	Memo	CPE_CSC	APROVACOES	2000		
OrdemServico	APROVADORES	Aprovadores 	RecordList	DataGrid	Z_00143_APROVADORES	APROVADORES	900		
OrdemServico	APROVADOR_PB	Vistoriador dos Bens (no mínimo 3, sendo um o gestor de patrimônio)	RecordList	DataGrid	Z_00143_APROVADOR_PB	APROVADOR_PB			
OrdemServico	APROV_FAVORECIDO	Nome do aprovador favorecido	String	TextBox	CPE_CSC	APROV_FAVORECIDO			
OrdemServico	APROV_FISCAL_ADM	Aprovador Fiscal Administrativo	String	TextBox	CPE_CSC	APROV_FISCAL_ADM			
OrdemServico	APROV_FISCAL_SERVICO	Aprovador fiscal de serviço	String	TextBox	CPE_CSC	APROV_FISCAL_SERVICO			
OrdemServico	APROV_GESTOR	Aprovador Gestor Demandante	String	TextBox	CPE_CSC	APROV_GESTOR			
OrdemServico	APROV_GESTOR_FAVORECIDO	Aprovação gestor favorecido	String	TextBox	CPE_CSC	APROV_GESTOR_FAVORECIDO			
OrdemServico	AP_EXAME_AVALI	Apresentação dos exames médicos admissionais dos empregados que prestarão os serviços	String	DropDownList	CPE_CONTRATOS	AP_EXAME_AVALI			1;2;3;0
OrdemServico	AQUISICAO_GASTO	Trata-se de aquisição/investimento ou gasto(custo/despesa) corrente?	String	DropDownList	CPE_CSC	AQUISICAO_GASTO			Aquisição/investimento; Gasto(custo/despesa) corrente
OrdemServico	AQUISICAO_PRESTACAO_SERVICOS_MPBS	Aquisição ou Prestação de Serviços - Modelo de Projeto Básico Simplificado	RecordList	DataGrid	Z_00143_AQUISICAO_PRESTACAO_SERVICOS_MPBS	AQUISICAO_PRESTACAO_SERVICOS_MPBS			
OrdemServico	AQUISICAO_SERVICO	Aquisição ou Prestação de Serviço	String	TextBox	CPE_CONTRATOS	AQUISICAO_SERVICO			
OrdemServico	AREA	Área 	RecordList	DataGrid	Z_00143_AREA	AREA	200		
OrdemServico	AREA_ATUACAO_CESEC	Áreas de Atuação - CESEC	String	DropDownList	CPE_CONTRATOS02	AREA_ATUACAO_CESEC	100		3000003341 - CENTRO DE SERVICOS COMPARTILHADOS DE CONTRATOS;3000003610 - CENTRO DE SERVICOS COMPARTILHADOS DE FINANCAS;3
OrdemServico	AREA_CAD_BEM	Área 	String	TextBox	CPE_CSC	AREA_CAD_BEM			
OrdemServico	AREA_DE_CONCILIACAO	Area de Conciliação	String	DropDownList	CPE_CONTRATOS	AREA_DE_CONCILIACAO			Contas a Pagar;Contas a Receber;Contabilidade;Contas a Pagar e Contas a Receber;Contas a Pagar e Contabilidade;Contas a 
OrdemServico	AREA_GESTORA_ITEM	A área é gestora do item?	String	DropDownList	CPE_CONTRATOS	AREA_GESTORA_ITEM			Sim;Não (Item Orçamentário Centralizado);Não (Item Orçamentário Descentralizado)
OrdemServico	AREA_SOLICITANTE	Área do Solicitante	String	DropDownList	CPE_ORDEM_SERVICO	AREA_SOLICITANTE			Cível;Trabalhista;Tributária;Outras
OrdemServico	AREA_SOL_CAIXA_DEP	Caixa Departamental da Área do Solicitante	String	DropDownList	CP_ORDEM_SERVICO	AREA_SOL_CAIXA_DEP			Sim;Não
OrdemServico	ARQUIVARDOCUMENTOS	Tipo de documento	String	DropDownList	CPE_CSC	ARQUIVARDOCUMENTOS			CNPJ;Alvará de funcionamento;AVCB;Inativo;Ato constitutivo (Uso exclusivo Gesap/Geemp);Ato de diretoria  (Uso exclusivo 
OrdemServico	ARQUIVAR_DOCUMENTOS	ARQUIVAR_DOCUMENTOS	String	DropDownList	CPE_ORDEM_SERVICO	ARQUIVAR_DOCUMENTOS			Diretoria;IPTU;Inscrição Estadual;Licença ambiental;Vigilância sanitária;Alvará SD;PLLS;Licença de operações;CLF Licença
OrdemServico	ARQUIVOS	Arquivos	String	Memo	CP_ORDEM_SERVICO	ARQUIVOS			
OrdemServico	ARQUIVOS_ANEXADOS	Arquivos anexados	String	Memo	CPE_CSC	ARQUIVOS_ANEXADOS			
OrdemServico	ARQ_PASTA	Todos os arquivos da pasta	Boolean	CheckBox	CP_ORDEM_SERVICO	ARQ_PASTA			
OrdemServico	ASSISTENCIA_TECNICA	Assistência Técnica ?	Boolean	CheckBox	CP_ORDEM_SERVICO	ASSISTENCIA_TECNICA			
OrdemServico	ASST_CAT	CAT	String	TextBox	CPE_ASSTECNICA	ASST_CAT			
OrdemServico	ASST_CEP	CEP	String	TextBox	CPE_ASSTECNICA	ASST_CEP			
OrdemServico	ASST_ENDERECO	Novo Endereço	String	TextBox	CPE_ASSTECNICA	ASST_ENDERECO	500		
OrdemServico	ASST_HOUVE_REMANEJAMENTO	Houve Remanejamento	String	DropDownList	CPE_ASSTECNICA	ASST_HOUVE_REMANEJAMENTO			Sim;Não
OrdemServico	ASST_INFORMAR_EQPT	Informar EQPT	String	TextBox	CPE_ASSTECNICA	ASST_INFORMAR_EQPT			
OrdemServico	ASST_JUSTIFICATIVA	Justificativa	String	Memo	CPE_ASSTECNICA	ASST_JUSTIFICATIVA	500		
OrdemServico	ASST_LAT	LAT	String	TextBox	CPE_ASSTECNICA	ASST_LAT			
OrdemServico	ASST_MANTENEDO_CORRETO	Mantenedor Correto	String	TextBox	CPE_ASSTECNICA	ASST_MANTENEDO_CORRETO			
OrdemServico	ASST_MATRICULA	Matrícula	String	TextBox	CPE_ASSTECNICA	ASST_MATRICULA			
OrdemServico	ASST_NOME_FUNCIONARIO	Nome do Funcionário	String	DropDownList	CPE_ASSTECNICA	ASST_NOME_FUNCIONARIO		S	
OrdemServico	ASST_NUMERO_BEM	Número do bem	String	TextBox	CPE_ASSTECNICA	ASST_NUMERO_BEM			
OrdemServico	ASST_NUMERO_CHAMADO	Número do chamado	String	TextBox	CPE_ASSTECNICA	ASST_NUMERO_CHAMADO			
OrdemServico	ASST_NUMERO_CONTRATO	Número Contrato	String	TextBox	CPE_ASSTECNICA	ASST_NUMERO_CONTRATO			
OrdemServico	ASST_NUMERO_EQUIPAMENTO	Numero do Equipamento	String	TextBox	CPE_ASSTECNICA	ASST_NUMERO_EQUIPAMENTO			
OrdemServico	ASST_NUMERO_TAREFA	Número da Tarefa	String	TextBox	CPE_ASSTECNICA	ASST_NUMERO_TAREFA			
OrdemServico	ASST_OBSERVACAO	Observação	String	Memo	CPE_ASSTECNICA	ASST_OBSERVACAO	500		
OrdemServico	ASST_PREFIXO_CORRETO	Prefixo Correto	String	TextBox	CPE_ASSTECNICA	ASST_PREFIXO_CORRETO			
OrdemServico	ASST_SAG_CORRETO	Sag Correto	String	TextBox	CPE_ASSTECNICA	ASST_SAG_CORRETO			
OrdemServico	ASST_SERVICO_ATENDIMENTO	Serviço para atendimento	String	DropDownList	CPE_ASSTECNICA	ASST_SERVICO_ATENDIMENTO			
OrdemServico	ASST_SOLIC_TRANSBORDO	Houve Solicitação de Transbordo	String	DropDownList	CPE_ASSTECNICA	ASST_SOLIC_TRANSBORDO			Sim;Não
OrdemServico	ASST_TIPO_EQUIPAMENTO	Tipo Equipamento	String	TextBox	CPE_ASSTECNICA	ASST_TIPO_EQUIPAMENTO			
OrdemServico	ASST_ZONA_TRABALHO_ANTIGA	Zona de trabalho antiga	String	TextBox	CPE_ASSTECNICA	ASST_ZONA_TRABALHO_ANTIGA			
OrdemServico	ASST_ZONA_TRABALHO_ATUAL	Zona de trabalho atual	String	TextBox	CPE_ASSTECNICA	ASST_ZONA_TRABALHO_ATUAL			
OrdemServico	ASSUNTO	Assunto do Email	String	Memo	CP_ORDEM_SERVICO	ASSUNTO			
OrdemServico	ASSUNTOMEMORANDO	Assunto memorando	String	DropDownList	CPE_CSC	ASSUNTOMEMORANDO			
OrdemServico	ASSUNTO_DGOV	Assunto da deliberação	String	Memo	CP_ORDEM_SERVICO	ASSUNTO_DGOV	2000		
OrdemServico	ASSUNTO_GUIA	Assunto	String	TextBox	CP_ORDEM_SERVICO	ASSUNTO_GUIA			
OrdemServico	ATENDIMENTO_AVALI	Atendimento às instruções normativas indicadas no projeto básico	String	DropDownList	CPE_CONTRATOS	ATENDIMENTO_AVALI			1;2;3;0
OrdemServico	ATERRAMENTO_SOLICITACOES_GESAP	Aterramento - Solicitações Gesap	String	DropDownList	CPE_CONTRATOS02	ATERRAMENTO_SOLICITACOES_GESAP			Reparo de aterramento;Instalação de aterramento;Medição de aterramento;Adequação de aterramento 
OrdemServico	ATESTADO_LISTA	Lista de atestados	String	Memo	CP_ORDEM_SERVICO	ATESTADO_LISTA			
OrdemServico	ATESTE_PRE_FATURA	Ateste Pré-fatura	Integer	TextBox	CP_ORDEM_SERVICO	ATESTE_PRE_FATURA			
OrdemServico	ATESTO_ENTREGA_ERP	Atesto Entrega  - ERP	String	TextBox	CPE_CSC	ATESTO_ENTREGA_ERP			
OrdemServico	ATIVA_SCR	Descrição detalhada	String	Memo	CP_ORDEM_SERVICO	ATIVA_SCR			
OrdemServico	ATIVIDADE	Tipo de atividade	String	DropDownList	CP_ORDEM_SERVICO	ATIVIDADE			Meio; Fim
OrdemServico	ATIVIDADES	Atividades	String	Memo	CP_ORDEM_SERVICO	ATIVIDADES	2000		
OrdemServico	ATIVIDADE_ECONOMICA	Atividade Econômica Princial	String	TextBox	CP_ORDEM_SERVICO	ATIVIDADE_ECONOMICA			
OrdemServico	ATRASO	Atraso	Integer	TextBox	CP_ORDEM_SERVICO	ATRASO	10		
OrdemServico	ATUACAO_SGPS	Atuação	String	DropDownList	CPE_PESSOAS	ATUACAO_SGPS			Provisionamento; Liberação; Provisionamento e Liberação
OrdemServico	ATV_IMOVEL	Atividade:	String	TextBox	CPE_CSC	ATV_IMOVEL	1000		
OrdemServico	AUDIT	Alçada AUDIT	Boolean	CheckBox	CP_ORDEM_SERVICO	AUDIT1			
OrdemServico	AUTOR	Autor	String	TextBox	CP_ORDEM_SERVICO	AUTOR			
OrdemServico	AVALIACAO_FORNECEDOR	Avaliação do Fornecedor	RecordList	DataGrid	Z_00143_AVALIACAO_FORNECEDOR	AVALIACAO_FORNECEDOR			
OrdemServico	AVALIACAO_PRAZO	Quanto ao prazo do atendimento?	String	DropDownList	CPE_CJUR	AVALIACAO_PRAZO			Péssimo;Ruim;Regular;Bom;Excelente;
OrdemServico	AVISO	Aviso	String	Label	CP_ORDEM_SERVICO	AVISO	1500		
OrdemServico	AVISO_DE_RESTRICAO_DE_CAMPO	<font color="red"><b>Observação: </b>Inclua até 10 nomes de colaboradores que irão mudar de hierarquia para cada chamado. Não cole lista de nomes no campo <u>"Detalhamento da solicitação"</u></font>	String	Label	CPE_BOOTCAMP	AVISO_DE_RESTRICAO_DE_CAMPO			
OrdemServico	AVISO_NOVO_CHIP	Aviso novo chip	String	Label	CPE_CSC	AVISO_NOVO_CHIP	1500		
OrdemServico	AVISO_PREVIO	Aviso Prévio	String	TextBox	CPE_PDCI2019	AVISO_PREVIO			
OrdemServico	AVISO_PREVIO_PDCI	Aviso Prévio	String	TextBox	CPE_PDCI2019	AVISO_PREVIO_PDCI			
OrdemServico	AVISTA_PARCELADO	A vista ou Parcelado	String	DropDownList	CPE_CSC	AVISTA_PARCELADO			A VISTA; PARCELADO
OrdemServico	A_TESTECLOB	A_testeClob	String	TextBox	CPE_CSC	A_TESTECLOB			
OrdemServico	BAIRRO	Bairro	String	TextBox	CP_ORDEM_SERVICO	BAIRRO			
OrdemServico	BAIRRO_ALMOX	Bairro:	String	TextBox	CPE_CSC	BAIRRO_ALMOX			
OrdemServico	BAIRRO_CONTRATA_MAISBR	Bairro	String	TextBox	CPE_CONTRATOS02	BAIRRO_CONTRATA_MAISBR	1999		
OrdemServico	BAIXADENOTASCANCELA	Baixa de Notas Cancela	RecordList	DataGrid	Z_00143_BAIXADENOTASCANCELA	BAIXADENOTASCANCELA			
OrdemServico	BAIXADENOTASFISCAISCANCELA	Preencher Número das Notas Fiscais e Número do RI (Obrigatório quando o status for Controlada)	RecordList	DataGrid	Z_00143_BAIXADENOTASFISCAISCANCELA	BAIXADENOTASFISCAISCANCELA			
OrdemServico	BAIXADENOTASFISCAISCANCELADAS	Preencher  Número das Notas Fiscais e Número do RI (Obrigatório quando o status for Controlada)	RecordList	DataGrid	Z_00143_BAIXADENOTASFISCAISCANCELADAS	BAIXADENOTASFISCAISCANCELADAS			
OrdemServico	BANCO	Banco	String	TextBox	CP_ORDEM_SERVICO	BANCO			
OrdemServico	BANCO_NOME	Nome do Banco	String	DropDownList	CPE_CSC	BANCO_NOME			Banco do Brasil;Banco Inter;Bradesco;Caixa Econômica Federal;Itaú Unibanco;Nubank;Santander Brasil;Outro
OrdemServico	BASE	Base	String	TextBox	CP_ORDEM_SERVICO	BASE			
OrdemServico	BASE_DESTACADA_LOTE	Base Destacada Lote	RecordList	DataGrid	Z_00143_BASE_DESTACADA_LOTE	BASE_DESTACADA_LOTE			
OrdemServico	BASE_TR	Base TR	String	DropDownList	CPE_HOMOLOGACAO	BASE_TR			
OrdemServico	BBTS	BBTS	String	TextBox	CPE_CONTRATOS	BBTS			
OrdemServico	BEMDETI	Existe Bem Patrimonial de TI?	String	DropDownList	CPE_CSC	BEMDETI			Sim;Não
OrdemServico	BEM_LOCALIZADO	Bem Localizado?	String	DropDownList	CP_ORDEM_SERVICO	BEM_LOCALIZADO			Sim;Não
OrdemServico	BEM_PATRIMONIADO	Bem Patrimoniado	RecordList	DataGrid	Z_00143_BEM_PATRIMONIADO	BEM_PATRIMONIADO			
OrdemServico	BENEFICIARIO	NomeDoBeneficiario	String	TextBox	CPE_DADOS	BENEFICIARIO	100		
OrdemServico	BENEFICIARIO1	Quem é o beneficiário?	String	DropDownList	CPE_CONTRATOS02	BENEFICIARIO1			Colaborador;Colaborador e Dependente(s);Dependente(s)
OrdemServico	BENS_NAOPATRIMONIADOS	Bens Não Patrimoniados	RecordList	DataGrid	Z_00143_BENS_NAOPATRIMONIADOS	BENS_NAOPATRIMONIADOS			
OrdemServico	BENS_PARA_VIST	Bens Para Vistoria	RecordList	DataGrid	Z_00143_BENS_PARA_VIST	BENS_PARA_VIST			
OrdemServico	BOLETO	Numero do Boleto	String	TextBox	CPE_CSC	BOLETO			
OrdemServico	BUSCA_COLABORADOR	Colaborador	String	DropDownList	CPE_ORDEM_SERVICO	BUSCA_COLABORADOR		S	
OrdemServico	CABEAMENTO_ESTRUTURADO_SOLICITACOES_GESAP	Cabeamento Estruturado - Solicitações Gesap	String	DropDownList	CPE_CONTRATOS02	CABEAMENTO_ESTRUTURADO_SOLICITACOES_GESAP			Passagem de cabo de rede;Troca de cabo de rede;Organização de rack;Instalação de patch panel;Identificação de cabeamento
OrdemServico	CADASTRAR_FORNECEDOR	Cadastro de fornecedor:	RecordList	DataGrid	Z_00143_CADASTRAR_FORNECEDOR	CADASTRAR_FORNECEDOR			
OrdemServico	CADASTRAR_NOME	CADASTRAR_NOME	RecordList	DataGrid	Z_00143_CADASTRAR_NOME	CADASTRAR_NOME			
OrdemServico	CADASTRO_ALMOX_VIRTUAL	Cdastro Solicitante e Aprovador 	RecordList	DataGrid	Z_00143_CADASTRO_ALMOX_VIRTUAL	CADASTRO_ALMOX_VIRTUAL			
OrdemServico	CADASTRO_NOME	CADASTRO_NOME	RecordList	DataGrid	Z_00143_CADASTRO_NOME	CADASTRO_NOME			
OrdemServico	CADASTRO_NOVO_OU_ATUALIZACAO	Cadastro Novo ou Atualização	String	DropDownList	CPE_CONTRATOS02	CADASTRO_NOVO_OU_ATUALIZACAO			Atualização;Cadastro Novo
OrdemServico	CADAST_SOLIC_APROV	Cadastro Solicitante e Aprovador	RecordList	DataGrid	Z_00143_CADAST_SOLIC_APROV	CADAST_SOLIC_APROV			
OrdemServico	CADATRO_ATUALIZACAO	Cadastro ou Atualização?	String	DropDownList	CPE_CSC	CADATRO_ATUALIZACAO			Cadastro;Atualização
OrdemServico	CAD_ENDERECO_FORNECEDOR	Endereço Fornecedor	RecordList	DataGrid	Z_00143_CAD_ENDERECO_FORNECEDOR	CAD_ENDERECO_FORNECEDOR			
OrdemServico	CAD_ESTAG	Grid feita para testar scripts	RecordList	DataGrid	Z_00143_CAD_ESTAG	CAD_ESTAG			
OrdemServico	CAD_ITENS_ADM	Cadastro Itens Adm	RecordList	DataGrid	Z_00143_CAD_ITENS_ADM	CAD_ITENS_ADM			
OrdemServico	CAIXA_DEPARTAMENTAL	Endereço de Email da Caixa Departamental	String	TextBox	CP_ORDEM_SERVICO	CAIXA_DEPARTAMENTAL			
OrdemServico	CAMINHO	CAMINHO	String	TextBox	CPE_CSC	CAMINHO			
OrdemServico	CAMINHO_SUBPROCESSO	Caminho do Subprocesso	String	Memo	CPE_ORDEM_SERVICO	CAMINHO_SUBPROCESSO			
OrdemServico	CAMPOS	Campos	String	Memo	CPE_ORDEM_SERVICO	CAMPOS			
OrdemServico	CAMPOSEMISSAOREL_FAT	CAMPOS PARA EMISSÃO DE RELATÓRIOS	RecordList	DataGrid	Z_00143_CAMPOSEMISSAOREL_FAT	CAMPOSEMISSAOREL_FAT			
OrdemServico	CAMPOSPARANUMEROSNF	Campos para Números	RecordList	DataGrid	Z_00143_CAMPOSPARANUMEROSNF	CAMPOSPARANUMEROSNF	300		
OrdemServico	CAMPO_BBTS	Campo BBTS	String	TextBox	CPE_CONTRATOS	CAMPO_BBTS	500		
OrdemServico	CAMPO_CNPJ	Campo CNPJ	String	TextBox	CPE_CONTRATOS	CAMPO_CNPJ	500		
OrdemServico	CAMPO_DESCRICAO_CNPJ	Campo Descrição CNPJ	String	TextBox	CPE_CONTRATOS	CAMPO_DESCRICAO_CNPJ	500		
OrdemServico	CAMPO_DESCRICAO_CNPJ_2	Campo Descrição CNPJ	String	TextBox	CPE_CONTRATOS	CAMPO_DESCRICAO_CNPJ_2	500		
OrdemServico	CAMPO_LOCAL_FATURAMENTO	Campo Local de Faturamento	String	TextBox	CPE_CONTRATOS	CAMPO_LOCAL_FATURAMENTO	500		
OrdemServico	CAMPO_TXT	Campo Texto	String	TextBox	CPE_DADOS	CAMPO_TXT	500		
OrdemServico	CAMPO_VALIDACAO_DIARIA	Campo de de validação	String	TextBox	CPE_DESLOCAMENTO	CAMPO_VALIDACAO_DIARIA			
OrdemServico	CAMPO_VALIDACAO_DIARIA_GERED	Campo de de validação	String	TextBox	CPE_DESLOCAMENTO	CAMPO_VALIDACAO_DIARIA_GERED			
OrdemServico	CAMPO_VALIDACAO_DOLAR	Campo de Validação Dolar	String	TextBox	CPE_DESLOCAMENTO	CAMPO_VALIDACAO_DOLAR			
OrdemServico	CAMP_MARCAR	Campo para Marcação	Boolean	CheckBox	CPE_PESSOAS	CAMP_MARCAR			
OrdemServico	CAMP_MARCAR2	Campo para Marcação	Boolean	CheckBox	CPE_PESSOAS	CAMP_MARCAR2			
OrdemServico	CAMP_MARCAR3	Campo para Marcação	Boolean	CheckBox	CPE_PESSOAS	CAMP_MARCAR3			
OrdemServico	CAMP_MARCAR4	Campo para Marcação	Boolean	CheckBox	CPE_PESSOAS	CAMP_MARCAR4			
OrdemServico	CAMP_MARCAR5	Campo para Marcação	Boolean	CheckBox	CPE_PESSOAS	CAMP_MARCAR5			
OrdemServico	CAMP_MARCAR6	Campo para Marcação	Boolean	CheckBox	CPE_PESSOAS	CAMP_MARCAR6			
OrdemServico	CANALDEVENDA	Canal de Venda	RecordList	DataGrid	Z_00143_CANALDEVENDA	CANALDEVENDA			
OrdemServico	CANALDEVENDA1	Combo Box	String	DropDownList	CPE_NEGOCIOS	CANALDEVENDA1	900		Prospecção;Indicação;Parceria;Pós-venda;RFP/RFI/RFQ;Licitação;Canais Digitais;Network.
OrdemServico	CANDIDATOS_NAO_ELEITOS	Candidatos Não Eleitos	RecordList	DataGrid	Z_00143_CANDIDATOS_NAO_ELEITOS	CANDIDATOS_NAO_ELEITOS			
OrdemServico	CARACTERISTICAS_NDA	Características do NDA	String	DropDownList	CPE_CONTRATOS02	CARACTERISTICAS_NDA	199		Revenda;Novo Negócio;Fornecedor;Outros
OrdemServico	CARGO	Cargo	String	TextBox	CP_ORDEM_SERVICO	CARGO			
OrdemServico	CARGO FAVORECIDO	CARGO_FAVORECIDO	String	TextBox	CPE_CONTRATOS02	CARGO_FAVORECIDO			
OrdemServico	CARGOS_EDITAL	Cargos	String	DropDownList	CP_ORDEM_SERVICO	CARGOS_EDITAL			Assistente Administrativo;Técnico Administrativo;Técnico de Operações;Analista Administrativo;Analista de Operações;Auxi
OrdemServico	CARGO_ATUAL	Cargo	String	TextBox	CP_ORDEM_SERVICO	CARGO_ATUAL			
OrdemServico	CARGO_DESLOCAMENTO	Cargo	String	TextBox	CPE_DESLOCAMENTO	CARGO_DESLOCAMENTO			
OrdemServico	CARGO_DOTA	Cargo	String	TextBox	CP_ORDEM_SERVICO	CARGO_DOTA			
OrdemServico	CARGO_MOV	Cargo	String	DropDownList	CP_ORDEM_SERVICO	CARGO_MOV			Técnico Administrativo;Analista Administrativo;Técnico de Operações;Analista de Operações
OrdemServico	CARGO_MOVIM	Cargo	String	DropDownList	CPE_ORDEM_SERVICO	CARGO_MOVIM			Técnico;Analista
OrdemServico	CARGO_PDCI	Cargo	String	TextBox	CPE_PDCI2019	CARGO_PDCI			
OrdemServico	CARGO_PRESTA	Cargo	String	TextBox	CP_ORDEM_SERVICO	CARGO_PRESTA	300		
OrdemServico	CARTAO_DE_ACESSO	Cartao de acesso	RecordList	DataGrid	Z_00143_CARTAO_DE_ACESSO	CARTAO_DE_ACESSO			
OrdemServico	CARTAO_DE_ACESSO_2	Cartao de acesso 2	RecordList	DataGrid	Z_00143_CARTAO_DE_ACESSO_2	CARTAO_DE_ACESSO_2			
OrdemServico	CARTAO_DE_ACESSO_3	Cartao de acesso 3	RecordList	DataGrid	Z_00143_CARTAO_DE_ACESSO_3	CARTAO_DE_ACESSO_3			
OrdemServico	CARTAO_DE_ACESSO_4	Cartao de acesso 4	RecordList	DataGrid	Z_00143_CARTAO_DE_ACESSO_4	CARTAO_DE_ACESSO_4			
OrdemServico	CATCNH	Categoria da CNH	String	DropDownList	CPE_HOMOLOGACAO	CATCNH			ACC;A;AB;B;C;D;E
OrdemServico	CATCNH2	Categoria da CNH	String	DropDownList	CPE_HOMOLOGACAO	CATCNH2			ACC;A;B;C;D;E
OrdemServico	CATEGORIA_BEM	Categoria do Patrimônio	String	TextBox	CPE_CSC	CATEGORIA_BEM			
OrdemServico	CATEGORIA_COMPRA	Categoria de Compra	String	DropDownList	CPE_CONTRATOS	CATEGORIA_COMPRA			ADMINISTRATIVO; AUTOMAÇÃO BANCÁRIA (MANUTENÇÃO); AUTOMAÇÃO BANCÁRIA (REPARO DE PEÇAS E SOBRESSALENTES); AUTOMAÇÃO BANCÁR
OrdemServico	CATEGORIA_DE_COMPRA	Categoria de Compra	String	DropDownList	CPE_CSC	CATEGORIA_DE_COMPRA			
OrdemServico	CATEGORIA_IDENIZACAO	Categoria	String	DropDownList	CPE_ASSTECNICA	CATEGORIA_IDENIZACAO			A;B;C
OrdemServico	CATEGORIA_INDENIZACAO	Categoria	String	DropDownList	CPE_ASSTECNICA	CATEGORIA_INDENIZACAO			A;B;C
OrdemServico	CATEGORIA_SERV	Categoria dos Serviços	String	DropDownList	CPE_CONTRATOS02	CATEGORIA_SERV	1999		
OrdemServico	CATS_BBTS	CAT's BBTS	String	DropDownList	CPE_CONTRATOS02	CATS_BBTS			CAT-AND;CAT-BAR;CAT-BAU;CAT-BEL;CAT-BEM;CAT-BRA;CAT-CAM;CAT-CARIOCA;CAT-CGR;CAT-CUI;CAT-CUR;CAT-FLO;CAT-FOR;CAT-GOI;CAT-
OrdemServico	CAT_ATENDIDOS_OES	CAT's atendidos pela O & S	String	DropDownList	CPE_CONTRATOS02	CAT_ATENDIDOS_OES			CAT-JPA;CAT-MAC;CAT-REC
OrdemServico	CAT_FAVORECIDO	CAT	String	DropDownList	CPE_HOMOLOGACAO	CAT_FAVORECIDO			
OrdemServico	CAUSA_RAIZ	Causa Raiz	String	DropDownList	CP_ORDEM_SERVICO	CAUSA_RAIZ			Falhas de Infra - Servidor de Aplicação;Falhas de Infra - Servidor de Banco de Dados;Falhas de Infra - Servidor WEB;Falh
OrdemServico	CCMEMORANDO	Conta Corrente Memorando	String	TextBox	CPE_CSC	CCMEMORANDO			
OrdemServico	CELULAR	Celular	String	TextBox	CP_ORDEM_SERVICO	CELULAR			
OrdemServico	CELULAR_DEV	Celular a ser devolvido pelo colaborador?	String	DropDownList	CP_ORDEM_SERVICO	CELULAR_DEV			Não;Sim
OrdemServico	CENARIO_DOD	Cenário Atual	String	Memo	CP_ORDEM_SERVICO	CENARIO_DOD	2000		
OrdemServico	CEP	Cep	String	TextBox	CP_ORDEM_SERVICO	CEP	10		
OrdemServico	CEP1	CEP	String	TextBox	CP_ORDEM_SERVICO	CEP1	10		
OrdemServico	CEP_	CEP	String	TextBox	CPE_TIP_SOL01	CEP_			
OrdemServico	CEP_CONTRATA_MAISBR	CEP	String	TextBox	CPE_CONTRATOS02	CEP_CONTRATA_MAISBR	1999		
OrdemServico	CFTV_SOLICITACOES_GESAP	CFTV - Solicitações Gesap	String	DropDownList	CPE_CONTRATOS02	CFTV_SOLICITACOES_GESAP			Instalação de câmera   
OrdemServico	CHAMADO	Chamado	String	DropDownList	CP_ORDEM_SERVICO	CHAMADO			
OrdemServico	CHAMADO COBRA	Chamado Cobra	Integer	TextBox	CP_ORDEM_SERVICO	CHAMADO_COBRA	15		
OrdemServico	CHAMADO COBRA 1	Chamado Cobra	String	TextBox	CP_ORDEM_SERVICO	CHAMADO_COBRA_1	15		
OrdemServico	CHAMADO PARCEIRO	Chamado Parceiro	String	TextBox	CP_ORDEM_SERVICO	CHAMADO_PARCEIRO	10		
OrdemServico	CHAMADOS_ABERTOS	Chamados abertos	Integer	TextBox	CP_ORDEM_SERVICO	CHAMADOS_ABERTOS			
OrdemServico	CHAMADO_MULTIDATA	Número do chamado Multidata	String	TextBox	CP_ORDEM_SERVICO	CHAMADO_MULTIDATA			
OrdemServico	CHAVE DE ACESSO SISBB	Chave de acesso SISBB	String	TextBox	CP_ORDEM_SERVICO	CHAVE_DE_ACESSO_SISBB			
OrdemServico	CHAVE_CONTABIL	Chave Contábil	String	TextBox	CPE_FINANCEIRO	CHAVE_CONTABIL			
OrdemServico	CHECK BOX	Check Box	String	DropDownList	CPE_TIP_SOL01	CHECK_BOX	500		Processo Licitatório;Dispensa de Licitação  (artigo  29, incisos  I  e  II  da  Lei 13.303/16);Dispensa de Licitação (ex
OrdemServico	CHECKBOX1	Checkbox1	Boolean	CheckBox	CPE_PESSOAS	CHECKBOX1			
OrdemServico	CHECKBOX10	Checkbox10	Boolean	CheckBox	CPE_PESSOAS	CHECKBOX10			
OrdemServico	CHECKBOX11	Checkbox11	Boolean	CheckBox	CPE_PESSOAS	CHECKBOX11			
OrdemServico	CHECKBOX12	Checkbox12	Boolean	CheckBox	CPE_PESSOAS	CHECKBOX12			
OrdemServico	CHECKBOX13	Checkbox13	Boolean	CheckBox	CPE_PESSOAS	CHECKBOX13			
OrdemServico	CHECKBOX14	Checkbox14	Boolean	CheckBox	CPE_PESSOAS	CHECKBOX14			
OrdemServico	CHECKBOX15	Checkbox15	Boolean	CheckBox	CPE_PESSOAS	CHECKBOX15			
OrdemServico	CHECKBOX2	Checkbox2	Boolean	CheckBox	CPE_PESSOAS	CHECKBOX2			
OrdemServico	CHECKBOX3	Checkbox3	Boolean	CheckBox	CPE_PESSOAS	CHECKBOX3			
OrdemServico	CHECKBOX4	Checkbox4	Boolean	CheckBox	CPE_PESSOAS	CHECKBOX4			
OrdemServico	CHECKBOX5	Checkbox5	Boolean	CheckBox	CPE_PESSOAS	CHECKBOX5			
OrdemServico	CHECKBOX6	Checkbox6	Boolean	CheckBox	CPE_PESSOAS	CHECKBOX6			
OrdemServico	CHECKBOX7	Checkbox7	Boolean	CheckBox	CPE_PESSOAS	CHECKBOX7			
OrdemServico	CHECKBOX8	Checkbox8	Boolean	CheckBox	CPE_PESSOAS	CHECKBOX8			
OrdemServico	CHECKBOX9	Checkbox9	Boolean	CheckBox	CPE_PESSOAS	CHECKBOX9			
OrdemServico	CHECKBOX_CONFIRMA	Checkbox Confirma	String	DropDownList	CPE_PESSOAS	CHECKBOX_CONFIRMA			Sim;Não
OrdemServico	CHECKLIST_APROVADO	CheckList_Aplicado_OC	String	DropDownList	CPE_TIP_SOL01	CHECKLIST_APROVADO			CheckList Aprovado;CheckList Reprovado
OrdemServico	CHECKLIST_APROVADO_2_VEZ	CheckList_Aprovado_2_Vez	String	DropDownList	CPE_TIP_SOL01	CHECKLIST_APROVADO_2_VEZ			CheckList Aprovado;CheckList Reprovado
OrdemServico	CHECKLIST_RESULTADO	CheckList_Resultado	String	TextBox	CPE_TIP_SOL01	CHECKLIST_RESULTADO			
OrdemServico	CHECKLIST_RESULTADO_2_VEZ	CheckList_Resultado_2_Vez	String	TextBox	CPE_TIP_SOL01	CHECKLIST_RESULTADO_2_VEZ			
OrdemServico	CHECK_LISTA_CONFIRMADA	A lista de classificação está definida e pronta para avançar a atividade.	Boolean	CheckBox	CPE_PDCI2019	CHECK_LISTA_CONFIRMADA			
OrdemServico	CHECK_LISTA_EXCEDENTE	A lista de excedendes está definida e os chamdos serão encerrados.	Boolean	CheckBox	CPE_PDCI2019	CHECK_LISTA_EXCEDENTE			
OrdemServico	CHIP_EM_LOTE	CHIP_EM_LOTE	RecordList	DataGrid	Z_00143_CHIP_EM_LOTE	CHIP_EM_LOTE			
OrdemServico	CIDADE	Cidade	String	TextBox	CP_ORDEM_SERVICO	CIDADE	30		
OrdemServico	CIDADES_CLASSIFICACOES	Cidades e Classificações	RecordList	DataGrid	Z_00143_CIDADES_CLASSIFICACOES	CIDADES_CLASSIFICACOES			
OrdemServico	CIDADE_CLASSIFICACAO	Cidade Classificação	String	TextBox	CPE_CSC	CIDADE_CLASSIFICACAO			
OrdemServico	CIDADE_CONTRATA_MAISBR	Cidade	String	TextBox	CPE_CONTRATOS02	CIDADE_CONTRATA_MAISBR	1999		
OrdemServico	CIDADE_DESTINO	Cidade de Destino	String	DropDownList	CPE_DESLOCAMENTO	CIDADE_DESTINO		S	
OrdemServico	CIDADE_DESTINO_GERED	Cidade de Destino	String	DropDownList	CPE_DESLOCAMENTO	CIDADE_DESTINO_GERED		S	
OrdemServico	CIDADE_DESTINO_INTERNACIONAL	Cidade/País de Destino	String	TextBox	CPE_DESLOCAMENTO	CIDADE_DESTINO_INTERNACIONAL			
OrdemServico	CIDADE_DE_DESTINO	Cidade de Destino	String	TextBox	CPE_PEC	CIDADE_DE_DESTINO	40		
OrdemServico	CIDADE_ORIGEM	Cidade de Origem	String	DropDownList	CPE_DESLOCAMENTO	CIDADE_ORIGEM		S	
OrdemServico	CIDADE_ORIGEM_GERED	Cidade de Origem	String	DropDownList	CPE_DESLOCAMENTO	CIDADE_ORIGEM_GERED		S	
OrdemServico	CIENTEFERIAS	Estou ciente juntamente com  meu gestor que a solicitação de programação está em desacordo com o contido na NI  115 - Férias (Série 1 - Gestão de Pessoas)	Boolean	CheckBox	CPE_PESSOAS	CIENTEFERIAS			
OrdemServico	CIENTE_IFP	Estou ciente que chamados aprovados após o dia 18 serão processados na folha de pagamento do mês seguinte.	Boolean	CheckBox	CPE_CSC	CIENTE_IFP			
OrdemServico	CIPA_INFO_ABONO	CIPA - Informações para solicitação de informação de abono	RecordList	DataGrid	Z_00143_CIPA_INFO_ABONO	CIPA_INFO_ABONO			
OrdemServico	CIPA_INFO_ABONO_CLIENTE	Solicitação cliente - CIPA Abono	RecordList	DataGrid	Z_00143_CIPA_INFO_ABONO_CLIENTE	CIPA_INFO_ABONO_CLIENTE			
OrdemServico	CIPA_INFO_ESTABILIDADE	CIPA - Informações para solicitação de informação de estabilidade	RecordList	DataGrid	Z_00143_CIPA_INFO_ESTABILIDADE	CIPA_INFO_ESTABILIDADE			
OrdemServico	CIPA_INFO_ESTABILIDADE_CLIENTE	Solicitação cliente - CIPA Estabilidade	RecordList	DataGrid	Z_00143_CIPA_INFO_ESTABILIDADE_CLIENTE	CIPA_INFO_ESTABILIDADE_CLIENTE			
OrdemServico	CIPA_LOTACAO	Lotação	String	TextBox	CPE_PESSOAS	CIPA_LOTACAO			
OrdemServico	CJUR_TIPO_PROCURACAO	Tipo de Procuração	String	DropDownList	CPE_CJUR	CJUR_TIPO_PROCURACAO			Nova;Retificação;Substabelecimento
OrdemServico	CLAREZA	Quanto à clareza e segurança das informações prestadas pelo atendente?	String	DropDownList	CPE_CJUR	CLAREZA			Péssimo;Ruim;Regular;Bom;Excelente;
OrdemServico	CLASSE_DE_CONTRIBUINTE	Classe de Contribuinte	String	DropDownList	CPE_CSC	CLASSE_DE_CONTRIBUINTE			Comercial;Governo;Industrial;Instituições Financeiras
OrdemServico	CLASSE_E_INDICADOR_DO_CONTRIBUINTE	Classe e indicador do contribuinte	RecordList	DataGrid	Z_00143_CLASSE_E_INDICADOR_DO_CONTRIBUINTE	CLASSE_E_INDICADOR_DO_CONTRIBUINTE			
OrdemServico	CLASSE_USUARIO	Classe do Usuário	String	DropDownList	CP_ORDEM_SERVICO	CLASSE_USUARIO			Administrador de Máquina;Email
OrdemServico	CLASSIFICACAO_PRELIMINAR	Classificação preliminar	String	DropDownList	CPE_ORDEM_SERVICO	CLASSIFICACAO_PRELIMINAR			Ilícito;Comportamental;Falha em serviço 
OrdemServico	CLASSIFICACAO_RELACIONAMENTO_DOCS	Classificação do Relacionamento	String	DropDownList	CPE_HOMOLOGACAO	CLASSIFICACAO_RELACIONAMENTO_DOCS	900		Cliente; Fornecedor; Parceiro; Pessoa Física
OrdemServico	CLASSIFICACAO_RESPOSTA	Classificação da Resposta	String	DropDownList	CP_ORDEM_SERVICO	CLASSIFICACAO_RESPOSTA			Resposta completa;Resposta evasiva;Resposta com alegação de sigilo ou confidencialidade;Sem resposta 
OrdemServico	CLASSIFICAR_DEMANDA	Tipo de demanda	String	DropDownList	CPE_CONTRATOS02	CLASSIFICAR_DEMANDA	100		NOVA;SIMILAR
OrdemServico	CLASSIFICA_CLI_SOL	Classificação de solicitação	String	DropDownList	CPE_HOMOLOGACAO	CLASSIFICA_CLI_SOL			Atendimento de T.I.; Atendimento de jurídico; Administrativo; Recursos Humano; Almoxarifado
OrdemServico	CLASSIFICA_NECESSIDADE	Classifique sua necessidade entre	String	DropDownList	CP_ORDEM_SERVICO	CLASSIFICA_NECESSIDADE			Inovação;Crescimento;Regulatório ou Mandatório;Produtividade
OrdemServico	CLAUSULA CONTRATUAL	Cláusula Contratual	String	Memo	CP_ORDEM_SERVICO	CLAUSULA_CONTRATUAL			
OrdemServico	CLAUSULA_CONTRATUAL_DESCUMPRIDA	Plano	String	Memo	CPE_CONTRATOS02	CLAUSULA_CONTRATUAL_DESCUMPRIDA	800		
OrdemServico	CLIENTE	Cliente	String	DropDownList	CPE_ORDEM_SERVICO	CLIENTE		S	
OrdemServico	CLIENTE_INICIAL	Cliente inicial	String	TextBox	CP_ORDEM_SERVICO	CLIENTE_INICIAL			
OrdemServico	CLIENTE_INICIAL_ID	Cliente inicial	String	TextBox	CP_ORDEM_SERVICO	CLIENTE_INICIAL_ID			
OrdemServico	CNPJ	CNPJ	String	TextBox	CP_ORDEM_SERVICO	CNPJ			
OrdemServico	CNPJ1	CNPJ	String	TextBox	CPE_CONTRATOS02	CNPJ1			
OrdemServico	CNPJ2	CNPJ	String	TextBox	CPE_CONTRATOS02	CNPJ2			
OrdemServico	CNPJ3	CNPJ	String	TextBox	CPE_CONTRATOS02	CNPJ3			
OrdemServico	CNPJ4	CNPJ	String	TextBox	CPE_CONTRATOS02	CNPJ4			
OrdemServico	CNPJ5	CNPJ	String	TextBox	CPE_CONTRATOS02	CNPJ5			
OrdemServico	CNPJ6	CNPJ	String	TextBox	CPE_CONTRATOS02	CNPJ6			
OrdemServico	CNPJ7	CNPJ	String	TextBox	CPE_CONTRATOS02	CNPJ7			
OrdemServico	CNPJBBTS	CNPJ	String	TextBox	CPE_CONTRATOS	CNPJBBTS			
OrdemServico	CNPJESCOLHIDO	CNPJ	String	TextBox	CPE_CONTRATOS02	CNPJESCOLHIDO			
OrdemServico	CNPJ_CPE_CSC	CNPJ	String	TextBox	CPE_CSC	CNPJ_CPE_CSC			
OrdemServico	CNPJ_DE_FATURAMENTO	CNPJ	String	TextBox	CPE_ECOMERCE	CNPJ_DE_FATURAMENTO	1999		
OrdemServico	CNPJ_E	CNPJ	String	TextBox	CPE_ECOMERCE	CNPJ_E			
OrdemServico	CNPJ_FORNECEDOR	CNPJ	String	TextBox	CP_ORDEM_SERVICO	CNPJ_FORNECEDOR			
OrdemServico	CNPJ_FORN_QUALIF	CNPJ do Fornecedor - Qualificação Financeira	String	TextBox	CPE_FINANCEIRO	CNPJ_FORN_QUALIF			
OrdemServico	CNPJ_REEMBOLSO	CNPJ	String	TextBox	CPE_CSC	CNPJ_REEMBOLSO			
OrdemServico	CNPJ_RISCO	CNPJ - Risco Cliente	String	TextBox	CPE_FINANCEIRO	CNPJ_RISCO			
OrdemServico	CNPJ_SINDICATO	CNPJ do Sindicato	String	TextBox	CPE_CSC	CNPJ_SINDICATO			
OrdemServico	COAUD	Alçada COAUD	Boolean	CheckBox	CP_ORDEM_SERVICO	COAUD			
OrdemServico	COBERTURAS E TELHADOS_SOLICITACOES_GESAP	Coberturas e Telhados - Solicitações Gesap	String	DropDownList	CPE_CONTRATOS02	COBERTURAS_E_TELHADOS_SOLICITACOES_GESAP			Reparo de telhado;Troca de telhas;Correção de infiltração;Instalação de calha;Reparo de rufos e calhas
OrdemServico	COD PECA CHAMADO	Código da Peça	String	TextBox	CP_ORDEM_SERVICO	COD_PECA_CHAMADO	11		
OrdemServico	CODIGO	Código	String	Memo	CPE_ORDEM_SERVICO	CODIGO	2000		
OrdemServico	CODIGO DO EQUIPAMENTO PAI	Código do Equipamento Pai	Integer	TextBox	CP_ORDEM_SERVICO	CODIGO_DO_EQUIPAMENTO_PAI	11		
OrdemServico	CODIGOLIBERACAO	Códigoliberacao	String	TextBox	CPE_PESSOAS	CODIGOLIBERACAO			
OrdemServico	CODIGO_BBTS	Código Nota Fiscal	String	TextBox	CPE_CSC	CODIGO_BBTS			
OrdemServico	CODIGO_DEVO_PROD_EC	Código de Devolução do produto	String	Memo	CPE_ECOMERCE	CODIGO_DEVO_PROD_EC			
OrdemServico	CODIGO_DEV_PROD_EC	Código de Devolução do produto	String	Memo	CPE_ECOMERCE	CODIGO_DEV_PROD_EC	1999		
OrdemServico	CODIGO_DE_SERVICO_NO_RI	Código de Serviço no RI	String	TextBox	CPE_CSC	CODIGO_DE_SERVICO_NO_RI			
OrdemServico	CODIGO_DO_ITEM	Código do Item	RecordList	DataGrid	Z_00143_CODIGO_DO_ITEM	CODIGO_DO_ITEM			
OrdemServico	CODIGO_DO_SERVICO	Código do Serviço	Integer	TextBox	CPE_CSC	CODIGO_DO_SERVICO			
OrdemServico	CODIGO_DO_SERVICO_DGCO	Código do Serviço	RecordList	DataGrid	Z_00143_CODIGO_DO_SERVICO_DGCO	CODIGO_DO_SERVICO_DGCO			
OrdemServico	CODIGO_FUNCAO_GRATIFICADA	CODIGOS DAS FUNÇÕES GRATIFICADAS	String	DropDownList	CP_ORDEM_SERVICO	CODIGO_FUNCAO_GRATIFICADA		S	
OrdemServico	CODIGO_HIERARQUIA	Código Hierarquia	String	TextBox	CPE_CSC	CODIGO_HIERARQUIA			
OrdemServico	CODIGO_ITEM	Código do Item	RecordList	DataGrid	Z_00143_CODIGO_ITEM	CODIGO_ITEM			
OrdemServico	CODIGO_PIX_EC	Código de Pagamento PIX	String	Memo	CPE_ECOMERCE	CODIGO_PIX_EC			
OrdemServico	CODIGO_SERVICO_EFISEC	Código do Serviço	Integer	TextBox	CPE_CSC	CODIGO_SERVICO_EFISEC			
OrdemServico	CODIGO_SERVICO_PADRAO_ERP	Código do Serviço Padrão - ERP	String	TextBox	CPE_CSC	CODIGO_SERVICO_PADRAO_ERP			
OrdemServico	CODIGO_SERVICO_RI	Código do Serviço	String	DropDownList	CPE_CSC	CODIGO_SERVICO_RI			17.01
OrdemServico	CODIGO_TABELA_PDPEP	Código tabela PDPEP	String	DropDownList	CPE_CONTRATOS	CODIGO_TABELA_PDPEP			1.2.1.24;1.2.4.2;1.2.4.3;1.2.4.13;1.2.4.34;1.2.6.5;1.2.7.9;1.2.7.11;1.2.7.14;1.2.7.15;1.2.7.16;1.2.7.17;1.2.7.20;1.2.6.2
OrdemServico	COFINS_ALIQUOTA	COFINS - Alíquota	String	TextBox	CPE_CSC	COFINS_ALIQUOTA			
OrdemServico	COFINS_BASE_LEGAL	COFINS - Base Legal	String	Memo	CPE_CSC	COFINS_BASE_LEGAL	2000		
OrdemServico	COFINS_RETENCAO	COFINS - Retenção de Imposto?	String	DropDownList	CPE_CSC	COFINS_RETENCAO			Sim;Não
OrdemServico	COLABORADOR	Colaborador	String	TextBox	CPE_CSC	COLABORADOR			
OrdemServico	COLABORADOR2	Colaborador	String	TextBox	CPE_CONTRATOS02	COLABORADOR2			
OrdemServico	COLABORADOR_BBTS	Colaborador BBTS	Integer	DropDownList	CPE_CSC	COLABORADOR_BBTS		S	
OrdemServico	COLAB_BASA	Colaborador Basa?	String	DropDownList	CP_ORDEM_SERVICO	COLAB_BASA			Sim;Não
OrdemServico	COMARCA	Comarca	String	TextBox	CP_ORDEM_SERVICO	COMARCA			
OrdemServico	COMBOBOX	Combo Box	String	DropDownList	CP_ORDEM_SERVICO	COMBOBOX	900		
OrdemServico	COMBOBOX001	COMBOBOX001	String	DropDownList	CPE_CONTRATOS02	COMBOBOX001			Banco do Brasil
OrdemServico	COMBOBOX1	Chamado Aberto?	String	DropDownList	CP_ORDEM_SERVICO	COMBOBOX1	200		
OrdemServico	COMBOBOX10	Combo Box	String	DropDownList	CPE_HOMOLOGACAO	COMBOBOX10	900		Custo;Investimento;Despesa;Inventário
OrdemServico	COMBOBOX2	COMBOBOX2	String	DropDownList	CPE_BOOTCAMP	COMBOBOX2			
OrdemServico	COMBOBOX3	Combobox 3	String	DropDownList	CPE_CONTRATOS	COMBOBOX3	900		Acionamento do contrato de Mão de Obra Temporária;Pagamento de Credenciamento de reparo;Pagamento de credenciamento de s
OrdemServico	COMBOBOX4	COMBOBOX4	String	DropDownList	CPE_BOOTCAMP	COMBOBOX4			Borderô - Relatório de Solicitação de Transferência Bancária
OrdemServico	COMBOBOXGEPESCONTRATACAO	Combo Box Gepes	String	DropDownList	CPE_HOMOLOGACAO	COMBOBOXGEPESCONTRATACAO	900		Renovação/Prorrogação; Reequilíbrio; Repactuação; Revisão/Acréscimo
OrdemServico	COMBOBOX_11	Combobox 11	String	DropDownList	CPE_CONTRATOS	COMBOBOX_11	900		Liberação de Acordo de Compra do Contrato;Liberação de Ata de Registro de Preços - Ordem De Compra;Ordem De Compra - Adi
OrdemServico	COMBOBOX_23_XXIII	Combobox XXIII	String	DropDownList	CPE_PORTIFOLIO	COMBOBOX_23_XXIII			Sim; Não; Não se aplica
OrdemServico	COMBOBOX_5	Combobox 5	String	DropDownList	CPE_CONTRATOS	COMBOBOX_5	900		Aditivo;Compras Diretas - Dispensa Licitação;Compras Diretas - Inexigibilidade de Licitação;Contratação Direta e Licitaç
OrdemServico	COMBOBOX_6	Combobox 6	String	DropDownList	CPE_CONTRATOS	COMBOBOX_6	900		Acionamento de Ata de Registro de Preço (ARP);Pagamento de Credenciamento de reparo
OrdemServico	COMBOBOX_7	Combobox 7	String	DropDownList	CPE_CONTRATOS	COMBOBOX_7	900		Acionamento do contrato de Mão de Obra Temporária;Pagamento de Credenciamento de reparo;Pagamento de credenciamento de s
OrdemServico	COMBOBOX_8	Combobox 8	String	DropDownList	CPE_CONTRATOS	COMBOBOX_8	900		Acionamento do contrato de Mão de Obra Temporária;Pagamento de Credenciamento de reparo;Pagamento de credenciamento de s
OrdemServico	COMBOBOX_BOX1	COMBOBOX_BOX1	String	DropDownList	CPE_CONTRATOS02	COMBOBOX_BOX1			Instalação; Preventiva; Corretiva
OrdemServico	COMBOBOX_COMBO	COMBOBOX_COMBO	String	DropDownList	CPE_DADOS	COMBOBOX_COMBO			Elementos estruturais da fachada; Estrutura e Sistema Civil; Sistema Elétrico, Gerador, No-break; Sistema de Proteção co
OrdemServico	COMBOBOX_CONFIRMA	Confirmo que o reembolso a ser solicitado se refere a Treinamento Externo por Reembolso	Boolean	DropDownList	CPE_PESSOAS	COMBOBOX_CONFIRMA			
OrdemServico	COMBOBOX_CONFIRMA_CERTIFICACAO	Confirmo que o reembolso a ser solicitado se refere a Reembolso de Certificação	Boolean	CheckBox	CPE_PESSOAS	COMBOBOX_CONFIRMA_CERTIFICACAO			
OrdemServico	COMBOBOX_CONFIRMA_TREINAMENTO	Confirmo que o reembolso a ser solicitado se refere a Treinamento Externo por Reembolso	Boolean	CheckBox	CPE_PESSOAS	COMBOBOX_CONFIRMA_TREINAMENTO			
OrdemServico	COMBOBOX_I	COMBOBOX_I	String	DropDownList	CPE_BOOTCAMP	COMBOBOX_I			
OrdemServico	COMBOBOX_II	COMBOBOX_II	String	DropDownList	CPE_BOOTCAMP	COMBOBOX_II			
OrdemServico	COMBOBOX_III	COMBOBOX_III	String	DropDownList	CPE_BENS_INVENTARIO	COMBOBOX_III			
OrdemServico	COMBOBOX_IUVP	Combobox IUVP	String	DropDownList	CPE_CONTRATOS	COMBOBOX_IUVP			Desligamento; Adesão à Frota locada; Remoção a pedido do Funcionário; Remoção por Decisão Gerencial 
OrdemServico	COMBOBOX_IV	COMBOBOX_IV	String	DropDownList	CPE_BOOTCAMP	COMBOBOX_IV			
OrdemServico	COMBOBOX_IX	COMBOBOX_IX	String	DropDownList	CPE_BOOTCAMP	COMBOBOX_IX			
OrdemServico	COMBOBOX_IXX	COMBOBOX_IXX	String	DropDownList	CPE_BOOTCAMP	COMBOBOX_IXX			
OrdemServico	COMBOBOX_LT	COMBOBOX Lista de Treinamento	String	DropDownList	CPE_MOVIMENTACAO_PESSOA	COMBOBOX_LT			Teste1; Teste2
OrdemServico	COMBOBOX_SIM_NAO	COMBOBOX_SIM_NAO	String	DropDownList	CPE_CONTRATOS	COMBOBOX_SIM_NAO			Sim;Não
OrdemServico	COMBOBOX_V	COMBOBOX_V	String	DropDownList	CPE_BOOTCAMP	COMBOBOX_V			
OrdemServico	COMBOBOX_VI	COMBOBOX_VI	String	DropDownList	CPE_BOOTCAMP	COMBOBOX_VI			
OrdemServico	COMBOBOX_VII	COMBOBOX_VII	String	DropDownList	CPE_BOOTCAMP	COMBOBOX_VII			
OrdemServico	COMBOBOX_VIII	COMBOBOX_VIII	String	DropDownList	CPE_BOOTCAMP	COMBOBOX_VIII			
OrdemServico	COMBOBOX_X	COMBOBOX_X	String	DropDownList	CPE_BOOTCAMP	COMBOBOX_X			
OrdemServico	COMBOBOX_XI	COMBOBOX_XI	String	DropDownList	CPE_BOOTCAMP	COMBOBOX_XI			
OrdemServico	COMBOBOX_XII	COMBOBOX_XII	String	DropDownList	CPE_BOOTCAMP	COMBOBOX_XII			
OrdemServico	COMBOBOX_XIII	COMBOBOX_XIII	String	DropDownList	CPE_BOOTCAMP	COMBOBOX_XIII			
OrdemServico	COMBOBOX_XIV	COMBOBOX_XIV	String	DropDownList	CPE_BOOTCAMP	COMBOBOX_XIV			
OrdemServico	COMBOBOX_XV	COMBOBOX_XV	String	DropDownList	CPE_BOOTCAMP	COMBOBOX_XV			
OrdemServico	COMBOBOX_XVI	COMBOBOX_XVI	String	DropDownList	CPE_BOOTCAMP	COMBOBOX_XVI			
OrdemServico	COMBOBOX_XVII	COMBOBOX_XVII	String	DropDownList	CPE_BOOTCAMP	COMBOBOX_XVII			Um;Dois;Três;Quatro
OrdemServico	COMBOBOX_XVIII	COMBOBOX_XVIII	String	DropDownList	CPE_BOOTCAMP	COMBOBOX_XVIII			Sim;Não
OrdemServico	COMBOBOX_XX	COMBOBOX_XX	String	DropDownList	CPE_BOOTCAMP	COMBOBOX_XX			
OrdemServico	COMBOBOX_XXI	COMBOBOX_XXI	String	DropDownList	CPE_BOOTCAMP	COMBOBOX_XXI			
OrdemServico	COMBOBOX_XXII	COMBOBOX_XXII	String	DropDownList	CPE_BOOTCAMP	COMBOBOX_XXII			Sim;Não
OrdemServico	COMBOBOX_XXIII	Combobox XXIII	String	DropDownList	CP_ORDEM_SERVICO	COMBOBOX_XXIII			Sim; Não; Não se aplica
OrdemServico	COMBOBOX__1	COMBOBOX__1	String	DropDownList	CPE_CSC	COMBOBOX__1			IPTU;Alvará Funcionamento;Vigilância Sanitária;AVCB/Bombeiros;Taxa Municipal;Taxa Estadual;Taxa Federal;Outros
OrdemServico	COMBO_BOXBOX	COMBO_BOXBOX	String	DropDownList	CPE_CJUR	COMBO_BOXBOX			Contrato; Aditivo; Apostilamento; ATA Primeiro Acionamento; ATA Segundo Acionamento
OrdemServico	COMBO_HML_PESSOA	campo homologação combo	String	DropDownList	CPE_HOMOLOGACAO	COMBO_HML_PESSOA		S	
OrdemServico	COMB_BOX_QTD	Seleciona de 1 a 5	String	DropDownList	CPE_CONTRATOS02	COMB_BOX_QTD			1;2;3;4;5
OrdemServico	COMENTARIO	Comentário	String	Memo	CP_ORDEM_SERVICO	COMENTARIO	2000		
OrdemServico	COMISSAOELEITORAL	Comissão Eleitoral	RecordList	DataGrid	Z_00143_COMISSAOELEITORAL	COMISSAOELEITORAL			
OrdemServico	COMO_ACESSAR_HOM	Como acessar a solução em Homologação (Link e Acessos)	String	Memo	CP_ORDEM_SERVICO	COMO_ACESSAR_HOM	2000		
OrdemServico	COMPARATIVO	Comparativo	String	TextBox	CPE_FINANCEIRO	COMPARATIVO	20		
OrdemServico	COMPATIVEL	COMPATIVEL	Boolean	CheckBox	CPE_DADOS	COMPATIVEL			
OrdemServico	COMPETENCIA	Competência (mês/Ano ex: julho/2020)	String	TextBox	CPE_CSC	COMPETENCIA			
OrdemServico	COMPETENCIA_SINDICATO	Competência do Repasse (Mês/Ano)	String	TextBox	CPE_CSC	COMPETENCIA_SINDICATO			
OrdemServico	COMPLEMENT_CONTRATA_MAISBR	Complemento	String	TextBox	CPE_CONTRATOS02	COMPLEMENT_CONTRATA_MAISBR	1999		
OrdemServico	COMPLEXIDADE	Complexidade	String	DropDownList	CP_ORDEM_SERVICO	COMPLEXIDADE			Baixa;Média;Alta
OrdemServico	COMPLEXIDADE_COMPRAS	Complexidade da Tomada de Preços e Concorrência	String	DropDownList	CP_ORDEM_SERVICO	COMPLEXIDADE_COMPRAS			Baixa;Alta
OrdemServico	COMPOSICAO_CIPA	Composição CIPA	RecordList	DataGrid	Z_00143_COMPOSICAO_CIPA	COMPOSICAO_CIPA			
OrdemServico	COMPRIMENTO_PAREDE_ARTE	COMPRIMENTO_PAREDE_ARTE	Integer	TextBox	CPE_TIP_SOL01	COMPRIMENTO_PAREDE_ARTE			
OrdemServico	COMPROVACAO_FORMAVALIACAO	Comprovação da formação técnica específica da mão de obra oferecida, através de certificado de Curso de Formação de Vigilantes, 	String	DropDownList	CPE_CONTRATOS	COMPROVACAO_FORMAVALIACAO			1;2;3;0
OrdemServico	COMPROVA_FORM_AVALI	Comprovação da formação técnica específica da mão de obra oferecida está de acordo com o exigido no contrato	String	DropDownList	CPE_CONTRATOS02	COMPROVA_FORM_AVALI			1;2;3;0
OrdemServico	COMUNICACAO	Quanto à comunicação/transparência durante o acompanhamento do chamado?	String	DropDownList	CPE_CJUR	COMUNICACAO			Péssimo;Ruim;Regular;Bom;Excelente;
OrdemServico	COMUNICA_DOD	Há plano de comunicação para a empresa?	String	DropDownList	CP_ORDEM_SERVICO	COMUNICA_DOD			Sim;Não
OrdemServico	CONAD	Alçada CONAD	Boolean	CheckBox	CP_ORDEM_SERVICO	CONAD			
OrdemServico	CONCESSION_AGUA	Concessionárias	RecordList	DataGrid	Z_00143_CONCESSION_AGUA	CONCESSION_AGUA			
OrdemServico	CONCESSION_ENERGIA	Concessionárias	RecordList	DataGrid	Z_00143_CONCESSION_ENERGIA	CONCESSION_ENERGIA			
OrdemServico	CONCESSION_TELECOM	Concessionárias	RecordList	DataGrid	Z_00143_CONCESSION_TELECOM	CONCESSION_TELECOM			
OrdemServico	CONCLUSAO_DOD	Conclusão Final	String	Memo	CP_ORDEM_SERVICO	CONCLUSAO_DOD	2000		
OrdemServico	CONDICAO_DDL_ERP	Condição DDL - ERP	String	DropDownList	CPE_CSC	CONDICAO_DDL_ERP		S	
OrdemServico	CONDICOES_PAGAMENTO	Condições de Pagamento	String	DropDownList	CPE_CONTRATOS	CONDICOES_PAGAMENTO			Mensal;Bimestral;Trimestral;Semestral;Anual;Outros
OrdemServico	CONDICOES_PAGAMENTO_EC	Condições de Pagamento	String	DropDownList	CPE_ECOMERCE	CONDICOES_PAGAMENTO_EC			Pix
OrdemServico	CONDICOES_PG_EC	Condições de pagamento	String	DropDownList	CPE_ECOMERCE	CONDICOES_PG_EC			Pix
OrdemServico	CONDUT_CONTRAT_SUP	Condutor Responsável do Contrato - Suplente	String	DropDownList	CPE_CONTRATOS02	CONDUT_CONTRAT_SUP		S	
OrdemServico	CONDUT_CONTRAT_TITU	Condutor Responsável do Contrato	String	DropDownList	CPE_CONTRATOS02	CONDUT_CONTRAT_TITU		S	
OrdemServico	COND_USO	Condição de Uso	String	DropDownList	CPE_CSC	COND_USO			Material Ocioso; Material Recuperável; Material Irrecuperável; Material Antieconômico
OrdemServico	CONFIRMA	Estou ciente que a conta bancária não pode ser conjunta, salário e nem poupança.	String	DropDownList	CP_ORDEM_SERVICO	CONFIRMA			Sim;Não
OrdemServico	CONFIRMAR_CARREGAR_ARQUIVO	Carregar arquivo	Boolean	CheckBox	CPE_NEGOCIOS	CONFIRMAR_CARREGAR_ARQUIVO			
OrdemServico	CONFIRMA_CHECK	Confirmo que conclui e anexei o comprovante de pagamento no SGPS a liberação	Boolean	CheckBox	CPE_PESSOAS	CONFIRMA_CHECK			
OrdemServico	CONSIGNADO_ANTERIOR	Empréstimos Consignados Anteriores	RecordList	DataGrid	Z_00143_CONSIGNADO_ANTERIOR	CONSIGNADO_ANTERIOR			
OrdemServico	CONS_NOTA_FISCAL_TIPO_	A nota fiscal é de	String	DropDownList	CPE_TIP_SOL01	CONS_NOTA_FISCAL_TIPO_			Contratação de serviço; Compra de produto; NF de movimentação de Itens (demonstração, comodato); Aluguel de Imóveis
OrdemServico	CONTAGEM	Contagem	Integer	TextBox	CPE_CONTRATOS02	CONTAGEM			
OrdemServico	CONTATO_DO_CLIENTE	Contato do Cliente	RecordList	DataGrid	Z_00143_CONTATO_DO_CLIENTE	CONTATO_DO_CLIENTE			
OrdemServico	CONTA_BANCARIA	CONTA_BANCARIA	String	TextBox	CPE_DADOS	CONTA_BANCARIA			
OrdemServico	CONTA_BANCARIA_200000	Conta Bancária 200000	RecordList	DataGrid	Z_00143_CONTA_BANCARIA_200000	CONTA_BANCARIA_200000			
OrdemServico	CONTA_BANCARIA_2053	Conta Bancária 2053	RecordList	DataGrid	Z_00143_CONTA_BANCARIA_2053	CONTA_BANCARIA_2053			
OrdemServico	CONTA_BANCARIA_2058	Conta Bancária 2058	RecordList	DataGrid	Z_00143_CONTA_BANCARIA_2058	CONTA_BANCARIA_2058			
OrdemServico	CONTA_BANCARIA_INFO	Conta Bancária	String	TextBox	CPE_CSC	CONTA_BANCARIA_INFO			
OrdemServico	CONTA_CONTABIL	Conta Contabil	RecordList	DataGrid	Z_00143_CONTA_CONTABIL	CONTA_CONTABIL			
OrdemServico	CONTA_CONTABIL1	Conta Contábil	String	TextBox	CPE_FINANCEIRO	CONTA_CONTABIL1			
OrdemServico	CONTA_CONTABIL2	Conta Contabil	RecordList	DataGrid	Z_00143_CONTA_CONTABIL2	CONTA_CONTABIL2			
OrdemServico	CONTA_CONTABIL3	Conta Contábil	String	TextBox	CPE_FINANCEIRO	CONTA_CONTABIL3			
OrdemServico	CONTA_CONTABIL4	Conta Contábil	String	TextBox	CPE_FINANCEIRO	CONTA_CONTABIL4			
OrdemServico	CONTA_CONTABIL_ERP	Conta contábil - ERP	String	TextBox	CPE_CSC	CONTA_CONTABIL_ERP			
OrdemServico	CONTA_CONTABIL_PAGAMENTO_RCC	Conta contabil pagamento RCC	String	TextBox	CPE_CSC	CONTA_CONTABIL_PAGAMENTO_RCC	200		
OrdemServico	CONTA_CORRENTE	Conta Corrente	String	TextBox	CP_ORDEM_SERVICO	CONTA_CORRENTE			
OrdemServico	CONTA_CORRENTE_NUMERO	Numero da conta corrente.	String	TextBox	CPE_CSC	CONTA_CORRENTE_NUMERO			
OrdemServico	CONTA_DOD	Conta Contábil	String	TextBox	CP_ORDEM_SERVICO	CONTA_DOD			
OrdemServico	CONTA_NUMERO	Número da conta corrente	String	TextBox	CPE_CSC	CONTA_NUMERO	100		
OrdemServico	CONTA_ORCAMENTARIA	Conta Orçamentária	String	TextBox	CPE_CSC	CONTA_ORCAMENTARIA			
OrdemServico	CONTA_ORCAMENTARIA2	Conta Orçamentária	String	TextBox	CPE_CONTRATOS	CONTA_ORCAMENTARIA2			
OrdemServico	CONTA_ORCAMENTARIA3	Conta Orçamentária	String	TextBox	CPE_CSC	CONTA_ORCAMENTARIA3			
OrdemServico	CONTA_POSTO	Selecione a Conta	String	DropDownList	CPE_FINANCEIRO	CONTA_POSTO			7229-x ENGESOFTWARE TECNOLOGIA SA;6499-8 PLANSUL PLANEJAMENTO E CONSULTORIA LTDA; 6518-8 APPA SERVICOS TEMPORARIOS E EFE
OrdemServico	CONTA_REC_CDA	Conta de recebimento	String	TextBox	CPE_BOOTCAMP	CONTA_REC_CDA			
OrdemServico	CONTRATO_ADITIVO	Contrato ou Aditivo?	String	DropDownList	CPE_CONTRATOS	CONTRATO_ADITIVO			Contrato
OrdemServico	CONTRATO_ANTIGO_CONSIG	Número do Contrato Antigo	String	TextBox	CP_ORDEM_SERVICO	CONTRATO_ANTIGO_CONSIG			
OrdemServico	CONTRATO_CLIENTE_FORNECEDOR	O contrato é com cliente ou fornecedor?	String	DropDownList	CPE_TIP_SOL01	CONTRATO_CLIENTE_FORNECEDOR			Cliente;  Fornecedor 
OrdemServico	CONTRATO_GERED	Em qual contrato?	String	DropDownList	CPE_ASSTECNICA	CONTRATO_GERED			Contrato DOSA; Contrato DOCA; Contrato DOSI; Contrato TEYA
OrdemServico	CONTROLE_DE_ACESSO_SOLICITACOES_GESAP	Controle de Acesso - Solicitações Gesap	String	DropDownList	CPE_CONTRATOS02	CONTROLE_DE_ACESSO_SOLICITACOES_GESAP			Instalação de controle de acesso;Reparo de fechadura eletrônica   
OrdemServico	CONTROLE_ENTRADAAVALI	Controle de entrada e saída de veículos na empresa	String	DropDownList	CPE_CONTRATOS	CONTROLE_ENTRADAAVALI			1;2;3;0
OrdemServico	CONTROLE_ENTRADA_AVALI	Controle da entrada de visitantes	String	DropDownList	CPE_CONTRATOS	CONTROLE_ENTRADA_AVALI			1;2;3
OrdemServico	CONTROLE_NOVOCOLAB	Aprovação necessária?	Boolean	CheckBox	CP_ORDEM_SERVICO	CONTROLE_NOVOCOLAB			
OrdemServico	CONVENIADA	Conveniada	String	DropDownList	CPE_ERP_PO	CONVENIADA	200	S	
OrdemServico	CORIS	Alçada CORIS	Boolean	CheckBox	CP_ORDEM_SERVICO	CORIS			
OrdemServico	CORRECAO_NECESSARIA_CLIENTE	Correção necessária	String	TextBox	CPE_PESSOAS	CORRECAO_NECESSARIA_CLIENTE			
OrdemServico	CORREIO	Acesso Correio	Boolean	CheckBox	CP_ORDEM_SERVICO	CORREIO			
OrdemServico	CORTEZIA	Quanto à cortesia, educação e atenção por parte do atendente?	String	DropDownList	CPE_CJUR	CORTEZIA			Péssimo;Ruim;Regular;Bom;Excelente;
OrdemServico	COR_VEICULO	Cor do Veículo	String	TextBox	CP_ORDEM_SERVICO	COR_VEICULO			
OrdemServico	COTACAO_DOLAR	Cotação do Dólar americano (USD) 	String	TextBox	CPE_DESLOCAMENTO	COTACAO_DOLAR			
OrdemServico	COUNT_10	Count to 12	Integer	DropDownList	CPE_PESSOAS	COUNT_10			1;2;3;4;5;6;7;8;9;10;11;12
OrdemServico	CPF	CPF	String	TextBox	CP_ORDEM_SERVICO	CPF	15		
OrdemServico	CPF_ADMISSIONAL	CPF	String	TextBox	CP_ORDEM_SERVICO	CPF_ADMISSIONAL	12		
OrdemServico	CRITICIDADE	Criticidade	String	DropDownList	CP_ORDEM_SERVICO	CRITICIDADE			Baixa;Média;Alta
OrdemServico	CRITICIDADE_ACAO	Criticidade da ação	String	DropDownList	CP_ORDEM_SERVICO	CRITICIDADE_ACAO			Fiscal de Serviço;Fiscal Administrativo
OrdemServico	CRITICIDADE_AUDIT	Criticidade	String	DropDownList	CP_ORDEM_SERVICO	CRITICIDADE_AUDIT			A;B;C
OrdemServico	CRM	CRM	String	TextBox	CPE_DADOS	CRM			
OrdemServico	CRM_CNPJ	CRM ou CNPJ	String	TextBox	CP_ORDEM_SERVICO	CRM_CNPJ			
OrdemServico	CRUS_EMAIL	E-mail criado	String	TextBox	CP_ORDEM_SERVICO	CRUS_EMAIL			
OrdemServico	CRUS_FORNECEDOR	Fornecedor	Integer	SearchList	CP_ORDEM_SERVICO	CRUS_FORNECEDOR			
OrdemServico	CRUS_LOCAL	Localidade	Integer	DropDownList	CP_ORDEM_SERVICO	CRUS_LOCAL			
OrdemServico	CRUS_NOME	Nome	String	TextBox	CP_ORDEM_SERVICO	CRUS_NOME			
OrdemServico	CRUS_ORGAO	Área do novo colaborador	Integer	DropDownList	CP_ORDEM_SERVICO	CRUS_ORGAO			
OrdemServico	CRUS_SNOME	Sobrenome	String	TextBox	CP_ORDEM_SERVICO	CRUS_SNOME			
OrdemServico	CSC_ACEITA_MACROPOLO	Conforme o item 12.5 do edital do processo seletivo, é possível convocar um  candidato, respeitando a ordem de classificação, caso não haja mais candidatos classificados para preencher a vaga no Estado (UF), obedecendo a ordem de classificação geral (de âmbito nacional)	String	DropDownList	CPE_CSC	CSC_ACEITA_MACROPOLO			Sim;Não;Não respondeu
OrdemServico	CSC_ACESSO_ERP	Acesso ERP	Boolean	CheckBox	CPE_CSC	CSC_ACESSO_ERP			
OrdemServico	CSC_ACESSO_PEOPLESOFT	Acesso PEOPLESOFT	Boolean	CheckBox	CPE_CSC	CSC_ACESSO_PEOPLESOFT			
OrdemServico	CSC_ACESSO_REDE_EMAIL	Acesso Rede e E-mail	Boolean	CheckBox	CPE_CSC	CSC_ACESSO_REDE_EMAIL			
OrdemServico	CSC_ACESSO_SICON	Acesso SICON	Boolean	CheckBox	CPE_CSC	CSC_ACESSO_SICON			
OrdemServico	CSC_ACESSO_SISBB	Acesso SISBB	Boolean	CheckBox	CPE_CSC	CSC_ACESSO_SISBB			
OrdemServico	CSC_ACESSO_TOA	Acesso TOA	Boolean	CheckBox	CPE_CSC	CSC_ACESSO_TOA			
OrdemServico	CSC_ACESSO_VPN	Acesso VPN	Boolean	CheckBox	CPE_CSC	CSC_ACESSO_VPN			
OrdemServico	CSC_ACESSO_WIFI	Acesso Wi-fi	Boolean	CheckBox	CPE_CSC	CSC_ACESSO_WIFI			
OrdemServico	CSC_BAIRRO	Bairro	String	TextBox	CPE_CSC	CSC_BAIRRO	500		
OrdemServico	CSC_BANCO	Banco	String	DropDownList	CPE_CSC	CSC_BANCO	500	S	
OrdemServico	CSC_BANCO2	Banco	String	TextBox	CPE_CSC	CSC_BANCO2			
OrdemServico	CSC_CARGO	CSC_CARGO	String	DropDownList	CPE_BOOTCAMP	CSC_CARGO			Técnico;Analista
OrdemServico	CSC_CARGO_FUNCAO	Cargo - Função	String	TextBox	CPE_CSC	CSC_CARGO_FUNCAO			
OrdemServico	CSC_CARGO_LISTA	Cargo que o Trabalhador ocupará	String	DropDownList	CPE_CSC	CSC_CARGO_LISTA	100		Técnico; Analista ;Posto de Serviço de TI;Posto de Serviço de teleatendimento;Posto de Serviço - Outros 
OrdemServico	CSC_CAT	Listas de atuação dos Técnicos de Campo	String	DropDownList	CPE_CSC	CSC_CAT		S	
OrdemServico	CSC_CEP	CEP	String	TextBox	CPE_CSC	CSC_CEP			
OrdemServico	CSC_CIDADE	Cidade	String	TextBox	CPE_CSC	CSC_CIDADE	500	S	
OrdemServico	CSC_CIDADE_NASCIMENTO	Cidade de Nascimento	String	TextBox	CPE_CSC	CSC_CIDADE_NASCIMENTO	500	S	
OrdemServico	CSC_CLASSI_CARGO	Classificação Cargo	String	TextBox	CPE_CSC	CSC_CLASSI_CARGO			
OrdemServico	CSC_CLASSI_M_POLO	Classificação Macropolo	String	TextBox	CPE_CSC	CSC_CLASSI_M_POLO			
OrdemServico	CSC_CLASSI_PCD	Classificação PCD	String	TextBox	CPE_CSC	CSC_CLASSI_PCD			
OrdemServico	CSC_CLASSI_PPP	Classificação PPP	String	TextBox	CPE_CSC	CSC_CLASSI_PPP			
OrdemServico	CSC_CLASSI_UF	Classificação UF	String	TextBox	CPE_CSC	CSC_CLASSI_UF			
OrdemServico	CSC_CNPJ	CSC_CNPJ	String	TextBox	CPE_CSC	CSC_CNPJ			
OrdemServico	CSC_COMBOBOX	CSC_COMBOBOX	String	DropDownList	CPE_CSC	CSC_COMBOBOX			Jan/Fev/Mar;Abr/Mai/Jun;Jul/Ago/Set;Out/Nov/Dez
OrdemServico	CSC_COMPLEMENTO	Complemento	String	TextBox	CPE_CSC	CSC_COMPLEMENTO	500		
OrdemServico	CSC_CONCURSO	Concurso	String	DropDownList	CPE_CSC	CSC_CONCURSO			
OrdemServico	CSC_CONTA_CORRENTE	Conta Corrente	String	TextBox	CPE_CSC	CSC_CONTA_CORRENTE			
OrdemServico	CSC_CPF	CPF	String	TextBox	CPE_CSC	CSC_CPF	300		
OrdemServico	CSC_DATA_ACEITE	Data Aceite	DateTime	DatePicker	CPE_CSC	CSC_DATA_ACEITE			
OrdemServico	CSC_DATA_EMISSOA	Emissão	DateTime	DatePicker	CPE_CSC	CSC_DATA_EMISSOA			
OrdemServico	CSC_DATA_ENVIO	Data de Envio	DateTime	DatePicker	CPE_CSC	CSC_DATA_ENVIO			
OrdemServico	CSC_DATA_ENVIO_A	Data de Envio	DateTime	DatePicker	CPE_CSC	CSC_DATA_ENVIO_A			
OrdemServico	CSC_DATA_FIM	Data Fim	DateTime	DatePicker	CPE_CSC	CSC_DATA_FIM			
OrdemServico	CSC_DATA_FIM1	Data Fim	DateTime	DatePicker	CPE_CONTRATOS02	CSC_DATA_FIM1			
OrdemServico	CSC_DATA_FIM2	Data Fim	String	TextBox	CPE_CONTRATOS02	CSC_DATA_FIM2			
OrdemServico	CSC_DATA_FIM3	Data Fim	String	TextBox	CPE_CONTRATOS02	CSC_DATA_FIM3			
OrdemServico	CSC_DATA_FIM_A	Data Fim	DateTime	DatePicker	CPE_CSC	CSC_DATA_FIM_A			
OrdemServico	CSC_DATA_INICIO	Data Início	DateTime	DatePicker	CPE_CSC	CSC_DATA_INICIO			
OrdemServico	CSC_DATA_INICIO1	Data Início	DateTime	DatePicker	CPE_CONTRATOS02	CSC_DATA_INICIO1			
OrdemServico	CSC_DATA_INICIO2	Data Início	String	TextBox	CPE_CONTRATOS02	CSC_DATA_INICIO2			
OrdemServico	CSC_DATA_INICIO3	Data Início	String	TextBox	CPE_CONTRATOS02	CSC_DATA_INICIO3			
OrdemServico	CSC_DATA_INICIO_A	Data Início	DateTime	DatePicker	CPE_CSC	CSC_DATA_INICIO_A			
OrdemServico	CSC_DATA_MANIFESTACAO	Data Limite Manifestação Interesse	DateTime	DatePicker	CPE_CSC	CSC_DATA_MANIFESTACAO			
OrdemServico	CSC_DATA_NASCIMENTO	Data de nascimento	DateTime	DatePicker	CPE_CSC	CSC_DATA_NASCIMENTO			
OrdemServico	CSC_DATA_RECEBIMENTO	Data de Recebimento	DateTime	DatePicker	CPE_CSC	CSC_DATA_RECEBIMENTO			
OrdemServico	CSC_DATA_RECEBIMENTO_A	Data de Recebimento	DateTime	DatePicker	CPE_CSC	CSC_DATA_RECEBIMENTO_A			
OrdemServico	CSC_DATA_RETORNO	Data Retorno	String	TextBox	CPE_BOOTCAMP	CSC_DATA_RETORNO			
OrdemServico	CSC_DESISTIU_VAGA	Desistiu da Vaga?	String	DropDownList	CPE_CSC	CSC_DESISTIU_VAGA			Sim;Não
OrdemServico	CSC_DGCO	DGCO	String	TextBox	CPE_CSC	CSC_DGCO			
OrdemServico	CSC_DIGITO_AGENCIA	Dígito da Agência	String	TextBox	CPE_CSC	CSC_DIGITO_AGENCIA			
OrdemServico	CSC_DIGITO_CONTA_CORRENTE	Dígito Conta Corrente	String	TextBox	CPE_CSC	CSC_DIGITO_CONTA_CORRENTE			
OrdemServico	CSC_EDITAL_CONCURSO	Edital Concurso	String	TextBox	CPE_CSC	CSC_EDITAL_CONCURSO			
OrdemServico	CSC_EMAIL_PESSOAL	E-mail Pessoal	String	TextBox	CPE_CSC	CSC_EMAIL_PESSOAL	500		
OrdemServico	CSC_EMPRESA	Empresa	String	TextBox	CPE_CSC	CSC_EMPRESA	500		
OrdemServico	CSC_EMPRESA1	Empresa	String	TextBox	CPE_CONTRATOS02	CSC_EMPRESA1	500		
OrdemServico	CSC_ESCOLARIDADE	Escolaridade	String	TextBox	CPE_CSC	CSC_ESCOLARIDADE			
OrdemServico	CSC_ESTABELECIMENTO	Estabelecimento	String	DropDownList	CPE_CSC	CSC_ESTABELECIMENTO		S	
OrdemServico	CSC_ESTADO_CIVIL	Estado Civil	String	DropDownList	CPE_CSC	CSC_ESTADO_CIVIL		S	
OrdemServico	CSC_ESTADO_EMISSOR	Estado Emissor	String	DropDownList	CPE_CSC	CSC_ESTADO_EMISSOR	500	S	
OrdemServico	CSC_FAVORECIDO	CSC_FAVORECIDO	String	DropDownList	CPE_CSC	CSC_FAVORECIDO		S	
OrdemServico	CSC_FILA_MACROPOLO	Convocação Fila Macropolo diferente da inscrição?	String	DropDownList	CPE_CSC	CSC_FILA_MACROPOLO			Sim;Não
OrdemServico	CSC_FINAL_FILA	Solicitou Final de Fila?	String	DropDownList	CPE_CSC	CSC_FINAL_FILA			Não;Sim
OrdemServico	CSC_FORNECEDOR	Fornecedor	String	DropDownList	CPE_CSC	CSC_FORNECEDOR		S	
OrdemServico	CSC_HORA_APONTAMENTO	Tempo gasto na execução do serviço (Hora)	Integer	TextBox	CPE_CSC	CSC_HORA_APONTAMENTO			
OrdemServico	CSC_INSCRICAO	Inscrição	String	DropDownList	CPE_CSC	CSC_INSCRICAO			
OrdemServico	CSC_JURADO	Jurado	String	DropDownList	CPE_CSC	CSC_JURADO			Sim;Não
OrdemServico	CSC_LISTA_DEMANDA	Lista de demandas	RecordList	DataGrid	Z_00143_CSC_LISTA_DEMANDA	CSC_LISTA_DEMANDA			
OrdemServico	CSC_LISTA_RESP_ERP	Nome da Responsabilidade no ERP 	RecordList	DataGrid	Z_00143_CSC_LISTA_RESP_ERP	CSC_LISTA_RESP_ERP			
OrdemServico	CSC_LOCALIDADE_ATUACAO	Localidade Atuação	String	DropDownList	CPE_CSC	CSC_LOCALIDADE_ATUACAO		S	
OrdemServico	CSC_LOCAL_ATENDIMENTO	Local de Atendimento	String	DropDownList	CPE_CSC	CSC_LOCAL_ATENDIMENTO			TR;CAT
OrdemServico	CSC_LOGRADOURO	Logradouro	String	TextBox	CPE_CSC	CSC_LOGRADOURO	500		
OrdemServico	CSC_MACROPOLO	Macropolo Inscrição	String	TextBox	CPE_CSC	CSC_MACROPOLO			
OrdemServico	CSC_MACROPOLO_REGRA	Macropolo Regra	String	TextBox	CPE_CSC	CSC_MACROPOLO_REGRA			
OrdemServico	CSC_MATRICULA	Matrícula	String	TextBox	CPE_CSC	CSC_MATRICULA			
OrdemServico	CSC_MATRICULA1	Matrícula	String	TextBox	CPE_CONTRATOS02	CSC_MATRICULA1			
OrdemServico	CSC_NOME_AGENCIA	Nome Agência	String	TextBox	CPE_CSC	CSC_NOME_AGENCIA	500		
OrdemServico	CSC_NOME_COMPLETO	Nome Completo	String	TextBox	CPE_CSC	CSC_NOME_COMPLETO	500		
OrdemServico	CSC_NOME_COMPLETO1	Nome Completo	String	TextBox	CPE_CONTRATOS02	CSC_NOME_COMPLETO1	500		
OrdemServico	CSC_NOTA_FISCAL	CSC_NOTA_FISCAL	String	TextBox	CPE_CSC	CSC_NOTA_FISCAL			
OrdemServico	CSC_NOVO_ESTABELECIMENTO	Novo Estabelecimento	String	TextBox	CPE_CSC	CSC_NOVO_ESTABELECIMENTO			
OrdemServico	CSC_NUMERO	Número	String	TextBox	CPE_CSC	CSC_NUMERO	100		
OrdemServico	CSC_NUMERO1	Número	String	TextBox	CPE_CONTRATOS02	CSC_NUMERO1	100		
OrdemServico	CSC_NUMERO10	CSC_NUMERO10	String	TextBox	CPE_BOOTCAMP	CSC_NUMERO10	100		
OrdemServico	CSC_NUMERO11	CSC_NUMERO11	String	TextBox	CPE_BOOTCAMP	CSC_NUMERO11	100		
OrdemServico	CSC_NUMERO2	CSC_NUMERO2	String	TextBox	CPE_BOOTCAMP	CSC_NUMERO2	100		
OrdemServico	CSC_NUMERO3	CSC_NUMERO3	String	TextBox	CPE_BOOTCAMP	CSC_NUMERO3	100		
OrdemServico	CSC_NUMERO4_	CSC_NUMERO4_	String	TextBox	CPE_BOOTCAMP	CSC_NUMERO4_	100		
OrdemServico	CSC_NUMERO5	CSC_NUMERO5	String	TextBox	CPE_BOOTCAMP	CSC_NUMERO5	100		
OrdemServico	CSC_NUMERO6	CSC_NUMERO6	String	TextBox	CPE_BOOTCAMP	CSC_NUMERO6	100		
OrdemServico	CSC_NUMERO7	CSC_NUMERO7	String	TextBox	CPE_BOOTCAMP	CSC_NUMERO7	100		
OrdemServico	CSC_NUMERO8	CSC_NUMERO8	String	TextBox	CPE_BOOTCAMP	CSC_NUMERO8	100		
OrdemServico	CSC_NUMERO9	CSC_NUMERO9	String	TextBox	CPE_BOOTCAMP	CSC_NUMERO9	100		
OrdemServico	CSC_NUMERO_AGENCIA	Número da Agência	String	TextBox	CPE_CSC	CSC_NUMERO_AGENCIA			
OrdemServico	CSC_NUMERO_OS	Nº da Ordem de Serviço da Rescisão	String	TextBox	CPE_CSC	CSC_NUMERO_OS			
OrdemServico	CSC_NUMERO_OS_A	Nº da Ordem de Serviço	String	TextBox	CPE_CSC	CSC_NUMERO_OS_A			
OrdemServico	CSC_NUM_SISLOC	Número da Abertura no Sisloc	String	TextBox	CPE_CSC	CSC_NUM_SISLOC			
OrdemServico	CSC_NUM_SISLOC_A	Número da Abertura no Sisloc	String	TextBox	CPE_CSC	CSC_NUM_SISLOC_A			
OrdemServico	CSC_OBS	Observação	String	Memo	CPE_CSC	CSC_OBS	2000		
OrdemServico	CSC_OBS1	Observação/Detalhamento	String	Memo	CPE_CSC	CSC_OBS1	2000		
OrdemServico	CSC_OBS1_A	Observação	String	Memo	CPE_CSC	CSC_OBS1_A	2000		
OrdemServico	CSC_OBS2	Observação	String	Memo	CPE_CSC	CSC_OBS2	2000		
OrdemServico	CSC_OBS2_A	Observação	String	TextBox	CPE_CSC	CSC_OBS2_A	2000		
OrdemServico	CSC_OBS2_B	CSC_OBS2_B	String	TextBox	CPE_BOOTCAMP	CSC_OBS2_B			
OrdemServico	CSC_OBS2_C	CSC_OBS2_C	String	TextBox	CPE_BOOTCAMP	CSC_OBS2_C			
OrdemServico	CSC_OBS3	Observação	String	Memo	CPE_CONTRATOS	CSC_OBS3	2000		
OrdemServico	CSC_OBS5	CSC_OBS5	String	TextBox	CPE_BOOTCAMP	CSC_OBS5			
OrdemServico	CSC_OBS6	Observação	String	Memo	CPE_BOOTCAMP	CSC_OBS6			
OrdemServico	CSC_ORCAMENTO_APROV	CSC_ORCAMENTO_APROV	String	DropDownList	CPE_CSC	CSC_ORCAMENTO_APROV			Orçamento 1;Orçamento 2;Orçamento 3 
OrdemServico	CSC_ORGANIZACAO	CSC_ORGANIZACAO	String	DropDownList	CPE_CSC	CSC_ORGANIZACAO		S	
OrdemServico	CSC_ORGAO_EMISSOR	Órgão Emissor	String	TextBox	CPE_CSC	CSC_ORGAO_EMISSOR	200		
OrdemServico	CSC_PCD	Pessoas com deficiência	String	DropDownList	CPE_CSC	CSC_PCD			Sim;Não
OrdemServico	CSC_PERFIL_TOA	Perfil TOA	String	DropDownList	CPE_CSC	CSC_PERFIL_TOA			Técnico;Controlador
OrdemServico	CSC_POLO	Polo	String	TextBox	CPE_CSC	CSC_POLO			
OrdemServico	CSC_POLO1	Polo	String	TextBox	CPE_CONTRATOS02	CSC_POLO1			
OrdemServico	CSC_POSSUI_CANDIDATO	Possui candidato para a vaga?	String	DropDownList	CPE_CSC	CSC_POSSUI_CANDIDATO			Sim;Não
OrdemServico	CSC_POSTOS_DE_SERVICOS	Postos de serviços	RecordList	DataGrid	Z_00143_CSC_POSTOS_DE_SERVICOS	CSC_POSTOS_DE_SERVICOS			
OrdemServico	CSC_PPP	Pessoas pretas, pardas ou indígenas	String	DropDownList	CPE_CSC	CSC_PPP			Sim;Não
OrdemServico	CSC_QUANTIDADE	Quantidade	String	TextBox	CPE_CSC	CSC_QUANTIDADE			
OrdemServico	CSC_QUANTIDADE1	Quantidade	String	TextBox	CPE_CONTRATOS02	CSC_QUANTIDADE1			
OrdemServico	CSC_QUANTIDADE_A	Quantidade	String	TextBox	CPE_CSC	CSC_QUANTIDADE_A			
OrdemServico	CSC_QUANTIDADE_B	Quantidade B	String	TextBox	CPE_CONTRATOS	CSC_QUANTIDADE_B			
OrdemServico	CSC_RC_DISTRIBUICAO	DISTRIBUICAO	RecordList	DataGrid	Z_00143_CSC_RC_DISTRIBUICAO	CSC_RC_DISTRIBUICAO			
OrdemServico	CSC_RG	RG	String	TextBox	CPE_CSC	CSC_RG			
OrdemServico	CSC_RG_ORGAO_UF	Orgão Emissor/UF	String	TextBox	CPE_CSC	CSC_RG_ORGAO_UF			
OrdemServico	CSC_RI	CSC_RI	String	TextBox	CPE_CSC	CSC_RI			
OrdemServico	CSC_SEXO	CSC_SEXO	String	TextBox	CPE_CSC	CSC_SEXO			
OrdemServico	CSC_TAMFARDA	Tamanho do Fardamento	String	TextBox	CPE_CSC	CSC_TAMFARDA			
OrdemServico	CSC_TELEFONE_1	Telefone Contato 1	String	TextBox	CPE_CSC	CSC_TELEFONE_1			
OrdemServico	CSC_TELEFONE_2	Telefone Contato 2	String	TextBox	CPE_CSC	CSC_TELEFONE_2			
OrdemServico	CSC_TELEFONE_CONTATO	Telefone para Contato	String	TextBox	CPE_CSC	CSC_TELEFONE_CONTATO			
OrdemServico	CSC_TIPO_NF	CSC_TIPO_NF	String	TextBox	CPE_CSC	CSC_TIPO_NF			
OrdemServico	CSC_TIPO_POSSE	Como será realizada a posse?	String	DropDownList	CPE_CSC	CSC_TIPO_POSSE			Presencial;Virtual
OrdemServico	CSC_TIPO_VAGA	Tipo vaga	String	TextBox	CPE_CSC	CSC_TIPO_VAGA			
OrdemServico	CSC_TRABALHADOR_TEMPORARIO	Trabalhador Temporário	String	DropDownList	CPE_CSC	CSC_TRABALHADOR_TEMPORARIO		S	
OrdemServico	CSC_TXT1	CSC_TXT1	String	TextBox	CPE_BOOTCAMP	CSC_TXT1			
OrdemServico	CSC_TXT10	CSC_TXT10	String	TextBox	CPE_BOOTCAMP	CSC_TXT10			
OrdemServico	CSC_TXT2	CSC_TXT2	String	TextBox	CPE_BOOTCAMP	CSC_TXT2			
OrdemServico	CSC_TXT3	CSC_TXT3	String	TextBox	CPE_BOOTCAMP	CSC_TXT3			
OrdemServico	CSC_TXT4	CSC_TXT4	String	TextBox	CPE_BOOTCAMP	CSC_TXT4			
OrdemServico	CSC_TXT5	CSC_TXT5	String	TextBox	CPE_BOOTCAMP	CSC_TXT5			
OrdemServico	CSC_TXT6	CSC_TXT6	String	TextBox	CPE_BOOTCAMP	CSC_TXT6			
OrdemServico	CSC_TXT7	CSC_TXT7	String	TextBox	CPE_BOOTCAMP	CSC_TXT7			
OrdemServico	CSC_TXT8	CSC_TXT8	String	TextBox	CPE_BOOTCAMP	CSC_TXT8			
OrdemServico	CSC_TXT9	CSC_TXT9	String	TextBox	CPE_BOOTCAMP	CSC_TXT9			
OrdemServico	CSC_TXT9_	CSC_TXT9_	String	TextBox	CPE_BOOTCAMP	CSC_TXT9_			
OrdemServico	CSC_UF	UF	String	DropDownList	CPE_CSC	CSC_UF		S	
OrdemServico	CSC_UF_INSCR	UF Inscrição	String	TextBox	CPE_CSC	CSC_UF_INSCR			
OrdemServico	CSC_UF_NASCIMENTO	UF de Nascimento	String	DropDownList	CPE_CSC	CSC_UF_NASCIMENTO		S	
OrdemServico	CSC_UF_REGRA	UF Regra	String	TextBox	CPE_CSC	CSC_UF_REGRA			
OrdemServico	CSC_UOR	CSC_UOR	String	TextBox	CPE_CSC	CSC_UOR			
OrdemServico	CSC_UOR1	CSC_UOR	String	TextBox	CPE_CONTRATOS02	CSC_UOR1			
OrdemServico	CSC_UOR_LISTA	UOR	String	DropDownList	CPE_CSC	CSC_UOR_LISTA	500	S	
OrdemServico	CSC_USUARIO_REDE	Usuário de Rede	String	TextBox	CPE_CSC	CSC_USUARIO_REDE			
OrdemServico	CSC_VALOR	Valor	String	TextBox	CPE_CSC	CSC_VALOR			
OrdemServico	CSC_VALOR1	Valor	Decimal	TextBox	CPE_CSC	CSC_VALOR1			
OrdemServico	CSC_VALOR1_A	Valor	Decimal	TextBox	CPE_CSC	CSC_VALOR1_A			
OrdemServico	CSC_VALOR1_TOTAL	Valor Total	Decimal	TextBox	CPE_CSC	CSC_VALOR1_TOTAL			
OrdemServico	CSC_VALOR1_TOTAL_A	Valor Total	Decimal	TextBox	CPE_CSC	CSC_VALOR1_TOTAL_A			
OrdemServico	CSC_VALOR2	Valor	Decimal	TextBox	CPE_CSC	CSC_VALOR2			
OrdemServico	CSC_VALOR2_A	Valor	Decimal	TextBox	CPE_CSC	CSC_VALOR2_A			
OrdemServico	CSC_VALOR3	Valor	String	TextBox	CPE_CSC	CSC_VALOR3			
OrdemServico	CSC_VALOR_TOTAL	Valor Total	String	TextBox	CPE_CSC	CSC_VALOR_TOTAL			
OrdemServico	CSLL	CSLL	String	DropDownList	CP_ORDEM_SERVICO	CSLL			Tributável;Não tributável permanente;Não tributável temporal;Dedutível;Não dedutível permanente;Não dedutível temporal 
OrdemServico	CSLL_1	CSLL	RecordList	DataGrid	Z_00143_CSLL_1	CSLL_1			
OrdemServico	CSLL_ALIQUOTA	CSLL - Alíquota	String	TextBox	CPE_CSC	CSLL_ALIQUOTA			
OrdemServico	CSLL_BASE_LEGAL	CSLL - Base Legal	String	Memo	CPE_CSC	CSLL_BASE_LEGAL	2000		
OrdemServico	CSLL_RETENCAO	CSLL - Retenção	String	DropDownList	CPE_CSC	CSLL_RETENCAO			Sim;Não
OrdemServico	CT_VT	Número CT (Preenchimento apenas para Curitiba)	String	TextBox	CP_ORDEM_SERVICO	CT_VT			
OrdemServico	CUMPRIMENTO_JORNADA_AVALI	Cumprimento da jornada diária de trabalho e dos intervalos para descanso previstos em lei 	String	DropDownList	CPE_CONTRATOS	CUMPRIMENTO_JORNADA_AVALI			1;2;3;0
OrdemServico	CUMPRIMENTO_PRAZOSAVALI1	Cumprimento de Prazos 	String	DropDownList	CPE_CONTRATOS	CUMPRIMENTO_PRAZOSAVALI1			1;2;3;0
OrdemServico	CUMPRI_ACORD_AVALIACAO	Cumprimento do Acordo de Nível de Serviços	String	DropDownList	CPE_CONTRATOS	CUMPRI_ACORD_AVALIACAO			1;2;3;0
OrdemServico	CURSO	Curso	String	TextBox	CP_ORDEM_SERVICO	CURSO			
OrdemServico	CURSOS_OBRIGATORIOS	Cursos Obrigatorios	RecordList	DataGrid	Z_00143_CURSOS_OBRIGATORIOS	CURSOS_OBRIGATORIOS			
OrdemServico	CURSOS_VAGA	Cursos UNIBBTS/Alura desejados para a vaga	String	Memo	CPE_PESSOAS	CURSOS_VAGA	2000		
OrdemServico	CUSTAS_JUDICIAIS	CUSTAS_JUDICIAIS	String	TextBox	CPE_CONTRATOS	CUSTAS_JUDICIAIS			
OrdemServico	CUSTO_TOT_DESLOC	Custo total do deslocamento	Decimal	TextBox	CPE_HOMOLOGACAO	CUSTO_TOT_DESLOC			
OrdemServico	DADOS_BANCA	Dados bancarios	RecordList	DataGrid	Z_00143_DADOS_BANCA	DADOS_BANCA			
OrdemServico	DADOS_BANCARIOS	Dados bancarios	RecordList	DataGrid	Z_00143_DADOS_BANCARIOS	DADOS_BANCARIOS			
OrdemServico	DADOS_BEM	Dados do Bem	RecordList	DataGrid	Z_00143_DADOS_BEM	DADOS_BEM			
OrdemServico	DADOS_BEM_AQUISICAO	Dados do Bem	RecordList	DataGrid	Z_00143_DADOS_BEM_AQUISICAO	DADOS_BEM_AQUISICAO			
OrdemServico	DADOS_BEM_AQUISICAO_ATT	Dados do Bem Atualizado	RecordList	DataGrid	Z_00143_DADOS_BEM_AQUISICAO_ATT	DADOS_BEM_AQUISICAO_ATT			
OrdemServico	DADOS_BEM_ATUALIZADO_UM	Dados do Bem Atualizado	RecordList	DataGrid	Z_00143_DADOS_BEM_ATUALIZADO_UM	DADOS_BEM_ATUALIZADO_UM			
OrdemServico	DADOS_BEM_DISPONIBILIZA	Dados do Bem	RecordList	DataGrid	Z_00143_DADOS_BEM_DISPONIBILIZA	DADOS_BEM_DISPONIBILIZA			
OrdemServico	DADOS_BEM_INCLUSAO	Dados do Bem	RecordList	DataGrid	Z_00143_DADOS_BEM_INCLUSAO	DADOS_BEM_INCLUSAO			
OrdemServico	DADOS_BEM_INV_COM_ETI	Dados do Bem	RecordList	DataGrid	Z_00143_DADOS_BEM_INV_COM_ETI	DADOS_BEM_INV_COM_ETI			
OrdemServico	DADOS_BEM_INV_COM_ETI_OUTSOURCING	Dados do Bem	RecordList	DataGrid	Z_00143_DADOS_BEM_INV_COM_ETI_OUTSOURCING	DADOS_BEM_INV_COM_ETI_OUTSOURCING			
OrdemServico	DADOS_BEM_INV_DISPONIBILIZA	Dados do Bem	RecordList	DataGrid	Z_00143_DADOS_BEM_INV_DISPONIBILIZA	DADOS_BEM_INV_DISPONIBILIZA			
OrdemServico	DADOS_BEM_INV_SEM_ETI	Dados do Bem	RecordList	DataGrid	Z_00143_DADOS_BEM_INV_SEM_ETI	DADOS_BEM_INV_SEM_ETI			
OrdemServico	DADOS_BEM_LOCALIZADOS	Bem Lozalizados	RecordList	DataGrid	Z_00143_DADOS_BEM_LOCALIZADOS	DADOS_BEM_LOCALIZADOS			
OrdemServico	DADOS_BEM_LOCALIZADOS_FORA_ERP	Bens Localizados fisicamente na Unidade, porém não consta no relatório ERP/FA:	RecordList	DataGrid	Z_00143_DADOS_BEM_LOCALIZADOS_FORA_ERP	DADOS_BEM_LOCALIZADOS_FORA_ERP			
OrdemServico	DADOS_BEM_NAO_LOCALIZADOS	Bens Não Localizados:	RecordList	DataGrid	Z_00143_DADOS_BEM_NAO_LOCALIZADOS	DADOS_BEM_NAO_LOCALIZADOS			
OrdemServico	DADOS_CONS_CONTRATO	Dados para Consulta de Contrato	RecordList	DataGrid	Z_00143_DADOS_CONS_CONTRATO	DADOS_CONS_CONTRATO			
OrdemServico	DADOS_CONS_CONT_FONEC	Dados para Consulta de Contrato	RecordList	DataGrid	Z_00143_DADOS_CONS_CONT_FONEC	DADOS_CONS_CONT_FONEC			
OrdemServico	DADOS_CONS_FATURA_ERP	Dados para Consulta de Contrato Transação de Faturamento ERP-AR	RecordList	DataGrid	Z_00143_DADOS_CONS_FATURA_ERP	DADOS_CONS_FATURA_ERP			
OrdemServico	DADOS_CONS_LEGISLACAO	Dados para Consulta de Legislação	RecordList	DataGrid	Z_00143_DADOS_CONS_LEGISLACAO	DADOS_CONS_LEGISLACAO			
OrdemServico	DADOS_CONS_NF_ICMS	Dados para Consulta de Nota Fiscal	RecordList	DataGrid	Z_00143_DADOS_CONS_NF_ICMS	DADOS_CONS_NF_ICMS			
OrdemServico	DADOS_CONS_NOTA_FISCAL	Dados para Consulta de Nota Fiscal	RecordList	DataGrid	Z_00143_DADOS_CONS_NOTA_FISCAL	DADOS_CONS_NOTA_FISCAL			
OrdemServico	DADOS_CONS_NOVOS_NEG	Dados para Consulta de Novos Negócios	RecordList	DataGrid	Z_00143_DADOS_CONS_NOVOS_NEG	DADOS_CONS_NOVOS_NEG			
OrdemServico	DADOS_CONTRATOS_C	Contrato Clientes	RecordList	DataGrid	Z_00143_DADOS_CONTRATOS_C	DADOS_CONTRATOS_C			
OrdemServico	DADOS_DE_FATURAMENTO_TOMADOR_DO_SERVICO	DADOS DE FATURAMENTO_TOMADOR_DO_SERVIÇO	RecordList	DataGrid	Z_00143_DADOS_DE_FATURAMENTO_TOMADOR_DO_SERVICO	DADOS_DE_FATURAMENTO_TOMADOR_DO_SERVICO			
OrdemServico	DADOS_DE_LANCAMENTO	Dados de lançamento	RecordList	DataGrid	Z_00143_DADOS_DE_LANCAMENTO	DADOS_DE_LANCAMENTO			
OrdemServico	DADOS_DE_PAGAMENTO	Dados de Pagamento	RecordList	DataGrid	Z_00143_DADOS_DE_PAGAMENTO	DADOS_DE_PAGAMENTO			
OrdemServico	DADOS_DOS_ATIVOS	Dados dos ativos	RecordList	DataGrid	Z_00143_DADOS_DOS_ATIVOS	DADOS_DOS_ATIVOS			
OrdemServico	DADOS_DO_BEM	Dados do Bem	RecordList	DataGrid	Z_00143_DADOS_DO_BEM	DADOS_DO_BEM			
OrdemServico	DADOS_DO_BENEFICIARIO	DADOS_DO_BENEFICIARIO	String	TextBox	CPE_DADOS_DO_BENEFICIARIO	DADOS_DO_BENEFICIARIO			
OrdemServico	DADOS_DO_FORNECEDOR_PRESTADOR_DE_SERVICO	DADOS DO FORNECEDOR (PRESTADOR DE SERVIÇO)	RecordList	DataGrid	Z_00143_DADOS_DO_FORNECEDOR_PRESTADOR_DE_SERVICO	DADOS_DO_FORNECEDOR_PRESTADOR_DE_SERVICO			
OrdemServico	DADOS_DO_MALOTE	Dados do Malote	RecordList	DataGrid	Z_00143_DADOS_DO_MALOTE	DADOS_DO_MALOTE			
OrdemServico	DADOS_DO_PRESTADOR	Dados do prestador	RecordList	DataGrid	Z_00143_DADOS_DO_PRESTADOR	DADOS_DO_PRESTADOR			
OrdemServico	DADOS_DO_REEMBOLSO_FILTRO_SOLAR	Dados do Reembolso Filtro Solar	RecordList	DataGrid	Z_00143_DADOS_DO_REEMBOLSO_FILTRO_SOLAR	DADOS_DO_REEMBOLSO_FILTRO_SOLAR			
OrdemServico	DADOS_DO_VISITANTE	Dados do visitante	RecordList	DataGrid	Z_00143_DADOS_DO_VISITANTE	DADOS_DO_VISITANTE			
OrdemServico	DADOS_LACAMENTO	Dados de Lançamento	RecordList	DataGrid	Z_00143_DADOS_LACAMENTO	DADOS_LACAMENTO			
OrdemServico	DADOS_MOVIMENTACAO	Dados	RecordList	DataGrid	Z_00143_DADOS_MOVIMENTACAO	DADOS_MOVIMENTACAO			
OrdemServico	DADOS_ORCAMENTARIOS	Dados orçamentários	RecordList	DataGrid	Z_00143_DADOS_ORCAMENTARIOS	DADOS_ORCAMENTARIOS			
OrdemServico	DADOS_PARA_PAGAMENTO	Dados para pagamento	String	DropDownList	CPE_CONTRATOS	DADOS_PARA_PAGAMENTO			Agência;Banco;Conta;CPF;Chave PIX
OrdemServico	DADOS_PARA_SOLICITACAO_PDPEP	Dados para solicitação PDPEP	RecordList	DataGrid	Z_00143_DADOS_PARA_SOLICITACAO_PDPEP	DADOS_PARA_SOLICITACAO_PDPEP			
OrdemServico	DADOS_RC	DADOS_RC	RecordList	DataGrid	Z_00143_DADOS_RC	DADOS_RC			
OrdemServico	DADOS_SOL_LOTE	Dados da Solicitação	RecordList	DataGrid	Z_00143_DADOS_SOL_LOTE	DADOS_SOL_LOTE			
OrdemServico	DATA DO DOCUMENTO	Data do recebimento do documento	DateTime	DatePicker	CP_ORDEM_SERVICO	DATA_DO_DOCUMENTO			
OrdemServico	DATA RETORNO	Data de Retorno	DateTime	DatePicker	CP_ORDEM_SERVICO	DATA_RETORNO			
OrdemServico	DATA1	Data	DateTime	DatePicker	CP_ORDEM_SERVICO	DATA1			
OrdemServico	DATA2	Data	DateTime	DatePicker	CP_ORDEM_SERVICO	DATA2			
OrdemServico	DATAABERT	Data de Abertura	DateTime	TextBox	CPE_BOOTCAMP	DATAABERT			
OrdemServico	DATAFIM_PREV	Data fim previsto	DateTime	DatePicker	CPE_MOVIMENTACAO_PESSOA	DATAFIM_PREV			
OrdemServico	DATA_ADMISSAO	Data de Admissão	DateTime	DatePicker	CP_ORDEM_SERVICO	DATA_ADMISSAO			
OrdemServico	DATA_ADMISSAO_PDCI	Data de Admissão	String	TextBox	CPE_PDCI2019	DATA_ADMISSAO_PDCI			
OrdemServico	DATA_ALOCACAO	Data prevista para alocação	DateTime	DatePicker	CP_ORDEM_SERVICO	DATA_ALOCACAO			
OrdemServico	DATA_ALOCACAO_REQUISITOS	Data prevista para alocação - Documento de Requisitos	DateTime	DatePicker	CP_ORDEM_SERVICO	DATA_ALOCACAO_REQUISITOS			
OrdemServico	DATA_ALOCACAO_VISAO	Data prevista para alocação - Documento de Visão	DateTime	DatePicker	CP_ORDEM_SERVICO	DATA_ALOCACAO_VISAO			
OrdemServico	DATA_ANO	Data Ano	String	DropDownList	CPE_CSC	DATA_ANO			Mês 1/ 2024; Mês 2/ 2024; Mês 3/ 2024; Mês 4/ 2024; Mês 5/ 2024; Mês 6/ 2024; Mês 7/ 2024; Mês 8/ 2024; Mês 9/ 2024; Mês
OrdemServico	DATA_APROVACAO	Data da Aprovação	DateTime	DatePicker	CP_ORDEM_SERVICO	DATA_APROVACAO			
OrdemServico	DATA_APROVACAO_AUDIT	Data de Aprovação da AUDIT	DateTime	DateTimePicker	CP_ORDEM_SERVICO	DATA_APROVACAO_AUDIT			
OrdemServico	DATA_APROVACAO_FISCAL_ADM	Data da aprovação do fiscal adminitrativo.	DateTime	DateTimePicker	CPE_CSC	DATA_APROVACAO_FISCAL_ADM			
OrdemServico	DATA_APROVACAO_FISCAL_SERV	Data aprovação fiscal de serviço	DateTime	DateTimePicker	CPE_CSC	DATA_APROVACAO_FISCAL_SERV			
OrdemServico	DATA_APROVACAO_GESTOR	Data aprovação Gestor Demandante	DateTime	DateTimePicker	CPE_CSC	DATA_APROVACAO_GESTOR			
OrdemServico	DATA_APROVACAO_PRESI	Data da aprovação do presidente	DateTime	DateTimePicker	CP_ORDEM_SERVICO	DATA_APROVACAO_PRESI			
OrdemServico	DATA_APROV_FAVORECIDO	Data de aprovação do favorecido	String	TextBox	CPE_CSC	DATA_APROV_FAVORECIDO			
OrdemServico	DATA_APROV_GESTOR_FAVORECIDO	Data aprovação do gestor favorecido.	String	TextBox	CPE_CSC	DATA_APROV_GESTOR_FAVORECIDO			
OrdemServico	DATA_ASSINATURA_C	Data de assinatura do contrato	DateTime	DatePicker	CPE_CONTRATOS02	DATA_ASSINATURA_C			
OrdemServico	DATA_ASSINATURA_CONTRATO	Data Assinatura Aditivo	String	TextBox	CPE_CONTRATOS	DATA_ASSINATURA_CONTRATO			
OrdemServico	DATA_ASSINATURA_TERMO	Data de assinatura do termo	DateTime	DatePicker	CPE_MOVIMENTACAO_PESSOA	DATA_ASSINATURA_TERMO			
OrdemServico	DATA_ATIVIDADE	Data da atividade	DateTime	DatePicker	CP_ORDEM_SERVICO	DATA_ATIVIDADE			
OrdemServico	DATA_ATIVIDADE2	Data da atividade	DateTime	DatePicker	CPE_PESSOAS	DATA_ATIVIDADE2			
OrdemServico	DATA_ATIVIDADE3	Data da atividade	DateTime	DatePicker	CPE_PESSOAS	DATA_ATIVIDADE3			
OrdemServico	DATA_ATIVIDADE4	Data da atividade	DateTime	DatePicker	CPE_PESSOAS	DATA_ATIVIDADE4			
OrdemServico	DATA_ATIVIDADE5	Data da atividade	DateTime	DatePicker	CPE_PESSOAS	DATA_ATIVIDADE5			
OrdemServico	DATA_ATIVIDADE6	Data da atividade	DateTime	DatePicker	CPE_PESSOAS	DATA_ATIVIDADE6			
OrdemServico	DATA_ATUAL_ERP	Data Atual - ERP	DateTime	DatePicker	CPE_CSC	DATA_ATUAL_ERP			
OrdemServico	DATA_ATV_COMPRAS	Data das atividades do processo de compras	RecordList	DataGrid	Z_00143_DATA_ATV_COMPRAS	DATA_ATV_COMPRAS			
OrdemServico	DATA_AUX	Campo data auxiliar	DateTime	TextBox	CP_ORDEM_SERVICO	DATA_AUX			
OrdemServico	DATA_AVAL_TRI	Última avaliação tributária	DateTime	DatePicker	CP_ORDEM_SERVICO	DATA_AVAL_TRI			
OrdemServico	DATA_BASE	Data base	RecordList	DataGrid	Z_00143_DATA_BASE	DATA_BASE			
OrdemServico	DATA_CANCELAR	Data a cancelar	String	TextBox	CPE_CSC	DATA_CANCELAR			
OrdemServico	DATA_CDA	Data de recebimento	DateTime	DatePicker	CPE_BOOTCAMP	DATA_CDA			
OrdemServico	DATA_CERTAME	Data do Certame	DateTime	DatePicker	CP_ORDEM_SERVICO	DATA_CERTAME			
OrdemServico	DATA_CRIACAO_OC	Data da Criação da OC	DateTime	DatePicker	CP_ORDEM_SERVICO	DATA_CRIACAO_OC			
OrdemServico	DATA_DA_APROVACAO	Data da aprovação	DateTime	TextBox	CPE_CSC	DATA_DA_APROVACAO			
OrdemServico	DATA_DA_CONCILIACAO	Data da Conciliação	DateTime	DatePicker	CPE_CSC	DATA_DA_CONCILIACAO			
OrdemServico	DATA_DA_PUBLI	Data da Publicação	String	TextBox	CPE_CSC	DATA_DA_PUBLI			
OrdemServico	DATA_DESENV	Início	DateTime	DatePicker	CP_ORDEM_SERVICO	DATA_DESENV			
OrdemServico	DATA_DEVOLU_PIX	Data de devolução do pix	DateTime	DatePicker	CPE_ECOMERCE	DATA_DEVOLU_PIX			
OrdemServico	DATA_DEVO_PROD_EC	Data de devolução do produto	DateTime	DatePicker	CPE_ECOMERCE	DATA_DEVO_PROD_EC			
OrdemServico	DATA_DE_PAGAMENTO	Data de pagamento	DateTime	DatePicker	CPE_CSC	DATA_DE_PAGAMENTO			
OrdemServico	DATA_DE_PAGAMENTO_3	Data de Pagamento	DateTime	DatePicker	CPE_CSC	DATA_DE_PAGAMENTO_3			
OrdemServico	DATA_DOCUMENTO	Data do documento	DateTime	DatePicker	CP_ORDEM_SERVICO	DATA_DOCUMENTO			
OrdemServico	DATA_DO_EXTRATO	Data do Extrato	DateTime	DatePicker	CPE_CSC	DATA_DO_EXTRATO			
OrdemServico	DATA_EFETIVACAO	Data da Efetivação	DateTime	DatePicker	CP_ORDEM_SERVICO	DATA_EFETIVACAO			
OrdemServico	DATA_EFETIVIDADE	Data Efetividade Faturamento	DateTime	DatePicker	CPE_CSC	DATA_EFETIVIDADE			
OrdemServico	DATA_EMISSAO	Data da Emissão	DateTime	DatePicker	CP_ORDEM_SERVICO	DATA_EMISSAO			
OrdemServico	DATA_EMISSAO_1	Data da Emissão 1	DateTime	DatePicker	CPE_CONTRATOS	DATA_EMISSAO_1			
OrdemServico	DATA_EMISSAO_ATESTADO	Data de Emissão do Atestado	DateTime	DatePicker	CPE_CSC	DATA_EMISSAO_ATESTADO			
OrdemServico	DATA_EMISSAO_NF	Data da Emissão	DateTime	DatePicker	CPE_CSC	DATA_EMISSAO_NF			
OrdemServico	DATA_EMISSAO_NF_ERP	Data emissão Nota Fiscal - ERP	DateTime	DatePicker	CPE_CSC	DATA_EMISSAO_NF_ERP			
OrdemServico	DATA_ENCERRA	Data do encerramento	DateTime	DatePicker	CP_ORDEM_SERVICO	DATA_ENCERRA			
OrdemServico	DATA_ENCERRAMENTO_C	Data do encerramento do contrato	DateTime	DatePicker	CPE_CONTRATOS02	DATA_ENCERRAMENTO_C			
OrdemServico	DATA_ENTRADA	Data/Hora de entrada	DateTime	DateTimePicker	CP_ORDEM_SERVICO	DATA_ENTRADA			
OrdemServico	DATA_ENTREGA	Data de entrega	DateTime	DatePicker	CP_ORDEM_SERVICO	DATA_ENTREGA			
OrdemServico	DATA_E_HORA_INICIO_FIM	Data e Hora Início e Fim	RecordList	DataGrid	Z_00143_DATA_E_HORA_INICIO_FIM	DATA_E_HORA_INICIO_FIM			
OrdemServico	DATA_FIM	Fim	DateTime	DatePicker	CP_ORDEM_SERVICO	DATA_FIM			
OrdemServico	DATA_FIM_ESTIMADA	Data fim estimada	DateTime	DatePicker	CP_ORDEM_SERVICO	DATA_FIM_ESTIMADA			
OrdemServico	DATA_FIM_ESTIMADA1	Data fim estimada	DateTime	DatePicker	CP_ORDEM_SERVICO	DATA_FIM_ESTIMADA1			
OrdemServico	DATA_FIM_PREVIST	Data fim previsto	DateTime	DatePicker	CPE_MOVIMENTACAO_PESSOA	DATA_FIM_PREVIST			
OrdemServico	DATA_FIM_REAL	Data fim real	DateTime	DateTimePicker	CP_ORDEM_SERVICO	DATA_FIM_REAL			
OrdemServico	DATA_GEREX	Data de Aprovação da GEREX	DateTime	DateTimePicker	CP_ORDEM_SERVICO	DATA_GEREX			
OrdemServico	DATA_GL_ERP	Data GL - ERP	DateTime	DatePicker	CPE_CSC	DATA_GL_ERP			
OrdemServico	DATA_HML	data homologação	DateTime	DatePicker	CPE_ORDEM_SERVICO	DATA_HML			
OrdemServico	DATA_HOMOLOGACAO	Data da Homologação	DateTime	DatePicker	CP_ORDEM_SERVICO	DATA_HOMOLOGACAO			
OrdemServico	DATA_HORA	Data e Hora	DateTime	DateTimePicker	CP_ORDEM_SERVICO	DATA_HORA			
OrdemServico	DATA_HORA_CRIACAO	Data hora da criação	DateTime	DateTimePicker	CPE_CONTRATOS	DATA_HORA_CRIACAO			
OrdemServico	DATA_HORA_ENVIO	Data/Hora Envio	DateTime	DateTimePicker	CP_ORDEM_SERVICO	DATA_HORA_ENVIO			
OrdemServico	DATA_HORA_FIM	Data e Hora Fim	DateTime	DateTimePicker	CPE_CSC	DATA_HORA_FIM			
OrdemServico	DATA_HORA_INICIO	Data e Hora Início	DateTime	DateTimePicker	CPE_CSC	DATA_HORA_INICIO			
OrdemServico	DATA_HORA_INICIO_FIM	Data e Hora Inicio e Fim	RecordList	DataGrid	Z_00143_DATA_HORA_INICIO_FIM	DATA_HORA_INICIO_FIM			
OrdemServico	DATA_INICIO	Início	DateTime	DatePicker	CP_ORDEM_SERVICO	DATA_INICIO			
OrdemServico	DATA_INICIO_AUX	Início Auxiliar	DateTime	DatePicker	CP_ORDEM_SERVICO	DATA_INICIO_AUX			
OrdemServico	DATA_INICIO_AUX1	Início Auxiliar	DateTime	DatePicker	CP_ORDEM_SERVICO	DATA_INICIO_AUX1			
OrdemServico	DATA_INI_FERIAS	Data inicio previsto	DateTime	DatePicker	CPE_MOVIMENTACAO_PESSOA	DATA_INI_FERIAS			
OrdemServico	DATA_LIMITE	Data limite	DateTime	DatePicker	CPE_CONTRATOS02	DATA_LIMITE			
OrdemServico	DATA_MEMORANDO	Data memorando	DateTime	DatePicker	CPE_CSC	DATA_MEMORANDO			
OrdemServico	DATA_NASCIMENTO	Data de Nascimento	DateTime	DatePicker	CP_ORDEM_SERVICO	DATA_NASCIMENTO			
OrdemServico	DATA_NASCIMENTO_PDCI	Data de Nascimento	String	TextBox	CPE_PDCI2019	DATA_NASCIMENTO_PDCI			
OrdemServico	DATA_NF_ERP	Data de Nota Fiscal ERP	String	TextBox	CPE_CSC	DATA_NF_ERP			
OrdemServico	DATA_NOTIFICACAO	Data da Notificação	DateTime	DatePicker	CP_ORDEM_SERVICO	DATA_NOTIFICACAO			
OrdemServico	DATA_PAGAMENTO	Data de pagamento	DateTime	DatePicker	CP_ORDEM_SERVICO	DATA_PAGAMENTO			
OrdemServico	DATA_PAGAMENTO_GUIAS	Data do pagamento	RecordList	DataGrid	Z_00143_DATA_PAGAMENTO_GUIAS	DATA_PAGAMENTO_GUIAS			
OrdemServico	DATA_PAGAMENTO_NF	Data de Pagamento da Nota Fiscal	DateTime	DatePicker	CPE_CSC	DATA_PAGAMENTO_NF			
OrdemServico	DATA_PAGAMENTO_SAUDE	Data do Pagamento	DateTime	DatePicker	CP_ORDEM_SERVICO	DATA_PAGAMENTO_SAUDE			
OrdemServico	DATA_PARA_CANCELAMENTO	Data para cancelamento	DateTime	DateTimePicker	CPE_CSC	DATA_PARA_CANCELAMENTO			
OrdemServico	DATA_PARA_PERIODO_ATE	Segundo campo data para definir um periodo.	DateTime	DatePicker	CPE_CSC	DATA_PARA_PERIODO_ATE			
OrdemServico	DATA_PARA_PERIODO_DE	Primeiro campo data para definir um periodo.	DateTime	DatePicker	CPE_CSC	DATA_PARA_PERIODO_DE			
OrdemServico	DATA_PM	Data Pesquisa Mercado	DateTime	DatePicker	CPE_PORTIFOLIO	DATA_PM			
OrdemServico	DATA_POSSE	Data da Posse	DateTime	DatePicker	CP_ORDEM_SERVICO	DATA_POSSE			
OrdemServico	DATA_PROCESSAMENTO_SAUDE	Data do Processamento	DateTime	DatePicker	CP_ORDEM_SERVICO	DATA_PROCESSAMENTO_SAUDE			
OrdemServico	DATA_RECEBIMENTO	Data de Recebimento  do atestado	String	TextBox	CPE_CSC	DATA_RECEBIMENTO			
OrdemServico	DATA_RECEBIMENTO_ATESTADO	Data Recebimento do Atestado	DateTime	DatePicker	CPE_CSC	DATA_RECEBIMENTO_ATESTADO			
OrdemServico	DATA_RECEBIMENTO_ERP	Data Recebimento Material - ERP	DateTime	DatePicker	CPE_CSC	DATA_RECEBIMENTO_ERP			
OrdemServico	DATA_RECEB_EC	Data de recebimento do produto	DateTime	DatePicker	CPE_ECOMERCE	DATA_RECEB_EC			
OrdemServico	DATA_RESTAURACAO	Data de Restauração	DateTime	DatePicker	CP_ORDEM_SERVICO	DATA_RESTAURACAO			
OrdemServico	DATA_RETIRADA	Data/Hora de retirada	DateTime	DateTimePicker	CP_ORDEM_SERVICO	DATA_RETIRADA			
OrdemServico	DATA_RETORNO	Data de Retorno	DateTime	DatePicker	CP_ORDEM_SERVICO	DATA_RETORNO			
OrdemServico	DATA_RETORNO_AFAST	Data do retorno do afastamento	DateTime	DatePicker	CP_ORDEM_SERVICO	DATA_RETORNO_AFAST			
OrdemServico	DATA_RETORNO_LIC	Data retorno	DateTime	DatePicker	CPE_CSC	DATA_RETORNO_LIC			
OrdemServico	DATA_REUNIAO	Data da reunião	DateTime	DatePicker	CP_ORDEM_SERVICO	DATA_REUNIAO			
OrdemServico	DATA_RI	DATA do RI	DateTime	DatePicker	CPE_CSC	DATA_RI			
OrdemServico	DATA_SOLICITACAO_CONSIG	Data da Solicitação	DateTime	DatePicker	CP_ORDEM_SERVICO	DATA_SOLICITACAO_CONSIG			
OrdemServico	DATA_SUGESTAO_PAGAMENTO	Data sugestão de pagamento	DateTime	DatePicker	CPE_CSC	DATA_SUGESTAO_PAGAMENTO			
OrdemServico	DATA_TRANCAMENTO_IES	DATA TRANCAMENTO	DateTime	DatePicker	CPE_PESSOAS	DATA_TRANCAMENTO_IES			
OrdemServico	DATA_TRIAGEM	Data da Validação da Triagem	DateTime	DatePicker	CPE_CSC	DATA_TRIAGEM			
OrdemServico	DATA_VENCIMENTO	Data do Vencimento	DateTime	DatePicker	CP_ORDEM_SERVICO	DATA_VENCIMENTO			
OrdemServico	DATA_VENCIMENTO_ERP	Data de Vencimento (Próximo dia util a contar da data Base) - ERP	DateTime	DatePicker	CPE_CSC	DATA_VENCIMENTO_ERP			
OrdemServico	DATA_VENC_NF	Data de Vencimento	DateTime	DatePicker	CPE_CSC	DATA_VENC_NF			
OrdemServico	DATA_VIABILIDADE	Data prevista para entrega da Análise da Viabilidade	DateTime	DatePicker	CP_ORDEM_SERVICO	DATA_VIABILIDADE			
OrdemServico	DCGO_NUM	DCGO_NUM	String	TextBox	CPE_CONTRATOS02	DCGO_NUM			
OrdemServico	DDD	Área (DDD)	String	TextBox	CP_ORDEM_SERVICO	DDD	10		
OrdemServico	DD_PATRIMONIAL	Dados do Bem Patrimonial	RecordList	DataGrid	Z_00143_DD_PATRIMONIAL	DD_PATRIMONIAL			
OrdemServico	DEACLARACAO_CANCELAMENTO_PEC	Declaro ainda que estou ciente das implicações de meu desligamento do Programa e sujeito-me às sanções disciplinares, penalidades e ressarcimento à BBTS, dos valores à mim reembolsados até a data, devidamente atualizados, conforme previsto na NI 126	Boolean	CheckBox	CPE_PESSOAS	DEACLARACAO_CANCELAMENTO_PEC			
OrdemServico	DEBITO_PID	Está ciente e concorda com descontos em folha de pagamento.	Boolean	CheckBox	CP_ORDEM_SERVICO	DEBITO_PID			
OrdemServico	DECLARACAO	declaração	Boolean	CheckBox	CPE_CONTRATOS	DECLARACAO			
OrdemServico	DECLARACAO_LICENCA	declaração licenca	Boolean	CheckBox	CPE_PESSOAS	DECLARACAO_LICENCA			
OrdemServico	DECLARA_MATERNIDADE	Declaração da maternidade cidadã	Boolean	CheckBox	CP_ORDEM_SERVICO	DECLARA_MATERNIDADE			
OrdemServico	DECLARA_SERVICOS	 Caso esse chamado seja aberto por terceiros, o funcionário solicitante está ciente e permite o tratamento dos dados fornecidos.	Boolean	CheckBox	CPE_PESSOAS	DECLARA_SERVICOS			
OrdemServico	DEC_AUX_HOM	declaração auxilio home	Boolean	CheckBox	CPE_PESSOAS	DEC_AUX_HOM			
OrdemServico	DEC_TERMO_ACEITE	declaração termo de aceite	Boolean	CheckBox	CPE_CONTRATOS02	DEC_TERMO_ACEITE			
OrdemServico	DEC_TERMO_ACEITE_1	declaração termo de aceite	Boolean	CheckBox	CPE_CONTRATOS02	DEC_TERMO_ACEITE_1			
OrdemServico	DEC_TERMO_ACEITE_SST	declaração termo de aceite sst	Boolean	CheckBox	CPE_CONTRATOS02	DEC_TERMO_ACEITE_SST			
OrdemServico	DEC_TERMO_ACEITE_SST_1	declaração termo de aceite sst	Boolean	CheckBox	CPE_CONTRATOS02	DEC_TERMO_ACEITE_SST_1			
OrdemServico	DEC_TRANC_PEC	declaração trancamento	Boolean	CheckBox	CPE_PESSOAS	DEC_TRANC_PEC			
OrdemServico	DEDUCAO_INSS_PIS_CONFINS_CSLL_CONSULTA_FISCO	Dedução INSS	Decimal	TextBox	CPE_CSC	DEDUCAO_INSS_PIS_CONFINS_CSLL_CONSULTA_FISCO			
OrdemServico	DEMANDANTE	Demandante	String	TextBox	CPE_CSC	DEMANDANTE			
OrdemServico	DEMANDA_EXPRESSA	Demanda expressa	Boolean	CheckBox	CP_ORDEM_SERVICO	DEMANDA_EXPRESSA			
OrdemServico	DEMANDA_INFRA	Infraestrutura	Boolean	CheckBox	CP_ORDEM_SERVICO	DEMANDA_INFRA			
OrdemServico	DEMANDA_PROC	Processo	Boolean	CheckBox	CP_ORDEM_SERVICO	DEMANDA_PROC			
OrdemServico	DEMANDA_SW	Software	Boolean	CheckBox	CP_ORDEM_SERVICO	DEMANDA_SW			
OrdemServico	DEMOLICOES_E_REMOCOES_SOLICITACOES_GESAP	Demolições e Remoções - Solicitações Gesap	String	DropDownList	CPE_CONTRATOS02	DEMOLICOES_E_REMOCOES_SOLICITACOES_GESAP			Demolição de parede;Demolição de piso;Remoção de revestimento;Remoção de divisória
OrdemServico	DEPENDENTES	Dependentes	RecordList	DataGrid	Z_00143_DEPENDENTES	DEPENDENTES			
OrdemServico	DEPENDENTE_N_CADASTRADO	Detalhamento dos Valores Dependentes não Cadastrados	RecordList	DataGrid	Z_00143_DEPENDENTE_N_CADASTRADO	DEPENDENTE_N_CADASTRADO			
OrdemServico	DEP_FAVORECIDO_BBTS	Dependente	String	DropDownList	CPE_CONTRATOS02	DEP_FAVORECIDO_BBTS		S	
OrdemServico	DEP_FAVORECIDO_COBRA	Dependente	String	DropDownList	CP_ORDEM_SERVICO	DEP_FAVORECIDO_COBRA		S	
OrdemServico	DERIC	Alçada Deric	Boolean	CheckBox	CPE_ORDEM_SERVICO	DERIC			
OrdemServico	DESCDOTACAO	Descrição de Dotação	String	Memo	CPE_BOOTCAMP	DESCDOTACAO			
OrdemServico	DESCDOTACAO2	Descrição da Dotação - Destino	String	Memo	CPE_BOOTCAMP	DESCDOTACAO2			
OrdemServico	DESCRICAO1	Caixa de texto	String	Memo	CP_ORDEM_SERVICO	DESCRICAO1			
OrdemServico	DESCRICAO2	Continuação da Análise Audit	String	Memo	CP_ORDEM_SERVICO	DESCRICAO2	2000		
OrdemServico	DESCRICAO3	Razoabilidade do prazo	String	Memo	CP_ORDEM_SERVICO	DESCRICAO3			
OrdemServico	DESCRICAO_BEM	Descrição do bem	String	Memo	CP_ORDEM_SERVICO	DESCRICAO_BEM	1000		
OrdemServico	DESCRICAO_DA_ORGANIZACAO	Descrição da Organização	String	Memo	CPE_CSC	DESCRICAO_DA_ORGANIZACAO			
OrdemServico	DESCRICAO_DESPESAS	Descrição de outras despesas	String	TextBox	CPE_DESLOCAMENTO	DESCRICAO_DESPESAS	1000		
OrdemServico	DESCRICAO_DESPESAS_GERED	Descrição de outras despesas	String	TextBox	CPE_DESLOCAMENTO	DESCRICAO_DESPESAS_GERED			
OrdemServico	DESCRICAO_DETALHADA	Descrição detalhada	String	Memo	CPE_CSC	DESCRICAO_DETALHADA	2000		
OrdemServico	DESCRICAO_DOCUMENTO	Descrição do documento	String	Memo	CP_ORDEM_SERVICO	DESCRICAO_DOCUMENTO	2000		
OrdemServico	DESCRICAO_DOIS	Descrições gerais	String	Memo	CPE_CSC	DESCRICAO_DOIS	2000		
OrdemServico	DESCRICAO_HIERARQUIA	Descrição Hierarquia Supravizio	String	TextBox	CPE_CSC	DESCRICAO_HIERARQUIA			
OrdemServico	DESCRICAO_MEMORANDO	Descrição do memorando jurídico	String	Memo	CPE_CSC	DESCRICAO_MEMORANDO	2000		
OrdemServico	DESCRICAO_OBRIG	Descrição obrigatória	String	TextBox	CP_ORDEM_SERVICO	DESCRICAO_OBRIG	2000		
OrdemServico	DESCRICAO_OBRIG2	Descrição obrigatória	String	Memo	CPE_CSC	DESCRICAO_OBRIG2	2000		
OrdemServico	DESCRICAO_ORGAO	Descrição do órgão	String	Memo	CP_ORDEM_SERVICO	DESCRICAO_ORGAO	2000		
OrdemServico	DESCRICAO_ORGAO_OR	Descrição do órgão origem	String	Memo	CP_ORDEM_SERVICO	DESCRICAO_ORGAO_OR			
OrdemServico	DESCRICAO_PATRIMONIO	Descrição do Patrimônio:	String	TextBox	CPE_CSC	DESCRICAO_PATRIMONIO			
OrdemServico	DESCRICAO_QUALIF	Descrição - Qualificação Financeira	String	Memo	CPE_FINANCEIRO	DESCRICAO_QUALIF			
OrdemServico	DESCRICAO_RESUMIDA	Informar UOR de destino/Nome do Gestor/Função	String	Memo	CPE_BOOTCAMP	DESCRICAO_RESUMIDA	200		
OrdemServico	DESCRICAO_SERVICO_ERP	Descrição do Serviço no ERP	String	Memo	CPE_CSC	DESCRICAO_SERVICO_ERP			
OrdemServico	DESCRICAO_SERVICO_NO_RI	Descriçao do Serviço no RI	String	TextBox	CPE_CSC	DESCRICAO_SERVICO_NO_RI	2000		
OrdemServico	DESCRICAO_SOLICITACAO	Descrição	String	Memo	CPE_CONTRATOS02	DESCRICAO_SOLICITACAO	1999		
OrdemServico	DESCRICAO_UM	Descrições gerais	String	Memo	CPE_CSC	DESCRICAO_UM	2000		
OrdemServico	DESCRIÇÃO OBRIGATORIA	Análise Audit	String	Memo	CP_ORDEM_SERVICO	DESCRIÇÃO_OBRIGATORIA	2000		
OrdemServico	DESCRIÇÃO OPCIONAL	Descrição opcional	String	Memo	CP_ORDEM_SERVICO	DESCRIÇÃO_OPCIONAL			
OrdemServico	DESC_CNPJ	Descrição CNPJ	String	TextBox	CPE_CONTRATOS	DESC_CNPJ			
OrdemServico	DESC_COLABORADOR	Tipo de Colaborador	String	DropDownList	CP_ORDEM_SERVICO	DESC_COLABORADOR			Concursado; Contratado; Temporario; Cedido BB;Estagiario;Jovem Aprendiz
OrdemServico	DESC_COLABORADOR_DESLOCAMENTO	Tipo de Colaborador	String	TextBox	CPE_DESLOCAMENTO	DESC_COLABORADOR_DESLOCAMENTO			
OrdemServico	DESC_CPF_BENF	Descrição CPF	Boolean	CheckBox	CP_ORDEM_SERVICO	DESC_CPF_BENF			
OrdemServico	DESC_DECIMO	DESC_DECIMO	String	TextBox	CPE_CONTRATOS02	DESC_DECIMO			
OrdemServico	DESC_DEMANDA_CONTRATAMAIS	Descrição da demanda	String	Memo	CPE_CONTRATOS02	DESC_DEMANDA_CONTRATAMAIS	1999		
OrdemServico	DESC_FASE	Descrição da Fase	String	TextBox	CP_ORDEM_SERVICO	DESC_FASE			
OrdemServico	DESC_FERIAS	DESC_FERIAS	String	TextBox	CPE_CSC	DESC_FERIAS			
OrdemServico	DESC_PLR	DESC_PLR	String	TextBox	CPE_CONTRATOS02	DESC_PLR			
OrdemServico	DESC_REL_SLA	Qual o SLA/ANS?	String	TextBox	CP_ORDEM_SERVICO	DESC_REL_SLA			
OrdemServico	DESC_TEMPO_NI_LEI	Qual a Lei, NI ou Prazo para retenção da informação?	String	TextBox	CP_ORDEM_SERVICO	DESC_TEMPO_NI_LEI			
OrdemServico	DESIGNADO CIPA	Designado CIPA	String	TextBox	CPE_PESSOAS	DESIGNADO_CIPA			
OrdemServico	DESIGNA_TITU_OR_SUP	Designação Titular ou Suplente?	String	TextBox	CPE_CONTRATOS02	DESIGNA_TITU_OR_SUP	1500		
OrdemServico	DESISTENCIA_PARTICIPACAO_BRIGADIS	Desistência de participação na Brigada de Incêndio em razão de:	String	DropDownList	CPE_CSC	DESISTENCIA_PARTICIPACAO_BRIGADIS			Impedimento de Saúde;Mudança de Estabelecimento da BBTS;Saída da BBTS;Outros(Especificar):
OrdemServico	DESKTOP	Nome do desktop na rede	String	TextBox	CP_ORDEM_SERVICO	DESKTOP	100		
OrdemServico	DESTINACAOINTERNAAQUISICAOBBTS	Qual a destinação interna da aquisição da BBTS?	String	DropDownList	CPE_TIP_SOL01	DESTINACAOINTERNAAQUISICAOBBTS			ativo imobilizado; uso ou consumo; estoque de peças
OrdemServico	DESTINACAO_BBTS	Qual a destinação da aquisição (Filial da BBTS)?	RecordList	DataGrid	Z_00143_DESTINACAO_BBTS	DESTINACAO_BBTS			
OrdemServico	DESTINACAO_PRODUTO_CONS	Destinação do Produto Fisco Tributario	String	DropDownList	CPE_TIP_SOL01	DESTINACAO_PRODUTO_CONS			Locação; Comodato; Demonstração; Donsignação; Empréstimo; Doação; Exposição; Fiel Depositário
OrdemServico	DESTINACAO_PRODUTO_CONS_2	Destinação do Produto Fisco Tributario2	String	DropDownList	CPE_TIP_SOL01	DESTINACAO_PRODUTO_CONS_2			Locação; Comodato; Demonstração; Donsignação; Empréstimo; Doação; Exposição; Fiel Depositário
OrdemServico	DESTINACAO_PRODUTO_DITRI	Destinação do Produto	String	DropDownList	CPE_FINANCEIRO	DESTINACAO_PRODUTO_DITRI			Ativo Imobilizado; Uso/Consumo; Estoque de peças
OrdemServico	DESTINATARIO_FINAL	Destinatário final	String	DropDownList	CPE_CSC	DESTINATARIO_FINAL			Sim;Não
OrdemServico	DESTINATARIO_MALOTE	Destinatário	RecordList	DataGrid	Z_00143_DESTINATARIO_MALOTE	DESTINATARIO_MALOTE			
OrdemServico	DESTNFSE_FAT	Destinatário NFSe	String	TextBox	CPE_FINANCEIRO	DESTNFSE_FAT			
OrdemServico	DES_ACT	Descrição de ações	RecordList	DataGrid	Z_00143_DES_ACT	DES_ACT			
OrdemServico	DETALHAMENTO_VALORES	Detalhamento dos Valores	RecordList	DataGrid	Z_00143_DETALHAMENTO_VALORES	DETALHAMENTO_VALORES			
OrdemServico	DETALHE_CLI_SOL	Detalhes de solicitação	String	Memo	CPE_HOMOLOGACAO	DETALHE_CLI_SOL			
OrdemServico	DEVOLVER_CRACHA	Crachá a ser devolvido pelo colaborador?	String	DropDownList	CPE_BOOTCAMP	DEVOLVER_CRACHA			Sim;Não
OrdemServico	DE_ACORDO	De acordo	Boolean	CheckBox	CPE_NEGOCIOS	DE_ACORDO			
OrdemServico	DE_ACORDO_DATA_PSICO	De acordo a data de consulta - Agendamento Apoio Psicológico	String	DropDownList	CPE_CSC	DE_ACORDO_DATA_PSICO			Sim, estou de acordo com a data e horário informado;Não, solicito outra data e horário
OrdemServico	DGCO	DGCO	String	TextBox	CP_ORDEM_SERVICO	DGCO			
OrdemServico	DGCOCONTRATANT	DGCO Da contratação anterior	String	TextBox	CPE_CSC	DGCOCONTRATANT	900		
OrdemServico	DGCO_ACIONADO	DGCO acionado	String	DropDownList	CPE_CONTRATOS02	DGCO_ACIONADO			00374/2024;00389/2024;00416/2024;01457/2025
OrdemServico	DGCO_BB	DGCO	String	TextBox	CPE_FINANCEIRO	DGCO_BB	300		
OrdemServico	DGCO_CLIENTE_ERP	DGCO Cliente - ERP	String	TextBox	CPE_CSC	DGCO_CLIENTE_ERP			
OrdemServico	DGCO_FAT	DGCO	String	TextBox	CPE_BOOTCAMP	DGCO_FAT			
OrdemServico	DGCO_NUM	DGCO_NUM	String	TextBox	CPE_CONTRATOS02	DGCO_NUM			
OrdemServico	DIARIA_AUTORIZADO_INTERNACIONAL	Valor Diária Autorizado US$	String	TextBox	CPE_DESLOCAMENTO	DIARIA_AUTORIZADO_INTERNACIONAL			
OrdemServico	DIARIA_COTACAO_REAL	Diária em Real	String	TextBox	CPE_DESLOCAMENTO	DIARIA_COTACAO_REAL			
OrdemServico	DIAS	Dias	Integer	TextBox	CPE_HOMOLOGACAO	DIAS			
OrdemServico	DIASSALDO	Informe a quantidade de dias de saldo de férias	Integer	TextBox	CPE_PESSOAS	DIASSALDO	2		
OrdemServico	DIAS_ATESTADO	Dias atestado	String	DropDownList	CPE_PESSOAS	DIAS_ATESTADO			15; 16; 17; 18; 19; 20; 21; 22; 23; 24; 25; 26; 27; 28; 29; 30 
OrdemServico	DIAS_AVISO_PREVIO	Dias Aviso Prévio	String	TextBox	CPE_PDCI2019	DIAS_AVISO_PREVIO			
OrdemServico	DIAS_DE_JORNADA	Dias de Jornada	String	DropDownList	CPE_CSC	DIAS_DE_JORNADA			Segunda a Sexta;Terça a Sábado;Quinta a Domingo
OrdemServico	DIAS_DE_TRA	DIAS DE TRAB	String	TextBox	CPE_PESSOAS	DIAS_DE_TRA	2		
OrdemServico	DIAS_DE_TRABALHO	Dias de Trabalho em Home Office	String	DropDownList	CPE_CONTRATOS	DIAS_DE_TRABALHO			01;02;03;04;05;06;07;08;09;10;11;12;13;14;15;16;17;18
OrdemServico	DIAS_DE_TRAB_N	DIAS DE TRAB	Integer	TextBox	CPE_PESSOAS	DIAS_DE_TRAB_N			
OrdemServico	DIAS_DE_TRA_GERED	DIAS DE TRAB	String	TextBox	CPE_PESSOAS	DIAS_DE_TRA_GERED	2		
OrdemServico	DIAS_PRAZO	Prazo atendimento (dias)	Integer	TextBox	CP_ORDEM_SERVICO	DIAS_PRAZO	6		
OrdemServico	DIAS_UTEIS_TRAB	Dias Úteis Trabalhados no Mês	String	DropDownList	CPE_CSC	DIAS_UTEIS_TRAB			1;2;3;4;5;6;7;8;9;10;11;12;13;14;15;16;17;18;19;20;21;22;23
OrdemServico	DIRETOR	Alçada Diretoria	Boolean	CheckBox	CP_ORDEM_SERVICO	DIRETOR			
OrdemServico	DIRETORES	Diretoria	String	DropDownList	CP_ORDEM_SERVICO	DIRETORES		S	
OrdemServico	DIRETORIAS	Diretoria	String	DropDownList	CPE_CONTRATOS02	DIRETORIAS			Presi;Diope;Diafi;Dites;Difis;Didop
OrdemServico	DIRETORIA_GERENCIA	Diretoria/Gerência	String	TextBox	CPE_CSC	DIRETORIA_GERENCIA			
OrdemServico	DIRETORIO_CONTATOS	Diretório de Contatos	RecordList	DataGrid	Z_00143_DIRETORIO_CONTATOS	DIRETORIO_CONTATOS			
OrdemServico	DIRETOR_RESPONSA	Diretor responsável	String	TextBox	CP_ORDEM_SERVICO	DIRETOR_RESPONSA			
OrdemServico	DIREX	Alçada Direx	Boolean	CheckBox	CP_ORDEM_SERVICO	DIREX			
OrdemServico	DISPONIBILIDADE_AVALI	Disponibilização das ferramentas e equipamentos necessários à execução dos serviços.	String	DropDownList	CPE_CONTRATOS02	DISPONIBILIDADE_AVALI			1;2;3;0
OrdemServico	DISPONIBILIDADE_DIAS	A solução deverá ficar disponível em quais dias das semana?	String	DropDownList	CP_ORDEM_SERVICO	DISPONIBILIDADE_DIAS			segunda a sexta (5d);segunda a sábado (6d);segunda a domingo (7d)
OrdemServico	DISPONIBILIDADE_HORAS	A solução deverá estar disponível quantas horas por dia?	String	DropDownList	CP_ORDEM_SERVICO	DISPONIBILIDADE_HORAS			Horário de expediente (8h);Horário de processamento (14h);O dia inteiro (24h);Horário personalizado
OrdemServico	DISPONIBILIDADE_HORAS_PERSON	Disponibilidade em horas	String	TextBox	CP_ORDEM_SERVICO	DISPONIBILIDADE_HORAS_PERSON			
OrdemServico	DISTANCIA_PERCORRIDA	Distância Percorrida	Integer	TextBox	CPE_MOVIMENTACAO_PESSOA	DISTANCIA_PERCORRIDA			
OrdemServico	DISTRATO_RESCISAO	Distrato ou Rescisão	String	DropDownList	CPE_CONTRATOS	DISTRATO_RESCISAO			Distrato;Rescisão Amigável;Rescisão Unilateral
OrdemServico	DISTRIBUICAO_RC	Distribuição da RC	RecordList	DataGrid	Z_00143_DISTRIBUICAO_RC	DISTRIBUICAO_RC			
OrdemServico	DIVISAO_DUEDILIGENCE	Gerência Divisão Due Diligence	String	DropDownList	CPE_CONTRATOS	DIVISAO_DUEDILIGENCE			Dilic;Dicof;Área Demandante
OrdemServico	DIVISAO_JURIDICA	Informar a Divisão Jurídica aprovadora	String	DropDownList	CPE_CJUR	DIVISAO_JURIDICA			Sejun;Dijus; Dijut Consultivo; Dijut Contencioso
OrdemServico	DOCGAP	Documento do GAP	String	DropDownList	CP_ORDEM_SERVICO	DOCGAP		S	
OrdemServico	DOCUMENTO	Nome do documento	String	TextBox	CP_ORDEM_SERVICO	DOCUMENTO			
OrdemServico	DOC_ASSINADO	Documento Assinado	String	TextBox	CPE_DADOS	DOC_ASSINADO			
OrdemServico	DOTACAO	Dotação	Integer	TextBox	CP_ORDEM_SERVICO	DOTACAO			
OrdemServico	DOTACAO1	Dotação	String	TextBox	CPE_CONTRATOS	DOTACAO1			
OrdemServico	DOTACAO_ORCAMENTARIA	DOTACAO_ORCAMENTARIA	String	TextBox	CPE_CONTRATOS	DOTACAO_ORCAMENTARIA			
OrdemServico	DOTACAO_SCR	Dotação do SCR	Integer	TextBox	CP_ORDEM_SERVICO	DOTACAO_SCR			
OrdemServico	DTVENC_FAT	Data de Vencimento	DateTime	DatePicker	CPE_FINANCEIRO	DTVENC_FAT			
OrdemServico	DT_APROV_DIV	Data de Aprovação da Gediv	DateTime	DateTimePicker	CPE_ORDEM_SERVICO	DT_APROV_DIV			
OrdemServico	DURACAO_MINUTOS	Duração	Integer	TextBox	CPE_CONTRATOS	DURACAO_MINUTOS			
OrdemServico	DUR_PERIODO	Dias período	Integer	TextBox	CPE_PESSOAS	DUR_PERIODO	3		
OrdemServico	DUR_PERIODO_TEXT	Dias período	String	TextBox	CPE_MOVIMENTACAO_PESSOA	DUR_PERIODO_TEXT	2		
OrdemServico	ECOA	ECOA	String	DropDownList	CPE_HOMOLOGACAO	ECOA	900		
OrdemServico	EDUCADOR_CORPORATIVO	Educador Corporativo	RecordList	DataGrid	Z_00143_EDUCADOR_CORPORATIVO	EDUCADOR_CORPORATIVO			
OrdemServico	EFEITO	Efeito de não se implementar essa mudança	String	TextBox	CP_ORDEM_SERVICO	EFEITO			
OrdemServico	EFEITO_MUDANCA	Efeito de não se implementar a mudança	String	TextBox	CP_ORDEM_SERVICO	EFEITO_MUDANCA			
OrdemServico	ELEITOS_SUPLENTES	Eleitos Suplentes	String	TextBox	CPE_PESSOAS	ELEITOS_SUPLENTES			
OrdemServico	ELEITOS_TITULARES	Eleitos Titulares	String	TextBox	CPE_PESSOAS	ELEITOS_TITULARES			
OrdemServico	ELEMENTO_FINALIDADE	Emento/Finalidade do elemento	RecordList	DataGrid	Z_00143_ELEMENTO_FINALIDADE	ELEMENTO_FINALIDADE			
OrdemServico	EMAIL	Email	String	TextBox	CP_ORDEM_SERVICO	EMAIL			
OrdemServico	EMAIL_CAIXA	Email caixa departamental	String	TextBox	CP_ORDEM_SERVICO	EMAIL_CAIXA			
OrdemServico	EMAIL_CAIXA_COM	Email Caixa Comunicação (externo)	String	TextBox	CP_ORDEM_SERVICO	EMAIL_CAIXA_COM	100		
OrdemServico	EMAIL_CAIXA_DEPT	Caixa Departamental	String	DropDownList	CP_ORDEM_SERVICO	EMAIL_CAIXA_DEPT		S	
OrdemServico	EMAIL_CLIENTE	Email do Cliente	String	TextBox	CP_ORDEM_SERVICO	EMAIL_CLIENTE	200		
OrdemServico	EMAIL_COLAB	Email do Colaborador	String	TextBox	CP_ORDEM_SERVICO	EMAIL_COLAB	200		
OrdemServico	EMAIL_COLAB2	Email do Colaborador	String	TextBox	CPE_CONTRATOS02	EMAIL_COLAB2	200		
OrdemServico	EMAIL_COLAB3	Email do Colaborador	String	TextBox	CPE_CONTRATOS02	EMAIL_COLAB3	200		
OrdemServico	EMAIL_COLAB4	Email do Colaborador	String	TextBox	CPE_CONTRATOS02	EMAIL_COLAB4	200		
OrdemServico	EMAIL_COLAB5	Email do Colaborador	String	TextBox	CPE_CONTRATOS02	EMAIL_COLAB5	200		
OrdemServico	EMAIL_COLAB6	Email do Colaborador	String	TextBox	CPE_CONTRATOS02	EMAIL_COLAB6	200		
OrdemServico	EMAIL_COLAB7	Email do Colaborador	String	TextBox	CPE_CONTRATOS02	EMAIL_COLAB7	200		
OrdemServico	EMAIL_CONTRATA_MAISBR	Email	String	TextBox	CPE_CONTRATOS02	EMAIL_CONTRATA_MAISBR	1999		
OrdemServico	EMAIL_DO_SINDICATO	Email do Sindicato	String	TextBox	CPE_CSC	EMAIL_DO_SINDICATO			
OrdemServico	EMAIL_EXTERNO	Email externo	String	TextBox	CP_ORDEM_SERVICO	EMAIL_EXTERNO			
OrdemServico	EMAIL_FORNECEDOR	E-mail do Fornecedor	String	TextBox	CP_ORDEM_SERVICO	EMAIL_FORNECEDOR			
OrdemServico	EMISSAO_PIS_PASEP	Data de emissão do PIS/PASEP	DateTime	DatePicker	CPE_CSC	EMISSAO_PIS_PASEP			
OrdemServico	EMPDIRETORIA	Empregados da Diretoria	String	DropDownList	CPE_RECONHECER	EMPDIRETORIA		S	
OrdemServico	EMPGEREXEC	Empregados da Gerência Executiva	String	DropDownList	CPE_RECONHECER	EMPGEREXEC		S	
OrdemServico	EMPRESA RESPONSAVEL	Empresa Responsável	String	TextBox	CP_ORDEM_SERVICO	EMPRESA_RESPONSAVEL			
OrdemServico	EMPRESAS ENVOLVIDAS	Empresas Envolvidas	String	Memo	CP_ORDEM_SERVICO	EMPRESAS_ENVOLVIDAS			
OrdemServico	EMPRESA_CLI_SOL	Empresa de cliente solicitante	String	TextBox	CPE_HOMOLOGACAO	EMPRESA_CLI_SOL			
OrdemServico	EMPRESA_PRESTADORA	Empresa	String	DropDownList	CP_ORDEM_SERVICO	EMPRESA_PRESTADORA		S	
OrdemServico	EMPRESA_PRESTADORA_DF	Endereço da empresa prestadora e de Brasilia-DF?	String	DropDownList	CPE_CSC	EMPRESA_PRESTADORA_DF			Sim;Não
OrdemServico	EMPRESA_TERCEIRIZADA	Empresa Terceirizada	String	TextBox	CP_ORDEM_SERVICO	EMPRESA_TERCEIRIZADA			
OrdemServico	ENDERECO	Endereço	String	TextBox	CP_ORDEM_SERVICO	ENDERECO			
OrdemServico	ENDERECOMAC	Endereço MAC	String	Memo	CP_ORDEM_SERVICO	ENDERECOMAC			
OrdemServico	ENDERECO_	Endereço:	String	Memo	CPE_TIP_SOL01	ENDERECO_			
OrdemServico	ENDERECO_COMPLEMENTO	Complemento	String	TextBox	CP_ORDEM_SERVICO	ENDERECO_COMPLEMENTO			
OrdemServico	ENDERECO_FORNECEDOR	Endereço	String	TextBox	CP_ORDEM_SERVICO	ENDERECO_FORNECEDOR	300		
OrdemServico	ENDERECO_LOCAL_CONTA	Endereço Cliente	RecordList	DataGrid	Z_00143_ENDERECO_LOCAL_CONTA	ENDERECO_LOCAL_CONTA			
OrdemServico	ENDERECO_NUMERO	Número	Integer	TextBox	CP_ORDEM_SERVICO	ENDERECO_NUMERO			
OrdemServico	ENDERECO_RECEBEDOR	Endereço	String	Memo	CPE_ECOMERCE	ENDERECO_RECEBEDOR	1999		
OrdemServico	ENTREGA1AVALI1	Entrega da relação dos empregados alocados no contrato contendo nome completo, cargo ou função, horário do posto de trabalho, números da carteira de identidade (RG) e da inscrição no Cadastro de Pessoas Físicas (CPF), com indicação dos responsáveis técnicos pela execução dos serviços, quando for o caso	String	DropDownList	CPE_CONTRATOS	ENTREGA1AVALI1			1;2;3;0
OrdemServico	ENTREGA2AVALI1	Entrega da carteira de Trabalho e Previdência Social (CTPS) dos empregados admitidos e dos responsáveis técnicos pela execução dos serviços, quando for o caso, devidamente assinada pela contratada	String	DropDownList	CPE_CONTRATOS	ENTREGA2AVALI1			1;2;3;0
OrdemServico	ENTREGA3AVALI1	Entrega dos exames médicos admissionais dos empregados da contratada que prestarão os serviços 	String	DropDownList	CPE_CONTRATOS	ENTREGA3AVALI1			1;2;3;0
OrdemServico	ENTREGA_BENS_AVALI	Entrega dos bens de acordo com as especificações exigidas no contrato	String	DropDownList	CPE_CONTRATOS	ENTREGA_BENS_AVALI			1;2;3;0
OrdemServico	ENTREGA_BENS_QUANTAVALI	Entrega dos bens nas quantidades solicitadas	String	DropDownList	CPE_CONTRATOS	ENTREGA_BENS_QUANTAVALI			1;2;3;0
OrdemServico	ENTREGA_DOCUMENTO	Entrega de Documentação	String	DropDownList	CP_ORDEM_SERVICO	ENTREGA_DOCUMENTO			Parcial;Completa;Inexistente
OrdemServico	ENTREGA_NF	Entrega Nota Fiscal	Integer	TextBox	CP_ORDEM_SERVICO	ENTREGA_NF			
OrdemServico	ENTREGA_PECAS_AVALI	Entrega das peças reparadas dentro do prazo estabelecido em contrato	String	DropDownList	CPE_CONTRATOS	ENTREGA_PECAS_AVALI			1;2;3;0
OrdemServico	ENTREGA_PRE_FATURA	Entrega Pré-fatura	Integer	TextBox	CP_ORDEM_SERVICO	ENTREGA_PRE_FATURA			
OrdemServico	ENVIO_APROVA	Enviar para aprovação?	String	DropDownList	CPE_PESSOAS	ENVIO_APROVA			Não;Sim
OrdemServico	ENVIO_CSC	Enviar para CSC?	String	DropDownList	CPE_PESSOAS	ENVIO_CSC			Não;Sim
OrdemServico	ENVIO_EMAIL_TODOSCOLABORADORES	Envio de Email para os colaboradores	String	DropDownList	CPE_TIP_SOL01	ENVIO_EMAIL_TODOSCOLABORADORES			Todos os Colaboradores; Todos os Gestores; Todos os Gerentes Executivos; Todos os Gerentes de Divisão
OrdemServico	EQUIL_ECONOMICO	Tipo Reequilíbrio Econômico	String	DropDownList	CP_ORDEM_SERVICO	EQUIL_ECONOMICO			Repactuação de Contratos;Renovação de Contratos;Reajuste de Contratos; Revisão de Contratos;Prorrogação de Contratos
OrdemServico	EQUIPAMENTOS	Equipamentos	RecordList	DataGrid	Z_00143_EQUIPAMENTOS	EQUIPAMENTOS			
OrdemServico	EQUIPE	EQUIPE	String	TextBox	CPE_CJUR	EQUIPE			
OrdemServico	EQUIP_EPI	Equipamentos EPI	RecordList	DataGrid	Z_00143_EQUIP_EPI	EQUIP_EPI			
OrdemServico	EQUIP_EPI_LOTE	Equipamentos EPI Lote	RecordList	DataGrid	Z_00143_EQUIP_EPI_LOTE	EQUIP_EPI_LOTE			
OrdemServico	ERAT	Erro ERAT ?	String	DropDownList	CP_ORDEM_SERVICO	ERAT			Sim;Não
OrdemServico	ERP	Acesso ERP	Boolean	CheckBox	CPE_ORDEM_SERVICO	ERP			
OrdemServico	ESCOLARIDADE	Escolaridade	String	DropDownList	CP_ORDEM_SERVICO	ESCOLARIDADE			Nível Médio;Nível Superior
OrdemServico	ESFORCO_DIAS	Qual o esforço de TI estimado em dias úteis?	Integer	TextBox	CP_ORDEM_SERVICO	ESFORCO_DIAS	6		
OrdemServico	ESFORCO_DIAS_REQUISITOS	Qual o esforço de TI estimado em dias úteis para o levantamento de requisitos?	Integer	TextBox	CP_ORDEM_SERVICO	ESFORCO_DIAS_REQUISITOS	3		
OrdemServico	ESFORCO_DIAS_VISAO	Qual o esforço de TI estimado em dias úteis para a análise da solicitação?	Integer	TextBox	CP_ORDEM_SERVICO	ESFORCO_DIAS_VISAO	6		
OrdemServico	ESFORCO_INICIO	Qual o esforço previsto inicial para a fase em horas úteis?	Integer	TextBox	CP_ORDEM_SERVICO	ESFORCO_INICIO	6		
OrdemServico	ESFORCO_REAL	Qual o esforço real na fase em horas úteis?	Integer	TextBox	CP_ORDEM_SERVICO	ESFORCO_REAL	6		
OrdemServico	ESGOTO_E_SANITARIO_SOLICITACOES_GESAP	Esgoto e Sanitário - Solicitações Gesap	String	DropDownList	CPE_CONTRATOS02	ESGOTO_E_SANITARIO_SOLICITACOES_GESAP			Desentupimento de vaso sanitário;Desentupimento de ralo;Reparo em esgoto;Troca de sifão 
OrdemServico	ESPECIALIDADES	Especialidades	String	TextBox	CP_ORDEM_SERVICO	ESPECIALIDADES			
OrdemServico	ESPECIALIDADE_PV	Selecione a Especialidade	String	DropDownList	CPE_CONTRATOS02	ESPECIALIDADE_PV		S	
OrdemServico	ESPECIALIDADE_SAUDE	Especialidade	String	TextBox	CP_ORDEM_SERVICO	ESPECIALIDADE_SAUDE			
OrdemServico	ESPECIE_ERP	Espécie - ERP	String	TextBox	CPE_CSC	ESPECIE_ERP			
OrdemServico	ESPECIF	Especificar	String	Memo	CPE_CSC	ESPECIF	1000		
OrdemServico	ESPECIFICACAO_DECLARACAO	Especificacao  Declaracao	String	TextBox	CPE_ORDEM_SERVICO	ESPECIFICACAO_DECLARACAO			
OrdemServico	ESPECIFICACOES_TECNICAS	Especificações Técnicas	String	Memo	CPE_CSC	ESPECIFICACOES_TECNICAS	2000		
OrdemServico	ESPECIFICAR_ALIENACAO	Especificar	String	TextBox	CPE_CSC	ESPECIFICAR_ALIENACAO			
OrdemServico	ESPECIFICAR_BRIGADISTA	Especificar:	String	Memo	CPE_CSC	ESPECIFICAR_BRIGADISTA			
OrdemServico	ESQUADRIAS_SOLICITACOES_GESAP	Esquadrias - Solicitações Gesap	String	DropDownList	CPE_CONTRATOS02	ESQUADRIAS_SOLICITACOES_GESAP			Ajuste de porta;Ajuste de janela;Troca de fechadura;Troca de dobradiça;Instalação de porta;Instalação de janela  
OrdemServico	ESTABELECIMENTO_DO_DESTINATARIO	Estabelecimento do Destinatário	String	DropDownList	CPE_CSC	ESTABELECIMENTO_DO_DESTINATARIO			BAURU/SP;BELEM/PA;BELO HORIZONTE/MG;BRASILIA/DF;CAMPINAS/SP;CAMPO GRANDE/MS;CASCAVEL/PR;CUIABA/MT;CURITIBA/PR;FLORIANOPO
OrdemServico	ESTABELECIMENTO_DO_DESTINATARIO_01	Estabelecimento do Destinatário 01	String	DropDownList	CPE_CSC	ESTABELECIMENTO_DO_DESTINATARIO_01			BAURU/SP;BELEM/PA;BELO HORIZONTE/MG;BRASILIA/DF;CAMPINAS/SP;CAMPO GRANDE/MS;CASCAVEL/PR;CUIABA/MT;CURITIBA/PR;FLORIANOPO
OrdemServico	ESTABELECIMENTO_DO_DESTINATARIO_02	Estabelecimento do Destinatário 2	String	DropDownList	CPE_CONTRATOS	ESTABELECIMENTO_DO_DESTINATARIO_02			BAURU/SP;BELEM/PA;BELO HORIZONTE/MG;BRASILIA/DF;CAMPINAS/SP;CAMPO GRANDE/MS;CASCAVEL/PR;CUIABA/MT;CURITIBA/PR;FLORIANOPO
OrdemServico	ESTABELECIMENTO_DO_DESTINATARIO_2	Estabelecimento do Destinatário 2	String	DropDownList	CPE_CSC	ESTABELECIMENTO_DO_DESTINATARIO_2			BAURU/SP;BELEM/PA;BELO HORIZONTE/MG;BRASILIA/DF;CAMPINAS/SP;CAMPO GRANDE/MS;CASCAVEL/PR;CUIABA/MT;CURITIBA/PR;FLORIANOPO
OrdemServico	ESTABELECIMENTO_DO_REMETENTE	Estabelecimento do Remetente	String	DropDownList	CPE_CSC	ESTABELECIMENTO_DO_REMETENTE			BRASILIA/DF;CURITIBA/PR;JABOATAO DOS GUARARAPES/PE;RIO DE JANEIRO/RJ;SAO LUIS/MA;SAO PAULO/SP
OrdemServico	ESTABELECIMENTO_DO_REMETENTE_01	Estabelecimento do Remetente	String	DropDownList	CPE_CONTRATOS	ESTABELECIMENTO_DO_REMETENTE_01			BRASILIA/DF;CURITIBA/PR;JABOATAO DOS GUARARAPES/PE;RIO DE JANEIRO/RJ;SAO LUIS/MA;SAO PAULO/SP;GOIANIA/GO
OrdemServico	ESTACESS	Estabelecimento de Acesso	String	TextBox	CPE_ORDEM_SERVICO	ESTACESS			
OrdemServico	ESTACIONAMENTO	Estacionamento	String	DropDownList	CPE_CONTRATOS	ESTACIONAMENTO			Sim;Não
OrdemServico	ESTADO	Estados	String	DropDownList	CP_ORDEM_SERVICO	ESTADO			Acre;Alagoas;Amapá;Amazonas;Bahia;Ceará;Distrito Federal;Espírito Santo;Goiás;Maranhão;Mato Grosso;Mato Grosso do Sul;Mi
OrdemServico	ESTADO_BEM	Estado do Bem	String	TextBox	CP_ORDEM_SERVICO	ESTADO_BEM			
OrdemServico	ESTASERV	Estab do Serviço	String	DropDownList	CPE_ORDEM_SERVICO	ESTASERV		S	
OrdemServico	ESTIMATIVA_ESFORCO_CONSTRUCAO	Estimativa de Esforço da Construção (Horas)	Integer	TextBox	CP_ORDEM_SERVICO	ESTIMATIVA_ESFORCO_CONSTRUCAO			
OrdemServico	ESTIMATIVA_ESFORCO_TESTE	Estimativa de Esforço da Teste (Horas)	Integer	TextBox	CP_ORDEM_SERVICO	ESTIMATIVA_ESFORCO_TESTE			
OrdemServico	ESTRUTURAS_DE_CONCRETO_SOLICITACOES_GESAP	Estruturas de Concreto - Solicitações Gesap	String	DropDownList	CPE_CONTRATOS02	ESTRUTURAS_DE_CONCRETO_SOLICITACOES_GESAP			Reparo em pilares;Reparo em vigas;Reparo em lajes;Abertura de passagem em concreto
OrdemServico	EVENTO_COFFEE_BREAK	Tipo de Evento - Coffee Break	String	DropDownList	CPE_CSC	EVENTO_COFFEE_BREAK			Capacitação Corporativa;Processo de Seleção;Reunião;Treinamentos
OrdemServico	EXAME_MEDICO	Exame Médico	String	DropDownList	CP_ORDEM_SERVICO	EXAME_MEDICO			Apto;Inapto;Não compareceu
OrdemServico	EXCLUIR_BENE	EXCLUIR_BENE	String	TextBox	CPE_CSC	EXCLUIR_BENE			
OrdemServico	EXCLUIR_SAUDE	Tipos de Beneficiários	String	DropDownList	CP_ORDEM_SERVICO	EXCLUIR_SAUDE			Titular e Dependentes;Dependentes
OrdemServico	EXCLUIR_TODOS_BENE	EXCLUIR_TODOS_BENE	String	TextBox	CPE_CONTRATOS02	EXCLUIR_TODOS_BENE			
OrdemServico	EXCLUSAO_DESCONTO	EXCLUSAO_DESCONTO	String	DropDownList	CPE_CSC	EXCLUSAO_DESCONTO			Décimo terceiro - 13º;Férias;PLR
OrdemServico	EXECUCAO_ROTINA1	Execução das rotinas de serviços periódicos estabelecidos no contrato	String	DropDownList	CPE_CONTRATOS	EXECUCAO_ROTINA1			1;2;3;0
OrdemServico	EXECUTAR_NOVAMENTE	Executa solicitação novamente?	String	DropDownList	CPE_PRJ_BB	EXECUTAR_NOVAMENTE			Sim;Não
OrdemServico	EXTERNO_OU_INTERNO	Externo ou Interno	String	DropDownList	CPE_CONTRATOS	EXTERNO_OU_INTERNO			Externo;Interno
OrdemServico	EXTRATO DE CONTRATO	Extrato de Contrato	String	TextBox	CPE_CSC	EXTRATO_DE_CONTRATO			
OrdemServico	EXTRA_2019	Extra 2019	RecordList	DataGrid	Z_00143_EXTRA_2019	EXTRA_2019			
OrdemServico	EXTRA_20ANOS	Extra 20anos	RecordList	DataGrid	Z_00143_EXTRA_20ANOS	EXTRA_20ANOS			
OrdemServico	EXTRA_55ANOS	Extra 55anos	RecordList	DataGrid	Z_00143_EXTRA_55ANOS	EXTRA_55ANOS			
OrdemServico	FABRICANTE_BEM	Fabricante:	String	TextBox	CPE_CSC	FABRICANTE_BEM			
OrdemServico	FAIXA	Faixa	String	TextBox	CP_ORDEM_SERVICO	FAIXA			
OrdemServico	FAIXA_ETARIA	Faixa Etária	String	DropDownList	CPE_CSC	FAIXA_ETARIA			14 a 16;17 a 20;21 a 24
OrdemServico	FASES_DOD	fases do documento de oficializaçã da demanda	String	TextBox	CP_ORDEM_SERVICO	FASES_DOD			
OrdemServico	FASE_CHAMADO	Fase que deve ser considerada	String	DropDownList	CP_ORDEM_SERVICO	FASE_CHAMADO			Planejamento;Desenho/Definição;Construção/Execução;Homologação;Transição
OrdemServico	FATOR_RISCO	Fator Risco - Risco Cliente	Decimal	TextBox	CPE_FINANCEIRO	FATOR_RISCO			
OrdemServico	FATURA_CNPJ	Fatura CNPJ	String	TextBox	CPE_CONTRATOS	FATURA_CNPJ			
OrdemServico	FATURA_RATEIO	Faturamento com Rateio	RecordList	DataGrid	Z_00143_FATURA_RATEIO	FATURA_RATEIO			
OrdemServico	FAVORECIDO_ALIMENTACAO	Colaborador BBTS	String	DropDownList	CP_ORDEM_SERVICO	FAVORECIDO_ALIMENTACAO		S	
OrdemServico	FAVORECIDO_ALL	Colaborador	String	DropDownList	CP_ORDEM_SERVICO	FAVORECIDO_ALL		S	
OrdemServico	FAVORECIDO_BBTS	Colaborador BBTS	String	DropDownList	CPE_CSC	FAVORECIDO_BBTS		S	
OrdemServico	FAVORECIDO_COBRA	Colaborador BBTS	String	DropDownList	CP_ORDEM_SERVICO	FAVORECIDO_COBRA		S	
OrdemServico	FAVORECIDO_COBRA1	Colaborador BBTS	String	DropDownList	CPE_CONTRATOS	FAVORECIDO_COBRA1		S	
OrdemServico	FAVORECIDO_COBRA2	Colaborador BBTS	String	DropDownList	CPE_CONTRATOS	FAVORECIDO_COBRA2		S	
OrdemServico	FAVORECIDO_COBRA3	Colaborador BBTS	String	DropDownList	CPE_CONTRATOS	FAVORECIDO_COBRA3		S	
OrdemServico	FAVORECIDO_COBRA4	Colaborador BBTS	String	DropDownList	CPE_CONTRATOS	FAVORECIDO_COBRA4		S	
OrdemServico	FAVORECIDO_COBRA5	Colaborador BBTS	String	DropDownList	CPE_CONTRATOS	FAVORECIDO_COBRA5		S	
OrdemServico	FAVORECIDO_COBRA6	Colaborador BBTS	String	DropDownList	CPE_CONTRATOS	FAVORECIDO_COBRA6		S	
OrdemServico	FAVORECIDO_COBRA7	Colaborador BBTS	String	DropDownList	CPE_CONTRATOS	FAVORECIDO_COBRA7		S	
OrdemServico	FAVORECIDO_COBRA8	Colaborador BBTS	String	DropDownList	CPE_CONTRATOS	FAVORECIDO_COBRA8		S	
OrdemServico	FAVORECIDO_COBRA_4	Favorecido Cobra	String	TextBox	CPE_CONTRATOS02	FAVORECIDO_COBRA_4			
OrdemServico	FAVORECIDO_CULTURA	Colaborador BBTS	String	DropDownList	CP_ORDEM_SERVICO	FAVORECIDO_CULTURA		S	
OrdemServico	FAVORECIDO_CUSTOM	Favorecido	Integer	DropDownList	CP_ORDEM_SERVICO	FAVORECIDO_CUSTOM		S	
OrdemServico	FAVORECIDO_DESLOCAMENTO	Favorecido	String	DropDownList	CPE_DESLOCAMENTO	FAVORECIDO_DESLOCAMENTO		S	
OrdemServico	FAVORECIDO_DITEC	Colaboradores DITEC	String	DropDownList	CP_ORDEM_SERVICO	FAVORECIDO_DITEC		S	
OrdemServico	FAVORECIDO_ESTAG	Todos os estagiários da BBTEC	String	DropDownList	CP_ORDEM_SERVICO	FAVORECIDO_ESTAG		S	
OrdemServico	FAVORECIDO_EXT	FAVORECIDO EXTERNO	String	DropDownList	CPE_PENF	FAVORECIDO_EXT		S	
OrdemServico	FAVORECIDO_FUNCIO	Colaborador BBTS	String	SearchList	CP_ORDEM_SERVICO	FAVORECIDO_FUNCIO		S	
OrdemServico	FAVORECIDO_GESTOR	Favorecido Gestor	String	DropDownList	CPE_CONTRATOS02	FAVORECIDO_GESTOR	1999	S	
OrdemServico	FAVORECIDO_GRATIF	Todos os Funcionários com função gratificada	String	DropDownList	CP_ORDEM_SERVICO	FAVORECIDO_GRATIF		S	
OrdemServico	FAVORECIDO_LIST	Listagem dos Favorecidos	List	SearchList	Z_00143_FAVORECIDO_LIST	ID_PESSOA			
OrdemServico	FAVORECIDO_MONITOR	Monitor	String	DropDownList	CP_ORDEM_SERVICO	FAVORECIDO_MONITOR		S	
OrdemServico	FAVORECIDO_NOME	Nome do favorecido	String	TextBox	CP_ORDEM_SERVICO	FAVORECIDO_NOME			
OrdemServico	FAVORECIDO_NOVO	Favorecido Novo	String	DropDownList	CPE_CSC	FAVORECIDO_NOVO		S	
OrdemServico	FAVORECIDO_PEC	Favorecido PEC	String	DropDownList	CP_ORDEM_SERVICO	FAVORECIDO_PEC		S	
OrdemServico	FAVORECIDO_PRESTA	Todos os prestadores de serviço da BBTEC	String	DropDownList	CP_ORDEM_SERVICO	FAVORECIDO_PRESTA		S	
OrdemServico	FAVORECIDO_RESTRITO	Quem pode visualizar	List	SearchList	Z_00143_FAVORECIDO_RESTRITO	ID_PESSOA			
OrdemServico	FAVORECIDO_SEM_LOGIN	Colaborador BBTS	String	DropDownList	CPE_PESSOAS	FAVORECIDO_SEM_LOGIN		S	
OrdemServico	FAVORECIDO_SUBST	Favorecido	String	DropDownList	CP_ORDEM_SERVICO	FAVORECIDO_SUBST		S	
OrdemServico	FAVORECIDO_TODOS	Favorecido	String	DropDownList	CP_ORDEM_SERVICO	FAVORECIDO_TODOS		S	
OrdemServico	FAVORECIDO_TODOS_03	Favorecido	String	DropDownList	CPE_CONTRATOS	FAVORECIDO_TODOS_03		S	
OrdemServico	FAVORECIDO_TODOS_04	Favorecido	String	DropDownList	CPE_CONTRATOS	FAVORECIDO_TODOS_04	1999	S	
OrdemServico	FAVORECIDO_TODOS_2	Favorecido	String	DropDownList	CPE_CONTRATOS	FAVORECIDO_TODOS_2		S	
OrdemServico	FAVORECIDO_TODOS_3	Favorecido	String	DropDownList	CPE_CONTRATOS	FAVORECIDO_TODOS_3		S	
OrdemServico	FAVORECIDO_VACINA	Colaborador BBTS	String	DropDownList	CPE_BENEFICIOS_RH	FAVORECIDO_VACINA		S	
OrdemServico	FAV_PLANO_DE_SAUDE	Favorecidos Plano de Saúde	RecordList	DataGrid	Z_00143_FAV_PLANO_DE_SAUDE	FAV_PLANO_DE_SAUDE			
OrdemServico	FERIAS	Férias	String	TextBox	CPE_PDCI2019	FERIAS			
OrdemServico	FILA_DOD	Fila	String	DropDownList	CP_ORDEM_SERVICO	FILA_DOD			Rápido;Projeto;Demanda Expressa;Projeto Rápido de TI;Projeto de TI
OrdemServico	FILIAL	Filial	String	TextBox	CPE_PESSOAS	FILIAL			
OrdemServico	FILIAL_ESTACIONAMENTO	 Filial BBTS	String	DropDownList	CPE_CONTRATOS	FILIAL_ESTACIONAMENTO			Brasília (Matriz);Setor Comercial Sul;Goiânia; Rio de Janeiro (Jacarepaguá)
OrdemServico	FILIAL_MES_ANO_FAVORECIDO	Filial Mês Ano Favorecido	RecordList	DataGrid	Z_00143_FILIAL_MES_ANO_FAVORECIDO	FILIAL_MES_ANO_FAVORECIDO			
OrdemServico	FILIAL_MES_ANO_REF	Lista de Filiais e Mês referência	RecordList	DataGrid	Z_00143_FILIAL_MES_ANO_REF	FILIAL_MES_ANO_REF			
OrdemServico	FIMPERIODO1	Fim do primeiro período	DateTime	DatePicker	CPE_PESSOAS	FIMPERIODO1			
OrdemServico	FIMPERIODO2	Fim  do segundo período	DateTime	DatePicker	CPE_PESSOAS	FIMPERIODO2			
OrdemServico	FIM_LICENCA_MATERNIDADE	Fim da licença maternidade	DateTime	DatePicker	CPE_CSC	FIM_LICENCA_MATERNIDADE			
OrdemServico	FIM_LIC_AMAMENTACAO	Data fim licença amamentação	DateTime	DatePicker	CPE_CSC	FIM_LIC_AMAMENTACAO			
OrdemServico	FINALIDADE_RUB	Finalidade	String	Memo	CP_ORDEM_SERVICO	FINALIDADE_RUB	120		
OrdemServico	FINAL_LIC_AMAMENTACAO	Final Licença amamentação	DateTime	DatePicker	CPE_CSC	FINAL_LIC_AMAMENTACAO			
OrdemServico	FINAL_LIC_MATERNIDADE_CID	Final licença maternidade cidadã	DateTime	DatePicker	CPE_CSC	FINAL_LIC_MATERNIDADE_CID			
OrdemServico	FISCALADMINISTRATIVOSGPS	Fiscal Administrativo	RecordList	DataGrid	Z_00143_FISCALADMINISTRATIVOSGPS	FISCALADMINISTRATIVOSGPS			
OrdemServico	FISCALADMINISTRATIVOSGPSNOVO	Fiscal Administrativo	RecordList	DataGrid	Z_00143_FISCALADMINISTRATIVOSGPSNOVO	FISCALADMINISTRATIVOSGPSNOVO			
OrdemServico	FISCALIZACAO_ENTRASAIDA_AVALI	Fiscalização da entrada e saída de materiais	String	DropDownList	CPE_CONTRATOS	FISCALIZACAO_ENTRASAIDA_AVALI			1;2;3;0
OrdemServico	FISCAL_ADMINISTRATIVO	Fiscal Administrativo	RecordList	DataGrid	Z_00143_FISCAL_ADMINISTRATIVO	FISCAL_ADMINISTRATIVO			
OrdemServico	FISCAL_ADM_DO_CONTRATO	Fiscal Administrativo do contrato.	String	SearchList	CPE_CSC	FISCAL_ADM_DO_CONTRATO		S	
OrdemServico	FISCAL_ADM_SGPS	Fiscal Administrativo	String	DropDownList	CPE_PESSOAS	FISCAL_ADM_SGPS		S	
OrdemServico	FISCAL_ADM_SUP	Fiscal Administrativo Suplente	String	DropDownList	CPE_CONTRATOS02	FISCAL_ADM_SUP	1999	S	
OrdemServico	FISCAL_ADM_TITU	Fiscal Administrativo Titular	String	DropDownList	CPE_CONTRATOS02	FISCAL_ADM_TITU	1999	S	
OrdemServico	FISCAL_DE_SERVICO	Fiscal de serviço do contrato	String	SearchList	CPE_CSC	FISCAL_DE_SERVICO		S	
OrdemServico	FISCAL_DE_SERV_SUP	Fiscal de Serviço Suplente	String	DropDownList	CPE_CONTRATOS02	FISCAL_DE_SERV_SUP	1999	S	
OrdemServico	FISCAL_DE_SERV_TITU	Fiscal de Serviço Titular	String	DropDownList	CPE_CONTRATOS02	FISCAL_DE_SERV_TITU	1999	S	
OrdemServico	FISCAL_MASTER	Fiscal do Serviço Master	RecordList	DataGrid	Z_00143_FISCAL_MASTER	FISCAL_MASTER			
OrdemServico	FISCAL_MASTER_SUP	Fiscal Master Suplente	String	DropDownList	CPE_CONTRATOS02	FISCAL_MASTER_SUP	1999	S	
OrdemServico	FISCAL_MASTER_SUPLENTE	Fiscal Master Suplente	String	DropDownList	CPE_CONTRATOS02	FISCAL_MASTER_SUPLENTE	1999	S	
OrdemServico	FISCAL_MASTER_TITU	Fiscal Master Titular	String	DropDownList	CPE_CONTRATOS02	FISCAL_MASTER_TITU	1999	S	
OrdemServico	FISCAL_MASTER_TITULAR	Fiscal Master Titular	String	DropDownList	CPE_CONTRATOS02	FISCAL_MASTER_TITULAR	1999	S	
OrdemServico	FISCAL_SER	Fiscal do Serviço	RecordList	DataGrid	Z_00143_FISCAL_SER	FISCAL_SER			
OrdemServico	FISCAL_SERVI	Fiscal do Serviço	RecordList	DataGrid	Z_00143_FISCAL_SERVI	FISCAL_SERVI			
OrdemServico	FISCAL_SERVICO_MASTER	Fiscal do Serviço Master	RecordList	DataGrid	Z_00143_FISCAL_SERVICO_MASTER	FISCAL_SERVICO_MASTER			
OrdemServico	FISCAL_SERVI_SGPS	Fiscal de Serviço	String	DropDownList	CPE_PESSOAS	FISCAL_SERVI_SGPS		S	
OrdemServico	FISCO_TRIBUTOS	Lista de Tributos Fiscais	String	DropDownList	CP_ORDEM_SERVICO	FISCO_TRIBUTOS	100		ISSQN; ICMS;IRRF,CSLL,PIS/PASEP E COFINS;INSS;Análise Tributária Completa
OrdemServico	FISICA_JUDIRICA	Pessoa Jurídica ou Pessoa Física	String	DropDownList	CPE_CSC	FISICA_JUDIRICA			Pessoa Jurídica;Pessoa Física
OrdemServico	FONTE_RECURSO_DOD	Há previsão orçamentária?	String	DropDownList	CP_ORDEM_SERVICO	FONTE_RECURSO_DOD			Sim;Não
OrdemServico	FONTE_RECURSO_DOD_V2	Há orçamento previsto para atendimento da solicitação?	String	DropDownList	CP_ORDEM_SERVICO	FONTE_RECURSO_DOD_V2		S	
OrdemServico	FORBEM	Forma de Substituição do Bem	String	DropDownList	CPE_ORDEM_SERVICO	FORBEM	100		Crédito Rotativo;Ata de Registro de Preços;Remanejamento;Contratação
OrdemServico	FORMABEM	Forma de Substituição do Bem	String	DropDownList	CPE_ORDEM_SERVICO	FORMABEM	300		Crédito Rotativo;Ata de Registro de Preços;Remanejamento;Contratação
OrdemServico	FORNECEDOR	Fornecedor	String	TextBox	CP_ORDEM_SERVICO	FORNECEDOR			
OrdemServico	FORNECEDOR CONTRATADO	Fornecedor Contratado	String	Memo	CPE_CONTRATOS	FORNECEDOR_CONTRATADO	100		
OrdemServico	FORNECEDOR01	Fornecedor	String	TextBox	CPE_CSC	FORNECEDOR01			
OrdemServico	FORNECEDOR1	Fornecedor	String	TextBox	CP_ORDEM_SERVICO	FORNECEDOR1			
OrdemServico	FORNECEDOR2	Fornecedor	String	TextBox	CPE_CSC	FORNECEDOR2			
OrdemServico	FORNECEDOR3	Fornecedor	String	TextBox	CPE_CSC	FORNECEDOR3			
OrdemServico	FORNECEDOR4	Fornecedor	String	TextBox	CPE_CSC	FORNECEDOR4			
OrdemServico	FORNECEDOR5	Fornecedor	String	TextBox	CPE_CSC	FORNECEDOR5			
OrdemServico	FORNECEDOR6	Fornecedor 6	String	TextBox	CPE_CSC	FORNECEDOR6			
OrdemServico	FORNECEDOR7	Fornecedor	String	TextBox	CPE_CSC	FORNECEDOR7			
OrdemServico	FORNECEDOR8	Fornecedor 8	String	TextBox	CPE_CSC	FORNECEDOR8			
OrdemServico	FORNECEDORES_CREDENCIAMENTO_DIENG	Fornecedores Credenciamento Dieng	String	DropDownList	CPE_CONTRATOS02	FORNECEDORES_CREDENCIAMENTO_DIENG			Iluminar - Projetos de Engenharia LTDA;LC Engenharia e Serviços LTDA;NS Net Support Serviços em Tecnologia S.A.;O & S So
OrdemServico	FORNECEDORES_DOD	Fornecedores	String	Memo	CP_ORDEM_SERVICO	FORNECEDORES_DOD	1000		
OrdemServico	FORNECEDOR_5	Fornecedor	String	TextBox	CPE_CONTRATOS	FORNECEDOR_5			
OrdemServico	FORNECEDOR_CADASTRADO	Fornecedor Cadastrado	String	DropDownList	CPE_CONTRATOS02	FORNECEDOR_CADASTRADO			Sim, já cadastrado;Não, cadastrar fornecedor;Sim, atualizar cadastro
OrdemServico	FORNECEDOR_COMPRAS	Fornecedor	String	TextBox	CP_ORDEM_SERVICO	FORNECEDOR_COMPRAS		S	
OrdemServico	FORNECEDOR_COMPRAS_V2	Fornecedor	String	SearchList	CP_ORDEM_SERVICO	FORNECEDOR_COMPRAS_V2		S	
OrdemServico	FORNECIMENTODEBENS1	FORNECIMENTO DE BENS	RecordList	DataGrid	Z_00143_FORNECIMENTODEBENS1	FORNECIMENTODEBENS1			
OrdemServico	FORROS_SOLICITACOES_GESAP	Forros - Solicitações Gesap	String	DropDownList	CPE_CONTRATOS02	FORROS_SOLICITACOES_GESAP			Instalação de forro PVC;Instalação de forro drywall;Reparo em forro;Troca de placas;Correção de infiltração no forro 
OrdemServico	FQ357_002_ITEM_3_10	FQ357-002 - Item 3.10	String	DropDownList	CPE_CSC	FQ357_002_ITEM_3_10			Sim;Não;Não se aplica
OrdemServico	FQ357_002_ITEM_3_11	FQ357-002 - Item 3.11	String	DropDownList	CPE_CSC	FQ357_002_ITEM_3_11			Sim;Não;Não se aplica
OrdemServico	FQ357_002_ITEM_3_12	FQ357-002 - Item 3.12	String	DropDownList	CPE_CSC	FQ357_002_ITEM_3_12			Sim;Não;Não se aplica
OrdemServico	FQ357_002_ITEM_3_13	FQ357-002 - Item 3.13	String	DropDownList	CPE_CSC	FQ357_002_ITEM_3_13			Sim;Não;Não se aplica
OrdemServico	FQ357_002_ITEM_3_14	FQ357-002 - Item 3.14	String	DropDownList	CPE_CSC	FQ357_002_ITEM_3_14			Sim;Não;Não se aplica
OrdemServico	FQ357_002_ITEM_3_15	FQ357-002 - Item 3.15	String	DropDownList	CPE_CSC	FQ357_002_ITEM_3_15			Sim;Não;Não se aplica
OrdemServico	FQ357_002_ITEM_3_3	FQ357-002 - Item 3.3	String	DropDownList	CPE_CSC	FQ357_002_ITEM_3_3			Sim;Não;Não se aplica
OrdemServico	FQ357_002_ITEM_3_4	FQ357-002 - Item 3.4	String	DropDownList	CPE_CSC	FQ357_002_ITEM_3_4			Sim;Não;Não se aplica
OrdemServico	FQ357_002_ITEM_3_5	FQ357-002 - Item 3.5	String	DropDownList	CPE_CSC	FQ357_002_ITEM_3_5			Sim;Não;Não se aplica
OrdemServico	FQ357_002_ITEM_3_6	FQ357-002 - Item 3.6	String	DropDownList	CPE_CSC	FQ357_002_ITEM_3_6			Sim;Não;Não se aplica
OrdemServico	FQ357_002_ITEM_3_7	FQ357-002 - Item 3.7	String	DropDownList	CPE_CSC	FQ357_002_ITEM_3_7			Sim;Não;Não se aplica
OrdemServico	FQ357_002_ITEM_3_8	FQ357-002 - Item 3.8	String	DropDownList	CPE_CSC	FQ357_002_ITEM_3_8			Sim;Não;Não se aplica
OrdemServico	FQ357_002_ITEM_3_9	FQ357-002 - Item 3.9	String	DropDownList	CPE_CSC	FQ357_002_ITEM_3_9			Sim;Não;Não se aplica
OrdemServico	FQ357_002_ITEM_4_1_1	FQ357-002 - Item 4.1.1	String	DropDownList	CPE_CSC	FQ357_002_ITEM_4_1_1			Sim;Não;Não se aplica
OrdemServico	FQ357_002_ITEM_4_2	FQ357-002 - Item 4.2	String	DropDownList	CPE_CSC	FQ357_002_ITEM_4_2			Sim;Não;Não se aplica
OrdemServico	FQ357_002_ITEM_4_3	FQ357-002 - Item 4.3	String	DropDownList	CPE_CSC	FQ357_002_ITEM_4_3			Sim;Não;Não se aplica
OrdemServico	FQ357_002_ITEM_4_4	FQ357-002 - Item 4.4	String	DropDownList	CPE_CSC	FQ357_002_ITEM_4_4			Sim;Não;Não se aplica
OrdemServico	FQ357_002_ITEM_4_5	FQ357-002 - Item 4.5	String	DropDownList	CPE_CSC	FQ357_002_ITEM_4_5			Sim;Não;Não se aplica
OrdemServico	FQ357_002_ITEM_4_6	FQ357-002 - Item 4.6	String	DropDownList	CPE_CSC	FQ357_002_ITEM_4_6			Sim;Não;Não se aplica
OrdemServico	FQ357_002_ITEM_4_7	FQ357-002 - Item 4.7	String	DropDownList	CPE_CSC	FQ357_002_ITEM_4_7			Sim;Não;Não se aplica
OrdemServico	FQ357_002_ITEM_4_8	FQ357-002 - Item 4.8	String	DropDownList	CPE_CSC	FQ357_002_ITEM_4_8			Sim;Não;Não se aplica
OrdemServico	FQ357_002_ITEM_4_9	FQ357-002 - Item 4.9	String	DropDownList	CPE_CSC	FQ357_002_ITEM_4_9			Sim;Não;Não se aplica
OrdemServico	FQ357_002_ITEM_51	FQ357-002 - Item 5.5.1	String	Memo	CPE_CSC	FQ357_002_ITEM_51			
OrdemServico	FQ357_002_ITEM_5_1	FQ357-002 - Item 5.1	String	DropDownList	CPE_CSC	FQ357_002_ITEM_5_1			Sim;Não;Não se aplica
OrdemServico	FQ357_002_ITEM_5_2	FQ357-002 - Item 5.2	String	DropDownList	CPE_CSC	FQ357_002_ITEM_5_2			Sim;Não;Não se aplica
OrdemServico	FQ357_002_ITEM_5_3	FQ357-002 - Item 5.3	String	DropDownList	CPE_CSC	FQ357_002_ITEM_5_3			Sim;Não;Não se aplica
OrdemServico	FQ357_002_ITEM_5_4	FQ357-002 - Item 5.4	String	DropDownList	CPE_CSC	FQ357_002_ITEM_5_4			Sim;Não;Não se aplica
OrdemServico	FQ357_002_ITEM_6_1	FQ357-002 - Item 6.1	RecordList	DataGrid	Z_00143_FQ357_002_ITEM_6_1	FQ357_002_ITEM_6_1			
OrdemServico	FQ357_002_ITEM_7_1	FQ357-002 - Item 7.1	String	DropDownList	CPE_CSC	FQ357_002_ITEM_7_1			Sim;Não;Não se aplica
OrdemServico	FQ357_002_ITEM_7_2	FQ357-002 - Item 7.2	String	DropDownList	CPE_CSC	FQ357_002_ITEM_7_2			Sim;Não;Não se aplica
OrdemServico	FQ357_002_ITEM_7_3	FQ357-002 - Item 7.3	String	TextBox	CPE_CSC	FQ357_002_ITEM_7_3	50		
OrdemServico	FQ412	FQ412	String	DropDownList	CPE_CSC	FQ412			FQ412-041;FQ412-042
OrdemServico	FQ412_031_ITEM1	FQ412-031 - Item 1	String	DropDownList	CPE_CONTRATOS	FQ412_031_ITEM1			Sim;Não;Não se aplica
OrdemServico	FQ412_031_ITEM10	FQ412-031 - Item 10	String	DropDownList	CPE_CONTRATOS	FQ412_031_ITEM10			Sim;Não;Não se aplica
OrdemServico	FQ412_031_ITEM11	FQ412-031 - Item 11	String	DropDownList	CPE_CONTRATOS	FQ412_031_ITEM11			Sim;Não;Não se aplica
OrdemServico	FQ412_031_ITEM12	FQ412-031 - Item 12	String	DropDownList	CPE_CONTRATOS	FQ412_031_ITEM12			Sim;Não;Não se aplica
OrdemServico	FQ412_031_ITEM2	FQ412-031 - Item 2	String	DropDownList	CPE_CONTRATOS	FQ412_031_ITEM2			Sim;Não;Não se aplica
OrdemServico	FQ412_031_ITEM3	FQ412-031 - Item 3	String	DropDownList	CPE_CONTRATOS	FQ412_031_ITEM3			Sim;Não;Não se aplica
OrdemServico	FQ412_031_ITEM4	FQ412-031 - Item 4	String	DropDownList	CPE_CONTRATOS	FQ412_031_ITEM4			Sim;Não;Não se aplica
OrdemServico	FQ412_031_ITEM5	FQ412-031 - Item 5	String	DropDownList	CPE_CONTRATOS	FQ412_031_ITEM5			Sim;Não;Não se aplica
OrdemServico	FQ412_031_ITEM6	FQ412-031 - Item 6	String	DropDownList	CPE_CONTRATOS	FQ412_031_ITEM6			Sim;Não;Não se aplica
OrdemServico	FQ412_031_ITEM7	FQ412-031 - Item 7	String	DropDownList	CPE_CONTRATOS	FQ412_031_ITEM7			Sim;Não;Não se aplica
OrdemServico	FQ412_031_ITEM8	FQ412-031 - Item 8	String	DropDownList	CPE_CONTRATOS	FQ412_031_ITEM8			Sim;Não;Não se aplica
OrdemServico	FQ412_031_ITEM9	FQ412-031 - Item 9	String	DropDownList	CPE_CONTRATOS	FQ412_031_ITEM9			Sim;Não;Não se aplica
OrdemServico	FQ412_033_ITEM1	FQ412-033 - Item 1	String	DropDownList	CPE_CONTRATOS	FQ412_033_ITEM1			Sim;Não;Não se aplica
OrdemServico	FQ412_033_ITEM10	FQ412-033 - Item 10	String	DropDownList	CPE_CONTRATOS	FQ412_033_ITEM10			Sim;Não;Não se aplica
OrdemServico	FQ412_033_ITEM11	FQ412-033 - Item 11	String	DropDownList	CPE_CONTRATOS	FQ412_033_ITEM11			Sim;Não;Não se aplica
OrdemServico	FQ412_033_ITEM12	FQ412-033 - Item 12	String	DropDownList	CPE_CONTRATOS	FQ412_033_ITEM12			Sim;Não;Não se aplica
OrdemServico	FQ412_033_ITEM13	FQ412-033 - Item 13	String	DropDownList	CPE_CONTRATOS	FQ412_033_ITEM13			Sim;Não;Não se aplica
OrdemServico	FQ412_033_ITEM14	FQ412-033 - Item 14	String	DropDownList	CPE_CONTRATOS	FQ412_033_ITEM14			Sim;Não;Não se aplica
OrdemServico	FQ412_033_ITEM15	FQ412-033 - Item 15	String	DropDownList	CPE_CONTRATOS	FQ412_033_ITEM15			Sim;Não;Não se aplica
OrdemServico	FQ412_033_ITEM2	FQ412-033 - Item 2	String	DropDownList	CPE_CONTRATOS	FQ412_033_ITEM2			Sim;Não;Não se aplica
OrdemServico	FQ412_033_ITEM3	FQ412-033 - Item 3	String	DropDownList	CPE_CONTRATOS	FQ412_033_ITEM3			Sim;Não;Não se aplica
OrdemServico	FQ412_033_ITEM4	FQ412-033 - Item 4	String	DropDownList	CPE_CONTRATOS	FQ412_033_ITEM4			Sim;Não;Não se aplica
OrdemServico	FQ412_033_ITEM5	FQ412-033 - Item 5	String	DropDownList	CPE_CONTRATOS	FQ412_033_ITEM5			Sim;Não;Não se aplica
OrdemServico	FQ412_033_ITEM6	FQ412-033 - Item 6	String	DropDownList	CPE_CONTRATOS	FQ412_033_ITEM6			Sim;Não;Não se aplica
OrdemServico	FQ412_033_ITEM7	FQ412-033 - Item 7	String	DropDownList	CPE_CONTRATOS	FQ412_033_ITEM7			Sim;Não;Não se aplica
OrdemServico	FQ412_033_ITEM8	FQ412-033 - Item 8	String	DropDownList	CPE_CONTRATOS	FQ412_033_ITEM8			Sim;Não;Não se aplica
OrdemServico	FQ412_033_ITEM9	FQ412-033 - Item 9	String	DropDownList	CPE_CONTRATOS	FQ412_033_ITEM9			Sim;Não;Não se aplica
OrdemServico	FQ412_041_ITEM_1	FQ412-041 - Item 1.1	String	DropDownList	CPE_CSC	FQ412_041_ITEM_1			Sim;Não;Não se aplica
OrdemServico	FQ412_041_ITEM_1_2	FQ412-041 - Item 1.2	String	DropDownList	CPE_CSC	FQ412_041_ITEM_1_2			Sim;Não;Não se aplica
OrdemServico	FQ412_041_ITEM_1_3	FQ412-041 - Item 1.3	String	DropDownList	CPE_CSC	FQ412_041_ITEM_1_3			Sim;Não;Não se aplica
OrdemServico	FQ412_041_ITEM_1_4	FQ412-041 - Item 1.4	String	DropDownList	CPE_CSC	FQ412_041_ITEM_1_4			Sim;Não;Não se aplica
OrdemServico	FQ412_041_ITEM_1_5	FQ412-041 - Item 1.5	String	DropDownList	CPE_CSC	FQ412_041_ITEM_1_5			Sim;Não;Não se aplica
OrdemServico	FQ412_041_ITEM_1_6	FQ412-041 - Item 1.6	String	DropDownList	CPE_CSC	FQ412_041_ITEM_1_6			Sim;Não;Não se aplica
OrdemServico	FQ412_041_ITEM_2_1	FQ412-041 - Item 2.1	String	DropDownList	CPE_CSC	FQ412_041_ITEM_2_1			Sim;Parcialmente;Não possui
OrdemServico	FQ412_041_ITEM_2_2	FQ412-041 - Item 2.2	String	DropDownList	CPE_CSC	FQ412_041_ITEM_2_2			Sim;Não;Dispensado
OrdemServico	FQ412_041_ITEM_2_3	FQ412-041 - Item 2.3	String	DropDownList	CPE_CSC	FQ412_041_ITEM_2_3			Sim;Não;Dispensado
OrdemServico	FQ412_041_ITEM_2_4	FQ412-041 - Item 2.4	String	DropDownList	CPE_CSC	FQ412_041_ITEM_2_4			Sim;Não;Dispensado
OrdemServico	FQ412_041_ITEM_2_5	FQ412-041 - Item 2.5	String	DropDownList	CPE_CSC	FQ412_041_ITEM_2_5			Sim;Não;Dispensado
OrdemServico	FQ412_041_ITEM_2_6	FQ412-041 - Item 2.6	String	DropDownList	CPE_CSC	FQ412_041_ITEM_2_6			Sim;Não;Dispensado
OrdemServico	FQ412_041_ITEM_3_1	FQ412-041 - Item 3.1	String	DropDownList	CPE_CSC	FQ412_041_ITEM_3_1			Sim;Não;Não se aplica
OrdemServico	FQ412_041_ITEM_3_2	FQ412-041 - Item 3.2	String	DropDownList	CPE_CSC	FQ412_041_ITEM_3_2			Sim;Não;Não se aplica
OrdemServico	FQ412_041_ITEM_4_1	FQ412-041 - Item 4.1	String	DropDownList	CPE_CSC	FQ412_041_ITEM_4_1	1024		Sim;Não;Não se aplica
OrdemServico	FQ412_041_ITEM_5_1	FQ412-041 - Item 5.1	String	DropDownList	CPE_CSC	FQ412_041_ITEM_5_1			Sim;Não;Não se aplica
OrdemServico	FQ412_041_ITEM_5_1_NOVO	FQ412-041 - Item 5.1 - Novo	RecordList	DataGrid	Z_00143_FQ412_041_ITEM_5_1_NOVO	FQ412_041_ITEM_5_1_NOVO			
OrdemServico	FQ412_042_ITEM_1_1	FQ412-042 - Item 1.1	String	DropDownList	CPE_CSC	FQ412_042_ITEM_1_1			Sim;Não;Não se aplica
OrdemServico	FQ412_042_ITEM_1_2	FQ412-042 - Item 1.2	String	DropDownList	CPE_CSC	FQ412_042_ITEM_1_2			Sim;Não;Não se aplica
OrdemServico	FQ412_042_ITEM_1_3	FQ412-042 - Item 1.3	String	DropDownList	CPE_CSC	FQ412_042_ITEM_1_3			Sim;Não;Não se aplica
OrdemServico	FQ412_042_ITEM_1_4	FQ412-042 - Item 1.4	String	DropDownList	CPE_CSC	FQ412_042_ITEM_1_4			Sim;Não;Não se aplica
OrdemServico	FQ412_042_ITEM_1_5	FQ412-042 - Item 1.5	String	DropDownList	CPE_CSC	FQ412_042_ITEM_1_5			Sim;Não;Não se aplica
OrdemServico	FQ412_042_ITEM_1_6	FQ412-042 - Item 1.6	String	DropDownList	CPE_CSC	FQ412_042_ITEM_1_6			Sim;Não;Não se aplica
OrdemServico	FQ412_042_ITEM_2_1	FQ412-042 - Item 2.1	String	DropDownList	CPE_CSC	FQ412_042_ITEM_2_1			Sim;Parcialmente;Não possui
OrdemServico	FQ412_042_ITEM_2_2	FQ412-042 - Item 2.2	String	DropDownList	CPE_CSC	FQ412_042_ITEM_2_2			Sim;Não;Dispensado
OrdemServico	FQ412_042_ITEM_2_3	FQ412-042 - Item 2.3	String	DropDownList	CPE_CSC	FQ412_042_ITEM_2_3			Sim;Não;Dispensado
OrdemServico	FQ412_042_ITEM_2_4	FQ412-042 - Item 2.4	String	DropDownList	CPE_CSC	FQ412_042_ITEM_2_4			Sim;Não;Dispensado
OrdemServico	FQ412_042_ITEM_2_5	FQ412-042 - Item 2.5	String	DropDownList	CPE_CSC	FQ412_042_ITEM_2_5			Sim;Não;Dispensado
OrdemServico	FQ412_042_ITEM_2_6	FQ412-042 - Item 2.6	String	DropDownList	CPE_CSC	FQ412_042_ITEM_2_6			Sim;Não;Dispensado
OrdemServico	FQ412_042_ITEM_3_01	FQ412-042 - Item 3.01	String	DropDownList	CPE_CSC	FQ412_042_ITEM_3_01			Sim;Não;Não se aplica
OrdemServico	FQ412_042_ITEM_3_02	FQ412-042 - Item 3.02	String	DropDownList	CPE_CSC	FQ412_042_ITEM_3_02			Sim;Não;Não se aplica
OrdemServico	FQ412_042_ITEM_3_03	FQ412-042 - Item 3.03	String	DropDownList	CPE_CSC	FQ412_042_ITEM_3_03			Sim;Não;Não se aplica
OrdemServico	FQ412_042_ITEM_3_1	FQ412-042 - Item 3.1	String	DropDownList	CPE_CSC	FQ412_042_ITEM_3_1			Sim;Não;Não se aplica
OrdemServico	FQ412_042_ITEM_3_10	FQ412-042 - Item 3.10	String	DropDownList	CPE_CSC	FQ412_042_ITEM_3_10			Sim;Não;Não se aplica
OrdemServico	FQ412_042_ITEM_3_11	FQ412-042 - Item 3.11	String	DropDownList	CPE_CSC	FQ412_042_ITEM_3_11			Sim;Não;Não se aplica
OrdemServico	FQ412_042_ITEM_3_12	FQ412-042 - Item 3.12	String	DropDownList	CPE_CSC	FQ412_042_ITEM_3_12			Sim;Não;Não se aplica
OrdemServico	FQ412_042_ITEM_3_13	FQ412-042 - Item 3.13	String	DropDownList	CPE_CSC	FQ412_042_ITEM_3_13			Sim;Não;Não se aplica
OrdemServico	FQ412_042_ITEM_3_14	FQ412-042 - Item 3.14	String	DropDownList	CPE_CSC	FQ412_042_ITEM_3_14			Sim;Não;Não se aplica
OrdemServico	FQ412_042_ITEM_3_15	FQ412-042 - Item 3.15	String	DropDownList	CPE_CSC	FQ412_042_ITEM_3_15			Sim;Não;Não se aplica
OrdemServico	FQ412_042_ITEM_3_2	FQ412-042 - Item 3.2	String	DropDownList	CPE_CSC	FQ412_042_ITEM_3_2			Sim;Não;Não se aplica
OrdemServico	FQ412_042_ITEM_3_3	FQ412-042 - Item 3.3	String	DropDownList	CPE_CSC	FQ412_042_ITEM_3_3			Sim;Não;Não se aplica
OrdemServico	FQ412_042_ITEM_3_4	FQ412-042 - Item 3.4	String	DropDownList	CPE_CSC	FQ412_042_ITEM_3_4			Sim;Não;Não se aplica
OrdemServico	FQ412_042_ITEM_3_5	FQ412-042 - Item 3.5	String	DropDownList	CPE_CSC	FQ412_042_ITEM_3_5			Sim;Não;Não se aplica
OrdemServico	FQ412_042_ITEM_3_6	FQ412-042 - Item 3.6	String	DropDownList	CPE_CSC	FQ412_042_ITEM_3_6			Sim;Não;Não se aplica
OrdemServico	FQ412_042_ITEM_3_7	FQ412-042 - Item 3.7	String	DropDownList	CPE_CSC	FQ412_042_ITEM_3_7			Sim;Não;Não se aplica
OrdemServico	FQ412_042_ITEM_3_8	FQ412-042 - Item 3.8	String	DropDownList	CPE_CSC	FQ412_042_ITEM_3_8			Sim;Não;Não se aplica
OrdemServico	FQ412_042_ITEM_3_9	FQ412-042 - Item 3.9	String	DropDownList	CPE_CSC	FQ412_042_ITEM_3_9			Sim;Não;Não se aplica
OrdemServico	FQ412_042_ITEM_4_1	FQ412-042 - Item 4.1	String	DropDownList	CPE_CSC	FQ412_042_ITEM_4_1	1200		Sim;Não;Não se aplica
OrdemServico	FQ412_042_ITEM_4_10	FQ412-042 - Item 4.10	String	DropDownList	CPE_CONTRATOS	FQ412_042_ITEM_4_10			Sim;Não;Não se aplica
OrdemServico	FQ412_042_ITEM_4_11	FQ412-042 - Item 4.11	String	DropDownList	CPE_CONTRATOS	FQ412_042_ITEM_4_11			Sim;Não;Não se aplica
OrdemServico	FQ412_042_ITEM_4_2	FQ412-042 - Item 4.2	String	DropDownList	CPE_CSC	FQ412_042_ITEM_4_2			Sim;Não;Não se aplica
OrdemServico	FQ412_042_ITEM_4_3	FQ412-042 - Item 4.3	String	DropDownList	CPE_CSC	FQ412_042_ITEM_4_3			Sim;Não;Não se aplica
OrdemServico	FQ412_042_ITEM_4_4	FQ412-042 - Item 4.4	String	DropDownList	CPE_CSC	FQ412_042_ITEM_4_4			Sim;Não;Não se aplica
OrdemServico	FQ412_042_ITEM_4_5	FQ412-042 - Item 4.5	String	DropDownList	CPE_CSC	FQ412_042_ITEM_4_5			Sim;Não;Não se aplica
OrdemServico	FQ412_042_ITEM_4_6	FQ412-042 - Item 4.6	String	DropDownList	CPE_CSC	FQ412_042_ITEM_4_6			Sim;Não;Não se aplica
OrdemServico	FQ412_042_ITEM_4_7	FQ412-042 - Item 4.7	String	DropDownList	CPE_CSC	FQ412_042_ITEM_4_7			Sim;Não;Não se aplica
OrdemServico	FQ412_042_ITEM_4_8	FQ412-042 - Item 4.8	String	DropDownList	CPE_CSC	FQ412_042_ITEM_4_8			Sim;Não;Não se aplica
OrdemServico	FQ412_042_ITEM_4_9	FQ412-042 - Item 4.9	String	DropDownList	CPE_CSC	FQ412_042_ITEM_4_9			Sim;Não;Não se aplica
OrdemServico	FQ412_042_ITEM_5_1	FQ412-042 - Item 5.1	String	DropDownList	CPE_CSC	FQ412_042_ITEM_5_1			Sim;Não;Não se aplica
OrdemServico	FQ412_042_ITEM_5_2	FQ412-042 - Item 5.2	String	DropDownList	CPE_CSC	FQ412_042_ITEM_5_2			Sim;Não;Não se aplica
OrdemServico	FQ412_042_ITEM_5_3	FQ412-042 - Item 5.3	String	DropDownList	CPE_CSC	FQ412_042_ITEM_5_3			Sim;Não;Não se aplica
OrdemServico	FQ412_042_ITEM_5_4	FQ412-042 - Item 5.4	String	DropDownList	CPE_CSC	FQ412_042_ITEM_5_4			Sim;Não;Não se aplica
OrdemServico	FQ412_042_ITEM_5_5	FQ412-042 - Item 5.5	String	Memo	CPE_CSC	FQ412_042_ITEM_5_5	2000		
OrdemServico	FQ412_042_ITEM_6_1	FQ412-042 - Item 6.1	RecordList	DataGrid	Z_00143_FQ412_042_ITEM_6_1	FQ412_042_ITEM_6_1			
OrdemServico	FQ412_042_ITEM_7_1	FQ412-042 - Item 7.1	String	DropDownList	CPE_CSC	FQ412_042_ITEM_7_1			Sim;Não;Não se aplica
OrdemServico	FQ412_042_ITEM_7_2	FQ412-042 - Item 7.2	String	DropDownList	CPE_CSC	FQ412_042_ITEM_7_2			Sim;Não;Não se aplica
OrdemServico	FQ412_042_ITEM_7_3	FQ412-042 - Item 7.3	String	TextBox	CPE_CSC	FQ412_042_ITEM_7_3	50		
OrdemServico	FQ412_043_ITEM1	FQ412-043 - Item 1	String	DropDownList	CPE_CONTRATOS	FQ412_043_ITEM1			Sim;Não;Não se aplica
OrdemServico	FQ412_043_ITEM10	FQ412-043 - Item 10	String	DropDownList	CPE_CONTRATOS	FQ412_043_ITEM10			Sim;Não;Não se aplica
OrdemServico	FQ412_043_ITEM11	FQ412-043 - Item 11	String	DropDownList	CPE_CONTRATOS	FQ412_043_ITEM11			Sim;Não;Não se aplica
OrdemServico	FQ412_043_ITEM12	FQ412-043 - Item 12	String	DropDownList	CPE_CONTRATOS	FQ412_043_ITEM12			Sim;Não;Não se aplica
OrdemServico	FQ412_043_ITEM13	FQ412-043 - Item 13	String	DropDownList	CPE_CONTRATOS	FQ412_043_ITEM13			Sim;Não;Não se aplica
OrdemServico	FQ412_043_ITEM14	FQ412-043 - Item 14	String	DropDownList	CPE_CONTRATOS	FQ412_043_ITEM14			Sim;Não;Não se aplica
OrdemServico	FQ412_043_ITEM15	FQ412-043 - Item 15	String	DropDownList	CPE_CONTRATOS	FQ412_043_ITEM15			Sim;Não;Não se aplica
OrdemServico	FQ412_043_ITEM16	FQ412-043 - Item 16	String	DropDownList	CPE_CONTRATOS	FQ412_043_ITEM16			Sim;Não;Não se aplica
OrdemServico	FQ412_043_ITEM17	FQ412-043 - Item 17	String	DropDownList	CPE_CONTRATOS	FQ412_043_ITEM17			Sim;Não;Não se aplica
OrdemServico	FQ412_043_ITEM18	FQ412-043 - Item 18	String	DropDownList	CPE_CONTRATOS	FQ412_043_ITEM18			Sim;Não;Não se aplica
OrdemServico	FQ412_043_ITEM19	FQ412-043 - Item 19	String	DropDownList	CPE_CONTRATOS	FQ412_043_ITEM19			Sim;Não;Não se aplica
OrdemServico	FQ412_043_ITEM2	FQ412-043 - Item 2	String	DropDownList	CPE_CONTRATOS	FQ412_043_ITEM2			Sim;Não;Não se aplica
OrdemServico	FQ412_043_ITEM20	FQ412-043 - Item 20	String	DropDownList	CPE_CONTRATOS	FQ412_043_ITEM20			Sim;Não;Não se aplica
OrdemServico	FQ412_043_ITEM21	FQ412-043 - Item 21	String	DropDownList	CPE_CONTRATOS	FQ412_043_ITEM21			Sim;Não;Não se aplica
OrdemServico	FQ412_043_ITEM22	FQ412-043 - Item 22	String	DropDownList	CPE_CONTRATOS	FQ412_043_ITEM22			Sim;Não;Não se aplica
OrdemServico	FQ412_043_ITEM23	FQ412-043 - Item 23	String	DropDownList	CPE_CONTRATOS	FQ412_043_ITEM23			Sim;Não;Não se aplica
OrdemServico	FQ412_043_ITEM24	FQ412-043 - Item 24	String	DropDownList	CPE_CONTRATOS	FQ412_043_ITEM24			Sim;Não;Não se aplica
OrdemServico	FQ412_043_ITEM3	FQ412-043 - Item 3	String	DropDownList	CPE_CONTRATOS	FQ412_043_ITEM3			Sim;Não;Não se aplica
OrdemServico	FQ412_043_ITEM4	FQ412-043 - Item 4	String	DropDownList	CPE_CONTRATOS	FQ412_043_ITEM4			Sim;Não;Não se aplica
OrdemServico	FQ412_043_ITEM5	FQ412-043 - Item 5	String	DropDownList	CPE_CONTRATOS	FQ412_043_ITEM5			Sim;Não;Não se aplica
OrdemServico	FQ412_043_ITEM6	FQ412-043 - Item 6	String	DropDownList	CPE_CONTRATOS	FQ412_043_ITEM6			Sim;Não;Não se aplica
OrdemServico	FQ412_043_ITEM7	FQ412-043 - Item 7	String	DropDownList	CPE_CONTRATOS	FQ412_043_ITEM7			Sim;Não;Não se aplica
OrdemServico	FQ412_043_ITEM8	FQ412-043 - Item 8	String	DropDownList	CPE_CONTRATOS	FQ412_043_ITEM8			Sim;Não;Não se aplica
OrdemServico	FQ412_043_ITEM9	FQ412-043 - Item 9	String	DropDownList	CPE_CONTRATOS	FQ412_043_ITEM9			Sim;Não;Não se aplica
OrdemServico	FQ415_031_ITEM1	FQ415-031 - Item 1	String	DropDownList	CPE_CONTRATOS	FQ415_031_ITEM1			Sim;Não;Não se aplica
OrdemServico	FQ415_031_ITEM10	FQ415-031 - Item 10	String	DropDownList	CPE_CONTRATOS	FQ415_031_ITEM10			Sim;Não;Não se aplica
OrdemServico	FQ415_031_ITEM11	FQ415-031 - Item 11	String	DropDownList	CPE_CONTRATOS	FQ415_031_ITEM11			Sim;Não;Não se aplica
OrdemServico	FQ415_031_ITEM12	FQ415-031 - Item 12	String	DropDownList	CPE_CONTRATOS	FQ415_031_ITEM12			Sim;Não;Não se aplica
OrdemServico	FQ415_031_ITEM13	FQ415-031 - Item 13	String	DropDownList	CPE_CONTRATOS	FQ415_031_ITEM13			Sim;Não;Não se aplica
OrdemServico	FQ415_031_ITEM14	FQ415-031 - Item 14	String	DropDownList	CPE_CONTRATOS	FQ415_031_ITEM14			Sim;Não;Não se aplica
OrdemServico	FQ415_031_ITEM15	FQ415-031 - Item 15	String	DropDownList	CPE_CONTRATOS	FQ415_031_ITEM15			Sim;Não;Não se aplica
OrdemServico	FQ415_031_ITEM16	FQ415-031 - Item 16	String	DropDownList	CPE_CONTRATOS	FQ415_031_ITEM16			Sim;Não;Não se aplica
OrdemServico	FQ415_031_ITEM17	FQ415-031 - Item 17	String	DropDownList	CPE_CONTRATOS	FQ415_031_ITEM17			Sim;Não;Não se aplica
OrdemServico	FQ415_031_ITEM18	FQ415-031 - Item 18	String	DropDownList	CPE_CONTRATOS	FQ415_031_ITEM18			Sim;Não;Não se aplica
OrdemServico	FQ415_031_ITEM19	FQ415-031 - Item 19	String	DropDownList	CPE_CONTRATOS	FQ415_031_ITEM19			Sim;Não;Não se aplica
OrdemServico	FQ415_031_ITEM2	FQ415-031 - Item 2	String	DropDownList	CPE_CONTRATOS	FQ415_031_ITEM2			Sim;Não;Não se aplica
OrdemServico	FQ415_031_ITEM20	FQ415-031 - Item 20	String	DropDownList	CPE_CONTRATOS	FQ415_031_ITEM20			Sim;Não;Não se aplica
OrdemServico	FQ415_031_ITEM3	FQ415-031 - Item 3	String	DropDownList	CPE_CONTRATOS	FQ415_031_ITEM3			Sim;Não;Não se aplica
OrdemServico	FQ415_031_ITEM4	FQ415-031 - Item 4	String	DropDownList	CPE_CONTRATOS	FQ415_031_ITEM4			Sim;Não;Não se aplica
OrdemServico	FQ415_031_ITEM5	FQ415-031 - Item 5	String	DropDownList	CPE_CONTRATOS	FQ415_031_ITEM5			Sim;Não;Não se aplica
OrdemServico	FQ415_031_ITEM6	FQ415-031 - Item 6	String	DropDownList	CPE_CONTRATOS	FQ415_031_ITEM6			Sim;Não;Não se aplica
OrdemServico	FQ415_031_ITEM7	FQ415-031 - Item 7	String	DropDownList	CPE_CONTRATOS	FQ415_031_ITEM7			Sim;Não;Não se aplica
OrdemServico	FQ415_031_ITEM8	FQ415-031 - Item 8	String	DropDownList	CPE_CONTRATOS	FQ415_031_ITEM8			Sim;Não;Não se aplica
OrdemServico	FQ415_031_ITEM9	FQ415-031 - Item 9	String	DropDownList	CPE_CONTRATOS	FQ415_031_ITEM9			Sim;Não;Não se aplica
OrdemServico	FQ415_055_ITEM1	FQ415-055 - Item 1	String	DropDownList	CPE_CONTRATOS	FQ415_055_ITEM1			Sim;Não;Não se aplica
OrdemServico	FQ415_055_ITEM10	FQ415-055 - Item 10	String	DropDownList	CPE_CONTRATOS	FQ415_055_ITEM10			Sim;Não;Não se aplica
OrdemServico	FQ415_055_ITEM11	FQ415-055 - Item 11	String	DropDownList	CPE_CONTRATOS	FQ415_055_ITEM11			Sim;Não;Não se aplica
OrdemServico	FQ415_055_ITEM12	FQ415-055 - Item 12	String	DropDownList	CPE_CONTRATOS	FQ415_055_ITEM12			Sim;Não;Não se aplica
OrdemServico	FQ415_055_ITEM13	FQ415-055 - Item 13	String	DropDownList	CPE_CONTRATOS	FQ415_055_ITEM13			Sim;Não;Não se aplica
OrdemServico	FQ415_055_ITEM14	FQ415-055 - Item 14	String	DropDownList	CPE_CONTRATOS	FQ415_055_ITEM14			Sim;Não;Não se aplica
OrdemServico	FQ415_055_ITEM15	FQ415-055 - Item 15	String	DropDownList	CPE_CONTRATOS	FQ415_055_ITEM15			Sim;Não;Não se aplica
OrdemServico	FQ415_055_ITEM16	FQ415-055 - Item 16	String	DropDownList	CPE_CONTRATOS	FQ415_055_ITEM16			Sim;Não;Não se aplica
OrdemServico	FQ415_055_ITEM17	FQ415-055 - Item 17	String	DropDownList	CPE_CONTRATOS	FQ415_055_ITEM17			Sim;Não;Não se aplica
OrdemServico	FQ415_055_ITEM18	FQ415-055 - Item 18	String	DropDownList	CPE_CONTRATOS	FQ415_055_ITEM18			Sim;Não;Não se aplica
OrdemServico	FQ415_055_ITEM19	FQ415-055 - Item 19	String	DropDownList	CPE_CONTRATOS	FQ415_055_ITEM19			Sim;Não;Não se aplica
OrdemServico	FQ415_055_ITEM2	FQ415-055 - Item 2	String	DropDownList	CPE_CONTRATOS	FQ415_055_ITEM2			Sim;Não;Não se aplica
OrdemServico	FQ415_055_ITEM20	FQ415-055 - Item 20	String	DropDownList	CPE_CONTRATOS	FQ415_055_ITEM20			Sim;Não;Não se aplica
OrdemServico	FQ415_055_ITEM3	FQ415-055 - Item 3	String	DropDownList	CPE_CONTRATOS	FQ415_055_ITEM3			Sim;Não;Não se aplica
OrdemServico	FQ415_055_ITEM4	FQ415-055 - Item 4	String	DropDownList	CPE_CONTRATOS	FQ415_055_ITEM4			Sim;Não;Não se aplica
OrdemServico	FQ415_055_ITEM5	FQ415-055 - Item 5	String	DropDownList	CPE_CONTRATOS	FQ415_055_ITEM5			Sim;Não;Não se aplica
OrdemServico	FQ415_055_ITEM6	FQ415-055 - Item 6	String	DropDownList	CPE_CONTRATOS	FQ415_055_ITEM6			Sim;Não;Não se aplica
OrdemServico	FQ415_055_ITEM7	FQ415-055 - Item 7	String	DropDownList	CPE_CONTRATOS	FQ415_055_ITEM7			Sim;Não;Não se aplica
OrdemServico	FQ415_055_ITEM8	FQ415-055 - Item 8	String	DropDownList	CPE_CONTRATOS	FQ415_055_ITEM8			Sim;Não;Não se aplica
OrdemServico	FQ415_055_ITEM9	FQ415-055 - Item 9	String	DropDownList	CPE_CONTRATOS	FQ415_055_ITEM9			Sim;Não;Não se aplica
OrdemServico	FQ415_066_ITEM31	FQ415-066 Item 3.1	String	DropDownList	CPE_HOMOLOGACAO	FQ415_066_ITEM31			Sim;Não;Não se aplica
OrdemServico	FQ415_066_ITEM32	FQ415-066 Item 3.2	String	DropDownList	CPE_HOMOLOGACAO	FQ415_066_ITEM32			Sim;Não;Não se aplica
OrdemServico	FQ415_066_ITEM321	FQ415-066 Item 3.2.1	String	DropDownList	CPE_HOMOLOGACAO	FQ415_066_ITEM321			Sim;Não;Não se aplica
OrdemServico	FQ415_066_ITEM322	FQ415-066 Item 3.2.2	String	DropDownList	CPE_HOMOLOGACAO	FQ415_066_ITEM322			Sim;Não;Não se aplica
OrdemServico	FQ415_066_ITEM33	FQ415-066 Item 3.3	String	DropDownList	CPE_HOMOLOGACAO	FQ415_066_ITEM33			Sim;Não;Não se aplica
OrdemServico	FQ415_066_ITEM331	FQ415-066 Item 3.3.1	String	DropDownList	CPE_HOMOLOGACAO	FQ415_066_ITEM331			Sim;Não;Não se aplica
OrdemServico	FQ415_067_ITEM1	FQ415-067 - Item 1	String	DropDownList	CPE_CONTRATOS	FQ415_067_ITEM1			Sim;Não;Não se aplica
OrdemServico	FQ415_067_ITEM10	FQ415-067 - Item 10	String	DropDownList	CPE_CONTRATOS	FQ415_067_ITEM10			Sim;Não;Não se aplica
OrdemServico	FQ415_067_ITEM11	FQ415-067 - Item 11	String	DropDownList	CPE_CONTRATOS	FQ415_067_ITEM11			Sim;Não;Não se aplica
OrdemServico	FQ415_067_ITEM12	FQ415-067 - Item 12	String	DropDownList	CPE_CONTRATOS	FQ415_067_ITEM12			Sim;Não;Não se aplica
OrdemServico	FQ415_067_ITEM13	FQ415-067 - Item 13	String	DropDownList	CPE_CONTRATOS	FQ415_067_ITEM13			Sim;Não;Não se aplica
OrdemServico	FQ415_067_ITEM14	FQ415-067 - Item 14	String	DropDownList	CPE_CONTRATOS	FQ415_067_ITEM14			Sim;Não;Não se aplica
OrdemServico	FQ415_067_ITEM15	FQ415-067 - Item 15	String	DropDownList	CPE_CONTRATOS	FQ415_067_ITEM15			Sim;Não;Não se aplica
OrdemServico	FQ415_067_ITEM16	FQ415-067 - Item 16	String	DropDownList	CPE_CONTRATOS	FQ415_067_ITEM16			Sim;Não;Não se aplica
OrdemServico	FQ415_067_ITEM17	FQ415-067 - Item 17	String	DropDownList	CPE_CONTRATOS	FQ415_067_ITEM17			Sim;Não;Não se aplica
OrdemServico	FQ415_067_ITEM18	FQ415-067 - Item 18	String	DropDownList	CPE_CONTRATOS	FQ415_067_ITEM18			Sim;Não;Não se aplica
OrdemServico	FQ415_067_ITEM19	FQ415-067 - Item 19	String	DropDownList	CPE_CONTRATOS	FQ415_067_ITEM19			Sim;Não;Não se aplica
OrdemServico	FQ415_067_ITEM2	FQ415-067 - Item 2	String	DropDownList	CPE_CONTRATOS	FQ415_067_ITEM2			Sim;Não;Não se aplica
OrdemServico	FQ415_067_ITEM20	FQ415-067 - Item 20	String	DropDownList	CPE_CONTRATOS	FQ415_067_ITEM20			Sim;Não;Não se aplica
OrdemServico	FQ415_067_ITEM21	FQ415-067 - Item 21	String	DropDownList	CPE_CONTRATOS	FQ415_067_ITEM21			Sim;Não;Não se aplica
OrdemServico	FQ415_067_ITEM22	FQ415-067 - Item 22	String	DropDownList	CPE_CONTRATOS	FQ415_067_ITEM22			Sim;Não;Não se aplica
OrdemServico	FQ415_067_ITEM23	FQ415-067 - Item 23	String	DropDownList	CPE_CONTRATOS	FQ415_067_ITEM23			Sim;Não;Não se aplica
OrdemServico	FQ415_067_ITEM24	FQ415-067 - Item 24	String	DropDownList	CPE_CONTRATOS	FQ415_067_ITEM24			Sim;Não;Não se aplica
OrdemServico	FQ415_067_ITEM25	FQ415-067 - Item 25	String	DropDownList	CPE_CONTRATOS	FQ415_067_ITEM25			Sim;Não;Não se aplica
OrdemServico	FQ415_067_ITEM26	FQ415-067 - Item 26	String	DropDownList	CPE_CONTRATOS	FQ415_067_ITEM26			Sim;Não;Não se aplica
OrdemServico	FQ415_067_ITEM27	FQ415-067 - Item 27	String	DropDownList	CPE_CONTRATOS	FQ415_067_ITEM27			Sim;Não;Não se aplica
OrdemServico	FQ415_067_ITEM28	FQ415-067 - Item 28	String	DropDownList	CPE_CONTRATOS	FQ415_067_ITEM28			Sim;Não;Não se aplica
OrdemServico	FQ415_067_ITEM29	FQ415-067 - Item 29	String	DropDownList	CPE_CONTRATOS	FQ415_067_ITEM29			Sim;Não;Não se aplica
OrdemServico	FQ415_067_ITEM3	FQ415-067 - Item 3	String	DropDownList	CPE_CONTRATOS	FQ415_067_ITEM3			Sim;Não;Não se aplica
OrdemServico	FQ415_067_ITEM30	FQ415-067 - Item 30	String	DropDownList	CPE_CONTRATOS	FQ415_067_ITEM30			Sim;Não;Não se aplica
OrdemServico	FQ415_067_ITEM31	FQ415-067 - Item 31	String	DropDownList	CPE_CONTRATOS	FQ415_067_ITEM31			Sim;Não;Não se aplica
OrdemServico	FQ415_067_ITEM32	FQ415-067 - Item 32	String	DropDownList	CPE_CONTRATOS	FQ415_067_ITEM32			Sim;Não;Não se aplica
OrdemServico	FQ415_067_ITEM33	FQ415-067 - Item 33	String	DropDownList	CPE_CONTRATOS	FQ415_067_ITEM33			Sim;Não;Não se aplica
OrdemServico	FQ415_067_ITEM34	FQ415-067 - Item 34	String	DropDownList	CPE_CONTRATOS	FQ415_067_ITEM34			Sim;Não;Não se aplica
OrdemServico	FQ415_067_ITEM35	FQ415-067 - Item 35	String	DropDownList	CPE_CONTRATOS	FQ415_067_ITEM35			Sim;Não;Não se aplica
OrdemServico	FQ415_067_ITEM36	FQ415-067 - Item 36	String	DropDownList	CPE_CONTRATOS	FQ415_067_ITEM36			Sim;Não;Não se aplica
OrdemServico	FQ415_067_ITEM37	FQ415-067 - Item 37	String	DropDownList	CPE_CONTRATOS	FQ415_067_ITEM37			Sim;Não;Não se aplica
OrdemServico	FQ415_067_ITEM38	FQ415-067 - Item 38	String	DropDownList	CPE_CONTRATOS	FQ415_067_ITEM38			Sim;Não;Não se aplica
OrdemServico	FQ415_067_ITEM39	FQ415-067 - Item 39	String	DropDownList	CPE_CONTRATOS	FQ415_067_ITEM39			Sim;Não;Não se aplica
OrdemServico	FQ415_067_ITEM4	FQ415-067 - Item 4	String	DropDownList	CPE_CONTRATOS	FQ415_067_ITEM4			Sim;Não;Não se aplica
OrdemServico	FQ415_067_ITEM40	FQ415-067 - Item 40	String	DropDownList	CPE_CONTRATOS	FQ415_067_ITEM40			Sim;Não;Não se aplica
OrdemServico	FQ415_067_ITEM41	FQ415-067 - Item 41	String	DropDownList	CPE_CONTRATOS	FQ415_067_ITEM41			Sim;Não;Não se aplica
OrdemServico	FQ415_067_ITEM42	FQ415-067 - Item 42	String	DropDownList	CPE_CONTRATOS	FQ415_067_ITEM42			Sim;Não;Não se aplica
OrdemServico	FQ415_067_ITEM5	FQ415-067 - Item 5	String	DropDownList	CPE_CONTRATOS	FQ415_067_ITEM5			Sim;Não;Não se aplica
OrdemServico	FQ415_067_ITEM6	FQ415-067 - Item 6	String	DropDownList	CPE_CONTRATOS	FQ415_067_ITEM6			Sim;Não se aplica
OrdemServico	FQ415_067_ITEM7	FQ415-067 - Item 7	String	DropDownList	CPE_CONTRATOS	FQ415_067_ITEM7			Sim;Não;Não se aplica
OrdemServico	FQ415_067_ITEM8	FQ415-067 - Item 8	String	DropDownList	CPE_CONTRATOS	FQ415_067_ITEM8			Sim;Não;Não se aplica
OrdemServico	FQ415_067_ITEM9	FQ415-067 - Item 9	String	DropDownList	CPE_CONTRATOS	FQ415_067_ITEM9			Sim;Não;Não se aplica
OrdemServico	FQ415_086_ITEM1	FQ415-086 - Item 1	String	DropDownList	CPE_CONTRATOS	FQ415_086_ITEM1			Sim;Não se aplica
OrdemServico	FQ415_086_ITEM10	FQ415-086 - Item 10	String	DropDownList	CPE_CONTRATOS	FQ415_086_ITEM10			Sim;Não se aplica
OrdemServico	FQ415_086_ITEM11	FQ415-086 - Item 11	String	DropDownList	CPE_CONTRATOS	FQ415_086_ITEM11			Sim;Não se aplica
OrdemServico	FQ415_086_ITEM12	FQ415-086 - Item 12	String	DropDownList	CPE_CONTRATOS	FQ415_086_ITEM12			Sim;Não se aplica
OrdemServico	FQ415_086_ITEM13	FQ415-086 - Item 13	String	DropDownList	CPE_CONTRATOS	FQ415_086_ITEM13			Sim;Não se aplica
OrdemServico	FQ415_086_ITEM14	FQ415-086 - Item 14	String	DropDownList	CPE_CONTRATOS	FQ415_086_ITEM14			Sim;Não se aplica
OrdemServico	FQ415_086_ITEM15	FQ415-086 - Item 15	String	DropDownList	CPE_CONTRATOS	FQ415_086_ITEM15			Sim;Não se aplica
OrdemServico	FQ415_086_ITEM16	FQ415-086 - Item 16	String	DropDownList	CPE_CONTRATOS	FQ415_086_ITEM16			Sim;Não se aplica
OrdemServico	FQ415_086_ITEM2	FQ415-086 - Item 2	String	DropDownList	CPE_CONTRATOS	FQ415_086_ITEM2			Sim;Não se aplica
OrdemServico	FQ415_086_ITEM3	FQ415-086 - Item 3	String	DropDownList	CPE_CONTRATOS	FQ415_086_ITEM3			Sim;Não se aplica
OrdemServico	FQ415_086_ITEM4	FQ415-086 - Item 4	String	DropDownList	CPE_CONTRATOS	FQ415_086_ITEM4			Sim;Não se aplica
OrdemServico	FQ415_086_ITEM5	FQ415-086 - Item 5	String	DropDownList	CPE_CONTRATOS	FQ415_086_ITEM5			Sim;Não se aplica
OrdemServico	FQ415_086_ITEM6	FQ415-086 - Item 6	String	DropDownList	CPE_CONTRATOS	FQ415_086_ITEM6			Sim;Não se aplica
OrdemServico	FQ415_086_ITEM7	FQ415-086 - Item 7	String	DropDownList	CPE_CONTRATOS	FQ415_086_ITEM7			Sim;Não se aplica
OrdemServico	FQ415_086_ITEM8	FQ415-086 - Item 8	String	DropDownList	CPE_CONTRATOS	FQ415_086_ITEM8			Sim;Não se aplica
OrdemServico	FQ415_086_ITEM9	FQ415-086 - Item 9	String	DropDownList	CPE_CONTRATOS	FQ415_086_ITEM9			Sim;Não se aplica
OrdemServico	FQS_AVALIACOES_DE_FORNECEDORES	FQs Avaliação de Fornecedores	RecordList	DataGrid	Z_00143_FQS_AVALIACOES_DE_FORNECEDORES	FQS_AVALIACOES_DE_FORNECEDORES			
OrdemServico	FQ_PARA_EXCEL	Converte FQ para Excel	RecordList	DataGrid	Z_00143_FQ_PARA_EXCEL	FQ_PARA_EXCEL			
OrdemServico	FREQUENCIA_DA_OCORRENCIA	Frequência da ocorrência	String	DropDownList	CPE_CONTRATOS02	FREQUENCIA_DA_OCORRENCIA	100		Diária;Semanal;Mensal
OrdemServico	FUNCAO	Função	String	DropDownList	CP_ORDEM_SERVICO	FUNCAO			ANALISTA DE TECNOLOGIA I;ANALISTA DE TECNOLOGIA II;ANALISTA DE TECNOLOGIA III;ANALISTA DE TECNOLOGIA IV;ASSESSOR EXEC DA
OrdemServico	FUNCAO_DAS	Função DAS	String	DropDownList	CP_ORDEM_SERVICO	FUNCAO_DAS			ANALISTA DE TECNOLOGIA I;ANALISTA DE TECNOLOGIA II;ANALISTA DE TECNOLOGIA III;ANALISTA DE TECNOLOGIA IV;ASSESSOR EXEC DA
OrdemServico	FUNCAO_DAS_NOMEA	Função DAS	String	DropDownList	CP_ORDEM_SERVICO	FUNCAO_DAS_NOMEA			ANALISTA DE TECNOLOGIA I; ANALISTA DE TECNOLOGIA II; ANALISTA DE TECNOLOGIA III; ANALISTA DE TECNOLOGIA IV; ASSESSOR JUN
OrdemServico	FUNCAO_DESLOCAMENTO	Função	String	TextBox	CPE_DESLOCAMENTO	FUNCAO_DESLOCAMENTO			
OrdemServico	FUNCAO_GRATIFICADA	Função gratificada	String	DropDownList	CP_ORDEM_SERVICO	FUNCAO_GRATIFICADA		S	
OrdemServico	FUNCAO_PDCI	Função	String	TextBox	CPE_PDCI2019	FUNCAO_PDCI			
OrdemServico	FUNCAO_PRESTA	Função	String	DropDownList	CP_ORDEM_SERVICO	FUNCAO_PRESTA			Operador;Conferente;Técnico de Operações - Documentos;Técnico de Operações - Qualidade;Técnico de Operações - Atendiment
OrdemServico	FUNCAO_RUBRICA	Função	String	Memo	CP_ORDEM_SERVICO	FUNCAO_RUBRICA	300		
OrdemServico	FUNCIONARIOS_CHAVES	Grupo de funcionários da BBTS	RecordList	DataGrid	Z_00186_FUNCIONARIOS_CHAVES	FUNCIONARIOS_CHAVES			
OrdemServico	FUNCIONARIOS_CONFECCAO	Grupo de funcionários da BBTS	RecordList	DataGrid	Z_00186_FUNCIONARIOS_CONFECCAO	FUNCIONARIOS_CONFECCAO			
OrdemServico	FUNCIONARIO_ATIVO	Funcionário Ativo	RecordList	DataGrid	Z_00143_FUNCIONARIO_ATIVO	FUNCIONARIO_ATIVO			
OrdemServico	FUNCIONARIO_INATIVO	Funcionario Inativo, Pensionista, Outros.	RecordList	DataGrid	Z_00143_FUNCIONARIO_INATIVO	FUNCIONARIO_INATIVO			
OrdemServico	FUNC_EMITENTE_NME_MATRICULA	Nome e Matrícula do Funcionário Emitente	RecordList	DataGrid	Z_00143_FUNC_EMITENTE_NME_MATRICULA	FUNC_EMITENTE_NME_MATRICULA			
OrdemServico	FUNDAMENTACAO	Fundamentação Legal	String	DropDownList	CPE_CSC	FUNDAMENTACAO			Aditivo;Apostilamento;Ata de Registro de Preço;Contrato;Convênio
OrdemServico	FUNDAMENTACAO_LEGAL	Fundamentação Legal	String	DropDownList	CP_ORDEM_SERVICO	FUNDAMENTACAO_LEGAL			Art.57.Inciso II - Lei 8.666/93;Art.57.Inciso IV - Lei 8.666/93;Art.24.Inciso IV - Lei 8.666/93;Fornecimento de Bens
OrdemServico	FUNDAMENTO_LEGAL	FUNDAMENTO_LEGAL	String	TextBox	CPE_CONTRATOS02	FUNDAMENTO_LEGAL			
OrdemServico	GCI	Alçada Geric	Boolean	CheckBox	CP_ORDEM_SERVICO	GCI			
OrdemServico	GEDIV	Alçada Gediv	Boolean	CheckBox	CPE_ORDEM_SERVICO	GEDIV			
OrdemServico	GEJUR_DEST	Gejur Destino	Boolean	CheckBox	CPE_FINANCEIRO	GEJUR_DEST			
OrdemServico	GEJUR_IDF_1	Das consultas feitas ao fornecedor de serviços jurídicos quanto à efetividade da defesa, qual foi o grau de satisfação?	String	DropDownList	CPE_CONTRATOS02	GEJUR_IDF_1			1;2;3;0
OrdemServico	GEJUR_IDF_2	Quanto à qualidade dos serviços prestados em que grau de satisfação o fornecedor se enquadra?	String	DropDownList	CPE_CONTRATOS02	GEJUR_IDF_2			1;2;3;0
OrdemServico	GEJUR_IDF_3	Das demandas postas pela BBTS sob a responsabilidade do prestador de serviços jurídicos, qual é o grau de satisfação quanto ao resultado dos serviços (audiência, diligências, atendimento, etc)?	String	DropDownList	CPE_CONTRATOS02	GEJUR_IDF_3			1;2;3;0
OrdemServico	GEJUR_IDF_4	Na condução dos processos postos pela BBTS sob a responsabilidade do prestador de serviços jurídicos, em que grau o mesmo poderá ser enquadrado quanto ao cumprimento dos prazos judiciais?	String	DropDownList	CPE_CONTRATOS02	GEJUR_IDF_4			1;2;3;0
OrdemServico	GEJUR_IDF_5	Quanto à efetividade/tempestividade no atendimento às solicitações da BBTS, em que grau o fornecedor de serviços é enquadrado?	String	DropDownList	CPE_CONTRATOS02	GEJUR_IDF_5			1;2;3;0
OrdemServico	GEJUR_IDF_6	Incidência/Resolução de ocorrências relacionada à execução do objeto contratual	String	DropDownList	CPE_CONTRATOS02	GEJUR_IDF_6			1;2;3;0
OrdemServico	GEJUR_ORI	Gejur Oirgem	Boolean	CheckBox	CPE_FINANCEIRO	GEJUR_ORI			
OrdemServico	GENERICO	Generico	String	DropDownList	CPE_CSC	GENERICO			Gestor do Contrato;Gestor imediato do Fiscal Administrativo
OrdemServico	GENERICO_NOVO	Generico novo	String	DropDownList	CPE_CSC	GENERICO_NOVO			Cadastro novo;Alteração de senha e Liberação de acesso
OrdemServico	GEPES_DEST	Gepes Destino	Boolean	CheckBox	CPE_FINANCEIRO	GEPES_DEST			
OrdemServico	GEPES_ORI	Gepes Aprova Origem	Boolean	CheckBox	CPE_FINANCEIRO	GEPES_ORI			
OrdemServico	GERADOR_DO_MOTIVO	Gerador do motivo da devolução	String	DropDownList	CPE_CONTRATOS	GERADOR_DO_MOTIVO			Cliente;Solucionador
OrdemServico	GERENCIAS	Gerência	String	DropDownList	CPE_CONTRATOS02	GERENCIAS			Geemp;Gejur;Geric;Gecob;Gered;Gerel;Gefic;Gepes;Gesap;Gesuc;Gesed;Getic;Gelop;Geape;Geati;Suseg;Proge;Gecor;Gesec;Gam;Ge
OrdemServico	GERENCIAS_FATURAMENTO	Gerências Faturamento	String	DropDownList	CPE_CONTRATOS02	GERENCIAS_FATURAMENTO			Gelop/Gered;Gecob;Gesec;Gepin;Gesit;Gecor;Geape;Outra
OrdemServico	GERENCIA_DIVISAO	Divisão	String	DropDownList	CPE_CSC	GERENCIA_DIVISAO		S	
OrdemServico	GERENCIA_EXECUTIVA	Gerência Executiva	String	DropDownList	CPE_CSC	GERENCIA_EXECUTIVA		S	
OrdemServico	GERENCIA_NEGOCIO	Gerência do Negócio (Sigla)	String	TextBox	CPE_CSC	GERENCIA_NEGOCIO			
OrdemServico	GERENTES_DE_CENTRO	Gerentes de Centro	String	DropDownList	CPE_CSC	GERENTES_DE_CENTRO		S	
OrdemServico	GERENTE_DE_DIVISAO	Gerentes de Divisão	String	DropDownList	CPE_CSC	GERENTE_DE_DIVISAO		S	
OrdemServico	GERENTE_EXECUTIVO_LISTA	Gerente Executivo	Integer	DropDownList	CPE_CSC	GERENTE_EXECUTIVO_LISTA		S	
OrdemServico	GERENTE_PROJETO	Gerente de Projeto	String	TextBox	CP_ORDEM_SERVICO	GERENTE_PROJETO			
OrdemServico	GERENTE_SERVICO	Gestor do Contrato	String	DropDownList	CPE_CONTRATOS02	GERENTE_SERVICO		S	
OrdemServico	GERENTE_SERVICO_SUP	Gestor Suplente do Contrato	String	DropDownList	CPE_CONTRATOS02	GERENTE_SERVICO_SUP		S	
OrdemServico	GEREX	Gerência Executiva	String	DropDownList	CP_ORDEM_SERVICO	GEREX		S	
OrdemServico	GEREXE	Alçada Gerex	Boolean	CheckBox	CP_ORDEM_SERVICO	GEREXE			
OrdemServico	GEREX_FAT	2º Gerex Aprovador	String	DropDownList	CPE_FINANCEIRO	GEREX_FAT		S	
OrdemServico	GER_DIV_RESPONSA	Gerência Divisão Responsável	String	DropDownList	CPE_ORDEM_SERVICO	GER_DIV_RESPONSA		S	
OrdemServico	GESAP_ACABAMENTOS	Demanda Gesap - Acabamentos	String	DropDownList	CPE_CONTRATOS02	GESAP_ACABAMENTOS			Revestimentos de Paredes;Revestimentos de Pisos;Forros;Pintura;Gesso e Drywall;Serralheria;Esquadrias;Vidraçaria
OrdemServico	GESAP_CONTRUCAO_CIVIL	Demanda Gesap - Contrução Civil	String	DropDownList	CPE_CONTRATOS02	GESAP_CONTRUCAO_CIVIL			Demolições e Remoções;Estruturas de Concreto;Alvenaria e Vedações;Coberturas e Telhados;Impermeabilização
OrdemServico	GESAP_INSTALACOES_ELETRICAS	Demanda Gesap - Instalações Elétricas	String	DropDownList	CPE_CONTRATOS02	GESAP_INSTALACOES_ELETRICAS			Serviços Elétricos;Tomadas e Interruptores;Iluminação;Quadros Elétricos;Aterramento
OrdemServico	GESAP_INSTALACOES_HIDROSSANITARIAS	Demanda Gesap - Instalações Hidrossanitárias	String	DropDownList	CPE_CONTRATOS02	GESAP_INSTALACOES_HIDROSSANITARIAS			Serviços Hidráulicos;Água Fria;Esgoto e Sanitário;Louças e Metais
OrdemServico	GESAP_REDES_E_SISTEMAS_ESPECIAIS	Demanda Gesap - Redes e Sistemas Especiais	String	DropDownList	CPE_CONTRATOS02	GESAP_REDES_E_SISTEMAS_ESPECIAIS			Rede Lógica;Cabeamento Estruturado;CFTV;Controle de Acesso;Sistemas de Alarme
OrdemServico	GESSO_E_DRYWALL_SOLICITACOES_GESAP	Gesso e Drywall - Solicitações Gesap	String	DropDownList	CPE_CONTRATOS02	GESSO_E_DRYWALL_SOLICITACOES_GESAP			Instalação de parede drywall;Reparo em drywall;Instalação de sanca;Reparo em gesso;Fechamento de abertura 
OrdemServico	GESTOR	Gestor	String	DropDownList	CPE_PESSOAS	GESTOR		S	
OrdemServico	GESTORCLIENTE	Gestor do cliente	String	DropDownList	CP_ORDEM_SERVICO	GESTORCLIENTE		S	
OrdemServico	GESTORES	Gestores dos Órgãos	String	DropDownList	CP_ORDEM_SERVICO	GESTORES		S	
OrdemServico	GESTORES_RESPONSA	Gerência Responsável	String	DropDownList	CP_ORDEM_SERVICO	GESTORES_RESPONSA		S	
OrdemServico	GESTORTECNICO	Gestor Imediato	String	DropDownList	CP_ORDEM_SERVICO	GESTORTECNICO		S	
OrdemServico	GESTOR_COLABORADOR	Gestor do Colaborador	String	DropDownList	CPE_NEGOCIOS	GESTOR_COLABORADOR		S	
OrdemServico	GESTOR_CONTRATO	Gestor do Contrato	RecordList	DataGrid	Z_00143_GESTOR_CONTRATO	GESTOR_CONTRATO			
OrdemServico	GESTOR_CONTRATO_SUP	Gestor do Contrato Suplente	String	DropDownList	CPE_CONTRATOS02	GESTOR_CONTRATO_SUP	1999	S	
OrdemServico	GESTOR_CONTRATO_TITU	DGCO	String	DropDownList	CPE_CONTRATOS02	GESTOR_CONTRATO_TITU	1999	S	
OrdemServico	GESTOR_DE_ITENS_GESAP	Gestor de Itens Gesap	String	DropDownList	CPE_CONTRATOS02	GESTOR_DE_ITENS_GESAP	2000		Aluguel (Bens Imóveis);Aluguel (Bens Móveis);Anúncios e Editais;Aplicação de Peças;Benfeitorias;Deslocamento a Serviço;D
OrdemServico	GESTOR_DO_COLABORADOR	Gestor do Colaborador	String	DropDownList	CPE_CSC	GESTOR_DO_COLABORADOR		S	
OrdemServico	GESTOR_DO_CONTRATO	Gestor demandante do contrato.	String	SearchList	CPE_CSC	GESTOR_DO_CONTRATO		S	
OrdemServico	GESTOR_DO_GESTOR	Gestor do Gestor do Empregado	String	DropDownList	CPE_PESSOAS	GESTOR_DO_GESTOR		S	
OrdemServico	GESTOR_IMEDIATO_FAVORECIDO	Gestor Imediato Favorecido	String	DropDownList	CPE_CONTRATOS02	GESTOR_IMEDIATO_FAVORECIDO		S	
OrdemServico	GESTOR_INFO	Necessária autorização do gestor da informação?	String	DropDownList	CP_ORDEM_SERVICO	GESTOR_INFO			Sim;Não
OrdemServico	GESTOR_LOCALIDADE	Gestor da Localidade	String	DropDownList	CPE_PESSOAS	GESTOR_LOCALIDADE		S	
OrdemServico	GESTOR_PADRAO	Gestor Padrão	Boolean	CheckBox	CPE_PESSOAS	GESTOR_PADRAO			
OrdemServico	GESTOR_PATRIMONIAL	Gestor Patrimonial do Órgão Destinatário	String	DropDownList	CP_ORDEM_SERVICO	GESTOR_PATRIMONIAL		S	
OrdemServico	GESTOR_PATRIMONIALEMI	Gestor Patrimonial do Órgão Emitente	String	DropDownList	CP_ORDEM_SERVICO	GESTOR_PATRIMONIALEMI		S	
OrdemServico	GESTOR_PESSOA	Gestor da área de Pessoas	String	DropDownList	CPE_PESSOAS	GESTOR_PESSOA			
OrdemServico	GESTOR_SERVICO	Fiscal do Serviço	RecordList	DataGrid	Z_00143_GESTOR_SERVICO	GESTOR_SERVICO			
OrdemServico	GESTOR_SERVICO_BBTS	Gestor do Serviço BBTS	RecordList	DataGrid	Z_00143_GESTOR_SERVICO_BBTS	GESTOR_SERVICO_BBTS			
OrdemServico	GESTOR_SOLICITA	Gestor da área do Solicitante	String	DropDownList	CPE_PESSOAS	GESTOR_SOLICITA			
OrdemServico	GESTOR_SOLICITA1	Gestor da área do Solicitante	String	TextBox	CPE_PESSOAS	GESTOR_SOLICITA1			
OrdemServico	GESTOR_SUPLENTE	Gestor Suplente	String	DropDownList	CPE_CONTRATOS02	GESTOR_SUPLENTE	1999	S	
OrdemServico	GESTOR_TITULAR	Gestor Titular	String	DropDownList	CPE_CONTRATOS02	GESTOR_TITULAR	1999	S	
OrdemServico	GLOSSARIO ITEM	GLOSS	String	DropDownList	CPE_FINANCEIRO	GLOSSARIO_ITEM			Aluguel (Bens Imóveis);Copa/Periódicos;Equipamentos/Móveis/Utensílios;Licenças de Software - Uso Infra TI;Manut. e Conse
OrdemServico	GOLIVE	Tipo de solicitação	String	DropDownList	CP_ORDEM_SERVICO	GOLIVE			Privilégio de acesso - Inclusão/Alteração;Alteração de senha
OrdemServico	GRADUACAO_VAGA	Graduações desejadas para a vaga	String	Memo	CPE_PESSOAS	GRADUACAO_VAGA	2000		
OrdemServico	GRAUDERISCO_DUEDILIGENCE	Grau de Risco	String	DropDownList	CPE_CONTRATOS	GRAUDERISCO_DUEDILIGENCE	1000		Alto;Médio;Baixo
OrdemServico	GRAU_CONFIDENCIALIDADE	Grau de confidencialidade	String	DropDownList	CP_ORDEM_SERVICO	GRAU_CONFIDENCIALIDADE			$10 - pública;$20 - interna;$30 - restrita;$40 - crítica ou confidencial
OrdemServico	GRAU_CONFIDENCIALIDADE2	Grau de confidencialidade	String	DropDownList	CP_ORDEM_SERVICO	GRAU_CONFIDENCIALIDADE2			#Ultraconfidencial;#Confidencial;#Interna;#Pública
OrdemServico	GRAU_PARENTE	Dados dos parentes que residem com o funcionário	RecordList	DataGrid	Z_00143_GRAU_PARENTE	GRAU_PARENTE			
OrdemServico	GRAU_SATISFACAO	Qual o seu grau de Satisfação Geral?	String	DropDownList	CPE_CJUR	GRAU_SATISFACAO			Péssimo;Ruim;Regular;Bom;Excelente;
OrdemServico	GRAVIDADE_DOD	Gravidade do possível prejuízo	String	DropDownList	CP_ORDEM_SERVICO	GRAVIDADE_DOD		S	
OrdemServico	GRAVIDADE_DOD_V2	Sem a solução de TI implantada, o prejuízo ou perda esperada anual seria de:	String	DropDownList	CP_ORDEM_SERVICO	GRAVIDADE_DOD_V2		S	
OrdemServico	GRIDINVENTARIO	Grid Inclusão de Inventário	RecordList	DataGrid	Z_00143_GRIDINVENTARIO	GRIDINVENTARIO			
OrdemServico	GRIDITENSPATRI	Cadastro de Itens Etiquetados	RecordList	DataGrid	Z_00143_GRIDITENSPATRI	GRIDITENSPATRI			
OrdemServico	GRIDITENSSEMRECU	Cadastrar Itens sem Reparo	RecordList	DataGrid	Z_00143_GRIDITENSSEMRECU	GRIDITENSSEMRECU			
OrdemServico	GRIDREGISTROATIV	Cadastrar Registro de Atividades Críticas	RecordList	DataGrid	Z_00143_GRIDREGISTROATIV	GRIDREGISTROATIV			
OrdemServico	GRID_AMBIENTE	GRID_AMBIENTE	RecordList	DataGrid	Z_00143_GRID_AMBIENTE	GRID_AMBIENTE			
OrdemServico	GRID_AVALIACAO	Avaliação de Fornecedor	RecordList	DataGrid	Z_00143_GRID_AVALIACAO	GRID_AVALIACAO			
OrdemServico	GRID_AVALIACOES	Grid Avaliações	RecordList	DataGrid	Z_00143_GRID_AVALIACOES	GRID_AVALIACOES			
OrdemServico	GRID_CESEC_APORTE	Grid pro Cesec Preencher os dados da prestação de contas na planilha online	RecordList	DataGrid	Z_00143_GRID_CESEC_APORTE	GRID_CESEC_APORTE			
OrdemServico	GRID_CHIP	GRID_CHIP	RecordList	DataGrid	Z_00143_GRID_CHIP	GRID_CHIP			
OrdemServico	GRID_CHIP_LOTE	GRID_CHIP	RecordList	DataGrid	Z_00143_GRID_CHIP_LOTE	GRID_CHIP_LOTE			
OrdemServico	GRID_COMITES	Grid Comitês	RecordList	DataGrid	Z_00143_GRID_COMITES	GRID_COMITES			
OrdemServico	GRID_DESIGNACAO	Designações	RecordList	DataGrid	Z_00143_GRID_DESIGNACAO	GRID_DESIGNACAO			
OrdemServico	GRID_DESIGNACAO_2	Designações	RecordList	DataGrid	Z_00143_GRID_DESIGNACAO_2	GRID_DESIGNACAO_2			
OrdemServico	GRID_DESIGNACAO_CLIENTES	Designações	RecordList	DataGrid	Z_00143_GRID_DESIGNACAO_CLIENTES	GRID_DESIGNACAO_CLIENTES			
OrdemServico	GRID_DESIGNACAO_CLIENTES_DCC	Designações	RecordList	DataGrid	Z_00143_GRID_DESIGNACAO_CLIENTES_DCC	GRID_DESIGNACAO_CLIENTES_DCC			
OrdemServico	GRID_DESIGNACAO_DICOC	Designações 	RecordList	DataGrid	Z_00143_GRID_DESIGNACAO_DICOC	GRID_DESIGNACAO_DICOC			
OrdemServico	GRID_DESIGNACAO_P_COMISSAO	Designações	RecordList	DataGrid	Z_00143_GRID_DESIGNACAO_P_COMISSAO	GRID_DESIGNACAO_P_COMISSAO			
OrdemServico	GRID_DESIGNACAO_SEM_COMISSAO	Designações	RecordList	DataGrid	Z_00143_GRID_DESIGNACAO_SEM_COMISSAO	GRID_DESIGNACAO_SEM_COMISSAO			
OrdemServico	GRID_ERROS	GRID ERROS	RecordList	DataGrid	Z_00143_GRID_ERROS	GRID_ERROS			
OrdemServico	GRID_FROTA	Grid Frota	RecordList	DataGrid	Z_00143_GRID_FROTA	ID_ITEM			
OrdemServico	GRID_FROTA_PS	Grid Frota	RecordList	DataGrid	Z_00143_GRID_FROTA_PS	GRID_FROTA_PS			
OrdemServico	GRID_IDF	GRID_IDF	RecordList	DataGrid	Z_00143_GRID_IDF	GRID_IDF			
OrdemServico	GRID_NF	Grid de Emissão de notas Fiscais	RecordList	DataGrid	Z_00143_GRID_NF	GRID_NF			
OrdemServico	GRID_OC	OC para aprovação	RecordList	DataGrid	Z_00143_GRID_OC	GRID_OC			
OrdemServico	GRID_OC2	OC para aprovação	RecordList	DataGrid	Z_00143_GRID_OC2	GRID_OC2			
OrdemServico	GRID_PESSOAS	Grid Pessoas	RecordList	DataGrid	Z_00143_GRID_PESSOAS	GRID_PESSOAS			
OrdemServico	GRID_PV	Grid PV	RecordList	DataGrid	Z_00143_GRID_PV	GRID_PV			
OrdemServico	GRID_SERVICOS	Serviços	RecordList	DataGrid	Z_00143_GRID_SERVICOS	GRID_SERVICOS			
OrdemServico	GRID_TESTE123	Grid Teste	RecordList	DataGrid	Z_00143_GRID_TESTE123	GRID_TESTE123			
OrdemServico	GRID_TEST_CSV	GRID TESTE CSV	RecordList	DataGrid	Z_00143_GRID_TEST_CSV	GRID_TEST_CSV			
OrdemServico	GRID_TR_CAT	Grid TRs e CATs	RecordList	DataGrid	Z_00143_GRID_TR_CAT	GRID_TR_CAT			
OrdemServico	GRID_VALORES_NF	Grid Valores NF	RecordList	DataGrid	Z_00143_GRID_VALORES_NF	GRID_VALORES_NF			
OrdemServico	GRUPOS ESPECIALISTAS EXTERNOS	Grupos de especialistas externos à área de TI	String	DropDownList	CP_ORDEM_SERVICO	GRUPOS_ESPECIALISTAS_EXTERNOS			Suporte ERP;Serviços Gerais;Manut-Hw
OrdemServico	GRUPOS_DA_BBTS	Grupos da BBTS	RecordList	DataGrid	Z_00143_GRUPOS_DA_BBTS	GRUPOS_DA_BBTS			
OrdemServico	GRUPOS_DE_ACESSO	Grupos de acesso	String	DropDownList	CPE_CSC	GRUPOS_DE_ACESSO			BBTS TI;Cecan Rio - Administrativo;Cecan Rio - MDP;Cecan Rio - Operações;Cecan Rio - TI;Cecan Rio (Administrativo) + Est
OrdemServico	GRUPOS_DE_TRABALHO_GESAP	Grupos de Trabalho	RecordList	DataGrid	Z_00143_GRUPOS_DE_TRABALHO_GESAP	GRUPOS_DE_TRABALHO_GESAP			
OrdemServico	GRUPOS_EXTERNOS_DA_BBTS	Grupos Externos da BBTS	String	DropDownList	CPE_CSC	GRUPOS_EXTERNOS_DA_BBTS	2000		Equipe de Limpeza;Equipe de Manutenção;Equipe de Segurança;Fiscais do Banco do Brasil;PCD Visitante;Visitante
OrdemServico	GRUPO_DE_TRABALHO_GESAP	Grupos de Trabalho	RecordList	DataGrid	Z_00143_GRUPO_DE_TRABALHO_GESAP	GRUPO_DE_TRABALHO_GESAP			
OrdemServico	GRUPO_EMAIL	Grupo de e-mail	String	DropDownList	CP_ORDEM_SERVICO	GRUPO_EMAIL			Todos os Colaboradores;Todos os Gerentes Executivos;Todos os Gerentes de Divisão
OrdemServico	GRUPO_FUNCIONARIOS	Grupo de funcionários da BBTS	RecordList	DataGrid	Z_00186_GRUPO_FUNCIONARIOS	GRUPO_FUNCIONARIOS			
OrdemServico	GRUPO_PROJETO	Grupo do Projeto	String	Memo	CP_ORDEM_SERVICO	GRUPO_PROJETO			
OrdemServico	GRUPO_USUARIO	Grupo de usuários	RecordList	DataGrid	Z_00186_GRUPO_USUARIO	GRUPO_USUARIO			
OrdemServico	GRUPO_VISITANTE	Grupo de não funcionários da BBTS	RecordList	DataGrid	Z_00186_GRUPO_VISITANTE	GRUPO_VISITANTE			
OrdemServico	GUIASJUDICIAIS	Guias de pagamento	RecordList	DataGrid	Z_00143_GUIASJUDICIAIS	GUIASJUDICIAIS			
OrdemServico	GUIAS_TRABALHISTAS_TRIBUTARIAS	Guias Trabalhistas e Tributárias	RecordList	DataGrid	Z_00143_GUIAS_TRABALHISTAS_TRIBUTARIAS	GUIAS_TRABALHISTAS_TRIBUTARIAS			
OrdemServico	HARDWARE	Equipamento	String	TextBox	CP_ORDEM_SERVICO	HARDWARE			
OrdemServico	HIERARQUIA_SUPRAVIZIO	Selecione a hierarquia de serviços	String	DropDownList	CPE_CSC	HIERARQUIA_SUPRAVIZIO		S	
OrdemServico	HISTORICO_APURADOR	Histórico de Apuradores	RecordList	DataGrid	Z_00143_HISTORICO_APURADOR	HISTORICO_APURADOR			
OrdemServico	HISTORICO_M	HISTORICO_M	String	TextBox	CPE_CSC	HISTORICO_M			
OrdemServico	HORARIOS	Horários	String	DropDownList	CPE_CONTRATOS	HORARIOS			08:00;09:00;10:00;11:00;14:00;15:00;16:00;17:00;18:00
OrdemServico	HORARIO_COBERTURA	Horário de cobertura	String	TextBox	CP_ORDEM_SERVICO	HORARIO_COBERTURA			
OrdemServico	HORARIO_ESTAG	Horário do estágio (o estagiário deverá cumprir 6 horas diárias)	String	DropDownList	CP_ORDEM_SERVICO	HORARIO_ESTAG			08:00-15:00;08:30-15:30;09:00-16:00
OrdemServico	HORARIO_JOVEM_APRENDIZ	Horário do Jovem Aprendiz	String	DropDownList	CPE_CSC	HORARIO_JOVEM_APRENDIZ			Matutino;Vespertino
OrdemServico	HORA_ENTRADA	Hora Entrada	String	TextBox	CP_ORDEM_SERVICO	HORA_ENTRADA	80		
OrdemServico	HORA_EXECUCAO	Horário ideal para execução	String	TextBox	CP_ORDEM_SERVICO	HORA_EXECUCAO			
OrdemServico	HORA_EXTRA	Hora extra a pagar?	String	DropDownList	CP_ORDEM_SERVICO	HORA_EXTRA			Não;Sim
OrdemServico	HORA_FIM	Hora Fim	String	TextBox	CP_ORDEM_SERVICO	HORA_FIM	80		
OrdemServico	HORA_INICIO	Hora início	String	TextBox	CP_ORDEM_SERVICO	HORA_INICIO	80		
OrdemServico	HORA_PROPOSTA	Data e hora da execução proposta	DateTime	TextBox	CP_ORDEM_SERVICO	EXECUCAO_PROPOSTA			
OrdemServico	HORA_SAIDA	Hora Saída	String	TextBox	CP_ORDEM_SERVICO	HORA_SAIDA	80		
OrdemServico	HORA_VALIDADE_PASSAGEM	Até as Horas	String	TextBox	CPE_DESLOCAMENTO	HORA_VALIDADE_PASSAGEM			
OrdemServico	HOSPEDA	Hospedagem/Pecúnia	String	DropDownList	CPE_MOVIMENTACAO_PESSOA	HOSPEDA			 Opto pelo recebimento do valor em pecúnia; Opto por 15 dias de hotel;Não se aplica
OrdemServico	ICMS_CONSULTA_FISCO	ICMS	Decimal	TextBox	CPE_CSC	ICMS_CONSULTA_FISCO			
OrdemServico	IDADE	Idade	String	TextBox	CPE_PDCI2019	IDADE			
OrdemServico	IDADE_VACIN	Idade	String	DropDownList	CPE_CSC	IDADE_VACIN			De 06 a 18 meses;Acima de 18 meses
OrdemServico	IDENTIFICACAO_DOD	Identificação da Demanda	String	TextBox	CP_ORDEM_SERVICO	IDENTIFICACAO_DOD	90		
OrdemServico	ID_CATEGORIA	Categoria	Integer	TextBox	CPE_ORDEM_SERVICO	ID_CATEGORIA			
OrdemServico	ID_DESIGNACAO	ID Designação	String	TextBox	CPE_CONTRATOS02	ID_DESIGNACAO	1500		
OrdemServico	ID_DOCUMENTOS_FISCAIS	ID_DOCUMENTOS_FISCAIS	String	TextBox	CPE_CONTRATOS02	ID_DOCUMENTOS_FISCAIS			
OrdemServico	ID_ISS_RETIDO	ID do ISS retido	String	TextBox	CPE_PESSOAS	ID_ISS_RETIDO			
OrdemServico	ID_MEDICAO	ID_MEDICAO	String	TextBox	CPE_CONTRATOS02	ID_MEDICAO			
OrdemServico	ID_ORGAO_DESTINO	Orgão Destino	String	TextBox	CP_ORDEM_SERVICO	ID_ORGAO_DESTINO			
OrdemServico	ID_ORGAO_ORIGEM	Orgão Origem	String	TextBox	CP_ORDEM_SERVICO	ID_ORGAO_ORIGEM			
OrdemServico	ID_PERSON	ID pessoa ERP	String	TextBox	CP_ORDEM_SERVICO	ID_PERSON			
OrdemServico	ID_V360	ID do V-360	String	TextBox	CPE_CONTRATOS	ID_V360			
OrdemServico	ILUMINACAO_SOLICITACOES_GESAP	Iluminação - Solicitações Gesap	String	DropDownList	CPE_CONTRATOS02	ILUMINACAO_SOLICITACOES_GESAP			Troca de lâmpada;Instalação de luminária;Instalação de refletor;Reparo de iluminação;Instalação de sensor de presença   
OrdemServico	IMAGEM_DOD	Promove a imagem da empresa?	String	DropDownList	CP_ORDEM_SERVICO	IMAGEM_DOD		S	
OrdemServico	IMAGEM_DOD_V2	A solicitação promove a imagem da empresa?	String	DropDownList	CP_ORDEM_SERVICO	IMAGEM_DOD_V2		S	
OrdemServico	IMEI_APARELHO	IMEI do aparelho	String	TextBox	CP_ORDEM_SERVICO	IMEI_APARELHO	15		
OrdemServico	IMEI_CHIP	IMEI do chip	String	TextBox	CP_ORDEM_SERVICO	IMEI_CHIP	20		
OrdemServico	IMPACTO_DOD	Haverá impacto na empresa?	String	DropDownList	CP_ORDEM_SERVICO	IMPACTO_DOD		S	
OrdemServico	IMPACTO_DOD_V2	A utilização da solução trará um retorno financeiro anual estimado de:	String	DropDownList	CP_ORDEM_SERVICO	IMPACTO_DOD_V2		S	
OrdemServico	IMPERMEABILIZACAO_SOLICITACOES_GESAP	Impermeabilização - Solicitações Gesap	String	DropDownList	CPE_CONTRATOS02	IMPERMEABILIZACAO_SOLICITACOES_GESAP			Impermeabilização de laje;Impermeabilização de parede;Tratamento de infiltração;Vedação de juntas
OrdemServico	IMPOSTOS_TAXAS	Impostos e taxas (Boletos)	RecordList	DataGrid	Z_00143_IMPOSTOS_TAXAS	IMPOSTOS_TAXAS			
OrdemServico	IMPOSTO_RETIDO	Impostos Retidos:	RecordList	DataGrid	Z_00143_IMPOSTO_RETIDO	IMPOSTO_RETIDO			
OrdemServico	INC BENF	INC BENF	String	TextBox	CPE_CSC	INC_BENF			
OrdemServico	INCIDENCIA_RESOLU1	Incidência/Resolução de ocorrências relacionadas à execução do objeto contratual	String	DropDownList	CPE_CONTRATOS	INCIDENCIA_RESOLU1			1;2;3;0
OrdemServico	INCIDENCIA_RESOLU2	Incidência/Resolução de ocorrências relacionadas à execução do objeto contratual	String	DropDownList	CPE_CONTRATOS	INCIDENCIA_RESOLU2			1;2;3
OrdemServico	INCIDENCIA_RESOLU_AVALI	Incidência/Resolução de ocorrências relacionadas à execução do objeto contratual	String	DropDownList	CPE_CONTRATOS	INCIDENCIA_RESOLU_AVALI			1;2;3;0
OrdemServico	INCIDE_INSS	Incide INSS ?	String	DropDownList	CP_ORDEM_SERVICO	INCIDE_INSS			Sim;Não
OrdemServico	INDENIZACAO_PECUNIARIA	Indenização Pecuniária	String	TextBox	CPE_PDCI2019	INDENIZACAO_PECUNIARIA			
OrdemServico	INDICACAO_E_MANUTENCAOAVALI1	Indicação e manutenção de um preposto no local da execução do serviço, conforme a frequência determinada no contrato, representando um canal de comunicação entre a BB Tecnologia e Serviços e a empresa contratada, evitando assim a caracterização de subordinação hierárquica entre funcionários terceirizados e o fiscal do serviço	String	DropDownList	CPE_CONTRATOS	INDICACAO_E_MANUTENCAOAVALI1			1;2;3;0
OrdemServico	INDICACAO_E_MANUTENCAOAVALI2	Indicação e manutenção de um preposto no local da execução do serviço, conforme a frequência determinada no contrato, representando um canal de comunicação entre a BB Tecnologia e Serviços e a empresa contratada, evitando assim a caracterização de subordinação hierárquica entre funcionários terceirizados e o fiscal do serviço	String	DropDownList	CPE_CONTRATOS	INDICACAO_E_MANUTENCAOAVALI2			1;2;3
OrdemServico	INDICADOR_DE_CONTRIBUINTE	Indicador de Contribuinte	String	DropDownList	CPE_CSC	INDICADOR_DE_CONTRIBUINTE			
OrdemServico	INDICADOR_MULTISKILL	Selecione o Indicador da Competência Multiskill	String	DropDownList	CPE_CONTRATOS02	INDICADOR_MULTISKILL		S	
OrdemServico	INDICADOS_SUPLENTES	Indicados Suplentes	String	TextBox	CPE_PESSOAS	INDICADOS_SUPLENTES			
OrdemServico	INDICADOS_TITULARES	Indicados Titulares	String	TextBox	CPE_PESSOAS	INDICADOS_TITULARES			
OrdemServico	INDICA_CONSUMIDOR_FINAL	Indica Consumidor Final	String	DropDownList	CPE_CSC	INDICA_CONSUMIDOR_FINAL			0 - contribuinte de ICMS (tem inscrição estadual);1 - não é contribuinte de ICMS (não tem inscrição estadual)
OrdemServico	INDICA_MANUAVALI	Indicação e manutenção de um preposto no local da execução do serviço, conforme a frequência determinada no contrato, 	String	DropDownList	CPE_CONTRATOS	INDICA_MANUAVALI			1;2;3;0
OrdemServico	INDICA_MANUAVALI2	Indicação e manutenção de um preposto no local da execução do serviço, conforme a frequência determinada no contrato, 	String	DropDownList	CPE_CONTRATOS	INDICA_MANUAVALI2			1;2;3;0
OrdemServico	INDIQUEUOR	INDIQUEUOR	String	TextBox	CPE_CONTRATOS02	INDIQUEUOR			
OrdemServico	INDIQUE_SERVICO_AVALIADO	Indique o subprocesso avaliado	String	DropDownList	CPE_NEGOCIOS	INDIQUE_SERVICO_AVALIADO		S	
OrdemServico	INDIQUE_SERVICO_AVALIADO2	Indique o serviço avaliado	String	TextBox	CPE_NEGOCIOS	INDIQUE_SERVICO_AVALIADO2			
OrdemServico	INFOR	INFOR	String	TextBox	CPE_ASSTECNICA	INFOR			
OrdemServico	INFORMACAO_FATURAMENTO	Informações para Faturamento	RecordList	DataGrid	Z_00143_INFORMACAO_FATURAMENTO	INFORMACAO_FATURAMENTO			
OrdemServico	INFORMACOES_BENEFICIARIO	Informações Beneficiario	RecordList	DataGrid	Z_00143_INFORMACOES_BENEFICIARIO	INFORMACOES_BENEFICIARIO			
OrdemServico	INFORMACOES_BENEFICIARIO2	Informações Beneficiario	RecordList	DataGrid	Z_00143_INFORMACOES_BENEFICIARIO2	INFORMACOES_BENEFICIARIO2			
OrdemServico	INFORMACOES_BENEFICIARIO3	Informações Beneficiario	RecordList	DataGrid	Z_00143_INFORMACOES_BENEFICIARIO3	INFORMACOES_BENEFICIARIO3			
OrdemServico	INFORMACOES_BENEFICIARIO4	Informações Beneficiario	RecordList	DataGrid	Z_00143_INFORMACOES_BENEFICIARIO4	INFORMACOES_BENEFICIARIO4			
OrdemServico	INFORMACOES_DAS_OS_REMANEJADAS	Informações das OS remanejadas	RecordList	DataGrid	Z_00143_INFORMACOES_DAS_OS_REMANEJADAS	INFORMACOES_DAS_OS_REMANEJADAS			
OrdemServico	INFORMACOES_DE_RATEIO	Informações de Rateio	RecordList	DataGrid	Z_00143_INFORMACOES_DE_RATEIO	INFORMACOES_DE_RATEIO			
OrdemServico	INFORMACOES_PARA_O_PROGRAMA_VALOR	Informações para o Programa Valor	RecordList	DataGrid	Z_00143_INFORMACOES_PARA_O_PROGRAMA_VALOR	INFORMACOES_PARA_O_PROGRAMA_VALOR			
OrdemServico	INFORMACOES_PARA_O_PROGRAMA_VALOR_0	Informações para o Programa Valor 0	RecordList	DataGrid	Z_00143_INFORMACOES_PARA_O_PROGRAMA_VALOR_0	INFORMACOES_PARA_O_PROGRAMA_VALOR_0			
OrdemServico	INFORMACOES_PARA_O_PROGRAMA_VALOR_1	Informações para o Programa Valor 1	RecordList	DataGrid	Z_00143_INFORMACOES_PARA_O_PROGRAMA_VALOR_1	INFORMACOES_PARA_O_PROGRAMA_VALOR_1			
OrdemServico	INFORMACOES_PARA_O_PROGRAMA_VALOR_2	Informações para o Programa Valor 2	RecordList	DataGrid	Z_00143_INFORMACOES_PARA_O_PROGRAMA_VALOR_2	INFORMACOES_PARA_O_PROGRAMA_VALOR_2			
OrdemServico	INFORMACOES_PARA_O_PROGRAMA_VALOR_4	Informações para o Programa Valor 4	RecordList	DataGrid	Z_00143_INFORMACOES_PARA_O_PROGRAMA_VALOR_4	INFORMACOES_PARA_O_PROGRAMA_VALOR_4			
OrdemServico	INFORMACOES_PARA_REMANEJAMENTO_OS	Informações para remanejamento de OS	RecordList	DataGrid	Z_00143_INFORMACOES_PARA_REMANEJAMENTO_OS	INFORMACOES_PARA_REMANEJAMENTO_OS			
OrdemServico	INFORMACOES_REMANEJAMENTO_OS_NOVO	Informações para remanejamento de OS	RecordList	DataGrid	Z_00143_INFORMACOES_REMANEJAMENTO_OS_NOVO	INFORMACOES_REMANEJAMENTO_OS_NOVO			
OrdemServico	INFORMACOE_CONTRATO	Informações referente aos Cotratos Fornecedores	RecordList	DataGrid	Z_00143_INFORMACOE_CONTRATO	INFORMACOE_CONTRATO			
OrdemServico	INFORMAR_DOCUMENTO	Informe o tipo de documento a ser inserido no Gescon	String	DropDownList	CPE_CSC	INFORMAR_DOCUMENTO			Contrato; Aditivo; Ata de Registro de Preço; Apostilamento
OrdemServico	INFORMATIVO_CESEC	Informativo	String	Label	CPE_CSC	INFORMATIVO_CESEC	1500		
OrdemServico	INFORMCACOES_DE_RATEIO_AUTO	Informações de Rateio AUTO	RecordList	DataGrid	Z_00143_INFORMCACOES_DE_RATEIO_AUTO	INFORMCACOES_DE_RATEIO_AUTO			
OrdemServico	INFORM_ENTREGA_ALMOX	Informações de Entrega:	RecordList	DataGrid	Z_00143_INFORM_ENTREGA_ALMOX	INFORM_ENTREGA_ALMOX			
OrdemServico	INFOS_COMPLEMENTARES	Informações complementares	RecordList	DataGrid	Z_00143_INFOS_COMPLEMENTARES	INFOS_COMPLEMENTARES			
OrdemServico	INFO_COMPLEMENTARES	Informações complementares	RecordList	DataGrid	Z_00143_INFO_COMPLEMENTARES	INFO_COMPLEMENTARES			
OrdemServico	INFO_COMPLEMENTAR_1	Informações complementares	RecordList	DataGrid	Z_00143_INFO_COMPLEMENTAR_1	INFO_COMPLEMENTAR_1			
OrdemServico	INFO_COMPLEMENTAR_2	Informações complementares	RecordList	DataGrid	Z_00143_INFO_COMPLEMENTAR_2	INFO_COMPLEMENTAR_2			
OrdemServico	INFO_COMPLEM_1	Informações complementares	RecordList	DataGrid	Z_00143_INFO_COMPLEM_1	INFO_COMPLEM_1			
OrdemServico	INFO_COMPLEM_2	Informações complementares	RecordList	DataGrid	Z_00143_INFO_COMPLEM_2	INFO_COMPLEM_2			
OrdemServico	INFO_DEPENDENTE	Informações Dependentes	RecordList	DataGrid	Z_00143_INFO_DEPENDENTE	INFO_DEPENDENTE			
OrdemServico	INFO_FOLHA_PAGAMENTO_BONIFICACAO	Bonificação - Informações para folha de pagamento	RecordList	DataGrid	Z_00143_INFO_FOLHA_PAGAMENTO_BONIFICACAO	INFO_FOLHA_PAGAMENTO_BONIFICACAO			
OrdemServico	INFO_FOLHA_PAGAMENTO_HORAS_EXTRAS	Informações para folha de pagamento	RecordList	DataGrid	Z_00143_INFO_FOLHA_PAGAMENTO_HORAS_EXTRAS	INFO_FOLHA_PAGAMENTO_HORAS_EXTRAS			
OrdemServico	INFO_FOLHA_PAGAMENTO_PERICULOSIDADE	Adicional de Periculosidade - Informações para folha de pagamento	RecordList	DataGrid	Z_00143_INFO_FOLHA_PAGAMENTO_PERICULOSIDADE	INFO_FOLHA_PAGAMENTO_PERICULOSIDADE			
OrdemServico	INFO_IMOBREP	Grid para o serviço Ativos ImobRep.	RecordList	DataGrid	Z_00143_INFO_IMOBREP	INFO_IMOBREP			
OrdemServico	INFO_REPARO	Grid para o serviço de Reparo Especial.	RecordList	DataGrid	Z_00143_INFO_REPARO	INFO_REPARO			
OrdemServico	INF_CONTRATOS_FORNEC	Informações Referente aos Contratos Fornecedores	RecordList	DataGrid	Z_00143_INF_CONTRATOS_FORNEC	INF_CONTRATOS_FORNEC			
OrdemServico	INICIATIVA_EC	Iniciativa da estratégia corporativa	String	DropDownList	CP_ORDEM_SERVICO	INICIATIVA_EC		S	
OrdemServico	INICIOPERIODO1	Início do primeiro período	DateTime	DatePicker	CPE_PESSOAS	INICIOPERIODO1			
OrdemServico	INICIOPERIODO2	Início do segundo período	DateTime	DatePicker	CPE_PESSOAS	INICIOPERIODO2			
OrdemServico	INICIO_LIC_MATERNIDADE_CID	Inicio licença maternidade cidadã	DateTime	DatePicker	CPE_CSC	INICIO_LIC_MATERNIDADE_CID			
OrdemServico	INICIO_MATERNIDADE	Inicio maternidade	DateTime	DatePicker	CPE_CSC	INICIO_MATERNIDADE			
OrdemServico	INIC_LIC_AMAMENTACAO	Inicio licença amamentação	DateTime	DatePicker	CPE_CSC	INIC_LIC_AMAMENTACAO			
OrdemServico	INSPECAO_AVALI	Inspeção dos postos de vigilância de acordo com a rotina contratada	String	DropDownList	CPE_CONTRATOS	INSPECAO_AVALI			
OrdemServico	INSS	INSS	RecordList	DataGrid	Z_00143_INSS	INSS			
OrdemServico	INSS_ALIQUOTA	INSS - Alíquota	String	TextBox	CPE_CSC	INSS_ALIQUOTA			
OrdemServico	INSS_BASE_LEGAL	INSS - Base Legal	String	Memo	CPE_CSC	INSS_BASE_LEGAL	2000		
OrdemServico	INSS_CONSULTA_FISCO	INSS	Decimal	TextBox	CPE_CSC	INSS_CONSULTA_FISCO			
OrdemServico	INSS_INFO_ESTABILIDADE_RESPOSTA	Resposta de informações de estabilidade - afastamento	RecordList	DataGrid	Z_00143_INSS_INFO_ESTABILIDADE_RESPOSTA	INSS_INFO_ESTABILIDADE_RESPOSTA			
OrdemServico	INSS_RETENCAO	INSS - Retenção de imposto?	String	DropDownList	CPE_CSC	INSS_RETENCAO			Sim;Não
OrdemServico	INSTALACAO_SOFTWARE	Instalação de Software?	Boolean	CheckBox	CP_ORDEM_SERVICO	INSTALACAO_SOFTWARE			
OrdemServico	INSTANCIA	Instância	String	TextBox	CP_ORDEM_SERVICO	INSTANCIA			
OrdemServico	INSTITUICAO_DE_ENSINO	instituição de ensino	String	TextBox	CPE_BENEFICIOS_RH	INSTITUICAO_DE_ENSINO			
OrdemServico	INSTRUCAO_FORNECEDOR	Instruções para o Fornecedor	String	Memo	CPE_CSC	INSTRUCAO_FORNECEDOR	2000		
OrdemServico	INSTRUCOES	Instruções de preenchimento	String	Memo	CP_ORDEM_SERVICO	INSTRUCOES			
OrdemServico	INSUMOS_PARA_FQ412_034	Insumos para o FQ412-034	RecordList	DataGrid	Z_00143_INSUMOS_PARA_FQ412_034	INSUMOS_PARA_FQ412_034			
OrdemServico	INSUMOS_PARA_FQ415_075	Insumos para o FQ415-075	RecordList	DataGrid	Z_00143_INSUMOS_PARA_FQ415_075	INSUMOS_PARA_FQ415_075			
OrdemServico	INSUMOS_PARA_PDPEP	Insumos para PDPEP	RecordList	DataGrid	Z_00143_INSUMOS_PARA_PDPEP	INSUMOS_PARA_PDPEP			
OrdemServico	INSUMOS_PARA_SOLICITACAO	Insumos para solicitação PDPEP	RecordList	DataGrid	Z_00143_INSUMOS_PARA_SOLICITACAO	INSUMOS_PARA_SOLICITACAO			
OrdemServico	INTEGRAL_PROPORCIONAL	Integral ou Proporcional:	String	DropDownList	CPE_CSC	INTEGRAL_PROPORCIONAL			Integral;Proporcional
OrdemServico	INTEGRIDADE_BENSAVALI	Integridade dos bens	String	DropDownList	CPE_CONTRATOS	INTEGRIDADE_BENSAVALI			1;2;3;0
OrdemServico	INTERACAO_SIST	A solução fará interação com outras soluções ou sistemas da BBTS?	String	DropDownList	CP_ORDEM_SERVICO	INTERACAO_SIST			Sim;Não
OrdemServico	INTERVENIENTES_DOD	Intervenientes	String	Memo	CP_ORDEM_SERVICO	INTERVENIENTES_DOD	2000		
OrdemServico	INVENTARIO_DADOS1	Dados	RecordList	DataGrid	Z_00143_INVENTARIO_DADOS1	INVENTARIO_DADOS1			
OrdemServico	IP_LAN	IP LAN	String	TextBox	CP_ORDEM_SERVICO	IP_LAN			
OrdemServico	IP_NOME_HOST	IP_NOME_HOST	RecordList	DataGrid	Z_00143_IP_NOME_HOST	IP_NOME_HOST			
OrdemServico	IP_PVV	IP	String	TextBox	CP_ORDEM_SERVICO	IP_PVV			
OrdemServico	IP_WAN	IP WAN	String	TextBox	CP_ORDEM_SERVICO	IP_WAN			
OrdemServico	IRPJ	IRPJ	String	DropDownList	CP_ORDEM_SERVICO	IRPJ			Tributável;Não tributável permanente;Não tributável temporal;Dedutível;Não dedutível permanente;Não dedutível temporal 
OrdemServico	IRREGULARIDADES1	Irregularidades	String	Memo	CPE_FINANCEIRO	IRREGULARIDADES1	700		
OrdemServico	IRREGULARIDADES2	Irregularidades 2	String	Memo	CPE_FINANCEIRO	IRREGULARIDADES2	700		
OrdemServico	IRRF	IRRF	RecordList	DataGrid	Z_00143_IRRF	IRRF			
OrdemServico	IRRF_ALIQUOTA	IRRF - Alíquota	String	TextBox	CPE_CSC	IRRF_ALIQUOTA			
OrdemServico	IRRF_BASE_LEGAL	IRRF - Base Legal	String	Memo	CPE_CSC	IRRF_BASE_LEGAL	2000		
OrdemServico	IRRF_CONSULTA_FISCO	IRRF	Decimal	TextBox	CPE_CSC	IRRF_CONSULTA_FISCO			
OrdemServico	IRRF_RETENCAO	IRRF - Retenção de Imposto?	String	DropDownList	CPE_CSC	IRRF_RETENCAO			Sim;Não
OrdemServico	IR_LANCAMENTO_ERP	IR lançamento ERP	String	TextBox	CPE_CSC	IR_LANCAMENTO_ERP			
OrdemServico	ISSQN	ISSQN	RecordList	DataGrid	Z_00143_ISSQN	ISSQN			
OrdemServico	ISSQN_ALIQUOTA	ISSQN Alíquota	String	TextBox	CPE_CSC	ISSQN_ALIQUOTA			
OrdemServico	ISSQN_BASE_LEGAL	ISSQN - Base Legal	String	Memo	CPE_CSC	ISSQN_BASE_LEGAL	2000		
OrdemServico	ISSQN_CONSULTA_FISCO	ISSQN	Decimal	TextBox	CPE_CSC	ISSQN_CONSULTA_FISCO			
OrdemServico	ISSQN_RENTENCAO	ISSQN - Rentenção de Imposto?	String	DropDownList	CPE_CSC	ISSQN_RENTENCAO			Sim;Não
OrdemServico	ISS_BASE_CALCULO_ERP	ISS Base de Cálculo - ERP	String	TextBox	CPE_CSC	ISS_BASE_CALCULO_ERP			
OrdemServico	ITEM_ASSIST_TECN	Item assistência técnica	RecordList	DataGrid	Z_00143_ITEM_ASSIST_TECN	ITEM_ASSIST_TECN			
OrdemServico	ITEM_CHECKLIST_01	Item para checklist 01	String	DropDownList	CPE_CONTRATOS	ITEM_CHECKLIST_01			SOBR-005593 - T-10 K7 DE NOTAS NMD ENTINTAMENTO R 100 AT;SOBR-005592 - T-10 CASSETE NOTAS NMD ENTINTAMENTO R 50 AT;FDIE-
OrdemServico	ITEM_CHECKLIST_02	Item para checklist 02	String	DropDownList	CPE_CONTRATOS	ITEM_CHECKLIST_02			CAT-AND;CAT-BAR;CAT-BEL;CAT-BAU;CAT-BEM;CAT-BRA;CAT-CAM;CAT-CAR;CAT-CGR;CAT-CUI;CAT-CUR;CAT-FLO;CAT-FOR;CAT-GOI;CAT-JOI;
OrdemServico	ITEM_CHECKLIST_03	Item para checklist 03	String	DropDownList	CPE_CONTRATOS	ITEM_CHECKLIST_03			Ok;Com Defeito
OrdemServico	ITEM_CHECKLIST_04	Item para checklist 04	String	DropDownList	CPE_CONTRATOS	ITEM_CHECKLIST_04			Sim;Não
OrdemServico	ITEM_CHECKLIST_05	Item para checklist 05	String	DropDownList	CPE_CONTRATOS	ITEM_CHECKLIST_05			 Fornecedor;BBTS : CAT, Gurep ou Central;Técnico
OrdemServico	ITEM_CHECKLIST_06	Item para checklist 06	String	DropDownList	CPE_CONTRATOS	ITEM_CHECKLIST_06			3CP TECNOLOGIA & SERVICOS EM INFORMATICA LTDA;AVANZZU COMERCIO, REPARACAO E MANUTENCAO LTDA;BKN BRASIL TECNOLOGIA LTDA;C
OrdemServico	ITEM_CHECKLIST_07	Item para checklist 07	String	DropDownList	CPE_CONTRATOS	ITEM_CHECKLIST_07			CAT-AND;CAT-BAR;CAT-BEL;CAT-BAU;CAT-BEM;CAT-BRA;CAT-CAM;CAT-CAR;CAT-CGR;CAT-CUI;CAT-CUR;CAT-FLO;CAT-FOR;CAT-GOI;CAT-JOI;
OrdemServico	ITEM_CHECKLIST_08	Item para checklist 08	String	DropDownList	CPE_CONTRATOS	ITEM_CHECKLIST_08			Conforme;Não Conforme
OrdemServico	ITEM_CHECKLIST_09	Item para checklist 09	String	DropDownList	CPE_CONTRATOS	ITEM_CHECKLIST_09			Sim; Não;Não se aplica
OrdemServico	ITEM_CHECKLIST_10	Item para checklist 10	String	DropDownList	CPE_CONTRATOS	ITEM_CHECKLIST_10			Ok;Com Defeito
OrdemServico	ITEM_CHECKLIST_100	Item para checklist 100	String	DropDownList	CPE_CONTRATOS	ITEM_CHECKLIST_100			Sim; Não;Não se aplica
OrdemServico	ITEM_CHECKLIST_101	Item para checklist 101	String	DropDownList	CPE_CONTRATOS	ITEM_CHECKLIST_101			Sim; Não;Não se aplica
OrdemServico	ITEM_CHECKLIST_102	Item para checklist 102	String	DropDownList	CPE_CONTRATOS	ITEM_CHECKLIST_102			Sim; Não;Não se aplica
OrdemServico	ITEM_CHECKLIST_103	Item para checklist 103	String	DropDownList	CPE_CONTRATOS	ITEM_CHECKLIST_103			Sim; Não;Não se aplica
OrdemServico	ITEM_CHECKLIST_104	Item para checklist 104	String	DropDownList	CPE_CONTRATOS	ITEM_CHECKLIST_104			Sim; Não;Não se aplica
OrdemServico	ITEM_CHECKLIST_105	Item para checklist 105	String	DropDownList	CPE_CONTRATOS	ITEM_CHECKLIST_105			Sim; Não;Não se aplica
OrdemServico	ITEM_CHECKLIST_106	Item para checklist 106	String	DropDownList	CPE_CONTRATOS	ITEM_CHECKLIST_106			Sim; Não;Não se aplica
OrdemServico	ITEM_CHECKLIST_107	Item para checklist 107	String	DropDownList	CPE_CONTRATOS	ITEM_CHECKLIST_107			Sim; Não;Não se aplica
OrdemServico	ITEM_CHECKLIST_108	Item para checklist 108	String	DropDownList	CPE_CONTRATOS	ITEM_CHECKLIST_108			Sim; Não;Não se aplica
OrdemServico	ITEM_CHECKLIST_109	Item para checklist 109	String	DropDownList	CPE_CONTRATOS	ITEM_CHECKLIST_109			Sim; Não;Não se aplica
OrdemServico	ITEM_CHECKLIST_11	Item para checklist 11	String	DropDownList	CPE_CONTRATOS	ITEM_CHECKLIST_11			Sim; Não;Não se aplica
OrdemServico	ITEM_CHECKLIST_110	Item para checklist 110	String	DropDownList	CPE_CONTRATOS	ITEM_CHECKLIST_110			Sim; Não;Não se aplica
OrdemServico	ITEM_CHECKLIST_111	Item para checklist 111	String	DropDownList	CPE_CONTRATOS	ITEM_CHECKLIST_111			Sim; Não;Não se aplica
OrdemServico	ITEM_CHECKLIST_112	Item para checklist 112	String	DropDownList	CPE_CONTRATOS	ITEM_CHECKLIST_112			Sim; Não;Não se aplica
OrdemServico	ITEM_CHECKLIST_113	Item para checklist 113	String	DropDownList	CPE_CONTRATOS	ITEM_CHECKLIST_113			Sim; Não;Não se aplica
OrdemServico	ITEM_CHECKLIST_114	Item para checklist 114	String	DropDownList	CPE_CONTRATOS	ITEM_CHECKLIST_114			Sim; Não;Não se aplica
OrdemServico	ITEM_CHECKLIST_115	Item para checklist 115	String	DropDownList	CPE_CONTRATOS	ITEM_CHECKLIST_115			Sim; Não;Não se aplica
OrdemServico	ITEM_CHECKLIST_116	Item para checklist 116	String	DropDownList	CPE_CONTRATOS	ITEM_CHECKLIST_116			Sim; Não;Não se aplica
OrdemServico	ITEM_CHECKLIST_117	Item para checklist 117	String	DropDownList	CPE_CONTRATOS	ITEM_CHECKLIST_117			Fornecedor;BBTS : CAT, Gurep ou Central;Outro
OrdemServico	ITEM_CHECKLIST_118	Item para checklist 118	String	DropDownList	CPE_CONTRATOS	ITEM_CHECKLIST_118			Sim; Não;Não se aplica
OrdemServico	ITEM_CHECKLIST_119	Item para checklist 119	String	DropDownList	CPE_CONTRATOS	ITEM_CHECKLIST_119			Sim; Não;Não se aplica
OrdemServico	ITEM_CHECKLIST_12	Item para checklist 12	String	DropDownList	CPE_CONTRATOS	ITEM_CHECKLIST_12			Sim; Não;Não se aplica
OrdemServico	ITEM_CHECKLIST_120	Item para checklist 120	String	DropDownList	CPE_CONTRATOS	ITEM_CHECKLIST_120			Sim; Não;Não se aplica
OrdemServico	ITEM_CHECKLIST_121	Item para checklist 121	String	DropDownList	CPE_CONTRATOS	ITEM_CHECKLIST_121			Sim; Não;Não se aplica
OrdemServico	ITEM_CHECKLIST_122	Item para checklist 122	String	DropDownList	CPE_CONTRATOS	ITEM_CHECKLIST_122			Sim; Não;Não se aplica
OrdemServico	ITEM_CHECKLIST_123	Item para checklist 123	String	DropDownList	CPE_CONTRATOS	ITEM_CHECKLIST_123			Sim; Não;Não se aplica
OrdemServico	ITEM_CHECKLIST_124	Item para checklist 124	String	DropDownList	CPE_CONTRATOS	ITEM_CHECKLIST_124			Sim; Não;Não se aplica
OrdemServico	ITEM_CHECKLIST_125	Item para checklist 125	String	DropDownList	CPE_CONTRATOS	ITEM_CHECKLIST_125			Sim; Não;Não se aplica
OrdemServico	ITEM_CHECKLIST_126	Item para checklist 126	String	DropDownList	CPE_CONTRATOS	ITEM_CHECKLIST_126			Sim; Não;Não se aplica
OrdemServico	ITEM_CHECKLIST_127	Item para checklist 127	String	DropDownList	CPE_CONTRATOS	ITEM_CHECKLIST_127			Sim; Não;Não se aplica
OrdemServico	ITEM_CHECKLIST_128	Item para checklist 128	String	DropDownList	CPE_CONTRATOS	ITEM_CHECKLIST_128			Sim; Não;Não se aplica
OrdemServico	ITEM_CHECKLIST_129	Item para checklist 129	String	DropDownList	CPE_CONTRATOS	ITEM_CHECKLIST_129			Sim; Não;Não se aplica
OrdemServico	ITEM_CHECKLIST_13	Item para checklist 13	String	DropDownList	CPE_CONTRATOS	ITEM_CHECKLIST_13			Sim; Não;Não se aplica
OrdemServico	ITEM_CHECKLIST_130	Item para checklist 130	String	DropDownList	CPE_CONTRATOS	ITEM_CHECKLIST_130			Sim; Não;Não se aplica
OrdemServico	ITEM_CHECKLIST_131	Item para checklist 131	String	DropDownList	CPE_CONTRATOS	ITEM_CHECKLIST_131			Sim; Não;Não se aplica
OrdemServico	ITEM_CHECKLIST_132	Item para checklist 132	String	DropDownList	CPE_CONTRATOS	ITEM_CHECKLIST_132			Sim; Não;Não se aplica
OrdemServico	ITEM_CHECKLIST_133	Item para checklist 133	String	DropDownList	CPE_CONTRATOS	ITEM_CHECKLIST_133			Sim; Não;Não se aplica
OrdemServico	ITEM_CHECKLIST_134	Item para checklist 134	String	DropDownList	CPE_CONTRATOS	ITEM_CHECKLIST_134			Sim; Não;Não se aplica
OrdemServico	ITEM_CHECKLIST_135	Item para checklist 135	String	DropDownList	CPE_CONTRATOS	ITEM_CHECKLIST_135			Sim; Não;Não se aplica
OrdemServico	ITEM_CHECKLIST_136	Item para checklist 136	String	DropDownList	CPE_CONTRATOS	ITEM_CHECKLIST_136			Sim; Não;Não se aplica
OrdemServico	ITEM_CHECKLIST_137	Item para checklist 137	String	DropDownList	CPE_CONTRATOS	ITEM_CHECKLIST_137			Sim; Não;Não se aplica
OrdemServico	ITEM_CHECKLIST_138	Item para checklist 138	String	DropDownList	CPE_CONTRATOS	ITEM_CHECKLIST_138			Sim; Não;Não se aplica
OrdemServico	ITEM_CHECKLIST_139	Item para checklist 139	String	DropDownList	CPE_CONTRATOS	ITEM_CHECKLIST_139			Sim; Não;Não se aplica
OrdemServico	ITEM_CHECKLIST_14	Item para checklist 14	String	DropDownList	CPE_CONTRATOS	ITEM_CHECKLIST_14			Sim; Não;Não se aplica
OrdemServico	ITEM_CHECKLIST_140	Item para checklist 140	String	DropDownList	CPE_CONTRATOS	ITEM_CHECKLIST_140			Sim; Não;Não se aplica
OrdemServico	ITEM_CHECKLIST_141	Item para checklist 141	String	DropDownList	CPE_CONTRATOS	ITEM_CHECKLIST_141			Sim; Não;Não se aplica
OrdemServico	ITEM_CHECKLIST_142	Item para checklist 142	String	DropDownList	CPE_CONTRATOS	ITEM_CHECKLIST_142			Sim; Não;Não se aplica
OrdemServico	ITEM_CHECKLIST_143	Item para checklist 143	String	DropDownList	CPE_CONTRATOS	ITEM_CHECKLIST_143			Sim; Não;Não se aplica
OrdemServico	ITEM_CHECKLIST_144	Item para checklist 144	String	DropDownList	CPE_CONTRATOS	ITEM_CHECKLIST_144			Sim; Não;Não se aplica
OrdemServico	ITEM_CHECKLIST_145	Item para checklist 145	String	DropDownList	CPE_CONTRATOS	ITEM_CHECKLIST_145			Sim; Não;Não se aplica
OrdemServico	ITEM_CHECKLIST_146	Item para checklist 146	String	DropDownList	CPE_CONTRATOS	ITEM_CHECKLIST_146			Sim; Não;Não se aplica
OrdemServico	ITEM_CHECKLIST_147	Item para checklist 147	String	DropDownList	CPE_CONTRATOS	ITEM_CHECKLIST_147			Sim; Não;Não se aplica
OrdemServico	ITEM_CHECKLIST_148	Item para checklist 148	String	DropDownList	CPE_CONTRATOS	ITEM_CHECKLIST_148			Sim; Não;Não se aplica
OrdemServico	ITEM_CHECKLIST_149	Item para checklist 149	String	DropDownList	CPE_CONTRATOS	ITEM_CHECKLIST_149			Sim; Não;Não se aplica
OrdemServico	ITEM_CHECKLIST_15	Item para checklist 15	String	DropDownList	CPE_CONTRATOS	ITEM_CHECKLIST_15			Sim; Não;Não se aplica
OrdemServico	ITEM_CHECKLIST_150	Item para checklist 150	String	DropDownList	CPE_CONTRATOS	ITEM_CHECKLIST_150			Sim; Não;Não se aplica
OrdemServico	ITEM_CHECKLIST_151	Item para checklist 151	String	DropDownList	CPE_CONTRATOS	ITEM_CHECKLIST_151			Sim; Não;Não se aplica
OrdemServico	ITEM_CHECKLIST_152	Item para checklist 152	String	DropDownList	CPE_CONTRATOS	ITEM_CHECKLIST_152			Sim; Não;Não se aplica
OrdemServico	ITEM_CHECKLIST_153	Item para checklist 153	String	DropDownList	CPE_CONTRATOS	ITEM_CHECKLIST_153			3CP TECNOLOGIA & SERVICOS EM INFORMATICA LTDA;AVANZZU COMERCIO, REPARACAO E MANUTENCAO LTDA;BKN BRASIL TECNOLOGIA LTDA;C
OrdemServico	ITEM_CHECKLIST_154	Item para checklist 154	String	DropDownList	CPE_CONTRATOS	ITEM_CHECKLIST_154			Sim; Não;Não se aplica
OrdemServico	ITEM_CHECKLIST_155	Item para checklist 155	String	DropDownList	CPE_CONTRATOS	ITEM_CHECKLIST_155			Sim; Não;Não se aplica
OrdemServico	ITEM_CHECKLIST_156	Item para checklist 156	String	DropDownList	CPE_CONTRATOS	ITEM_CHECKLIST_156			Sim; Não;Não se aplica
OrdemServico	ITEM_CHECKLIST_157	Item para checklist 157	String	DropDownList	CPE_CONTRATOS	ITEM_CHECKLIST_157			Sim; Não;Não se aplica
OrdemServico	ITEM_CHECKLIST_158	Item para checklist 158	String	DropDownList	CPE_CONTRATOS	ITEM_CHECKLIST_158			Sim; Não;Não se aplica
OrdemServico	ITEM_CHECKLIST_159	Item para checklist 159	String	DropDownList	CPE_CONTRATOS	ITEM_CHECKLIST_159			Sim; Não;Não se aplica
OrdemServico	ITEM_CHECKLIST_16	Item para checklist 16	String	DropDownList	CPE_CONTRATOS	ITEM_CHECKLIST_16			Sim; Não;Não se aplica
OrdemServico	ITEM_CHECKLIST_160	Item para checklist 160	String	DropDownList	CPE_CONTRATOS	ITEM_CHECKLIST_160			Sim; Não;Não se aplica
OrdemServico	ITEM_CHECKLIST_161	Item para checklist 161	String	DropDownList	CPE_CONTRATOS	ITEM_CHECKLIST_161			Sim; Não;Não se aplica
OrdemServico	ITEM_CHECKLIST_162	Item para checklist 162	String	DropDownList	CPE_CONTRATOS	ITEM_CHECKLIST_162			Sim; Não;Não se aplica
OrdemServico	ITEM_CHECKLIST_163	Item para checklist 163	String	DropDownList	CPE_CONTRATOS	ITEM_CHECKLIST_163			Sim; Não;Não se aplica
OrdemServico	ITEM_CHECKLIST_164	Item para checklist 164	String	DropDownList	CPE_CONTRATOS	ITEM_CHECKLIST_164			Sim; Não;Não se aplica
OrdemServico	ITEM_CHECKLIST_165	Item para checklist 165	String	DropDownList	CPE_CONTRATOS	ITEM_CHECKLIST_165			Sim; Não;Não se aplica
OrdemServico	ITEM_CHECKLIST_166	Item para checklist 166	String	DropDownList	CPE_CONTRATOS	ITEM_CHECKLIST_166			Sim; Não;Não se aplica
OrdemServico	ITEM_CHECKLIST_167	Item para checklist 167	String	DropDownList	CPE_CONTRATOS	ITEM_CHECKLIST_167			Sim; Não;Não se aplica
OrdemServico	ITEM_CHECKLIST_168	Item para checklist 168	String	DropDownList	CPE_CONTRATOS	ITEM_CHECKLIST_168			Sim; Não;Não se aplica
OrdemServico	ITEM_CHECKLIST_17	Item para checklist 17	String	DropDownList	CPE_CONTRATOS	ITEM_CHECKLIST_17			Sim; Não;Não se aplica
OrdemServico	ITEM_CHECKLIST_18	Item para checklist 18	String	DropDownList	CPE_CONTRATOS	ITEM_CHECKLIST_18			Sim; Não;Não se aplica
OrdemServico	ITEM_CHECKLIST_19	Item para checklist 19	String	DropDownList	CPE_CONTRATOS	ITEM_CHECKLIST_19			Sim; Não;Não se aplica
OrdemServico	ITEM_CHECKLIST_20	Item para checklist 20	String	DropDownList	CPE_CONTRATOS	ITEM_CHECKLIST_20			Sim; Não;Não se aplica
OrdemServico	ITEM_CHECKLIST_21	Item para checklist 21	String	DropDownList	CPE_CONTRATOS	ITEM_CHECKLIST_21			Sim; Não;Não se aplica
OrdemServico	ITEM_CHECKLIST_22	Item para checklist 22	String	DropDownList	CPE_CONTRATOS	ITEM_CHECKLIST_22			Sim; Não;Não se aplica
OrdemServico	ITEM_CHECKLIST_23	Item para checklist 23	String	DropDownList	CPE_CONTRATOS	ITEM_CHECKLIST_23			Sim; Não;Não se aplica
OrdemServico	ITEM_CHECKLIST_24	Item para checklist 24	String	DropDownList	CPE_CONTRATOS	ITEM_CHECKLIST_24			Sim; Não;Não se aplica
OrdemServico	ITEM_CHECKLIST_25	Item para checklist 25	String	DropDownList	CPE_CONTRATOS	ITEM_CHECKLIST_25			Sim; Não;Não se aplica
OrdemServico	ITEM_CHECKLIST_26	Item para checklist 26	String	DropDownList	CPE_CONTRATOS	ITEM_CHECKLIST_26			Sim; Não;Não se aplica
OrdemServico	ITEM_CHECKLIST_27	Item para checklist 27	String	DropDownList	CPE_CONTRATOS	ITEM_CHECKLIST_27			Sim; Não;Não se aplica
OrdemServico	ITEM_CHECKLIST_28	Item para checklist 28	String	DropDownList	CPE_CONTRATOS	ITEM_CHECKLIST_28			Sim; Não;Não se aplica
OrdemServico	ITEM_CHECKLIST_29	Item para checklist 29	String	DropDownList	CPE_CONTRATOS	ITEM_CHECKLIST_29			Sim; Não;Não se aplica
OrdemServico	ITEM_CHECKLIST_30	Item para checklist 30	String	DropDownList	CPE_CONTRATOS	ITEM_CHECKLIST_30			Sim; Não;Não se aplica
OrdemServico	ITEM_CHECKLIST_31	Item para checklist 31	String	DropDownList	CPE_CONTRATOS	ITEM_CHECKLIST_31			Sim; Não;Não se aplica
OrdemServico	ITEM_CHECKLIST_32	Item para checklist 32	String	DropDownList	CPE_CONTRATOS	ITEM_CHECKLIST_32			Sim; Não;Não se aplica
OrdemServico	ITEM_CHECKLIST_33	Item para checklist 33	String	DropDownList	CPE_CONTRATOS	ITEM_CHECKLIST_33			Sim; Não;Não se aplica
OrdemServico	ITEM_CHECKLIST_34	Item para checklist 34	String	DropDownList	CPE_CONTRATOS	ITEM_CHECKLIST_34			Sim; Não;Não se aplica
OrdemServico	ITEM_CHECKLIST_35	Item para checklist 35	String	DropDownList	CPE_CONTRATOS	ITEM_CHECKLIST_35			Sim; Não;Não se aplica
OrdemServico	ITEM_CHECKLIST_36	Item para checklist 36	String	DropDownList	CPE_CONTRATOS	ITEM_CHECKLIST_36			CAT-AND;CAT-BAR;CAT-BEL;CAT-BAU;CAT-BEM;CAT-BRA;CAT-CAM;CAT-CAR;CAT-CGR;CAT-CUI;CAT-CUR;CAT-FLO;CAT-FOR;CAT-GOI;CAT-JOI;
OrdemServico	ITEM_CHECKLIST_37	Item para checklist 37	String	DropDownList	CPE_CONTRATOS	ITEM_CHECKLIST_37			Sim; Não;Não se aplica
OrdemServico	ITEM_CHECKLIST_38	Item para checklist 38	String	DropDownList	CPE_CONTRATOS	ITEM_CHECKLIST_38			Sim; Não;Não se aplica
OrdemServico	ITEM_CHECKLIST_39	Item para checklist 39	String	DropDownList	CPE_CONTRATOS	ITEM_CHECKLIST_39			Sim; Não;Não se aplica
OrdemServico	ITEM_CHECKLIST_40	Item para checklist 40	String	DropDownList	CPE_CONTRATOS	ITEM_CHECKLIST_40			Sim; Não;Não se aplica
OrdemServico	ITEM_CHECKLIST_41	Item para checklist 41	String	DropDownList	CPE_CONTRATOS	ITEM_CHECKLIST_41			Sim; Não;Não se aplica
OrdemServico	ITEM_CHECKLIST_42	Item para checklist 42	String	DropDownList	CPE_CONTRATOS	ITEM_CHECKLIST_42			Sim; Não;Não se aplica
OrdemServico	ITEM_CHECKLIST_43	Item para checklist 43	String	DropDownList	CPE_CONTRATOS	ITEM_CHECKLIST_43			Sim; Não;Não se aplica
OrdemServico	ITEM_CHECKLIST_44	Item para checklist 44	String	DropDownList	CPE_CONTRATOS	ITEM_CHECKLIST_44			Sim; Não;Não se aplica
OrdemServico	ITEM_CHECKLIST_45	Item para checklist 45	String	DropDownList	CPE_CONTRATOS	ITEM_CHECKLIST_45			Sim; Não;Não se aplica
OrdemServico	ITEM_CHECKLIST_46	Item para checklist 46	String	DropDownList	CPE_CONTRATOS	ITEM_CHECKLIST_46			Sim; Não;Não se aplica
OrdemServico	ITEM_CHECKLIST_47	Item para checklist 47	String	DropDownList	CPE_CONTRATOS	ITEM_CHECKLIST_47			Sim; Não;Não se aplica
OrdemServico	ITEM_CHECKLIST_48	Item para checklist 48	String	DropDownList	CPE_CONTRATOS	ITEM_CHECKLIST_48			Sim; Não;Não se aplica
OrdemServico	ITEM_CHECKLIST_49	Item para checklist 49	String	DropDownList	CPE_CONTRATOS	ITEM_CHECKLIST_49			Sim; Não;Não se aplica
OrdemServico	ITEM_CHECKLIST_50	Item para checklist 50	String	DropDownList	CPE_CONTRATOS	ITEM_CHECKLIST_50			Sim; Não;Não se aplica
OrdemServico	ITEM_CHECKLIST_51	Item para checklist 51	String	DropDownList	CPE_CONTRATOS	ITEM_CHECKLIST_51			Sim; Não;Não se aplica
OrdemServico	ITEM_CHECKLIST_52	Item para checklist 52	String	DropDownList	CPE_CONTRATOS	ITEM_CHECKLIST_52			Sim; Não;Não se aplica
OrdemServico	ITEM_CHECKLIST_53	Item para checklist 53	String	DropDownList	CPE_CONTRATOS	ITEM_CHECKLIST_53			Sim; Não;Não se aplica
OrdemServico	ITEM_CHECKLIST_54	Item para checklist 54	String	DropDownList	CPE_CONTRATOS	ITEM_CHECKLIST_54			Sim; Não;Não se aplica
OrdemServico	ITEM_CHECKLIST_55	Item para checklist 55	String	DropDownList	CPE_CONTRATOS	ITEM_CHECKLIST_55			Sim; Não;Não se aplica
OrdemServico	ITEM_CHECKLIST_56	Item para checklist 56	String	DropDownList	CPE_CONTRATOS	ITEM_CHECKLIST_56			Sim; Não;Não se aplica
OrdemServico	ITEM_CHECKLIST_57	Item para checklist 57	String	DropDownList	CPE_CONTRATOS	ITEM_CHECKLIST_57			Sim; Não;Não se aplica
OrdemServico	ITEM_CHECKLIST_58	Item para checklist 58	String	DropDownList	CPE_CONTRATOS	ITEM_CHECKLIST_58			Sim; Não;Não se aplica
OrdemServico	ITEM_CHECKLIST_59	Item para checklist 59	String	DropDownList	CPE_CONTRATOS	ITEM_CHECKLIST_59			Sim; Não;Não se aplica
OrdemServico	ITEM_CHECKLIST_60	Item para checklist 60	String	DropDownList	CPE_CONTRATOS	ITEM_CHECKLIST_60			Sim; Não;Não se aplica
OrdemServico	ITEM_CHECKLIST_61	Item para checklist 61	String	DropDownList	CPE_CONTRATOS	ITEM_CHECKLIST_61			Sim; Não;Não se aplica
OrdemServico	ITEM_CHECKLIST_62	Item para checklist 62	String	DropDownList	CPE_CONTRATOS	ITEM_CHECKLIST_62			Sim; Não;Não se aplica
OrdemServico	ITEM_CHECKLIST_63	Item para checklist 63	String	DropDownList	CPE_CONTRATOS	ITEM_CHECKLIST_63			Sim; Não;Não se aplica
OrdemServico	ITEM_CHECKLIST_64	Item para checklist 64	String	DropDownList	CPE_CONTRATOS	ITEM_CHECKLIST_64			Sim; Não;Não se aplica
OrdemServico	ITEM_CHECKLIST_65	Item para checklist 65	String	DropDownList	CPE_CONTRATOS	ITEM_CHECKLIST_65			Sim; Não;Não se aplica
OrdemServico	ITEM_CHECKLIST_66	Item para checklist 66	String	DropDownList	CPE_CONTRATOS	ITEM_CHECKLIST_66			Sim; Não;Não se aplica
OrdemServico	ITEM_CHECKLIST_67	Item para checklist 67	String	DropDownList	CPE_CONTRATOS	ITEM_CHECKLIST_67			Sim; Não;Não se aplica
OrdemServico	ITEM_CHECKLIST_68	Item para checklist 68	String	DropDownList	CPE_CONTRATOS	ITEM_CHECKLIST_68			Sim; Não;Não se aplica
OrdemServico	ITEM_CHECKLIST_69	Item para checklist 69	String	DropDownList	CPE_CONTRATOS	ITEM_CHECKLIST_69			Sim; Não;Não se aplica
OrdemServico	ITEM_CHECKLIST_70	Item para checklist 70	String	DropDownList	CPE_CONTRATOS	ITEM_CHECKLIST_70			Sim; Não;Não se aplica
OrdemServico	ITEM_CHECKLIST_71	Item para checklist 71	String	DropDownList	CPE_CONTRATOS	ITEM_CHECKLIST_71			Sim; Não;Não se aplica
OrdemServico	ITEM_CHECKLIST_72	Item para checklist 72	String	DropDownList	CPE_CONTRATOS	ITEM_CHECKLIST_72			Sim; Não;Não se aplica
OrdemServico	ITEM_CHECKLIST_73	Item para checklist 73	String	DropDownList	CPE_CONTRATOS	ITEM_CHECKLIST_73			Sim; Não;Não se aplica
OrdemServico	ITEM_CHECKLIST_74	Item para checklist 74	String	DropDownList	CPE_CONTRATOS	ITEM_CHECKLIST_74			Sim; Não;Não se aplica
OrdemServico	ITEM_CHECKLIST_75	Item para checklist 75	String	DropDownList	CPE_CONTRATOS	ITEM_CHECKLIST_75			Sim; Não;Não se aplica
OrdemServico	ITEM_CHECKLIST_76	Item para checklist 76	String	DropDownList	CPE_CONTRATOS	ITEM_CHECKLIST_76			Sim; Não;Não se aplica
OrdemServico	ITEM_CHECKLIST_77	Item para checklist 77	String	DropDownList	CPE_CONTRATOS	ITEM_CHECKLIST_77			Sim; Não;Não se aplica
OrdemServico	ITEM_CHECKLIST_78	Item para checklist 78	String	DropDownList	CPE_CONTRATOS	ITEM_CHECKLIST_78			Sim; Não;Não se aplica
OrdemServico	ITEM_CHECKLIST_79	Item para checklist 79	String	DropDownList	CPE_CONTRATOS	ITEM_CHECKLIST_79			Sim; Não;Não se aplica
OrdemServico	ITEM_CHECKLIST_80	Item para checklist 80	String	DropDownList	CPE_CONTRATOS	ITEM_CHECKLIST_80			Sim; Não;Não se aplica
OrdemServico	ITEM_CHECKLIST_81	Item para checklist 81	String	DropDownList	CPE_CONTRATOS	ITEM_CHECKLIST_81			Sim; Não;Não se aplica
OrdemServico	ITEM_CHECKLIST_82	Item para checklist 82	String	DropDownList	CPE_CONTRATOS	ITEM_CHECKLIST_82			Sim; Não;Não se aplica
OrdemServico	ITEM_CHECKLIST_83	Item para checklist 83	String	DropDownList	CPE_CONTRATOS	ITEM_CHECKLIST_83			Sim; Não;Não se aplica
OrdemServico	ITEM_CHECKLIST_84	Item para checklist 84	String	DropDownList	CPE_CONTRATOS	ITEM_CHECKLIST_84			Sim; Não;Não se aplica
OrdemServico	ITEM_CHECKLIST_85	Item para checklist 85	String	DropDownList	CPE_CONTRATOS	ITEM_CHECKLIST_85			Sim; Não;Não se aplica
OrdemServico	ITEM_CHECKLIST_86	Item para checklist 86	String	DropDownList	CPE_CONTRATOS	ITEM_CHECKLIST_86			Sim; Não;Não se aplica
OrdemServico	ITEM_CHECKLIST_87	Item para checklist 87	String	DropDownList	CPE_CONTRATOS	ITEM_CHECKLIST_87			Sim; Não;Não se aplica
OrdemServico	ITEM_CHECKLIST_88	Item para checklist 88	String	DropDownList	CPE_CONTRATOS	ITEM_CHECKLIST_88			Sim; Não;Não se aplica
OrdemServico	ITEM_CHECKLIST_89	Item para checklist 89	String	DropDownList	CPE_CONTRATOS	ITEM_CHECKLIST_89			Sim; Não;Não se aplica
OrdemServico	ITEM_CHECKLIST_90	Item para checklist 90	String	DropDownList	CPE_CONTRATOS	ITEM_CHECKLIST_90			Sim; Não;Não se aplica
OrdemServico	ITEM_CHECKLIST_91	Item para checklist 91	String	DropDownList	CPE_CONTRATOS	ITEM_CHECKLIST_91			Sim; Não;Não se aplica
OrdemServico	ITEM_CHECKLIST_92	Item para checklist 92	String	DropDownList	CPE_CONTRATOS	ITEM_CHECKLIST_92			Sim; Não;Não se aplica
OrdemServico	ITEM_CHECKLIST_93	Item para checklist 93	String	DropDownList	CPE_CONTRATOS	ITEM_CHECKLIST_93			Sim; Não;Não se aplica
OrdemServico	ITEM_CHECKLIST_94	Item para checklist 94	String	DropDownList	CPE_CONTRATOS	ITEM_CHECKLIST_94			Sim; Não;Não se aplica
OrdemServico	ITEM_CHECKLIST_95	Item para checklist 95	String	DropDownList	CPE_CONTRATOS	ITEM_CHECKLIST_95			Sim; Não
OrdemServico	ITEM_CHECKLIST_96	Item para checklist 96	String	DropDownList	CPE_CONTRATOS	ITEM_CHECKLIST_96			Sim; Não;Não se aplica
OrdemServico	ITEM_CHECKLIST_97	Item para checklist 97	String	DropDownList	CPE_CONTRATOS	ITEM_CHECKLIST_97			Sim; Não;Não se aplica
OrdemServico	ITEM_CHECKLIST_98	Item para checklist 98	String	DropDownList	CPE_CONTRATOS	ITEM_CHECKLIST_98			Sim; Não;Não se aplica
OrdemServico	ITEM_CHECKLIST_99	Item para checklist 99	String	DropDownList	CPE_CONTRATOS	ITEM_CHECKLIST_99			Sim; Não;Não se aplica
OrdemServico	ITEM_DE_SERVICO	Item de Serviço	String	TextBox	CPE_CSC	ITEM_DE_SERVICO			
OrdemServico	ITEM_ENVIADO	Item enviado	RecordList	DataGrid	Z_00143_ITEM_ENVIADO	ITEM_ENVIADO			
OrdemServico	ITEM_ERP	Item - ERP	String	TextBox	CPE_CSC	ITEM_ERP			
OrdemServico	ITENSSEMFOR	itens sem Fornecedor	RecordList	DataGrid	Z_00143_ITENSSEMFOR	ITENSSEMFOR			
OrdemServico	ITENS_ATA	Item	RecordList	DataGrid	Z_00186_ITENS_ATA	ITENS_ATA			
OrdemServico	ITENS_AVALIADOS	Itens avaliados	RecordList	DataGrid	Z_00143_ITENS_AVALIADOS	ITENS_AVALIADOS			
OrdemServico	ITENS_SOL_GLICEMIA	Itens da solicitação	RecordList	DataGrid	Z_00143_ITENS_SOL_GLICEMIA	ITENS_SOL_GLICEMIA			
OrdemServico	ITENS_SOL_GLICEMIA_UNIDADE	Itens da solicitação	RecordList	DataGrid	Z_00143_ITENS_SOL_GLICEMIA_UNIDADE	ITENS_SOL_GLICEMIA_UNIDADE			
OrdemServico	ITENS_SOL_SENSOR_DIABETE	Itens da solicitação	RecordList	DataGrid	Z_00143_ITENS_SOL_SENSOR_DIABETE	ITENS_SOL_SENSOR_DIABETE			
OrdemServico	IUVP_CATEGORIA	IUVP Categoria	String	DropDownList	CPE_CSC	IUVP_CATEGORIA			A;B
OrdemServico	JORNADA1	Jornada de Trabalho 1	String	TextBox	CPE_CSC	JORNADA1			
OrdemServico	JORNADA2	Jornada de Trabalho 2	String	TextBox	CPE_CSC	JORNADA2			
OrdemServico	JORNADA3	Jornada de Trabalho 3	String	TextBox	CPE_CSC	JORNADA3			
OrdemServico	JORNADA4	Jornada de Trabalho 4	String	TextBox	CPE_CSC	JORNADA4			
OrdemServico	JULGAMENTO_CONTROLE_DISCIPLINAR	Julgamento	RecordList	DataGrid	Z_00143_JULGAMENTO_CONTROLE_DISCIPLINAR	JULGAMENTO_CONTROLE_DISCIPLINAR			
OrdemServico	JURIDICA_FISICA	Pessoa Jurídica ou Pessoa Física	String	DropDownList	CPE_CSC	JURIDICA_FISICA			 Pessoa Física;Pessoa Jurídica
OrdemServico	JURORGAO	Órgão	String	TextBox	CP_ORDEM_SERVICO	JURORGAO			
OrdemServico	JUSTA_CAUSA	Demissão por justa causa?	String	DropDownList	CP_ORDEM_SERVICO	JUSTA_CAUSA			Sim;Não
OrdemServico	JUSTIFDIRETORIA	Justificativa da escolha	String	Memo	CPE_RECONHECER	JUSTIFDIRETORIA	2000		
OrdemServico	JUSTIFGEREXEC	Justificativa da escolha	String	Memo	CPE_RECONHECER	JUSTIFGEREXEC	2000		
OrdemServico	JUSTIFICATIVA	Justificativa	String	TextBox	CPE_CSC	JUSTIFICATIVA	1999		
OrdemServico	JUSTIFICATIVA1	Justificativa1	String	Memo	CPE_CSC	JUSTIFICATIVA			
OrdemServico	JUSTIFICATIVA2	Justificativa	String	Memo	CPE_CONTRATOS	JUSTIFICATIVA2	1999		
OrdemServico	JUSTIFICATIVA3	Justificativa	String	Memo	CPE_CONTRATOS	JUSTIFICATIVA3			
OrdemServico	JUSTIFICATIVA4	Justificativa	String	Memo	CPE_CONTRATOS	JUSTIFICATIVA4			
OrdemServico	JUSTIFICATIVA5	Justificativa5	String	Memo	CPE_CONTRATOS02	JUSTIFICATIVA5			
OrdemServico	JUSTIFICATIVA6	Justificativa6	String	Memo	CPE_CONTRATOS02	JUSTIFICATIVA6			
OrdemServico	JUSTIFICATIVA7	Justificativa7	String	Memo	CPE_CONTRATOS02	JUSTIFICATIVA7			
OrdemServico	JUSTIFICATIVA8	Justificativa8	String	Memo	CPE_CONTRATOS02	JUSTIFICATIVA8			
OrdemServico	JUSTIFICATIVA_CONSIG	Justificativa da Reprovação	String	Memo	CP_ORDEM_SERVICO	JUSTIFICATIVA_CONSIG	2000		
OrdemServico	JUSTIFICATIVA_DOD	Justificativa	String	Memo	CP_ORDEM_SERVICO	JUSTIFICATIVA_DOD	2000		
OrdemServico	JUSTIFICATIVA_GRAVIDADE	Justificativa do prejuízo ou perda	String	Memo	CP_ORDEM_SERVICO	JUSTIFICATIVA_GRAVIDADE			
OrdemServico	JUSTIFICATIVA_IMAGEM	Justificativa da promoção da imagem	String	Memo	CP_ORDEM_SERVICO	JUSTIFICATIVA_IMAGEM			
OrdemServico	JUSTIFICATIVA_IMPACTO	Justificativa do retorno financeiro anual estimado 	String	Memo	CP_ORDEM_SERVICO	JUSTIFICATIVA_IMPACTO			
OrdemServico	JUSTIFICATIVA_SAUDE	Justificativa	String	Memo	CP_ORDEM_SERVICO	JUSTIFICATIVA_SAUDE	1000		
OrdemServico	JUSTIFICATIVA_TENDENCIA	Justificativa tendência	String	Memo	CP_ORDEM_SERVICO	JUSTIFICATIVA_TENDENCIA			
OrdemServico	JUSTIFICATIVA_URGENCIA	Justificativa da necessidade/expectativa	String	Memo	CP_ORDEM_SERVICO	JUSTIFICATIVA_URGENCIA			
OrdemServico	JUSTIFIQUE_RAZAO	Ações implementadas	String	Memo	CPE_CSC	JUSTIFIQUE_RAZAO	2000		
OrdemServico	KITEQUIPAMENTOS	KIT Equipamentos	RecordList	DataGrid	Z_00143_KITEQUIPAMENTOS	KITEQUIPAMENTOS			
OrdemServico	KM_VEICULO	Quilometragem do veículo	String	TextBox	CPE_PESSOAS	KM_VEICULO			
OrdemServico	LABEL1	Texto Informativo	String	Label	CP_ORDEM_SERVICO	LABEL1	2000		
OrdemServico	LABEL10	LABEL10	String	Label	CPE_PDCI2019	LABEL10	700		
OrdemServico	LABEL100	Label100	String	Label	CPE_CONTRATOS	LABEL100	1000		
OrdemServico	LABEL101	LABEL101	String	Label	CPE_HOMOLOGACAO	LABEL101	1300		
OrdemServico	LABEL102	LABEL102	String	Label	CPE_CONTRATOS	LABEL102	1000		
OrdemServico	LABEL103	LABEL103	String	Label	CPE_CONTRATOS	LABEL103	1000		
OrdemServico	LABEL104	LABEL104	String	Label	CPE_CONTRATOS	LABEL104	1000		
OrdemServico	LABEL105	LABEL105	String	Label	CPE_CONTRATOS	LABEL105			
OrdemServico	LABEL106	LABEL106	String	Label	CPE_CONTRATOS	LABEL106			
OrdemServico	LABEL107	LABEL107	String	Label	CPE_CONTRATOS	LABEL107	1000		
OrdemServico	LABEL108	LABEL108	String	Label	CPE_CONTRATOS	LABEL108	500		
OrdemServico	LABEL109	LABEL109	String	Label	CPE_CONTRATOS	LABEL109	1000		
OrdemServico	LABEL11	LABEL11	String	Label	CPE_PDCI2019	LABEL11	700		
OrdemServico	LABEL110	LABEL110	String	Label	CPE_CONTRATOS	LABEL110			
OrdemServico	LABEL111	Texto Informativo	String	Label	CPE_CONTRATOS	LABEL111	2000		
OrdemServico	LABEL112	LABEL112	String	Label	CPE_CONTRATOS	LABEL112	500		
OrdemServico	LABEL113	LABEL113	String	Label	CPE_CONTRATOS02	LABEL113	1000		
OrdemServico	LABEL12	LABEL12	String	Label	CPE_PDCI2019	LABEL12	700		
OrdemServico	LABEL13	LABEL13	String	Label	CPE_PDCI2019	LABEL13	700		
OrdemServico	LABEL14	LABEL14	String	Label	CPE_PDCI2019	LABEL14	1000		
OrdemServico	LABEL15	LABEL15	String	Label	CPE_PDCI2019	LABEL15	700		
OrdemServico	LABEL150	LABEL150	String	Label	CPE_PDCI2019	LABEL150	1500		
OrdemServico	LABEL16	LABEL16	String	Label	CPE_PDCI2019	LABEL16	700		
OrdemServico	LABEL17	LABEL17	String	Label	CPE_PDCI2019	LABEL17	700		
OrdemServico	LABEL18	LABEL18	String	Label	CP_ORDEM_SERVICO	LABEL18	700		
OrdemServico	LABEL19	LABEL19	String	Label	CPE_PDCI2019	LABEL19	700		
OrdemServico	LABEL2	Texto Informativo	String	Label	CP_ORDEM_SERVICO	LABEL2	2000		
OrdemServico	LABEL20	LABEL20	String	Label	CPE_PDCI2019	LABEL20	500		
OrdemServico	LABEL21	LABEL21	String	Label	CPE_PDCI2019	LABEL21	700		
OrdemServico	LABEL22	LABEL22	String	Label	CPE_PDCI2019	LABEL22	700		
OrdemServico	LABEL23	LABEL23	String	Label	CPE_PDCI2019	LABEL23	1500		
OrdemServico	LABEL24	LABEL24	String	Label	CPE_PDCI2019	LABEL24	700		
OrdemServico	LABEL25	LABEL25	String	Label	CPE_PDCI2019	LABEL25	1000		
OrdemServico	LABEL26	LABEL26	String	Label	CPE_PDCI2019	LABEL26	1000		
OrdemServico	LABEL27	LABEL27	String	Label	CPE_PDCI2019	LABEL27	700		
OrdemServico	LABEL28	LABEL28	String	Label	CPE_PDCI2019	LABEL28	700		
OrdemServico	LABEL29	LABEL29	String	Label	CPE_PDCI2019	LABEL29	700		
OrdemServico	LABEL3	Texto Informativo	String	Label	CP_ORDEM_SERVICO	LABEL3	1024		
OrdemServico	LABEL30	LABEL30	String	Label	CPE_PDCI2019	LABEL30	700		
OrdemServico	LABEL31	LABEL31	String	Label	CPE_PDCI2019	LABEL31			
OrdemServico	LABEL32	LABEL32	String	Label	CPE_PDCI2019	LABEL32	700		
OrdemServico	LABEL33	LABEL33	String	Label	CPE_PDCI2019	LABEL33	800		
OrdemServico	LABEL34	LABEL34	String	Label	CPE_PDCI2019	LABEL34	1500		
OrdemServico	LABEL35	LABEL35	String	Label	CPE_PDCI2019	LABEL35	1500		
OrdemServico	LABEL36	LABEL36	String	Label	CPE_PDCI2019	LABEL36	1500		
OrdemServico	LABEL37	LABEL37	String	Label	CPE_PDCI2019	LABEL37	1500		
OrdemServico	LABEL38	LABEL38	String	Label	CPE_PDCI2019	LABEL38	1500		
OrdemServico	LABEL39	LABEL39	String	Label	CPE_PDCI2019	LABEL39	700		
OrdemServico	LABEL4	LABEL4	String	Label	CPE_PDCI2019	LABEL4	1024		
OrdemServico	LABEL40	LABEL40	String	Label	CPE_PDCI2019	LABEL40	1500		
OrdemServico	LABEL41	LABEL41	String	Label	CPE_PDCI2019	LABEL41	1500		
OrdemServico	LABEL42	LABEL42	String	Label	CPE_PDCI2019	LABEL42	700		
OrdemServico	LABEL43	LABEL43	String	Label	CPE_PDCI2019	LABEL43	700		
OrdemServico	LABEL44	LABEL44	String	Label	CPE_PDCI2019	LABEL44	700		
OrdemServico	LABEL45	LABEL45	String	Label	CPE_PDCI2019	LABEL45	700		
OrdemServico	LABEL46	LABEL46	String	Label	CPE_PDCI2019	LABEL46	700		
OrdemServico	LABEL47	LABEL47	String	Label	CPE_PDCI2019	LABEL47	700		
OrdemServico	LABEL48	LABEL48	String	Label	CPE_PDCI2019	LABEL48	700		
OrdemServico	LABEL49	LABEL49	String	Label	CPE_PDCI2019	LABEL49	700		
OrdemServico	LABEL5	Texto Informativo	String	Label	CPE_ORDEM_SERVICO	LABEL5	1024		
OrdemServico	LABEL50	LABEL50	String	Label	CPE_PDCI2019	LABEL50	700		
OrdemServico	LABEL51	LABEL51	String	Label	CPE_PDCI2019	LABEL51	700		
OrdemServico	LABEL52	LABEL52	String	Label	CPE_PDCI2019	LABEL52	700		
OrdemServico	LABEL53	LABEL53	String	Label	CPE_PDCI2019	LABEL53	700		
OrdemServico	LABEL54	LABEL54	String	Label	CPE_PDCI2019	LABEL54	700		
OrdemServico	LABEL55	LABEL55	String	Label	CPE_CSC	LABEL55	500		
OrdemServico	LABEL56	LABEL56	String	Label	CPE_CSC	LABEL56	500		
OrdemServico	LABEL57	LABEL57	String	Label	CPE_CSC	LABEL57	1500		
OrdemServico	LABEL58	LABEL58	String	Label	CPE_CONTRATOS	LABEL58	1300		
OrdemServico	LABEL59	LABEL59	String	Label	CPE_CONTRATOS	LABEL59			
OrdemServico	LABEL6	LABEL6	String	Label	CPE_PDCI2019	LABEL6	1500		
OrdemServico	LABEL60	Label	String	Label	CPE_HOMOLOGACAO	LABEL60	1500		
OrdemServico	LABEL61	Label 61	String	Label	CPE_HOMOLOGACAO	LABEL61	1500		
OrdemServico	LABEL62	Label 62	String	Label	CPE_HOMOLOGACAO	LABEL62			
OrdemServico	LABEL63	Label 63	String	Label	CPE_HOMOLOGACAO	LABEL63			
OrdemServico	LABEL64	Label	String	Label	CPE_HOMOLOGACAO	LABEL64	1500		
OrdemServico	LABEL65	Label 65	String	Label	CPE_HOMOLOGACAO	LABEL65	1200		
OrdemServico	LABEL66	Label 66	String	Label	CPE_HOMOLOGACAO	LABEL66	1200		
OrdemServico	LABEL67	Label67	String	Label	CPE_HOMOLOGACAO	LABEL67	1500		
OrdemServico	LABEL68	LABEL68	String	Label	CPE_CONTRATOS	LABEL68			
OrdemServico	LABEL69	Label 69	String	Label	CPE_HOMOLOGACAO	LABEL69	1400		
OrdemServico	LABEL7	LABEL7	String	Label	CPE_PDCI2019	LABEL7	1500		
OrdemServico	LABEL70	Label 70	String	Label	CPE_HOMOLOGACAO	LABEL70	1200		
OrdemServico	LABEL71	LABEL71	String	Label	CPE_CONTRATOS	LABEL71			
OrdemServico	LABEL72	LABEL72	String	Label	CPE_CONTRATOS	LABEL72			
OrdemServico	LABEL73	LABEL73	String	Label	CPE_CONTRATOS	LABEL73			
OrdemServico	LABEL74	LABEL74	String	Label	CPE_CONTRATOS	LABEL74			
OrdemServico	LABEL75	LABEL75	String	Label	CPE_CONTRATOS	LABEL75			
OrdemServico	LABEL76	LABEL76	String	Label	CPE_CONTRATOS	LABEL76			
OrdemServico	LABEL77	LABEL77	String	Label	CPE_CONTRATOS	LABEL77			
OrdemServico	LABEL78	LABEL78	String	Label	CPE_CONTRATOS	LABEL78			
OrdemServico	LABEL79	LABEL79	String	Label	CPE_CONTRATOS	LABEL79			
OrdemServico	LABEL8	LABEL8	String	Label	CPE_PDCI2019	LABEL8	700		
OrdemServico	LABEL80	LABEL80	String	Label	CPE_CONTRATOS	LABEL80			
OrdemServico	LABEL81	LABEL81	String	Label	CPE_CONTRATOS	LABEL81			
OrdemServico	LABEL82	LABEL82	String	Label	CPE_CONTRATOS	LABEL82			
OrdemServico	LABEL83	LABEL83	String	Label	CPE_CONTRATOS	LABEL83			
OrdemServico	LABEL84	LABEL84	String	Label	CPE_CONTRATOS	LABEL84			
OrdemServico	LABEL85	LABEL85	String	Label	CPE_CONTRATOS	LABEL85	500		
OrdemServico	LABEL86	LABEL86	String	Label	CPE_CONTRATOS	LABEL86			
OrdemServico	LABEL87	LABEL87	String	Label	CPE_CONTRATOS	LABEL87			
OrdemServico	LABEL88	LABEL88	String	Label	CPE_CONTRATOS	LABEL88			
OrdemServico	LABEL89	LABEL89	String	Label	CPE_CONTRATOS	LABEL89			
OrdemServico	LABEL9	LABEL9	String	Label	CPE_PDCI2019	LABEL9	1500		
OrdemServico	LABEL90	LABEL90	String	Label	CPE_HOMOLOGACAO	LABEL90	1300		
OrdemServico	LABEL91	LABEL91	String	Label	CPE_HOMOLOGACAO	LABEL91	1300		
OrdemServico	LABEL92	LABEL92	String	Label	CPE_HOMOLOGACAO	LABEL92	1300		
OrdemServico	LABEL93	LABEL93	String	Label	CPE_HOMOLOGACAO	LABEL93	1300		
OrdemServico	LABEL94	LABEL94	String	Label	CPE_HOMOLOGACAO	LABEL94	1300		
OrdemServico	LABEL95	LABEL95	String	Label	CPE_HOMOLOGACAO	LABEL95	1300		
OrdemServico	LABEL96	LABEL96	String	Label	CPE_HOMOLOGACAO	LABEL96	1300		
OrdemServico	LABEL97	LABEL97	String	Label	CPE_HOMOLOGACAO	LABEL97	1300		
OrdemServico	LABEL98	LABEL98	String	Label	CPE_HOMOLOGACAO	LABEL98	1300		
OrdemServico	LABEL99	LABEL99	String	Label	CPE_HOMOLOGACAO	LABEL99	1300		
OrdemServico	LABEL_500	LABEL_500	String	Label	CPE_BOOTCAMP	LABEL_500	500		
OrdemServico	LABEL_GRANDE	Label Grande	String	Label	CPE_MOVIMENTACAO_PESSOA	LABEL_GRANDE	2000		
OrdemServico	LABEL_LATERALIDADE	<font color="red"><b>NI 121 3.7. Substituição Temporária por Lateralidade: Quando um gestor substitui outro, de <u>mesma posição</u> gerencial que a sua, acumulando, provisoriamente, as duas gerências.</b></font>	String	Label	CPE_BOOTCAMP	LABEL_LATERALIDADE			
OrdemServico	LABEL_LATERALIDADE2	<font color="red"><b>NI 121 4.5. Para aprovação da substituição da posição de Assessor, gestor deverá levar em consideração que a substituição temporária <u>gerará o aumento de custo na UOR</u>.</b></font>	String	Label	CPE_BOOTCAMP	LABEL_LATERALIDADE2			
OrdemServico	LABEL_PROV	Texto Informativo 	String	Label	CPE_PESSOAS	LABEL_PROV	2000		
OrdemServico	LANCAMENTO_RI_COMP	Lançamento de RI Complementar	RecordList	DataGrid	Z_00143_LANCAMENTO_RI_COMP	LANCAMENTO_RI_COMP			
OrdemServico	LANCAR_RI_JURIDICO	Lançar RI	RecordList	DataGrid	Z_00143_LANCAR_RI_JURIDICO	LANCAR_RI_JURIDICO			
OrdemServico	LANC_RI_COMPLEMENTAR	Lançamento de RI Complementar	RecordList	DataGrid	Z_00143_LANC_RI_COMPLEMENTAR	LANC_RI_COMPLEMENTAR			
OrdemServico	LARGURA_PAREDE_ARTE	LARGURA_PAREDE_ARTE	Integer	TextBox	CPE_TIP_SOL01	LARGURA_PAREDE_ARTE			
OrdemServico	LAUDO_TECNICO	Laudo Técnico	String	DropDownList	CP_ORDEM_SERVICO	LAUDO_TECNICO			
OrdemServico	LB_ANO_BASE_DISP	5.1 Ano Base do Dispêndio	Integer	TextBox	CP_ORDEM_SERVICO	LB_ANO_BASE_DISP	4		
OrdemServico	LB_DESCRI_PROJE	Descrição do Projeto - (Citar cenário, Histórico de Origem do Projeto, Prêmios ou Publicações)	String	Memo	CP_ORDEM_SERVICO	LB_DESCRI_PROJE	2000		
OrdemServico	LB_DIRETORIA_RESP	1.5 Diretoria Responsável	String	DropDownList	CP_ORDEM_SERVICO	LB_DIRETORIA_RESP			PRESI - Presidência; DIDOP - Diretoria de Operações; DIFIS - Diretoria de Finanças e de Serviços Internos; DINEG - Diret
OrdemServico	LB_ESPECIFI_DESPESA	Especificação das Despesas - (Descrever a despesa no formato: DISPENDIO - DESPESA - ESPECIFICAÇÃO - VALOR)	String	Memo	CP_ORDEM_SERVICO	LB_ESPECIFI_DESPESA	2000		
OrdemServico	LB_INF_ADICIONAIS	7. Informações Adicionais	String	Memo	CP_ORDEM_SERVICO	LB_INF_ADICIONAIS	2000		
OrdemServico	LB_INF_MCTI	1.7 O MCTI pode divulgar informações acerca do Projeto?	String	DropDownList	CP_ORDEM_SERVICO	LB_INF_MCTI			- Sim - ; - Não - 
OrdemServico	LB_INOV_DESC_RELEV	3.3   Comente sobre a relevância, impacto gerador e sobre os principais resultados obtidos com a introdução do novo produto.	String	Memo	CP_ORDEM_SERVICO	LB_INOV_DESC_RELEV	2000		
OrdemServico	LB_INOV_DESC_RELEV_PROCESS	4.2   Descreva o principal serviço tecnologicamente novo ou significativamente aperfeiçoado. 	String	Memo	CP_ORDEM_SERVICO	LB_INOV_DESC_RELEV_PROCESS	2000		
OrdemServico	LB_INOV_PROC_APERFEICOA	4.1 - O processo se caracteriza tecnologicamente novo ou significativamente aperfeiçoado para a empresa?	String	DropDownList	CP_ORDEM_SERVICO	LB_INOV_PROC_APERFEICOA			- Sim - ; - Não - 
OrdemServico	LB_INOV_PROD_APERFEICOA	3.1   O produto se caracteriza tecnologicamente novo ou significativamente aperfeiçoado para a empresa?	String	DropDownList	CP_ORDEM_SERVICO	LB_INOV_PROD_APERFEICOA			- Sim - ; - Não - 
OrdemServico	LB_INOV_PROD_EXISTE	3.2   O produto existe no mercado nacional?	String	DropDownList	CP_ORDEM_SERVICO	LB_INOV_PROD_EXISTE			- Sim - ; - Não - 
OrdemServico	LB_NOME_CLIENTE	1.1 Nome do Cliente	String	TextBox	CP_ORDEM_SERVICO	LB_NOME_CLIENTE			
OrdemServico	LB_NOME_PROJETO	1.4 Nome do Projeto	String	TextBox	CP_ORDEM_SERVICO	LB_NOME_PROJETO			
OrdemServico	LB_NUM_DGCO	1.3 Número do DGCO	String	TextBox	CP_ORDEM_SERVICO	LB_NUM_DGCO			
OrdemServico	LB_NUM_PROPOSTA_COMERCIAL	1.2 Número da Propostas Comercial	String	TextBox	CP_ORDEM_SERVICO	LB_NUM_PROPOSTA_COMERCIAL			
OrdemServico	LB_PROJETO_PATENT	1.8 O Projeto esta patenteado?	String	DropDownList	CP_ORDEM_SERVICO	LB_PROJETO_PATENT			- Sim - ; - Não - 
OrdemServico	LB_ROTULO_01	1. Identificação do Projeto	String	Label	CP_ORDEM_SERVICO	LB_ROTULO_01			
OrdemServico	LB_ROTULO_02	2. Descrição do Projeto	String	Label	CP_ORDEM_SERVICO	LB_ROTULO_02	500		
OrdemServico	LB_ROTULO_03	5. Despesas	String	Label	CP_ORDEM_SERVICO	LB_ROTULO_03	500		
OrdemServico	LB_ROTULO_04	6. Especificação das Despesas	String	Label	CP_ORDEM_SERVICO	LB_ROTULO_04	1500		
OrdemServico	LB_ROTULO_05	3. Inovação de Produto	String	Label	CP_ORDEM_SERVICO	LB_ROTULO_05	1500		
OrdemServico	LB_ROTULO_06	4. Inovação de Processo	String	Label	CP_ORDEM_SERVICO	LB_ROTULO_06	1500		
OrdemServico	LB_ROTULO_07	7. Informações Adicionais	String	Label	CP_ORDEM_SERVICO	LB_ROTULO_07	1500		
OrdemServico	LB_TIPO_ENQUADRAMENTO	1.6 Tipo de Enquadramento	String	DropDownList	CP_ORDEM_SERVICO	LB_TIPO_ENQUADRAMENTO			- Inovação de Produto - ; - Inovação de Processo - ; - Inovação de Produtoe Processo - ;
OrdemServico	LB_VL_DISP_BENS_INTA	f) Valor do Dispêndio em Bens Intangíveis no Ano Base	String	TextBox	CP_ORDEM_SERVICO	LB_VL_DISP_BENS_INTA			
OrdemServico	LB_VL_DISP_EQUIP_IMP	h) Valor do Dispêndio em Equipamentos Importados no Ano Base.	String	TextBox	CP_ORDEM_SERVICO	LB_VL_DISP_EQUIP_IMP			
OrdemServico	LB_VL_DISP_EQUIP_NAC	g) Valor do Dispêndio em Equipamentos Nacionais no Ano Base.	String	TextBox	CP_ORDEM_SERVICO	LB_VL_DISP_EQUIP_NAC			
OrdemServico	LB_VL_DISP_MAT_CONS	e) Valor do Dispêndio em Materiais de Consumo no Ano Base.	String	TextBox	CP_ORDEM_SERVICO	LB_VL_DISP_MAT_CONS			
OrdemServico	LB_VL_DISP_MAT_PERM	i) Valor do Dispêndio em Material Permanente no Ano Base.	String	TextBox	CP_ORDEM_SERVICO	LB_VL_DISP_MAT_PERM			
OrdemServico	LB_VL_DISP_OUTROS	j) Valor de Outros Dispêndios.	String	TextBox	CP_ORDEM_SERVICO	LB_VL_DISP_OUTROS			
OrdemServico	LB_VL_DISP_REC_CONT	c) Valor do Dispêndio em Recursos Contratados no Ano Base  	String	TextBox	CP_ORDEM_SERVICO	LB_VL_DISP_REC_CONT			
OrdemServico	LB_VL_DISP_RH	a)  Valor do Dispêndio em Recursos Humanos no Ano Base (Especificar no item “6” o grau de escolaridade e o valor do gasto por cada grau. Ex.: Graduados - 2 -  R$ 10.000,00) 	String	TextBox	CP_ORDEM_SERVICO	LB_VL_DISP_RH			
OrdemServico	LB_VL_DISP_SER_TER	b) Valor do Dispêndio com Serviços de Terceiros no Ano Base: (Especificar no item “6” Universidades, Instituição de Pesquisa ou Inventor Independente)  	String	TextBox	CP_ORDEM_SERVICO	LB_VL_DISP_SER_TER			
OrdemServico	LB_VL_DISP_TOTAL	k) Valor do Dispêndio Total no Ano Base.	String	TextBox	CP_ORDEM_SERVICO	LB_VL_DISP_TOTAL			
OrdemServico	LB_VL_DISP_TRANS	d) Valor do Dispêndio em Transferências no Ano Base. (Especificar no item “6” Microempresas, Empresas de Pequeno Porte ou Inventor Independente)  	String	TextBox	CP_ORDEM_SERVICO	LB_VL_DISP_TRANS			
OrdemServico	LC	LC	Decimal	TextBox	CP_ORDEM_SERVICO	LC			
OrdemServico	LCODIGOATIVO	Código do Ativo	RecordList	DataGrid	Z_00143_LCODIGOATIVO	LCODIGOATIVO			
OrdemServico	LEI_DOD	Lei	String	TextBox	CP_ORDEM_SERVICO	LEI_DOD			
OrdemServico	LG	LG	Decimal	TextBox	CP_ORDEM_SERVICO	LG			
OrdemServico	LIBERACAO_SGPS	Liberação SGPS	RecordList	DataGrid	Z_00143_LIBERACAO_SGPS	LIBERACAO_SGPS			
OrdemServico	LIBERAR_PARA	Liberar também para (Email)	String	Memo	CP_ORDEM_SERVICO	LIBERAR_PARA			
OrdemServico	LICITACAO	Tipo de Licitação	String	DropDownList	CP_ORDEM_SERVICO	LICITACAO			Pregão Eletrônico;Pregão Presencial;Convite;Leilão;Outros
OrdemServico	LIMITE_CONSIG	Limite do Crédito Consignado	Decimal	TextBox	CP_ORDEM_SERVICO	LIMITE_CONSIG			
OrdemServico	LIMITE_INFERIOR	Limite Inferior	String	TextBox	CPE_PDCI2019	LIMITE_INFERIOR			
OrdemServico	LIMITE_SALARIOS	Limite Salários	String	TextBox	CPE_PDCI2019	LIMITE_SALARIOS			
OrdemServico	LIMITE_SUPERIOR	Limite Superior	String	TextBox	CPE_PDCI2019	LIMITE_SUPERIOR			
OrdemServico	LINK_COMPRA_ITEM	Link de compra do Item	String	TextBox	CPE_ECOMERCE	LINK_COMPRA_ITEM			
OrdemServico	LINK_LAUDO_CPE_CSC	Link Laudo	String	TextBox	CPE_CSC	LINK_LAUDO_CPE_CSC			
OrdemServico	LINK_PROCESSO	Link do Teor do Processo	String	TextBox	CPE_CJUR	LINK_PROCESSO			
OrdemServico	LISTA	Tipo de Pedido	String	DropDownList	CPE_CSC	LISTA			Contrato;Aditivo;Ata de registro de preço;Apostilamento;Convênio
OrdemServico	LISTA DA AREA RESPONSAVEL	Lista da area responsavel	String	DropDownList	CPE_PESSOAS	LISTA_DA_AREA_RESPONSAVEL			Contas a receber;Contas a pagar
OrdemServico	LISTA LIBERACAO VERBA TRABALHISTA	Lista liberacao Verba Trabalhista	String	DropDownList	CPE_CSC	LISTA_LIBERACAO_VERBA_TRABALHISTA			Férias;Rescisão;13º Salário (1ª parcela); 13º Salário (2ª parcela)
OrdemServico	LISTA MODELO DE PAGAMENTO	Lista modelo de pagamento	String	DropDownList	CPE_PESSOAS	LISTA_MODELO_DE_PAGAMENTO			Boleto; Compensação por meio do crédito tributário
OrdemServico	LISTA TRIBUTOS	LISTA_TRIBUTOS	String	DropDownList	CPE_PESSOAS	LISTA_TRIBUTOS			Não disponível;IRRF PF;IRRF PJ;ISS;ISSQN;IR;PIS; COFINS; CSLL;PCC
OrdemServico	LISTAAFASTADOSPAGAMENTOREALIZADO	Lista afastados pagamento realizado	RecordList	DataGrid	Z_00143_LISTAAFASTADOSPAGAMENTOREALIZADO	LISTAAFASTADOSPAGAMENTOREALIZADO			
OrdemServico	LISTABAIXADENOTA	LISTA_BAIXADENOTA	RecordList	DataGrid	Z_00143_LISTABAIXADENOTA	LISTABAIXADENOTA			
OrdemServico	LISTACONTROLADAOUCANCELADA	Lista Controlada ou Cancelada	String	DropDownList	CPE_CSC	LISTACONTROLADAOUCANCELADA			Controlada; Cancelada
OrdemServico	LISTALIBERACAOSGPS	Lista de liberação SGPS	String	DropDownList	CPE_PESSOAS	LISTALIBERACAOSGPS			Aprovada ;Aprovada parcialmente;Devolver para regularização ;Reprovada totalmente
OrdemServico	LISTAPCD_COO	Auxilio PCD Cooparticipação 	RecordList	DataGrid	Z_00143_LISTAPCD_COO	LISTAPCD_COO			
OrdemServico	LISTAPCD_TERAPIAS	Auxilio PCD	RecordList	DataGrid	Z_00143_LISTAPCD_TERAPIAS	LISTAPCD_TERAPIAS			
OrdemServico	LISTASALDOINSUFICIENTEAFASTADOS	Lista Saldo Insuficiente Afastados	RecordList	DataGrid	Z_00143_LISTASALDOINSUFICIENTEAFASTADOS	LISTASALDOINSUFICIENTEAFASTADOS			
OrdemServico	LISTA_AFASTADOS	Lista afastados	String	TextBox	CPE_PESSOAS	LISTA_AFASTADOS			
OrdemServico	LISTA_AFASTADOS_SALDO_INSUFICIENTE	Lista Afastados com Saldo Insuficiente	RecordList	DataGrid	Z_00143_LISTA_AFASTADOS_SALDO_INSUFICIENTE	LISTA_AFASTADOS_SALDO_INSUFICIENTE			
OrdemServico	LISTA_AGENDAMENTO_ESTACAO_DE_TRABALHO	Lista de agendamento de estação de trabalho	RecordList	DataGrid	Z_00143_LISTA_AGENDAMENTO_ESTACAO_DE_TRABALHO	LISTA_AGENDAMENTO_ESTACAO_DE_TRABALHO			
OrdemServico	LISTA_AGEND_ESTACAO_TRABALHO	Lista de agendamentos de estação de trabalho	RecordList	DataGrid	Z_00143_LISTA_AGEND_ESTACAO_TRABALHO	LISTA_AGEND_ESTACAO_TRABALHO			
OrdemServico	LISTA_AGEN_ESTAC_TRABALHO	Lista de agendamento de estação de trabalho	RecordList	DataGrid	Z_00143_LISTA_AGEN_ESTAC_TRABALHO	LISTA_AGEN_ESTAC_TRABALHO			
OrdemServico	LISTA_AGRUPAMENTO	Agrupamento	RecordList	DataGrid	Z_00143_LISTA_AGRUPAMENTO	LISTA_AGRUPAMENTO			
OrdemServico	LISTA_APROVADORES	Lista de aprovadores de um atividade	String	TextBox	CP_ORDEM_SERVICO	LISTA_APROVADORES			
OrdemServico	LISTA_APROVA_DOC	Lista Aprovadores de Documentos	RecordList	DataGrid	Z_00143_LISTA_APROVA_DOC	LISTA_APROVA_DOC			
OrdemServico	LISTA_ATIV_DESP	LISTA DE ATIV. DESPACHANTE	RecordList	DataGrid	Z_00143_LISTA_ATIV_DESP	LISTA_ATIV_DESP			
OrdemServico	LISTA_ATIV_DESP_RJ	LISTA DE ATIV DESPACHANTE RJ	RecordList	DataGrid	Z_00143_LISTA_ATIV_DESP_RJ	LISTA_ATIV_DESP_RJ			
OrdemServico	LISTA_ATUALIZACAO	Atualização	RecordList	DataGrid	Z_00143_LISTA_ATUALIZACAO	LISTA_ATUALIZACAO			
OrdemServico	LISTA_BBTS	Lista de Produtos BBTS 50 anos	RecordList	DataGrid	Z_00143_LISTA_BBTS	LISTA_BBTS			
OrdemServico	LISTA_BENEF_PLANO	Dependente do plano de saúde	RecordList	DataGrid	Z_00143_LISTA_BENEF_PLANO	LISTA_BENEF_PLANO			
OrdemServico	LISTA_BENEF_PLANO_II	Dependente do Plano de Saúde II	RecordList	DataGrid	Z_00143_LISTA_BENEF_PLANO_II	LISTA_BENEF_PLANO_II			
OrdemServico	LISTA_CANCIDATO	Lista Candidatos	RecordList	DataGrid	Z_00143_LISTA_CANCIDATO	LISTA_CANCIDATO			
OrdemServico	LISTA_CIDADES	Lista de Cidades	RecordList	DataGrid	Z_00143_LISTA_CIDADES	LISTA_CIDADES			
OrdemServico	LISTA_COLAB_CRACHA	Lista Colaborador Crachá	RecordList	DataGrid	Z_00143_LISTA_COLAB_CRACHA	LISTA_COLAB_CRACHA			
OrdemServico	LISTA_COLAB_CRACHA_CAD	Lista Colaborador Crachá	RecordList	DataGrid	Z_00143_LISTA_COLAB_CRACHA_CAD	LISTA_COLAB_CRACHA_CAD			
OrdemServico	LISTA_COMPET_PESSOAIS	Competências de Relacionamento com Pessoas	RecordList	DataGrid	Z_00143_LISTA_COMPET_PESSOAIS	LISTA_COMPET_PESSOAIS			
OrdemServico	LISTA_COMPET_TECNICAS	Competências Técnicas	RecordList	DataGrid	Z_00143_LISTA_COMPET_TECNICAS	LISTA_COMPET_TECNICAS			
OrdemServico	LISTA_CONSELHEIRO	Lista de Conselheiro	RecordList	DataGrid	Z_00143_LISTA_CONSELHEIRO	LISTA_CONSELHEIRO			
OrdemServico	LISTA_CRED_ROTATIVO	Itens	RecordList	DataGrid	Z_00143_LISTA_CRED_ROTATIVO	LISTA_CRED_ROTATIVO			
OrdemServico	LISTA_CRED_ROTATIVO_2	Itens	RecordList	DataGrid	Z_00143_LISTA_CRED_ROTATIVO_2	LISTA_CRED_ROTATIVO_2			
OrdemServico	LISTA_CRONOGRAMAS	Lista de Cronogramas	String	DropDownList	CPE_MOVIMENTACAO_PESSOA	LISTA_CRONOGRAMAS			DAS 08:00-17:00 RF 12:00-13:00;DAS 09:00-18:00 RF 12:00-13:00;DAS 13:00-22:00 RF 17:00-18:00;DAS 06:00-15:00 RF 12:00-13
OrdemServico	LISTA_CURSOS	Cursos UNIBBTS/Alura	RecordList	DataGrid	Z_00143_LISTA_CURSOS	LISTA_CURSOS			
OrdemServico	LISTA_DAS_CONTAS_ORCAMENTARIAS	Dados Saldo Conta Orçamentaria	RecordList	DataGrid	Z_00143_LISTA_DAS_CONTAS_ORCAMENTARIAS	LISTA_DAS_CONTAS_ORCAMENTARIAS			
OrdemServico	LISTA_DEMANDANTES	Lista de Requerentes	RecordList	DataGrid	Z_00143_LISTA_DEMANDANTES	LISTA_DEMANDANTES			
OrdemServico	LISTA_DEP_BENEFICIOS	Dependentes	RecordList	DataGrid	Z_00143_LISTA_DEP_BENEFICIOS	LISTA_DEP_BENEFICIOS			
OrdemServico	LISTA_DEP_B_TODOS	Dependentes	RecordList	DataGrid	Z_00143_LISTA_DEP_B_TODOS	LISTA_DEP_B_TODOS			
OrdemServico	LISTA_DEP_SAUDE	Dependentes	RecordList	DataGrid	Z_00143_LISTA_DEP_SAUDE	LISTA_DEP_SAUDE			
OrdemServico	LISTA_DESLIGADO	Lista de Pessoas	RecordList	DataGrid	Z_00143_LISTA_DESLIGADO	LISTA_DESLIGADO			
OrdemServico	LISTA_DE_AGENDAMENTOS_DE_ESTACAO_DE_TRABALHO_NOVA	Lista de agendamentos de estação de trabalho nova	RecordList	DataGrid	Z_00143_LISTA_DE_AGENDAMENTOS_DE_ESTACAO_DE_TRABALHO_NOVA	LISTA_DE_AGENDAMENTOS_DE_ESTACAO_DE_TRABALHO_NOVA			
OrdemServico	LISTA_DE_ANOS	Lista de Anos	String	DropDownList	CPE_CONTRATOS	LISTA_DE_ANOS	50		2019;2020;2021;2022;2023
OrdemServico	LISTA_DE_CIDADES	Lista de cidades	RecordList	DataGrid	Z_00143_LISTA_DE_CIDADES	LISTA_DE_CIDADES			
OrdemServico	LISTA_DE_OS_ALTCANC_DESLOCAMENTO	OS's de Alteração e Cancelamento	RecordList	DataGrid	Z_00143_LISTA_DE_OS_ALTCANC_DESLOCAMENTO	LISTA_DE_OS_ALTCANC_DESLOCAMENTO			
OrdemServico	LISTA_DE_PESSOAS	Lista de Favorecidos	RecordList	DataGrid	Z_00143_LISTA_DE_PESSOAS	LISTA_DE_PESSOAS			
OrdemServico	LISTA_DE_SELECAO	Lista de seleção genérica	String	DropDownList	CP_ORDEM_SERVICO	LISTA_DE_SELECAO			Adiantamento;Reembolso
OrdemServico	LISTA_DE_SELECAO_BLOQUEIO_DE_APARELHO	Lista de seleção bloqueio de aparelho	String	DropDownList	CPE_CSC	LISTA_DE_SELECAO_BLOQUEIO_DE_APARELHO			Aparelho Celular;Número da Linha; Aparelho Celular e Número da Linha
OrdemServico	LISTA_DE_SELECAO_BLOQUEIO_DE_APARELHO_	Lista de seleção bloqueio de aparelho_	String	DropDownList	CPE_CSC	LISTA_DE_SELECAO_BLOQUEIO_DE_APARELHO_			Bloqueio por Perda Furto/Roubo
OrdemServico	LISTA_DE_SELECAO_TROCA_DE_APARELHO	Local de devolução	String	DropDownList	CPE_CSC	LISTA_DE_SELECAO_TROCA_DE_APARELHO			Superintendência;Centro de Serviços Compartilhados Brasília;CAT
OrdemServico	LISTA_DOCNIX	Números de documentos	RecordList	DataGrid	Z_00143_LISTA_DOCNIX	LISTA_DOCNIX			
OrdemServico	LISTA_DOC_AUX_FUNERAL	Lista de Documentos Auxílio Funeral	RecordList	DataGrid	Z_00143_LISTA_DOC_AUX_FUNERAL	LISTA_DOC_AUX_FUNERAL			
OrdemServico	LISTA_ECOM	Lista de Itens E-Commerce	RecordList	DataGrid	Z_00143_LISTA_ECOM	LISTA_ECOM			
OrdemServico	LISTA_EMAIL	Lista de Emails	RecordList	DataGrid	Z_00143_LISTA_EMAIL	LISTA_EMAIL			
OrdemServico	LISTA_EMPRESA_ESCOLHIDA	Empresa Escolhida	String	DropDownList	CPE_DADOS	LISTA_EMPRESA_ESCOLHIDA			IT2B;POTENZA
OrdemServico	LISTA_EMPRESA_PS	Lista de Empresas Posto de Serviços	String	DropDownList	CPE_DADOS	LISTA_EMPRESA_PS			IT2B;POTENZA
OrdemServico	LISTA_ENVIO_ATA_CIPA	Lista de localidades e competências para envio de ATA	RecordList	DataGrid	Z_00143_LISTA_ENVIO_ATA_CIPA	LISTA_ENVIO_ATA_CIPA			
OrdemServico	LISTA_FAT	Lista de Faturamentos	RecordList	DataGrid	Z_00143_LISTA_FAT	LISTA_FAT			
OrdemServico	LISTA_FAVORECIDOS	Lista de Favorecidos	RecordList	DataGrid	Z_00143_LISTA_FAVORECIDOS	LISTA_FAVORECIDOS			
OrdemServico	LISTA_FAVORECIDOS_TIQUETE_ADICIONAL	Lista Favorecidos Tiquete Adicional	RecordList	DataGrid	Z_00143_LISTA_FAVORECIDOS_TIQUETE_ADICIONAL	LISTA_FAVORECIDOS_TIQUETE_ADICIONAL			
OrdemServico	LISTA_FERIAS	Lista de Pessoas	RecordList	DataGrid	Z_00143_LISTA_FERIAS	LISTA_FERIAS			
OrdemServico	LISTA_FOLHA_COMPLEMENTAR	Lista Folha Complementar	String	DropDownList	CPE_PESSOAS	LISTA_FOLHA_COMPLEMENTAR			Rescisão;Vale transporte;13º Complementar;Outros
OrdemServico	LISTA_FUNCIONARIO	Lista de Pessoas	RecordList	DataGrid	Z_00143_LISTA_FUNCIONARIO	LISTA_FUNCIONARIO			
OrdemServico	LISTA_FUNC_QTD_VT	LISTA DE FUNCIONÁRIOS E QUANTIDADE DE VT	RecordList	DataGrid	Z_00143_LISTA_FUNC_QTD_VT	LISTA_FUNC_QTD_VT			
OrdemServico	LISTA_GERED	Lista de Favorecidos	RecordList	DataGrid	Z_00143_LISTA_GERED	LISTA_GERED			
OrdemServico	LISTA_GRUPOS_EXTERNOS_BBTS	Lista - Grupos Externos BBTS	String	DropDownList	CPE_CSC	LISTA_GRUPOS_EXTERNOS_BBTS	2000		01 - MANUTENÇÃO;02 - SEGURANÇA PREDIAL;03 - LIMPEZA;04 - GERENTE BB / CRBB;05 - OPERADOR COBRANCA / CECOR;06 - OPERADOR 
OrdemServico	LISTA_HOSPEDAGEM_EM_GRUPO	Lista Hospedagem em Grupo	RecordList	DataGrid	Z_00143_LISTA_HOSPEDAGEM_EM_GRUPO	LISTA_HOSPEDAGEM_EM_GRUPO			
OrdemServico	LISTA_IC	Lista de Itens de configuração	RecordList	DataGrid	Z_00143_LISTA_IC	LISTA_IC			
OrdemServico	LISTA_IC_BD	Lista de Itens de configuração de banco de dados	RecordList	DataGrid	Z_00143_LISTA_IC_BD	LISTA_IC_BD			
OrdemServico	LISTA_IMPOSTOS	Lista de Impostos	RecordList	DataGrid	Z_00143_LISTA_IMPOSTOS	LISTA_IMPOSTOS			
OrdemServico	LISTA_INSUMOS_RISCO	Lista de Insumos - Risco Cliente	RecordList	DataGrid	Z_00143_LISTA_INSUMOS_RISCO	LISTA_INSUMOS_RISCO			
OrdemServico	LISTA_INTER	Lista de Intervenientes	RecordList	DataGrid	Z_00143_LISTA_INTER	LISTA_INTER			
OrdemServico	LISTA_INTERVENIENTES	Intervenientes	RecordList	DataGrid	Z_00143_LISTA_INTERVENIENTES	LISTA_INTERVENIENTES			
OrdemServico	LISTA_INVIABILIDADE	Lista de Motivos que inviabilizam a videoconferência	String	DropDownList	CPE_DESLOCAMENTO	LISTA_INVIABILIDADE			0 - Atendimento Técnico; 1 - Auditoria; 2 - Vistoria; 3 - Fiscalização de execução de contrato; 4 - Licitação presencial
OrdemServico	LISTA_ITENS_PESQ_MERC	Lista de itens	String	DropDownList	CPE_CSC	LISTA_ITENS_PESQ_MERC			Aluguel;Aquisição de acessórios e suprimentos para informática (mouse, teclado, tonner de impressora, etc);Aquisição de 
OrdemServico	LISTA_KIT_1	Kit mala padrão	RecordList	DataGrid	Z_00143_LISTA_KIT_1	LISTA_KIT_1			
OrdemServico	LISTA_KIT_2	Kit ATM Itautec	RecordList	DataGrid	Z_00143_LISTA_KIT_2	LISTA_KIT_2			
OrdemServico	LISTA_LANCAMENTO	LISTA_LANCAMENTO	RecordList	DataGrid	Z_00143_LISTA_LANCAMENTO	LISTA_LANCAMENTO			
OrdemServico	LISTA_LANC_DESTINO	LISTA_LANC_DESTINO	RecordList	DataGrid	Z_00143_LISTA_LANC_DESTINO	LISTA_LANC_DESTINO			
OrdemServico	LISTA_LOCAIS_BBTS	Lista - Locais de acesso BBTS	String	DropDownList	CPE_CSC	LISTA_LOCAIS_BBTS	2000		BBTS TI;Cecan Rio (Administrativo);Cecan Rio (MDP);Cecan Rio (Operações);Cecan Rio (TI);Funcionário BBTS;Gestão Cesec Ri
OrdemServico	LISTA_LOCAIS_DE_ACESSO_BRASILIA	Lista - Locais de acesso Brasilia	String	DropDownList	CPE_CSC	LISTA_LOCAIS_DE_ACESSO_BRASILIA	2000		01 - BRIGADA DE INCÊNDIO, BRIGADA VOLUNTÁRIA E SESMT;02 - GER. EXEC./SUPER/DIREX/ASSESS. PRESI/ PRESIDENCIA;03 - FUNCION
OrdemServico	LISTA_MEDICAMENTOS	Lista de Medicamentos	RecordList	DataGrid	Z_00143_LISTA_MEDICAMENTOS	LISTA_MEDICAMENTOS			
OrdemServico	LISTA_MEDICA_REPROV	Lista de Medicamentos Reprovados	RecordList	DataGrid	Z_00143_LISTA_MEDICA_REPROV	LISTA_MEDICA_REPROV			
OrdemServico	LISTA_MOTIVO_NOVO_CHIP	Lista do motivo da solicitação de novo chip	String	DropDownList	CPE_CSC	LISTA_MOTIVO_NOVO_CHIP			Furto ou Roubo;Perda ou desgaste natural do chip
OrdemServico	LISTA_NF	Lista de NF(COO)	RecordList	DataGrid	Z_00143_LISTA_NF	LISTA_NF			
OrdemServico	LISTA_NOMES_FOTOS	Pessoas da Foto	RecordList	DataGrid	Z_00143_LISTA_NOMES_FOTOS	LISTA_NOMES_FOTOS			
OrdemServico	LISTA_NUMERO_OC	Número da OC e da Linha	RecordList	DataGrid	Z_00143_LISTA_NUMERO_OC	LISTA_NUMERO_OC			
OrdemServico	LISTA_OBJETO_ADITAMENTO	Lista de objetos do aditamento	RecordList	DataGrid	Z_00143_LISTA_OBJETO_ADITAMENTO	LISTA_OBJETO_ADITAMENTO			
OrdemServico	LISTA_OBS	Observações	RecordList	DataGrid	Z_00143_LISTA_OBS	LISTA_OBS			
OrdemServico	LISTA_OC	Lista OC	RecordList	DataGrid	Z_00143_LISTA_OC	LISTA_OC			
OrdemServico	LISTA_ORCAMENTO	Lista de Orçamentos	RecordList	DataGrid	Z_00143_LISTA_ORCAMENTO	LISTA_ORCAMENTO			
OrdemServico	LISTA_ORGAOS	Lista de Órgãos	RecordList	DataGrid	Z_00143_LISTA_ORGAOS	LISTA_ORGAOS			
OrdemServico	LISTA_OUTORGADOS	Lista de Outorgados	RecordList	DataGrid	Z_00143_LISTA_OUTORGADOS	LISTA_OUTORGADOS			
OrdemServico	LISTA_PAGAMENTOS	Lista de solicitação de pagamentos	String	DropDownList	CPE_PESSOAS	LISTA_PAGAMENTOS			ACT -Acordo coletivo de trabalho;Boleto Previdência Privada;Cartões Benefícios Alimentação/Refeição (VA/VR);Cedidos BB;C
OrdemServico	LISTA_PAGAMENTOS_2	Lista de solicitação de pagamentos	String	DropDownList	CPE_CONTRATOS	LISTA_PAGAMENTOS_2			Pedido Avulso;Pedido de adesão do benefício;Pedido de Alteração na Proporção do Benefício;Pedido Mensal;Pedido Ticket Ad
OrdemServico	LISTA_PAGAMENTOS_3	Lista de solicitação de pagamentos	String	DropDownList	CPE_PESSOAS	LISTA_PAGAMENTOS_3			Auxílio Home Office - Estagiário BBTS;Auxílio Home Office - Funcionário BBTS
OrdemServico	LISTA_PARTICIPANTES	Lista de Participantes	RecordList	DataGrid	Z_00143_LISTA_PARTICIPANTES	LISTA_PARTICIPANTES			
OrdemServico	LISTA_PCD_TERAPIA	Lista de Terapias	RecordList	DataGrid	Z_00143_LISTA_PCD_TERAPIA	LISTA_PCD_TERAPIA			
OrdemServico	LISTA_PERFIS_ACESSO	Lista - Perfil de acesso	String	DropDownList	CPE_CSC	LISTA_PERFIS_ACESSO			BBTS TI;Cecan Rio (Administrativo);Cecan Rio (MDP);Cecan Rio (Operação);Cecan Rio (TI);Cecan Rio (Administrativo) + Esta
OrdemServico	LISTA_PERIODOS_AFAST	Períodos de Afastamento	RecordList	DataGrid	Z_00143_LISTA_PERIODOS_AFAST	LISTA_PERIODOS_AFAST			
OrdemServico	LISTA_PESSOAS	Lista nomes	RecordList	DataGrid	Z_00143_LISTA_PESSOAS	LISTA_PESSOAS			
OrdemServico	LISTA_PID	Lista de produtos	RecordList	DataGrid	Z_00143_LISTA_PID	LISTA_PID			
OrdemServico	LISTA_PID2025	LISTA_PID2025	RecordList	DataGrid	Z_00143_LISTA_PID2025	LISTA_PID2025			
OrdemServico	LISTA_PRESENCA	Lista de Presença	RecordList	DataGrid	Z_00143_LISTA_PRESENCA	LISTA_PRESENCA			
OrdemServico	LISTA_REEMBOLSO_OTICO	Dados do Reembolso Ótico	RecordList	DataGrid	Z_00143_LISTA_REEMBOLSO_OTICO	LISTA_REEMBOLSO_OTICO			
OrdemServico	LISTA_RELATORIO_CIPA	Envio de Relatorio designado CIPA	RecordList	DataGrid	Z_00143_LISTA_RELATORIO_CIPA	LISTA_RELATORIO_CIPA			
OrdemServico	LISTA_REMANEJA	Remanejamento orçamentário	RecordList	DataGrid	Z_00143_LISTA_REMANEJA	LISTA_REMANEJA			
OrdemServico	LISTA_RESP_APARELHO	Lista de Colaboradores e Aparelho 	RecordList	DataGrid	Z_00143_LISTA_RESP_APARELHO	LISTA_RESP_APARELHO			
OrdemServico	LISTA_RESP_DELIBERACAO	Resposta da deliberação	RecordList	DataGrid	Z_00143_LISTA_RESP_DELIBERACAO	LISTA_RESP_DELIBERACAO			
OrdemServico	LISTA_R_OTICO_FAV	Dados do Reembolso Ótico	RecordList	DataGrid	Z_00143_LISTA_R_OTICO_FAV	LISTA_R_OTICO_FAV			
OrdemServico	LISTA_SALDO_AFASTADOS	Lista Saldo Afastados	RecordList	DataGrid	Z_00143_LISTA_SALDO_AFASTADOS	LISTA_SALDO_AFASTADOS			
OrdemServico	LISTA_SALDO_INSUFICIENTE	Saldo Insuficiente dos Afastados	RecordList	DataGrid	Z_00143_LISTA_SALDO_INSUFICIENTE	LISTA_SALDO_INSUFICIENTE			
OrdemServico	LISTA_SCR	Lista de SCR	RecordList	DataGrid	Z_00143_LISTA_SCR	LISTA_SCR			
OrdemServico	LISTA_SERVICOS_CREDENCIAMENTO	Lista de serviços do credenciamento	String	DropDownList	CPE_CONTRATOS02	LISTA_SERVICOS_CREDENCIAMENTO	50		Inserir os serviço
OrdemServico	LISTA_SERVICO_DOD	Lista de negócios	RecordList	DataGrid	Z_00143_LISTA_SERVICO_DOD	LISTA_SERVICO_DOD			
OrdemServico	LISTA_SIM_NAO_NORMATIVOS	Combobox Listando os Serviços	String	DropDownList	CPE_CONTRATOS02	LISTA_SIM_NAO_NORMATIVOS			Sim, possui NI e/ou PRO; Não possui NI e/ou PRO
OrdemServico	LISTA_SOL_CANDIDATOS	Lista de Solicitação de Candidatos	RecordList	DataGrid	Z_00143_LISTA_SOL_CANDIDATOS	LISTA_SOL_CANDIDATOS			
OrdemServico	LISTA_TESTE	afdh	RecordList	DataGrid	Z_00143_LISTA_TESTE	LISTA_TESTE			
OrdemServico	LISTA_TRABALHADOR_TEMPORARIO	Lista Trabalhador Temporario	RecordList	DataGrid	Z_00143_LISTA_TRABALHADOR_TEMPORARIO	LISTA_TRABALHADOR_TEMPORARIO			
OrdemServico	LISTA_TRATAMENTO	LISTA_TRATAMENTO	RecordList	DataGrid	Z_00143_LISTA_TRATAMENTO	LISTA_TRATAMENTO			
OrdemServico	LISTA_TRATAMENTO_ODONTOLOGICO	Lista tratamento odontológico	RecordList	DataGrid	Z_00143_LISTA_TRATAMENTO_ODONTOLOGICO	LISTA_TRATAMENTO_ODONTOLOGICO			
OrdemServico	LISTA_TREINAMENTO	Lista de Treinamento	RecordList	DataGrid	Z_00143_LISTA_TREINAMENTO	LISTA_TREINAMENTO			
OrdemServico	LISTA_TREINAMENTO2	Lista de Treinamento	RecordList	DataGrid	Z_00143_LISTA_TREINAMENTO2	LISTA_TREINAMENTO2			
OrdemServico	LISTA_VALOR_REF_UNIT	Valor referencial do Projeto Basico	String	Memo	CPE_CSC	LISTA_VALOR_REF_UNIT	2000		
OrdemServico	LISTA_VEICULO	Dados Veículo	RecordList	DataGrid	Z_00143_LISTA_VEICULO	LISTA_VEICULO			
OrdemServico	LISTA_VT	Meio de Transporte	RecordList	DataGrid	Z_00143_LISTA_VT	LISTA_VT			
OrdemServico	LIST_PRESENCA	Lista de Presença	RecordList	DataGrid	Z_00143_LIST_PRESENCA	LIST_PRESENCA			
OrdemServico	LIST_TREINAMENTO	Lista de Presença	RecordList	DataGrid	Z_00143_LIST_TREINAMENTO	LIST_TREINAMENTO			
OrdemServico	LOCACAO_AMBIENTE	Informações do Imóvel	RecordList	DataGrid	Z_00143_LOCACAO_AMBIENTE	LOCACAO_AMBIENTE			
OrdemServico	LOCACAO_DE_CARRO	Locação de carro	String	DropDownList	CPE_CSC	LOCACAO_DE_CARRO			Sim;Não
OrdemServico	LOCAIS_DA_BBTS	Locais da BBTS	RecordList	DataGrid	Z_00143_LOCAIS_DA_BBTS	LOCAIS_DA_BBTS			
OrdemServico	LOCAIS_GERED	Lista de locais para atuação	RecordList	DataGrid	Z_00143_LOCAIS_GERED	LOCAIS_GERED			
OrdemServico	LOCAL DE ATUACAO	LOCAL DE ATUACAO	String	DropDownList	CPE_HOMOLOGACAO	LOCAL_DE_ATUACAO			MACEIO;MANAUS;SALVADOR - AV. LUIS VIANA;SALVADOR - RUA MARQUES;FORTALEZA;BRASILIA - 716 NORTE;BRASILIA - MATRIZ;BRASILIA
OrdemServico	LOCALCADASTROFORNECEDOR	Local cadastro fornecedor	String	TextBox	CPE_PESSOAS	LOCALCADASTROFORNECEDOR			
OrdemServico	LOCALIDADE	Localidade	String	TextBox	CP_ORDEM_SERVICO	LOCALIDADE			
OrdemServico	LOCALIDADE DO ERRO	Localidade do Erro	String	DropDownList	CP_ORDEM_SERVICO	LOCALIDADE_DO_ERRO			Cobra;Perto;Procomp;Banco do Brasil
OrdemServico	LOCALIDADE_CIPA	Localidade CIPA	String	TextBox	CPE_CSC	LOCALIDADE_CIPA			
OrdemServico	LOCALIDADE_ESCOLHIDA	Localidade escolhida	String	DropDownList	CPE_CONTRATOS02	LOCALIDADE_ESCOLHIDA	100		Brasília;Demais Filiais;Brasília e Demais Filiais
OrdemServico	LOCALIDADE_FAVORECIDO	Localidade:	String	TextBox	CPE_CSC	LOCALIDADE_FAVORECIDO			
OrdemServico	LOCALIDADE_MOV	Localidade Movimentação	String	TextBox	CP_ORDEM_SERVICO	LOCALIDADE_MOV	500		
OrdemServico	LOCALIDADE_RI	Localidade RI	String	TextBox	CPE_PESSOAS	LOCALIDADE_RI			
OrdemServico	LOCALIDADE_SAUDE	Localidade	String	TextBox	CP_ORDEM_SERVICO	LOCALIDADE_SAUDE			
OrdemServico	LOCALIDADE_TR	Localidade TR	String	TextBox	CP_ORDEM_SERVICO	LOCALIDADE_TR			
OrdemServico	LOCAL_ACIDENTE	Local do Acidente	RecordList	DataGrid	Z_00143_LOCAL_ACIDENTE	LOCAL_ACIDENTE			
OrdemServico	LOCAL_ACIDENTE2	Local do Acidente	RecordList	DataGrid	Z_00143_LOCAL_ACIDENTE2	LOCAL_ACIDENTE2			
OrdemServico	LOCAL_BBTS	Local BBTS	String	DropDownList	CPE_CONTRATOS	LOCAL_BBTS			CIG;BAI(M);BASESAL(M);BAU(M);BEL(M);BEM(M);BRA(M);CAM(M);CARIOCA(M);CAS(M);CENTRAL(M);CGR(M);CUI(M);CUR(M);FLO(M);FOR(M)
OrdemServico	LOCAL_FORNECEDOR	Local Fornecedor	String	DropDownList	CPE_CSC	LOCAL_FORNECEDOR			
OrdemServico	LOCAL_GESTAOFISCAL	Local	String	DropDownList	CPE_DADOS	LOCAL_GESTAOFISCAL			Brasília;Salvador e Rio;Outras Localidades
OrdemServico	LOC_IMOVEL	Localização:	String	DropDownList	CPE_CSC	LOC_IMOVEL			Central;Bairro; Subúrbio
OrdemServico	LOGIN	Login	String	TextBox	CP_ORDEM_SERVICO	LOGIN			
OrdemServico	LOGIN_ASSTEC	Login	String	TextBox	CP_ORDEM_SERVICO	LOGIN_ASSTEC			
OrdemServico	LOGIN_SISBB	Login do SISBB	String	TextBox	CP_ORDEM_SERVICO	LOGIN_SISBB			
OrdemServico	LOGON	Acesso Rede	Boolean	CheckBox	CP_ORDEM_SERVICO	LOGON			
OrdemServico	LOG_API	LOG API	String	Memo	CPE_DADOS	LOG_API	2000		
OrdemServico	LOG_CONTRATA_MAISBR	Logradouro	String	TextBox	CPE_CONTRATOS02	LOG_CONTRATA_MAISBR	1999		
OrdemServico	LOTACAO	Lotação	Integer	TextBox	CP_ORDEM_SERVICO	LOTACAO			
OrdemServico	LOTACAO_PS	Lotação	String	DropDownList	CPE_PESSOAS	LOTACAO_PS			Base destacada; Base CAT
OrdemServico	LOTACAO_SCR	Lotação do SCR	Integer	TextBox	CP_ORDEM_SERVICO	LOTACAO_SCR			
OrdemServico	LOTE DA LICITACAO	Lote da Licitação	String	Memo	CPE_CONTRATOS	LOTE_DA_LICITACAO			
OrdemServico	LOUCAS_E_METAIS_SOLICITACOES_GESAP	Louças e Metais - Solicitações Gesap	String	DropDownList	CPE_CONTRATOS02	LOUCAS_E_METAIS_SOLICITACOES_GESAP			Troca de torneira;Troca de válvula;Instalação de cuba;Instalação de vaso sanitário;Reparo em descarga;Instalação de chuv
OrdemServico	LSITA_HML	Lista Homologação	RecordList	DataGrid	Z_00143_LSITA_HML	LSITA_HML			
OrdemServico	M2	M2	Integer	TextBox	CPE_CSC	M2	1000		
OrdemServico	MACROPROCESSO	Selecione o Macroprocesso	String	TextBox	CPE_CSC	MACROPROCESSO		S	
OrdemServico	MACRO_ACAO	Macro ação da DGTI	String	DropDownList	CP_ORDEM_SERVICO	MACRO_ACAO	200		Governança de TI;Treinamento;Projeto PGE;Gestão da área;Outras atividades;Ausências diárias
OrdemServico	MAIS_INFO	Mais Informações	RecordList	DataGrid	Z_00143_MAIS_INFO	MAIS_INFO			
OrdemServico	MAIS_INFO2	Mais Informações	RecordList	DataGrid	Z_00143_MAIS_INFO2	MAIS_INFO2			
OrdemServico	MAIS_INFO3	Mais Informações	RecordList	DataGrid	Z_00143_MAIS_INFO3	MAIS_INFO3			
OrdemServico	MAKE_BUY	Make or buy	String	DropDownList	CPE_ORDEM_SERVICO	MAKE_BUY			Make;Buy
OrdemServico	MANDATO_ENCERRAR	Mandato a Encerrar (0000/0000)	String	TextBox	CPE_PESSOAS	MANDATO_ENCERRAR			
OrdemServico	MANDATO_PROCESSO	Mandato do Processo  (0000/0000)	String	TextBox	CPE_PESSOAS	MANDATO_PROCESSO			
OrdemServico	MANTENEDOR	Mantenedor	String	Memo	CP_ORDEM_SERVICO	MANTENEDOR			
OrdemServico	MANUPREV_OUTROS1	Outros Serviços	RecordList	DataGrid	Z_00143_MANUPREV_OUTROS1	MANUPREV_OUTROS1			
OrdemServico	MANUTENCAO_AVALI	Manutenção de condições de segurança e higiene necessárias à preservação da integridade física e da saúde dos empregados.	String	DropDownList	CPE_CONTRATOS02	MANUTENCAO_AVALI			1;2;3;0
OrdemServico	MANUTENCAO_BOM_ESTADO_AVALI1	Manutenção de um bom estado de limpeza, organização e conservação	String	DropDownList	CPE_CONTRATOS	MANUTENCAO_BOM_ESTADO_AVALI1			1;2;3;0
OrdemServico	MANUTENCAO_PREV1	Serviços de Manutenção	RecordList	DataGrid	Z_00143_MANUTENCAO_PREV1	MANUTENCAO_PREV1			
OrdemServico	MANUTENCAO_PREV11	Serviços de Manutenção	RecordList	DataGrid	Z_00143_MANUTENCAO_PREV11	MANUTENCAO_PREV11			
OrdemServico	MANUTENCAO_PREV2	Serviços de Manutenção	RecordList	DataGrid	Z_00143_MANUTENCAO_PREV2	MANUTENCAO_PREV2			
OrdemServico	MANUTENCAO_PREV3	Serviços para Manutenção	RecordList	DataGrid	Z_00143_MANUTENCAO_PREV3	MANUTENCAO_PREV3			
OrdemServico	MAO_DE_OBRAAVALIA1	Mão de obra, materiais e equipamentos adequados	String	DropDownList	CPE_CONTRATOS	MAO_DE_OBRAAVALIA1			1;2;3;0
OrdemServico	MARCA_OTICA	Marca Ótica	String	TextBox	CP_ORDEM_SERVICO	MARCA_OTICA			
OrdemServico	MATERIAL_SOL	Material	RecordList	DataGrid	Z_00143_MATERIAL_SOL	MATERIAL_SOL	1000		
OrdemServico	MATRICULA	Matrícula	Decimal	TextBox	CP_ORDEM_SERVICO	MATRICULA			
OrdemServico	MATRICULA COLABORADOR	Matrícula do Colaborador	String	DropDownList	CP_ORDEM_SERVICO	MATRICULA_COLABORADOR		S	
OrdemServico	MATRICULA TECNICO	Matrícula do Técnico	Integer	TextBox	CP_ORDEM_SERVICO	MATRICULA_TECNICO	8		
OrdemServico	MATRICULA04	Matrícula	Decimal	TextBox	CPE_CONTRATOS02	MATRICULA04			
OrdemServico	MATRICULA1	Matrícula	Decimal	TextBox	CP_ORDEM_SERVICO	MATRICULA1	9		
OrdemServico	MATRICULAS	Matrículas dos colaboradores	String	TextBox	CP_ORDEM_SERVICO	MATRICULAS	100		
OrdemServico	MATRICULA_2	Matrícula 2	Decimal	TextBox	CPE_CSC	MATRICULA_2			
OrdemServico	MATRICULA_3	Matrícula 3	Decimal	TextBox	CPE_CONTRATOS	MATRICULA_3			
OrdemServico	MATRICULA_4	Matrícula 4	Decimal	TextBox	CPE_CSC	MATRICULA_4			
OrdemServico	MATRICULA_5	Matrícula 3	Decimal	TextBox	CPE_CONTRATOS	MATRICULA_5			
OrdemServico	MATRICULA_7	Matrícula	Decimal	TextBox	CPE_CONTRATOS02	MATRICULA_7			
OrdemServico	MATRICULA_ANA_SUP	Matrícula analista do contrato suplente	String	TextBox	CPE_CONTRATOS02	MATRICULA_ANA_SUP			
OrdemServico	MATRICULA_ANA_TITU	Matrícula analista do contrato titular	String	TextBox	CPE_CONTRATOS02	MATRICULA_ANA_TITU			
OrdemServico	MATRICULA_CONDUT_SUP	Matrícula condutor do contrato suplente	String	TextBox	CPE_CONTRATOS02	MATRICULA_CONDUT_SUP			
OrdemServico	MATRICULA_CONDUT_TITU	Matrícula condutor do contrato titular	String	TextBox	CPE_CONTRATOS02	MATRICULA_CONDUT_TITU			
OrdemServico	MATRICULA_DESLOCAMENTO	Matrícula	Integer	TextBox	CPE_DESLOCAMENTO	MATRICULA_DESLOCAMENTO			
OrdemServico	MATRICULA_DO_FISCAL_MASTER_SUP	Matrícula Fiscal Master Suplente	String	TextBox	CPE_CONTRATOS02	MATRICULA_DO_FISCAL_MASTER_SUP			
OrdemServico	MATRICULA_DO_FISCAL_MASTER_TITU	Matrícula Fiscal Master Titular	String	TextBox	CPE_CONTRATOS02	MATRICULA_DO_FISCAL_MASTER_TITU			
OrdemServico	MATRICULA_DO_GESTOR_SUP	Matrícula Gestor Suplente	String	TextBox	CPE_CONTRATOS02	MATRICULA_DO_GESTOR_SUP			
OrdemServico	MATRICULA_DUPLICADA	Matrícula Duplicada?	Boolean	CheckBox	CP_ORDEM_SERVICO	MATRICULA_DUPLICADA			
OrdemServico	MATRICULA_FAVORECIDO_REEMBOLSO	Matricula	String	TextBox	CPE_CSC	MATRICULA_FAVORECIDO_REEMBOLSO			
OrdemServico	MATRICULA_FAVORECIDO_TODOS	Matrícula	String	TextBox	CPE_CSC	MATRICULA_FAVORECIDO_TODOS			
OrdemServico	MATRICULA_FISCAL_ADMSUP	Matrícula Fiscal Administrativo Suplente	Integer	TextBox	CPE_CONTRATOS02	MATRICULA_FISCAL_ADMSUP			
OrdemServico	MATRICULA_FISCAL_ADMTITU	Matrícula Fiscal Administrativo Titular	Integer	TextBox	CPE_CONTRATOS02	MATRICULA_FISCAL_ADMTITU			
OrdemServico	MATRICULA_FISMASTER_TITU	Matrícula Fiscal Master Titular	String	TextBox	CPE_CONTRATOS02	MATRICULA_FISMASTER_TITU			
OrdemServico	MATRICULA_GER_SERV	Matrícula Gestor do Contrato	String	TextBox	CPE_CONTRATOS02	MATRICULA_GER_SERV			
OrdemServico	MATRICULA_GESTOR	Matrícula Gestor	Decimal	TextBox	CPE_CONTRATOS02	MATRICULA_GESTOR			
OrdemServico	MATRICULA_GESTOR_SUPLENTE	Matrícula Gestor Suplente	String	TextBox	CPE_CONTRATOS02	MATRICULA_GESTOR_SUPLENTE			
OrdemServico	MATRICULA_GESTOR_TITULAR	Matrícula Gestor Titular	String	TextBox	CPE_CONTRATOS02	MATRICULA_GESTOR_TITULAR			
OrdemServico	MATRICULA_MOVI	Matrícula	Integer	TextBox	CP_ORDEM_SERVICO	MATRICULA_MOVI	8		
OrdemServico	MATRICULA_MOVIMENTADO	Matrícula Colaborador Movimentado	Integer	TextBox	CPE_CONTRATOS02	MATRICULA_MOVIMENTADO			
OrdemServico	MATRICULA_MOVIMENTADO2	Matrícula Colaborador Movimentado	Integer	TextBox	CPE_CONTRATOS02	MATRICULA_MOVIMENTADO2			
OrdemServico	MATRICULA_PRESTADOR	Matrícula do Prestador de Serviço	Integer	TextBox	CP_ORDEM_SERVICO	MATRICULA_PRESTADOR	8		
OrdemServico	MATRICULA_SEG_GER_SERV	Matrícula Gestor Suplente do Contrato	String	TextBox	CPE_CONTRATOS02	MATRICULA_SEG_GER_SERV			
OrdemServico	MATRICULA_SEG_SUP_CONTRAT	Matrícula Preposto Suplente do Contrato	String	TextBox	CPE_CONTRATOS02	MATRICULA_SEG_SUP_CONTRAT			
OrdemServico	MATRICULA_SUP_CONTRAT	Matrícula do Preposto do Contrato	String	TextBox	CPE_CONTRATOS02	MATRICULA_SUP_CONTRAT			
OrdemServico	MAT_TRABALHO	Materiais de trabalho / equipamentos a serem devolvidos pelo colaborador?	String	DropDownList	CP_ORDEM_SERVICO	MAT_TRABALHO			Não;Sim
OrdemServico	MEIO_LOCOMOCAO	Meio de locomoção principal	String	DropDownList	CPE_DESLOCAMENTO	MEIO_LOCOMOCAO			Avião;Barco;Carro Locado;Carro Próprio;Carro da Frota;Carro por Aplicativo;Metrô;Taxi;Trem;Ônibus Interestadual;Ônibus I
OrdemServico	MEIO_LOCOMOCAO_GERED	Meio de locomoção principal	String	DropDownList	CPE_DESLOCAMENTO	MEIO_LOCOMOCAO_GERED			Avião;Barco;Carro Locado;Carro Próprio;Carro da Frota;Carro por Aplicativo;Metrô;Taxi;Trem;Ônibus Interestadual;Ônibus I
OrdemServico	MEIO_SOLICITACAO	Meio de solicitação	String	DropDownList	CP_ORDEM_SERVICO	MEIO_SOLICITACAO			Correio;E-mail;Site SIC;Pessoalmente
OrdemServico	MEIO_TRANSPORTE_VT	Meio de Transporte	RecordList	DataGrid	Z_00143_MEIO_TRANSPORTE_VT	MEIO_TRANSPORTE_VT			
OrdemServico	MEMO1	Aprovador	String	Memo	CPE_CSC	MEMO1	1800		
OrdemServico	MEMO10	Memo10	String	Memo	CPE_CSC	MEMO10	1700		
OrdemServico	MEMO2	Memo2	String	Memo	CPE_CSC	MEMO2	1800		
OrdemServico	MEMO4	Memo4	String	Memo	CPE_CSC	MEMO4	1700		
OrdemServico	MEMO5	Memo5	String	Memo	CPE_CSC	MEMO5	1700		
OrdemServico	MEMO6	Memo6	String	Memo	CPE_CSC	MEMO6	1700		
OrdemServico	MEMO7	Memo7	String	Memo	CPE_CSC	MEMO7	1700		
OrdemServico	MEMO8	Memo8	String	Memo	CPE_CSC	MEMO8	1700		
OrdemServico	MEMO9	Memo9	String	Memo	CPE_CSC	MEMO9	1700		
OrdemServico	MENSAGEM_PARA_ARTE	MENSAGEM_PARA_ARTE	RecordList	DataGrid	Z_00143_MENSAGEM_PARA_ARTE	MENSAGEM_PARA_ARTE			
OrdemServico	MES	Mês	String	DropDownList	CP_ORDEM_SERVICO	MES			Janeiro;Fevereiro;Março;Abril;Maio;Junho;Julho;Agosto;Setembro;Outubro;Novembro;Dezembro
OrdemServico	MESANOREF	Mês e ano referência	String	TextBox	CPE_CSC	MESANOREF			
OrdemServico	MESANO_1	MESANO	String	TextBox	CPE_PESSOAS	MESANO_1			
OrdemServico	MESES	Meses	String	DropDownList	CPE_CONTRATOS	MESES	50		Janeiro;Fevereiro;Março;Abril;Maio;Junho;Julho;Agosto;Setembro;Outubro;Novembro;Dezembro
OrdemServico	MESES_ANO	Meses	String	DropDownList	CPE_CONTRATOS02	MESES_ANO			Janeiro;Fevereiro;Março;Abril;Maio;Junho;Julho;Agosto;Setembro;Outubro;Novembro;Dezembro
OrdemServico	MES_ANO	MES_ANO	String	TextBox	CPE_PESSOAS	MES_ANO			
OrdemServico	MES_ANO_AUTOMATICO	Mês/Ano Automatico	String	DropDownList	CPE_CSC	MES_ANO_AUTOMATICO			
OrdemServico	MES_COMPETENCIA	Mês de competência	String	DropDownList	CPE_CONTRATOS02	MES_COMPETENCIA			Janeiro;Fevereiro;Março;Abril;Maio;Junho;Julho;Agosto;Setembro;Outubro;Novembro;Dezembro;Não se aplica
OrdemServico	MES_DE_REF	Mês de referência	String	DropDownList	CPE_PEC	MES_DE_REF			01;02;03;04;05;06;07;08;09;10;11;12
OrdemServico	MES_REFERENCIA	Mês referência	String	DropDownList	CPE_CSC	MES_REFERENCIA	2		01;02;03;04;05;06;07;08;09;10;11;12
OrdemServico	META_EFISEC	Meta Efisec (Minutos - Exemplo: 360)	String	TextBox	CPE_CSC	META_EFISEC			
OrdemServico	MODALIDADE_CONTRATACAO	Modalidade de Contratação	String	DropDownList	CP_ORDEM_SERVICO	MODALIDADE_CONTRATACAO			Processo Licitatório;Dispensa de Licitação;Inexigibilidade de Licitação - Acórdão TCU Plenário 1705 ;Inexigibilidade de 
OrdemServico	MODALIDADE_DE_CONTRATACAO	Modalidade de Contratação	String	DropDownList	CPE_CONTRATOS	MODALIDADE_DE_CONTRATACAO			CARONA EM ATA DE REGISTRO DE PREÇOS;CREDENCIAMENTO;CONCORRÊNCIA;CONTRATO DE PATROCÍNIO;CONVÊNIO;CONVITE;DISPENSA DE LICI
OrdemServico	MODALIDADE_LICITACAO	Modalidade de Licitação	String	TextBox	CP_ORDEM_SERVICO	MODALIDADE_LICITACAO			
OrdemServico	MODALIDADE_SRPPEP	Modalidade de Contratação	String	DropDownList	CP_ORDEM_SERVICO	MODALIDADE_SRPPEP			Pregão Eletrônico; Pregão Presencial
OrdemServico	MODELO_COMUNICADO	Modelo de Comunicado utilizado no processo	String	TextBox	CP_ORDEM_SERVICO	MODELO_COMUNICADO			
OrdemServico	MODELO_CONTRATACAO	Modalidade de Contratação	String	DropDownList	CP_ORDEM_SERVICO	MODELO_CONTRATACAO		S	
OrdemServico	MODELO_TIPO	Modelo/Tipo	String	TextBox	CPE_HOMOLOGACAO	MODELO_TIPO			
OrdemServico	MODULO_DOCNIX	Módulo DocNix	String	DropDownList	CP_ORDEM_SERVICO	MODULO_DOCNIX			MaxDoc; DocAction; DocAudit; Acttive Plan; Indicadores
OrdemServico	MODULO_SISBB	Módulo utilizado no SISBB	String	Memo	CP_ORDEM_SERVICO	MODULO_SISBB			
OrdemServico	MOSCOW_LIST	Moscow List	String	TextBox	CP_ORDEM_SERVICO	MOSCOW_LIST			
OrdemServico	MOTIVACAO_DOD	A motivação é de ordem legal?	String	DropDownList	CP_ORDEM_SERVICO	MOTIVACAO_DOD			Não;Sim
OrdemServico	MOTIVACAO_DOD_V2	A motivação é de ordem legal (Lei, Decreto, TCU, etc)?	String	DropDownList	CP_ORDEM_SERVICO	MOTIVACAO_DOD_V2		S	
OrdemServico	MOTIVACAO_NOVA	A motivação é de ordem legal?	String	DropDownList	CP_ORDEM_SERVICO	MOTIVACAO_NOVA		S	
OrdemServico	MOTIVO	Motivo da solicitação de serviço	String	Memo	CP_ORDEM_SERVICO	MOTIVO	1500		
OrdemServico	MOTIVOS	Motivo	String	DropDownList	CPE_CSC	MOTIVOS			Contaminação por agentes patológicos, sem possibilidade de recuperação por assepsia; Infestação por insetos nocivos, com
OrdemServico	MOTIVO_APORTE	Motivo do Aporte	String	DropDownList	CPE_CSC	MOTIVO_APORTE			Crédito Rotativo;Marketing;Outros
OrdemServico	MOTIVO_ATUAL_CADAS_FORN	Motivo da Atualização	String	DropDownList	CPE_CSC	MOTIVO_ATUAL_CADAS_FORN			Atualização Completa;Cadastro de Filial; Contato; Endereço; Dados Bancários; Razão Social; Tipo de Contribuinte; Outras 
OrdemServico	MOTIVO_AUDIT	Parecer da AUDIT	String	Memo	CP_ORDEM_SERVICO	MOTIVO_AUDIT	2000		
OrdemServico	MOTIVO_CORIS	Parecer da CORIS	String	Memo	CP_ORDEM_SERVICO	MOTIVO_CORIS	2000		
OrdemServico	MOTIVO_DA_GLOSA	Motivo da Glosa	String	TextBox	CPE_CONTRATOS	MOTIVO_DA_GLOSA			
OrdemServico	MOTIVO_DERIC	Motivo	String	Memo	CPE_ORDEM_SERVICO	MOTIVO_DERIC	2000		
OrdemServico	MOTIVO_DIRETOR	Parecer da Diretoria	String	Memo	CP_ORDEM_SERVICO	MOTIVO_DIRETOR	1000		
OrdemServico	MOTIVO_DIREX	Parecer da Direx	String	Memo	CP_ORDEM_SERVICO	MOTIVO_DIREX	1000		
OrdemServico	MOTIVO_DO_CADASTRO_DE_CLIENTE	Motivo do cadastro de cliente	String	DropDownList	CPE_CSC	MOTIVO_DO_CADASTRO_DE_CLIENTE			Faturamento de negócios;Movimentação de bens e produtos
OrdemServico	MOTIVO_EXCLUSAO_PS	MOTIVO_EXCLUSAO_PS	String	DropDownList	CPE_CONTRATOS02	MOTIVO_EXCLUSAO_PS			A Pedido; Justa Causa; Aposentadoria; Acordo; Sem Justa Causa
OrdemServico	MOTIVO_EXONERA	Motivo da Exoneração	String	DropDownList	CP_ORDEM_SERVICO	MOTIVO_EXONERA			Pedido Func s/ Transferência;Aprovação Concurso s/ Transferência;Ação Disciplinar s/ Transfererência;Cessão para outros 
OrdemServico	MOTIVO_EXONERACAO_BRIGADISTA	Motivo da exoneração da função de Brigadista Voluntário de Incêndio:	String	DropDownList	CPE_CSC	MOTIVO_EXONERACAO_BRIGADISTA			Descumprimento de Dever de Brigadista;Conclusão do período de 12 meses sem reingresso;Desistência de participação na Bri
OrdemServico	MOTIVO_EXO_GEREX	Motivo	String	DropDownList	CP_ORDEM_SERVICO	MOTIVO_EXO_GEREX			Falha em serviço ou solicitação;Outros (especificar) 
OrdemServico	MOTIVO_EXO_OUTROS	Motivo	String	DropDownList	CP_ORDEM_SERVICO	MOTIVO_EXO_OUTROS			Reestruturação da área ou da companhia;Alteração no perfil de conhecimentos, habilidades e atitudes requeridos para o ex
OrdemServico	MOTIVO_GCI	Parecer da Geric	String	Memo	CP_ORDEM_SERVICO	MOTIVO_GCI	2000		
OrdemServico	MOTIVO_GEDIV	Motivo	String	Memo	CPE_ORDEM_SERVICO	MOTIVO_GEDIV			
OrdemServico	MOTIVO_GERAL	Motivo Genérico	String	TextBox	CPE_CSC	MOTIVO_GERAL			
OrdemServico	MOTIVO_GEREX	Motivo para reprogramação	String	Memo	CP_ORDEM_SERVICO	MOTIVO_GEREX	2000		
OrdemServico	MOTIVO_NEGACAO	Descrição do motivo da solicitação	String	Memo	CP_ORDEM_SERVICO	MOTIVO_NEGACAO			
OrdemServico	MOTIVO_PRESI	Parecer da presidência	String	Memo	CP_ORDEM_SERVICO	MOTIVO_PRESI	2000		
OrdemServico	MOTIVO_REEMBOLSO_SAUDE	Motivo	String	Memo	CP_ORDEM_SERVICO	MOTIVO_REEMBOLSO_SAUDE			
OrdemServico	MOTIVO_REPROV_CHATBOT	Motivo Reprovação Chatbot	String	TextBox	CPE_CSC	MOTIVO_REPROV_CHATBOT			
OrdemServico	MOTIVO_SAUDE	Justificativa	String	Memo	CP_ORDEM_SERVICO	MOTIVO_SAUDE	1000		
OrdemServico	MOTIVO_SOL	Motivo	String	Memo	CP_ORDEM_SERVICO	MOTIVO_SOL			
OrdemServico	MOTIVO_SUBSTITUICAO	Motivo	String	DropDownList	CP_ORDEM_SERVICO	MOTIVO_SUBSTITUICAO			Férias do titular;Afastamento por motivo disciplinar (por cinco dias úteis ou mais);Licença prêmio;Licença paternidade;L
OrdemServico	MOTIVO_VALIDA	Motivo	String	DropDownList	CPE_CSC	MOTIVO_VALIDA			Atestado validado;Clinica não quis responder;Não obtive retorno da clinica por telefone;Não obtive retorno da clinica po
OrdemServico	MOV_NOME	Nome	String	TextBox	CP_ORDEM_SERVICO	MOV_NOME			
OrdemServico	MOV_NOME1	Funcionário Substituto	String	TextBox	CP_ORDEM_SERVICO	MOV_NOME1			
OrdemServico	MP_DT_FIM_SUBST	Data Fim Substituição	DateTime	DatePicker	CPE_MOVIMENTACAO_PESSOA	MP_DT_FIM_SUBST			
OrdemServico	MP_DT_INICIO_SUBST	Data Início Substituição	DateTime	DatePicker	CPE_MOVIMENTACAO_PESSOA	MP_DT_INICIO_SUBST			
OrdemServico	MP_EST_CARGO	Cargo	String	TextBox	CPE_MOVIMENTACAO_PESSOA	MP_EST_CARGO			
OrdemServico	MP_EST_DT_INICIO	Data Início do Contrato	DateTime	DatePicker	CPE_MOVIMENTACAO_PESSOA	MP_EST_DT_INICIO			
OrdemServico	MP_EST_DT_VIGENCIA	Vigência	DateTime	DatePicker	CPE_MOVIMENTACAO_PESSOA	MP_EST_DT_VIGENCIA			
OrdemServico	MP_EST_FAIXA	Faixa	String	TextBox	CPE_MOVIMENTACAO_PESSOA	MP_EST_FAIXA			
OrdemServico	MP_EST_GESTOR_POSICAO	Reportar-se posição	String	TextBox	CPE_MOVIMENTACAO_PESSOA	MP_EST_GESTOR_POSICAO			
OrdemServico	MP_EST_MATRICULA	Matrícula	String	TextBox	CPE_MOVIMENTACAO_PESSOA	MP_EST_MATRICULA			
OrdemServico	MP_EST_NOME	Nome	String	TextBox	CPE_MOVIMENTACAO_PESSOA	MP_EST_NOME			
OrdemServico	MP_EST_PLANO_SAL	Plano Salarial	String	TextBox	CPE_MOVIMENTACAO_PESSOA	MP_EST_PLANO_SAL			
OrdemServico	MP_EST_SINDICATO	Sindicato	String	TextBox	CPE_MOVIMENTACAO_PESSOA	MP_EST_SINDICATO			
OrdemServico	MP_EST_STEP	Step	Integer	TextBox	CPE_MOVIMENTACAO_PESSOA	MP_EST_STEP			
OrdemServico	MP_FUNCIONARIO_SUBSTITUIDO	Funcionário a ser substituído	String	DropDownList	CPE_MOVIMENTACAO_PESSOA	MP_FUNCIONARIO_SUBSTITUIDO		S	
OrdemServico	MP_FUNCIONARIO_SUBSTITUTO	Funcionário Substituto	String	DropDownList	CPE_MOVIMENTACAO_PESSOA	MP_FUNCIONARIO_SUBSTITUTO		S	
OrdemServico	MP_MATRICULA_SUBSTITUIDO	Matrícula do Substituído	String	TextBox	CPE_MOVIMENTACAO_PESSOA	MP_MATRICULA_SUBSTITUIDO			
OrdemServico	MP_MATRICULA_SUBSTITUTO	Matrícula do Substituto	String	TextBox	CPE_MOVIMENTACAO_PESSOA	MP_MATRICULA_SUBSTITUTO			
OrdemServico	MP_MOTIVO_SUBST	Motivo da Substituição	String	DropDownList	CPE_MOVIMENTACAO_PESSOA	MP_MOTIVO_SUBST			Férias do titular;Afastamento por motivo disciplinar;Licença prêmio;'Licença Paternidade;Licença Gestante;Licença Adotan
OrdemServico	MP_NOME_SUBSTITUIDO	Nome do Substituído	String	TextBox	CPE_MOVIMENTACAO_PESSOA	MP_NOME_SUBSTITUIDO			
OrdemServico	MP_NOME_SUBSTITUTO	Nome do Substituto	String	TextBox	CPE_MOVIMENTACAO_PESSOA	MP_NOME_SUBSTITUTO			
OrdemServico	MP_OBSERVACAO	Observação	String	Memo	CPE_MOVIMENTACAO_PESSOA	MP_OBSERVACAO			
OrdemServico	MP_TOTAL_DIAS_SUBST	Total de Dias	Integer	TextBox	CPE_MOVIMENTACAO_PESSOA	MP_TOTAL_DIAS_SUBST			
OrdemServico	MP_USUARIO_REDE_SUBSTITUIDO	Usuário de rede Substiuído	String	TextBox	CPE_MOVIMENTACAO_PESSOA	MP_USUARIO_REDE_SUBSTITUIDO			
OrdemServico	MP_USUARIO_REDE_SUBSTITUTO	Usuário de rede Substituto	String	TextBox	CPE_MOVIMENTACAO_PESSOA	MP_USUARIO_REDE_SUBSTITUTO			
OrdemServico	MUDANCA_DE_CARGA_HORA	Mudança de carga horária	String	DropDownList	CPE_CONTRATOS	MUDANCA_DE_CARGA_HORA			Sim;Não
OrdemServico	MUDANCA_ESTABELECIMENTO	Mudança de Estabelecimento	String	DropDownList	CP_ORDEM_SERVICO	MUDANCA_ESTABELECIMENTO			Sim;Não
OrdemServico	MULTA	Multa	String	TextBox	CP_ORDEM_SERVICO	MULTA	200		
OrdemServico	MULTA_PARCELADA	Multa Parcelada	String	DropDownList	CPE_CSC	MULTA_PARCELADA			
OrdemServico	MULTIDATA_DOCNIX	Demanda	String	Memo	CP_ORDEM_SERVICO	MULTIDATA_DOCNIX	2000		
OrdemServico	MULTIPLICADOR	Multiplicador	RecordList	DataGrid	Z_00143_MULTIPLICADOR	MULTIPLICADOR			
OrdemServico	MUNICIPIO	Município	String	TextBox	CP_ORDEM_SERVICO	MUNICIPIO			
OrdemServico	NACIONALIDADE	Nacionalidade	String	TextBox	CPE_ORDEM_SERVICO	NACIONALIDADE			
OrdemServico	NAOSEIQUALNOMECOLOCAR	GRID	String	TextBox	CPE_TIP_SOL01	NAOSEIQUALNOMECOLOCAR			
OrdemServico	NAO_SIM	A solicitação deste remanejamento de orçamento foi elaborada por meio de nota técnica, e a mesma já está devidamente aprovada?	String	DropDownList	CPE_FINANCEIRO	NAO_SIM	50		Não;Sim
OrdemServico	NATUREZA_COJUR	Natureza	String	DropDownList	CPE_ORDEM_SERVICO	NATUREZA_COJUR			Área cível;Área trabalhista;Área tributária
OrdemServico	NATUREZA_DA_TRANSACAO	Natureza da Transação	String	DropDownList	CPE_FINANCEIRO	NATUREZA_DA_TRANSACAO			Atividade Meio;Atividade Fim
OrdemServico	NATUREZA_RUB	Natureza	String	DropDownList	CP_ORDEM_SERVICO	NATUREZA_RUB			Devedor;Credor
OrdemServico	NATUREZA_SERV	Natureza do serviço	String	DropDownList	CP_ORDEM_SERVICO	NATUREZA_SERV			Ajudante de Armazém;Aluguel;Aquisição de bens;Despachante;Gestão de Pessoas;Limpeza;Locação de Bens;Manutenção de Bens;M
OrdemServico	NATUREZA_SERV_2	Natureza do serviço 2	String	DropDownList	CPE_CONTRATOS	NATUREZA_SERV_2			Ajudante de Armazém;Despachante;Gestão de Pessoas;Limpeza;Locação de Bens;Manutenção de Bens;Mão de Obra;Outros;Recepção
OrdemServico	NATUREZA_TRANSACAO	Natureza da Transação	String	TextBox	CPE_FINANCEIRO	NATUREZA_TRANSACAO			
OrdemServico	NCNH	Número CNH	String	TextBox	CPE_HOMOLOGACAO	NCNH			
OrdemServico	NCNH2	Número CNH	String	TextBox	CPE_HOMOLOGACAO	NCNH2			
OrdemServico	NECESSIDADE_ITEM	Necessidade	String	DropDownList	CPE_CSC	NECESSIDADE_ITEM			Aquisição;Manutenção Imóveis;Manutenção Móveis;Pagamento;Regularização;Serviço
OrdemServico	NECESSIDADE_TABELA_PDPEP	Necessidade tabela PDPEP	String	DropDownList	CPE_CONTRATOS	NECESSIDADE_TABELA_PDPEP			Aquisição;Manutenção;Pagamento;Regularização;Serviço
OrdemServico	NEGOCIO_PRODUTO_GECOB	Negócio/Produto	String	DropDownList	CPE_CONTRATOS02	NEGOCIO_PRODUTO_GECOB			CRBB SSA;CRBB RJ;CRBB BSB;CRBB BB Américas;Cobrança Extrajudicial;Kit Pré-Ajuizamento;GED/UTD;Microfilmagem;Outro
OrdemServico	NEGOCIO_PRODUTO_GECOR	Negócio/Produto	String	DropDownList	CPE_CONTRATOS02	NEGOCIO_PRODUTO_GECOR			BB Consórcios;BB Correspondente Bancário;Outro
OrdemServico	NEGOCIO_PRODUTO_GELOP	Negócio/Produto	String	DropDownList	CPE_CONTRATOS02	NEGOCIO_PRODUTO_GELOP			TAA;Demais Bens;Rede Man;PGDM;DOSI;DOSA;DOCA;Monitoração;PSIM;TEYA - Outsourcing de Telefonia;Outro
OrdemServico	NEGOCIO_PRODUTO_GEPIN	Negócio/Produto	String	DropDownList	CPE_CONTRATOS02	NEGOCIO_PRODUTO_GEPIN			Hiveplace;Outro
OrdemServico	NEGOCIO_PRODUTO_GESEC	Negócio/Produto	String	DropDownList	CPE_CONTRATOS02	NEGOCIO_PRODUTO_GESEC			Fábrica de Software - Credenciamento;Fábrica de Software - Credenciamento;Fábrica de Software - BB Tribunais;Intevia - E
OrdemServico	NF_SGPS	Nota fiscal SGPS	RecordList	DataGrid	Z_00143_NF_SGPS	NF_SGPS			
OrdemServico	NF_TIPOS_BBTS	Tipos de Notas Fiscais BBTS	String	DropDownList	CP_ORDEM_SERVICO	NF_TIPOS_BBTS	100		NOTA FISCAL REJEITADA;NOTA FISCAL DENEGADA;NOTA FISCAL INUTILIZADA;NOTA FISCAL CANCELADA;NOTA FISCAL DE ENTRADA (EMITIDA
OrdemServico	NIVEL_CONTA	Nível da Conta	String	DropDownList	CP_ORDEM_SERVICO	NIVEL_CONTA			Analítica;Sintética
OrdemServico	NIVEL_SUPERIOR	Nível Superior	String	TextBox	CP_ORDEM_SERVICO	NIVEL_SUPERIOR			
OrdemServico	NI_DOD	NI associada	String	Memo	CP_ORDEM_SERVICO	NI_DOD	2000		
OrdemServico	NI_PID	Está ciente e concorda com as regras deste programa, definidas na NI 112.	Boolean	CheckBox	CP_ORDEM_SERVICO	NI_PID			
OrdemServico	NM_CONTRATA_MAISBR	Numero	String	TextBox	CPE_CONTRATOS02	NM_CONTRATA_MAISBR	1999		
OrdemServico	NM_GERENCIA	Nome Gerencia	String	TextBox	CPE_CONTRATOS02	NM_GERENCIA	199		
OrdemServico	NNBUSINESSPLAN	Business Plan	String	Memo	CP_ORDEM_SERVICO	NNBUSINESSPLAN			
OrdemServico	NNCONSOLIDACAO	Consolidação	String	Memo	CP_ORDEM_SERVICO	NNCONSOLIDACAO	1200		
OrdemServico	NNELABORARCONSULTA	Observações - Consulta COJUR	String	Memo	CP_ORDEM_SERVICO	NNELABORARCONSULTA	1200		
OrdemServico	NNPARECERCOJUR	Observações - Parecer COJUR	String	Memo	CP_ORDEM_SERVICO	NNPARECERCOJUR			
OrdemServico	NN_ALCADA	Qual alçada tramita a aprovação?	String	DropDownList	CP_ORDEM_SERVICO	NN_ALCADA			Cadmi;Presidente, e subsequente o Cadmi;Direx;Conad ;Cotin;
OrdemServico	NN_ALTERACAO_PROPOSTA	Proposta necessita de alteração?	String	DropDownList	CP_ORDEM_SERVICO	NN_ALTERACAO_PROPOSTA			Sem alterações;Alterações substanciais;Alterações não substanciais
OrdemServico	NN_APELIDO_PROJETO	Apelido do Negócio	String	TextBox	CP_ORDEM_SERVICO	NN_APELIDO_PROJETO			
OrdemServico	NN_APROVACAO_CLIENTE	Proposta aprovada pelo Cliente?	String	DropDownList	CP_ORDEM_SERVICO	NN_APROVACAO_CLIENTE			Sim; Não
OrdemServico	NN_AREA_RELACIONAMENTO	Area de Relacionamento BB	String	DropDownList	CPE_NEGOCIOS	NN_AREA_RELACIONAMENTO			USI;DITEC;DIOPE;DISEC;DIGOV;DICRE;DICOI;UCS;DIREC;UGE;UCR;DICOR;UAC;DINED;UAN;DIRAG;DIMEP;DIEMP;DIJUR;Outros
OrdemServico	NN_BENEFICIO_FISCAL	Qual benefício fiscal?	String	TextBox	CPE_NEGOCIOS	NN_BENEFICIO_FISCAL			
OrdemServico	NN_CANCELA	Cancela chamado?	String	DropDownList	CPE_NEGOCIOS	NN_CANCELA			Sim;Não
OrdemServico	NN_CENARIO	NN Cenário	String	TextBox	CPE_NEGOCIOS	NN_CENARIO			
OrdemServico	NN_CENARIO_DIRETORIA	Cenário Escolhido - Diretoria	String	DropDownList	CPE_NEGOCIOS	NN_CENARIO_DIRETORIA			 Cenário 1; Cenário 2; Cenário 3; Cenário 4; Cenário 5; Cenário 6; Cenário 7; Cenário 8; Cenário 9; Cenário 10; Cenário 
OrdemServico	NN_CENTARIO_GESTOR	NN Cenário Gestor do Produto	String	DropDownList	CPE_NEGOCIOS	NN_CENTARIO_GESTOR			Não indicou; Cenário 1; Cenário 2; Cenário 3; Cenário 4; Cenário 5; Cenário 6; Cenário 7; Cenário 8; Cenário 9; Cenário 
OrdemServico	NN_CLIENTE	Cliente	String	DropDownList	CP_ORDEM_SERVICO	NN_CLIENTE		S	
OrdemServico	NN_CONDICAO_PAGAMENTO	Condição de Pagamento	String	Memo	CP_ORDEM_SERVICO	NN_CONDICAO_PAGAMENTO	2000		
OrdemServico	NN_CONTRATO_CLIENTE	 Número do Contrato Cliente	String	TextBox	CP_ORDEM_SERVICO	NN_CONTRATO_CLIENTE	13		
OrdemServico	NN_CONTRATO_COBRA	Número do Contrato COBRA	String	TextBox	CP_ORDEM_SERVICO	NN_CONTRATO_COBRA	13		
OrdemServico	NN_DATAPICKER	Data picker NN	DateTime	DatePicker	CPE_NEGOCIOS	NN_DATAPICKER			
OrdemServico	NN_DATAPICKER1	Data picker NN	DateTime	DatePicker	CPE_NEGOCIOS	NN_DATAPICKER1			
OrdemServico	NN_DATA_DIREX	Data da apresentação na DIREX	DateTime	DatePicker	CP_ORDEM_SERVICO	NN_DATA_DIREX			
OrdemServico	NN_DATA_ENVIO_PRECO	Data de envio do preço de referência	RecordList	DataGrid	Z_00143_NN_DATA_ENVIO_PRECO	NN_DATA_ENVIO_PRECO			
OrdemServico	NN_DATA_ENVIO_PROPOSTA	Data de envio da proposta	RecordList	DataGrid	Z_00143_NN_DATA_ENVIO_PROPOSTA	NN_DATA_ENVIO_PROPOSTA			
OrdemServico	NN_DATA_FECHAMENTO	Data Provável do Fechamento do Negócio	DateTime	DatePicker	CP_ORDEM_SERVICO	NN_DATA_FECHAMENTO			
OrdemServico	NN_DATA_REPROG	Data de Reprogramaçãoo	RecordList	DataGrid	Z_00143_NN_DATA_REPROG	NN_DATA_REPROG			
OrdemServico	NN_DIRETORIA_NEGOCIO	Diretoria do Negócio	String	TextBox	CP_ORDEM_SERVICO	NN_DIRETORIA_NEGOCIO			
OrdemServico	NN_DIRETOR_DIAFI	Voto Direto Diafi	Integer	TextBox	CPE_NEGOCIOS	NN_DIRETOR_DIAFI			
OrdemServico	NN_DIRETOR_DIOPE	Voto Diretor Diope	Integer	TextBox	CPE_NEGOCIOS	NN_DIRETOR_DIOPE			
OrdemServico	NN_DIRETOR_NEGOCIO	Diretor do Negócio	String	TextBox	CP_ORDEM_SERVICO	NN_DIRETOR_NEGOCIO			
OrdemServico	NN_EMP_CONGLOMERADO	BB ou sua Subsidiária/Coligada?	String	DropDownList	CP_ORDEM_SERVICO	NN_EMP_CONGLOMERADO			Sim;Não
OrdemServico	NN_ETAPA	% da Etapa	String	DropDownList	CPE_NEGOCIOS	NN_ETAPA			0%;25%;50%;75%;100%
OrdemServico	NN_FAIXA	Faixa estimada de faturamento	String	DropDownList	CPE_NEGOCIOS	NN_FAIXA			Até R$100.000;Até R$300.000;Até R$500.000;Até R$750.000;Até R$1.000.000;Até R$5.000.000;Acima de R$5.000.000 
OrdemServico	NN_FATURAMENTO	Previsão de Faturamento	Decimal	TextBox	CP_ORDEM_SERVICO	NN_FATURAMENTO			
OrdemServico	NN_FATURAMENTO_FOR	Qual o local de faturamento do fornecedor?	RecordList	DataGrid	Z_00143_NN_FATURAMENTO_FOR	NN_FATURAMENTO_FOR			
OrdemServico	NN_FORMACONTRATACAO	Forma de Contratação	String	DropDownList	CPE_HOMOLOGACAO	NN_FORMACONTRATACAO			Novo Contrato;Aditivo;Renovação;Recontratação
OrdemServico	NN_FORMA_PAGAMENTO	Forma de pagamento	String	DropDownList	CPE_NEGOCIOS	NN_FORMA_PAGAMENTO			Dólar;Real;Euro;Outros
OrdemServico	NN_GERENCIA_DESTINO	Gerência de destino do negócio	String	DropDownList	CP_ORDEM_SERVICO	NN_GERENCIA_DESTINO		S	
OrdemServico	NN_GERENCIA_NEGOCIO	Gerência Executiva do Negócio	String	DropDownList	CP_ORDEM_SERVICO	NN_GERENCIA_NEGOCIO		S	
OrdemServico	NN_GEREX_NEGOCIO	Gerente Executivo do Negócio	String	TextBox	CP_ORDEM_SERVICO	NN_GEREX_NEGOCIO			
OrdemServico	NN_INOVACAO	O Negócio possui algum tipo de  inovação?	String	DropDownList	CP_ORDEM_SERVICO	NN_INOVACAO			Sim;Não
OrdemServico	NN_INVESTIMENTO	Proposta Comercial possui investimento?	String	DropDownList	CP_ORDEM_SERVICO	NN_INVESTIMENTO			Sim; Não
OrdemServico	NN_JUSTIFICATIVA	Justificativa	String	Memo	CP_ORDEM_SERVICO	NN_JUSTIFICATIVA	2000		
OrdemServico	NN_LINHA_NEGOCIO	Linha de Negócio	String	DropDownList	CPE_NEGOCIOS	NN_LINHA_NEGOCIO			Infraestrutura e Disponibilidade; Gestão de Segurança; Comunicação e Conectividade; Canais e Backoffice;Soluções Digitai
OrdemServico	NN_LISTA_FORNECEDORES	Proposta de fornecedores	RecordList	DataGrid	Z_00143_NN_LISTA_FORNECEDORES	NN_LISTA_FORNECEDORES			
OrdemServico	NN_LISTA_OBS	Observações	RecordList	DataGrid	Z_00143_NN_LISTA_OBS	NN_LISTA_OBS			
OrdemServico	NN_LISTA_RISCOS	Riscos Mapeados	RecordList	DataGrid	Z_00143_NN_LISTA_RISCOS	NN_LISTA_RISCOS			
OrdemServico	NN_LISTA_SCR	Lista de SCR	RecordList	DataGrid	Z_00143_NN_LISTA_SCR	NN_LISTA_SCR			
OrdemServico	NN_LISTA_SERVICO	Lista de negócios	RecordList	DataGrid	Z_00143_NN_LISTA_SERVICO	NN_LISTA_SERVICO			
OrdemServico	NN_LOCAL	Local	String	TextBox	CPE_NEGOCIOS	NN_LOCAL			
OrdemServico	NN_LOCAL_FATURAMENTO	Local de Faturamento	String	TextBox	CPE_NEGOCIOS	NN_LOCAL_FATURAMENTO			
OrdemServico	NN_LOCAL_SUPORTE	Local onde será prestado o suporte?	RecordList	DataGrid	Z_00143_NN_LOCAL_SUPORTE	NN_LOCAL_SUPORTE			
OrdemServico	NN_MARGEM	Margem do Negócio (%)	Decimal	TextBox	CP_ORDEM_SERVICO	NN_MARGEM			
OrdemServico	NN_MARGEM_MINIMA	Margem mímima estabelecida (%)	Decimal	TextBox	CP_ORDEM_SERVICO	NN_MARGEM_MINIMA			
OrdemServico	NN_MOTIVO_CANCELAMENTO	Motivo do cancelamento(após a seleção de um motivo, o chamado será cancelado automaticamente)	String	DropDownList	CPE_NEGOCIOS	NN_MOTIVO_CANCELAMENTO			Demanda absorvida por outro projeto; Inviabilidade técnica/operacional; Negociação suspensa pela BBTS; Negociação suspen
OrdemServico	NN_NOME_PROJETO	Nome do Negócio	String	Memo	CP_ORDEM_SERVICO	NN_NOME_PROJETO			
OrdemServico	NN_NOVO_NEGOCIO	Novo negócio	String	DropDownList	CP_ORDEM_SERVICO	NN_NOVO_NEGOCIO			Sim;Não
OrdemServico	NN_NUMERO_NDA	Número NDA	String	TextBox	CPE_NEGOCIOS	NN_NUMERO_NDA			
OrdemServico	NN_NUMERO_PROJETO	Número do Negócio	String	TextBox	CP_ORDEM_SERVICO	NN_NUMERO_PROJETO			
OrdemServico	NN_OBJETO_PROPOSTA	Objetivo da Proposta	String	Memo	CP_ORDEM_SERVICO	NN_OBJETO_PROPOSTA	2000		
OrdemServico	NN_OBS	Observação	String	Memo	CPE_NEGOCIOS	NN_OBS	2000		
OrdemServico	NN_ORCAMENTO	Orçamento anual do Negócio (%)	Decimal	TextBox	CP_ORDEM_SERVICO	NN_ORCAMENTO			
OrdemServico	NN_ORGAO_CLIENTE	Orgão do Cliente	String	TextBox	CP_ORDEM_SERVICO	NN_ORGAO_CLIENTE			
OrdemServico	NN_ORIGEM_ESTRUTURACAO	Origem da estruturação do negócio	String	DropDownList	CP_ORDEM_SERVICO	NN_ORIGEM_ESTRUTURACAO			Projetos;Produtos e Serviços em linha
OrdemServico	NN_PAIS	País	String	TextBox	CPE_NEGOCIOS	NN_PAIS			
OrdemServico	NN_PERCENTUAL_RISCO	Percentual Risco Operacional	Decimal	TextBox	CP_ORDEM_SERVICO	NN_PERCENTUAL_RISCO			
OrdemServico	NN_POC	Teve POC	String	DropDownList	CPE_NEGOCIOS	NN_POC			POC;Piloto;Degustação;Não
OrdemServico	NN_PORTFOLIO	Portfólio de soluções do provedor	String	Memo	CPE_NEGOCIOS	NN_PORTFOLIO	2000		
OrdemServico	NN_PRAZO_DEMANDA	Prazo do Término da Demanda	DateTime	DatePicker	CP_ORDEM_SERVICO	NN_PRAZO_DEMANDA			
OrdemServico	NN_PRAZO_ESTIMADO	Prazo estimado do contrato	String	DropDownList	CPE_NEGOCIOS	NN_PRAZO_ESTIMADO			06 meses;12 meses;24 meses;36 meses;48 meses;60 meses
OrdemServico	NN_PRODUTO	Produto	String	DropDownList	CPE_NEGOCIOS	NN_PRODUTO			Disponibilidade Operacional de TAA; Disponibilidade Operacional de Bens de Automação Bancária; Monitoração de Ambientes;
OrdemServico	NN_PRODUTO_EXISTENTE	Produtu existente?	String	DropDownList	CPE_NEGOCIOS	NN_PRODUTO_EXISTENTE			Sim; Não
OrdemServico	NN_REPROVA_DEVOLVE	Devolver para correções?	String	DropDownList	CP_ORDEM_SERVICO	NN_REPROVA_DEVOLVE			Sim;Não
OrdemServico	NN_RESPONSAVEL_RELACIONAMENTO	Responável pelo relacionamento	String	DropDownList	CP_ORDEM_SERVICO	NN_RESPONSAVEL_RELACIONAMENTO		S	
OrdemServico	NN_RESPOSTA_CLIENTE	Resposta do cliente	String	Memo	CP_ORDEM_SERVICO	NN_RESPOSTA_CLIENTE	2000		
OrdemServico	NN_RISCO_AMBIENTAL	Risco Ambiental	String	Memo	CP_ORDEM_SERVICO	NN_RISCO_AMBIENTAL	2000		
OrdemServico	NN_RISCO_CREDITO	Risco de Crédito	String	Memo	CP_ORDEM_SERVICO	NN_RISCO_CREDITO	2000		
OrdemServico	NN_RISCO_IMAGEM	Risco de Imagem	String	Memo	CP_ORDEM_SERVICO	NN_RISCO_IMAGEM	2000		
OrdemServico	NN_RISCO_LIQUIDEZ	Risco de Liquidez	String	Memo	CP_ORDEM_SERVICO	NN_RISCO_LIQUIDEZ	2000		
OrdemServico	NN_RISCO_MERCADO	Risco de Mercado	String	Memo	CP_ORDEM_SERVICO	NN_RISCO_MERCADO	2000		
OrdemServico	NN_RISCO_OPERACIONAL	Risco Operacional	String	Memo	CP_ORDEM_SERVICO	NN_RISCO_OPERACIONAL	2000		
OrdemServico	NN_SCR_GERENCIAS	Gerência de Divisão do Contrato	String	DropDownList	CP_ORDEM_SERVICO	NN_SCR_GERENCIAS		S	
OrdemServico	NN_SEGMENTO	Segmento de Mercado	String	DropDownList	CPE_NEGOCIOS	NN_SEGMENTO			Banco do Brasil;ELBB;Mercado;Governo
OrdemServico	NN_SERVICO_PORTIFOLIO	Serviço do portifólio	String	DropDownList	CP_ORDEM_SERVICO	NN_SERVICO_PORTIFOLIO		S	
OrdemServico	NN_SIM_NAO	O orçamento enviado pelo fornecedor contempla todos os tributos?	String	DropDownList	CPE_NEGOCIOS	NN_SIM_NAO			Sim;Não;Ambos
OrdemServico	NN_STATUS_PROJETO	Status projeto	String	DropDownList	CPE_NEGOCIOS	NN_STATUS_PROJETO			Normal;Alerta;Crítico
OrdemServico	NN_TIPO_CLI	Tipo de cliente	String	DropDownList	CPE_NEGOCIOS	NN_TIPO_CLI			A;B;C;D
OrdemServico	NN_TIPO_CLIENTE	Tipo de Cliente	String	DropDownList	CPE_NEGOCIOS	NN_TIPO_CLIENTE			A;B;C;D
OrdemServico	NN_TIPO_INOVACAO	Tipo da Inovação e outras observações	String	TextBox	CP_ORDEM_SERVICO	NN_TIPO_INOVACAO			
OrdemServico	NN_TIPO_PROJETO	Tipo de projeto (Precificação)	String	DropDownList	CP_ORDEM_SERVICO	NN_TIPO_PROJETO			Novo Negócio;Repactuação;Reprecificação;Renovação de contrato
OrdemServico	NN_TIPO_SERVICO	Linha de negócio	String	DropDownList	CP_ORDEM_SERVICO	NN_TIPO_SERVICO		S	
OrdemServico	NN_TIPO_VENDA	Tipo de Vendas/Demanda	String	DropDownList	CP_ORDEM_SERVICO	NN_TIPO_VENDA			Carta Convite;Concorrência;Dispensa de Licitação;Doação;Investimento;Locação;Orçamento;Pedido de Homologação de Produto;
OrdemServico	NN_VALIDADE_PROPOSTA	Validade da Proposta Comercial	Integer	TextBox	CP_ORDEM_SERVICO	NN_VALIDADE_PROPOSTA			
OrdemServico	NN_VALOR_PROPOSTA	Valor total da proposta (R$)	Decimal	TextBox	CP_ORDEM_SERVICO	NN_VALOR_PROPOSTA			
OrdemServico	NN_VIGENCIA_CONTRATO	Vigência do Contrato	DateTime	DatePicker	CP_ORDEM_SERVICO	NN_VIGENCIA_CONTRATO	100		
OrdemServico	NN_VOTO_PRESIDENTE	Voto Presidente	Integer	TextBox	CPE_NEGOCIOS	NN_VOTO_PRESIDENTE			
OrdemServico	NOME	Nome	String	TextBox	CP_ORDEM_SERVICO	NOME			
OrdemServico	NOME COLABORADOR	Nome de Ex-Colaborador	String	TextBox	CP_ORDEM_SERVICO	NOME_COLABORADOR			
OrdemServico	NOMECOLABORADOR	Nome do Colaborador	String	TextBox	CPE_BOOTCAMP	NOMECOLABORADOR			
OrdemServico	NOMEDEPENDENTE	Nome do dependente	String	TextBox	CPE_CSC	NOMEDEPENDENTE			
OrdemServico	NOMEDIGITADO	Nome Digitado 	String	TextBox	CPE_BOOTCAMP	NOMEDIGITADO			
OrdemServico	NOMEEEMAIL	NOMEEEMAIL	RecordList	DataGrid	Z_00143_NOMEEEMAIL	NOMEEEMAIL			
OrdemServico	NOMESFOLHAPONTO	Lista de Nomes	RecordList	DataGrid	Z_00143_NOMESFOLHAPONTO	NOMESFOLHAPONTO			
OrdemServico	NOME_APROVADOR	Nome aprovador	String	TextBox	CPE_CSC	NOME_APROVADOR			
OrdemServico	NOME_BENEFICIARIO	Nome beneficiario	String	TextBox	CPE_CSC	NOME_BENEFICIARIO	1000		
OrdemServico	NOME_CAIXA_DEP	Nome da Caixa Departamental	String	TextBox	CP_ORDEM_SERVICO	NOME_CAIXA_DEP			
OrdemServico	NOME_CLI_SOL	Nome de cliente solictante	String	TextBox	CPE_HOMOLOGACAO	NOME_CLI_SOL			
OrdemServico	NOME_CONTRATO	Nome contrato	String	TextBox	CPE_CSC	NOME_CONTRATO			
OrdemServico	NOME_CONTROLE_SAUDE	Beneficiário a ser alterado	String	TextBox	CP_ORDEM_SERVICO	NOME_CONTROLE_SAUDE			
OrdemServico	NOME_DAS	Nome	String	TextBox	CP_ORDEM_SERVICO	NOME_DAS			
OrdemServico	NOME_DO_BANCO	NOME_DO_BANCO	String	DropDownList	CPE_CONTRATOS	NOME_DO_BANCO			1 - Banco do Brasil S.A.; 033 - Banco Santander (Brasil) S.A.; 104 - Caixa Econômica Federal; 237 - Banco Bradesco S.A.;
OrdemServico	NOME_DO_COLABORADOR	Nome do colaborador	String	DropDownList	CPE_CSC	NOME_DO_COLABORADOR		S	
OrdemServico	NOME_DO_LOCAL	Nome do Local	RecordList	DataGrid	Z_00143_NOME_DO_LOCAL	NOME_DO_LOCAL			
OrdemServico	NOME_EMITENTE	Nome e Matricula do Funcionario Emitente	RecordList	DataGrid	Z_00143_NOME_EMITENTE	NOME_EMITENTE			
OrdemServico	NOME_FAVORECIDO	Nome do Favorecido	String	DropDownList	CPE_PDCI2019	NOME_FAVORECIDO		S	
OrdemServico	NOME_FLUXO	Nome do novo fluxo	String	TextBox	CPE_ORDEM_SERVICO	NOME_FLUXO			
OrdemServico	NOME_FORNEC	Nome do fornecedor	String	TextBox	CPE_CONTRATOS	NOME_FORNEC			
OrdemServico	NOME_FORNECEDOR	Nome do Fornecedor/Favorecido	String	TextBox	CP_ORDEM_SERVICO	NOME_FORNECEDOR			
OrdemServico	NOME_FORNECEDOR1	NOME_FORNECEDOR1	String	TextBox	CPE_CONTRATOS02	NOME_FORNECEDOR1			
OrdemServico	NOME_GRUPO	Nome do Grupo	String	TextBox	CP_ORDEM_SERVICO	NOME_GRUPO	500		
OrdemServico	NOME_LOCAL_CONTRATA	Nome do Local	String	TextBox	CPE_CONTRATOS02	NOME_LOCAL_CONTRATA	1999		
OrdemServico	NOME_MAE	Nome da mãe do beneficiário titular	String	TextBox	CP_ORDEM_SERVICO	NOME_MAE			
OrdemServico	NOME_NOME	Campo para Nome	String	TextBox	CPE_PESSOAS	NOME_NOME	100		
OrdemServico	NOME_PLANO_DRE	Nome Plano DRE	String	Memo	CP_ORDEM_SERVICO	NOME_PLANO_DRE	60		
OrdemServico	NOME_PREPOSTO	Nome do Preposto	String	TextBox	CPE_CONTRATOS02	NOME_PREPOSTO	300		
OrdemServico	NOME_PRESTADOR	Nome do Prestador	String	TextBox	CP_ORDEM_SERVICO	NOME_PRESTADOR			
OrdemServico	NOME_PROJETO	Nome do Projeto	String	TextBox	CP_ORDEM_SERVICO	NOME_PROJETO			
OrdemServico	NOME_PVV	Nome	String	TextBox	CP_ORDEM_SERVICO	NOME_PVV			
OrdemServico	NOME_RECEBEDOR	Nome	String	DropDownList	CPE_ECOMERCE	NOME_RECEBEDOR		S	
OrdemServico	NOME_REDE	Servidor	List	DropDownList	Z_00143_NOME_REDE	ID_ITEM			
OrdemServico	NOME_REU	NOME_REU	String	TextBox	CPE_CSC	NOME_REU			
OrdemServico	NOME_RUBRICA	Nome da rubrica	String	Memo	CP_ORDEM_SERVICO	NOME_RUBRICA	60		
OrdemServico	NOME_SAUDE	Nome (Clínica ou Profissional)	String	TextBox	CP_ORDEM_SERVICO	NOME_SAUDE			
OrdemServico	NOME_SCR_DESTINO	Nome do SCR Destino	String	TextBox	CP_ORDEM_SERVICO	NOME_SCR_DESTINO			
OrdemServico	NOME_SCR_ORIGEM	Nome do SCR Origem	String	TextBox	CP_ORDEM_SERVICO	NOME_SCR_ORIGEM			
OrdemServico	NOME_SERV_APLIC	Nome do servidor de aplicações Notes	String	ListBox	CP_ORDEM_SERVICO	NOME_SERV_APLIC			DTISERV;DTISERV1
OrdemServico	NOME_SERV_CORREIO	Nome do servidor de correio	String	DropDownList	CP_ORDEM_SERVICO	NOME_SERV_CORREIO			Naja;Naja2
OrdemServico	NOME_SINDICATO	Nome do Sindicato	String	TextBox	CPE_CSC	NOME_SINDICATO			
OrdemServico	NOME_SITE_LOCAL_FORNECEDOR	Nome do site/local do Fornecedor	String	TextBox	CPE_CSC	NOME_SITE_LOCAL_FORNECEDOR			
OrdemServico	NOME_SPED	Nome SPED	String	Memo	CP_ORDEM_SERVICO	NOME_SPED	60		
OrdemServico	NOME_TRIBUNAL	NOME_TRIBUNAL	String	TextBox	CPE_CSC	NOME_TRIBUNAL			
OrdemServico	NOME_UNIDADE	Nome da Unidade ou Localidade	String	TextBox	CPE_TIP_SOL01	NOME_UNIDADE			
OrdemServico	NORMAS_INTERNAS	Adicione as NI(Normas Internas) referente ao serviço	RecordList	DataGrid	Z_00143_NORMAS_INTERNAS	NORMAS_INTERNAS			
OrdemServico	NORMATIVO_LEGAL	Normativo legal	String	Memo	CP_ORDEM_SERVICO	NORMATIVO_LEGAL	300		
OrdemServico	NORMATIVO_RUB	Normativo/Motivo	String	Memo	CP_ORDEM_SERVICO	NORMATIVO_RUB	60		
OrdemServico	NOTA_AVALIACAO	Nota Avaliação	Decimal	TextBox	CPE_CONTRATOS02	NOTA_AVALIACAO			
OrdemServico	NOTA_EMITIDA_BRASILIA	Prestador estabelecido DENTRO ou FORA do Distrito Federal?	String	DropDownList	CPE_CSC	NOTA_EMITIDA_BRASILIA			DENTRO; FORA
OrdemServico	NOTA_FICAL_CPE_CSC	Número da Nota Fiscal	String	TextBox	CPE_CSC	NOTA_FICAL_CPE_CSC			
OrdemServico	NOTA_FISCAL_GRID	Nota Fiscal	RecordList	DataGrid	Z_00143_NOTA_FISCAL_GRID	NOTA_FISCAL_GRID			
OrdemServico	NOTEBOOK	Notebook a ser devolvido pelo colaborador?	String	DropDownList	CP_ORDEM_SERVICO	NOTEBOOK			Não;Sim
OrdemServico	NOTESCLIENT	Acesso Notes Client	Boolean	CheckBox	CP_ORDEM_SERVICO	NOTESCLIENT			
OrdemServico	NOT_PA_1	Tipos de Solicitação Notificação e Processo Administrativo	RecordList	DataGrid	Z_00143_NOT_PA_1	NOT_PA_1			
OrdemServico	NOVA FUNCIONALIDADE	Desenvolvimento de nova funcionalidade	Boolean	CheckBox	CP_ORDEM_SERVICO	NOVA_FUNCIONALIDADE			
OrdemServico	NOVAOPERADORA	NOVA OPERADORA	String	DropDownList	CPE_DADOS	NOVAOPERADORA			Tim;Claro
OrdemServico	NOVA_OPERADORA	Nova operadora de telefone	RecordList	DataGrid	Z_00143_NOVA_OPERADORA	NOVA_OPERADORA			
OrdemServico	NOVA_SENHA	Nova senha	String	TextBox	CP_ORDEM_SERVICO	NOVA_SENHA			
OrdemServico	NOVO_CONTRATO_CONSIG	Número do Novo Contrato	String	TextBox	CP_ORDEM_SERVICO	NOVO_CONTRATO_CONSIG			
OrdemServico	NOVO_PLANO	Novo Plano	String	DropDownList	CP_ORDEM_SERVICO	NOVO_PLANO			120 QC;120 QP; 130 QP; 140 QP; 150 QP; T1
OrdemServico	NOVO_PLANO_UNIMED	Novo Plano	String	DropDownList	CP_ORDEM_SERVICO	NOVO_PLANO_UNIMED			Básico;Prático;Versátil;Dinâmico
OrdemServico	NOVO_PRAZO	Novo prazo solicitado	DateTime	DatePicker	CP_ORDEM_SERVICO	NOVO_PRAZO			
OrdemServico	NOVO_VALOR15	NOVO_VALOR15	Decimal	TextBox	CPE_DADOS	NOVO_VALOR15			
OrdemServico	NUMERO	Número da Caixa	RecordList	DataGrid	Z_00143_NUMERO	NUMERO			
OrdemServico	NUMERO DA LICITACAO	Número da Licitação	String	Memo	CPE_CONTRATOS	NUMERO_DA_LICITACAO			
OrdemServico	NUMERO DA OV CHAMADO	Número da OV	Integer	TextBox	CP_ORDEM_SERVICO	NUMERO_DA_OV_CHAMADO	6		
OrdemServico	NUMERO DO DGCO	Número do DGCO	String	Memo	CPE_CONTRATOS	NUMERO_DO_DGCO			
OrdemServico	NUMEROCONTROLEDISCIPLINAR	Número do Controle Disciplinar	Integer	TextBox	CPE_CSC	NUMEROCONTROLEDISCIPLINAR			
OrdemServico	NUMERODEPATRIMONIOESERIE	Cadastrar Número de Patrimônio e Série	RecordList	DataGrid	Z_00143_NUMERODEPATRIMONIOESERIE	NUMERODEPATRIMONIOESERIE			
OrdemServico	NUMEROEDITAL	Nº do Edital	String	TextBox	CPE_BOOTCAMP	NUMEROEDITAL			
OrdemServico	NUMEROMEMORANDO	Número memorando	Integer	TextBox	CPE_CSC	NUMEROMEMORANDO			
OrdemServico	NUMEROS DAS OCS	Número da OC e da linha (para várias OC´s, separar por ;)	String	TextBox	CP_ORDEM_SERVICO	NUMEROS_DAS_OCS	100		
OrdemServico	NUMERO_1	NUMERO_1	String	TextBox	CPE_CONTRATOS	NUMERO_1			
OrdemServico	NUMERO_ATA	Número da ATA	String	TextBox	CPE_CONTRATOS02	NUMERO_ATA			
OrdemServico	NUMERO_DA_NF_1	Numero da Nota Fiscal	String	TextBox	CPE_CONTRATOS	NUMERO_DA_NF_1			
OrdemServico	NUMERO_DA_NT	Número da NT	String	TextBox	CPE_CSC	NUMERO_DA_NT			
OrdemServico	NUMERO_DA_OC	Número da OC e da linha (para várias OC´s, separar por ;)	String	TextBox	CP_ORDEM_SERVICO	NUMERO_DA_OC	100		
OrdemServico	NUMERO_DE_OC	Número de OC	String	TextBox	CPE_CONTRATOS	NUMERO_DE_OC	50		
OrdemServico	NUMERO_DGCO	Número DGCO	String	TextBox	CPE_CSC	NUMERO_DGCO			
OrdemServico	NUMERO_DOSSIE_INTERNET_BANKING	Informe o número do Dossiê eletrônico do internet banking	RecordList	DataGrid	Z_00143_NUMERO_DOSSIE_INTERNET_BANKING	NUMERO_DOSSIE_INTERNET_BANKING			
OrdemServico	NUMERO_DO_CARTAO	Número do cartão	String	TextBox	CPE_CSC	NUMERO_DO_CARTAO			
OrdemServico	NUMERO_FLOAT1	NUMERO_FLOAT1	Decimal	TextBox	CPE_CSC	NUMERO_FLOAT1			
OrdemServico	NUMERO_FLOAT2	NUMERO_FLOAT2	Decimal	TextBox	CPE_CSC	NUMERO_FLOAT2			
OrdemServico	NUMERO_FLOAT3	NUMERO_FLOAT3	Decimal	TextBox	CPE_CSC	NUMERO_FLOAT3			
OrdemServico	NUMERO_FLOAT4	NUMERO_FLOAT4	Decimal	TextBox	CPE_CSC	NUMERO_FLOAT4			
OrdemServico	NUMERO_FLOAT5	NUMERO_FLOAT5	Decimal	TextBox	CPE_CSC	NUMERO_FLOAT5			
OrdemServico	NUMERO_FLOAT6	NUMERO_FLOAT6	Decimal	TextBox	CPE_CSC	NUMERO_FLOAT6			
OrdemServico	NUMERO_FORNECEDOR	Numero do Fornecedor	String	TextBox	CPE_ERP_PO	NUMERO_FORNECEDOR	9		
OrdemServico	NUMERO_LIBERACAO_DA_OC	Número de Liberação da OC	String	TextBox	CPE_CONTRATOS	NUMERO_LIBERACAO_DA_OC	50		
OrdemServico	NUMERO_LIBERACAO_OC	Número da Liberação da OC	Integer	TextBox	CPE_CONTRATOS	NUMERO_LIBERACAO_OC	50		
OrdemServico	NUMERO_LINHA	Número da linha	String	TextBox	CPE_CSC	NUMERO_LINHA			
OrdemServico	NUMERO_MEMORANDO	Numero memorando	String	TextBox	CPE_CSC	NUMERO_MEMORANDO			
OrdemServico	NUMERO_MP	Número da MP	String	TextBox	CP_ORDEM_SERVICO	NUMERO_MP			
OrdemServico	NUMERO_NF	Número da Nota Fiscal	String	TextBox	CPE_PESSOAS	NUMERO_NF			
OrdemServico	NUMERO_NF_CPE_CSC	Número da Nota Fiscal	String	TextBox	CPE_CSC	NUMERO_NF_CPE_CSC			
OrdemServico	NUMERO_NF_ERP	Numero da Nota Fiscal - ERP	String	TextBox	CPE_CSC	NUMERO_NF_ERP			
OrdemServico	NUMERO_NOTA_TECNICA	Numero_Nota_Tecnica	String	TextBox	CPE_CONTRATOS	NUMERO_NOTA_TECNICA	15		
OrdemServico	NUMERO_NT	Número da Nota Técnica	String	TextBox	CPE_CONTRATOS	NUMERO_NT			
OrdemServico	NUMERO_OC	Número da OC	Integer	TextBox	CP_ORDEM_SERVICO	NUMERO_OC	50		
OrdemServico	NUMERO_OC2	Número da OC2	Integer	TextBox	CPE_CONTRATOS	NUMERO_OC2	50		
OrdemServico	NUMERO_OC3	Número da OC3	Integer	TextBox	CPE_CONTRATOS	NUMERO_OC3	50		
OrdemServico	NUMERO_OC4	Número da OC4	Integer	TextBox	CPE_CONTRATOS	NUMERO_OC4	50		
OrdemServico	NUMERO_OC5	Número da OC5	Integer	TextBox	CPE_CONTRATOS	NUMERO_OC5	50		
OrdemServico	NUMERO_OC6	Número da OC6	Integer	TextBox	CPE_CONTRATOS	NUMERO_OC6	50		
OrdemServico	NUMERO_OC7	Número da OC7	Integer	TextBox	CPE_CONTRATOS	NUMERO_OC7	50		
OrdemServico	NUMERO_OC_LIBERA	Número da OC de Liberação	Integer	TextBox	CPE_CONTRATOS	NUMERO_OC_LIBERA	50		
OrdemServico	NUMERO_OC_LIBERACAO	Número de OC de Liberação	String	TextBox	CPE_CONTRATOS	NUMERO_OC_LIBERACAO	50		
OrdemServico	NUMERO_OC_VINCULADA_MASTER	Número de OC	String	TextBox	CPE_CONTRATOS	NUMERO_OC_VINCULADA_MASTER	50		
OrdemServico	NUMERO_OC_VINCULADA_MASTER2	Número de OC	String	TextBox	CPE_CONTRATOS	NUMERO_OC_VINCULADA_MASTER2	50		
OrdemServico	NUMERO_OC_VINC_MASTER	Número da OC	Integer	TextBox	CPE_CONTRATOS	NUMERO_OC_VINC_MASTER	50		
OrdemServico	NUMERO_OS	Número da Ordem de Serviço	String	TextBox	CP_ORDEM_SERVICO	NUMERO_OS			
OrdemServico	NUMERO_PIS	Número do PIS	String	TextBox	CPE_CSC	NUMERO_PIS			
OrdemServico	NUMERO_PROTOCOLO_OPERADORA	Numero protocolo operadora	String	TextBox	CPE_CSC	NUMERO_PROTOCOLO_OPERADORA			
OrdemServico	NUMERO_RC	Número da RC	String	TextBox	CPE_CSC	NUMERO_RC			
OrdemServico	NUMERO_RI	Numero RI	String	TextBox	CPE_CSC	NUMERO_RI			
OrdemServico	NUMERO_SERIE	Número de Série	String	TextBox	CP_ORDEM_SERVICO	NUMERO_SERIE	20		
OrdemServico	NUMERO_SERIE_PATRI	Número de Série:	String	TextBox	CPE_CSC	NUMERO_SERIE_PATRI			
OrdemServico	NUMERO_TELEFONE	Numero de telefone	String	TextBox	CPE_CSC	NUMERO_TELEFONE			
OrdemServico	NUMERO_V360	NUMERO_V360	String	TextBox	CPE_CONTRATOS02	NUMERO_V360			
OrdemServico	NUM_ABERTURA_CHAMADO	N° da Abertura de Chamado do Deslocamento a Serviço de Quem Está Acompanhando	String	TextBox	CPE_DESLOCAMENTO	NUM_ABERTURA_CHAMADO			
OrdemServico	NUM_AGENCIA	NUM_AGENCIA	String	TextBox	CPE_CONTRATOS	NUM_AGENCIA			
OrdemServico	NUM_CHAMA_FORN	Número do chamado no fornecedor	String	TextBox	CP_ORDEM_SERVICO	NUM_CHAMA_FORN	12		
OrdemServico	NUM_CHAVE	Número	String	TextBox	CP_ORDEM_SERVICO	NUM_CHAVE			
OrdemServico	NUM_CONTA	NUM_CONTA	String	TextBox	CPE_CSC	NUM_CONTA			
OrdemServico	NUM_CONTRATO	Número do Contrato	String	TextBox	CP_ORDEM_SERVICO	NUM_CONTRATO	20		
OrdemServico	NUM_DGCO	DGCO	Integer	TextBox	CPE_CSC	NUM_DGCO			
OrdemServico	NUM_DIARIAS	Numero de Diárias	Integer	TextBox	CPE_PENF	NUM_DIARIAS			
OrdemServico	NUM_DOCU	Número do documento	String	TextBox	CP_ORDEM_SERVICO	NUM_DOCU			
OrdemServico	NUM_ITEM	Número do Ítem	String	TextBox	CP_ORDEM_SERVICO	NUM_ITEM	30		
OrdemServico	NUM_LOCOMOCAO	Número da Locomoção referente à PUMVP	String	TextBox	CP_ORDEM_SERVICO	NUM_LOCOMOCAO			
OrdemServico	NUM_NOTA_FISCAL	ID da Nota Fiscal	Integer	TextBox	CP_ORDEM_SERVICO	NUM_NOTA_FISCAL			
OrdemServico	NUM_NOTIFICACAO	Número(s) da(s) Notificação(ões)	RecordList	DataGrid	Z_00143_NUM_NOTIFICACAO	NUM_NOTIFICACAO			
OrdemServico	NUM_OC_LIBERA	Número da OC de Liberação	Integer	TextBox	CPE_CONTRATOS	NUM_OC_LIBERA	50		
OrdemServico	NUM_PARCELAS	Número de Parcelas	String	DropDownList	CPE_CSC	NUM_PARCELAS			1; 2; 3; 4; 5; 6; 7; 8; 9; 10
OrdemServico	NUM_PATRIMONIO	Número do Patrimônio	String	TextBox	CP_ORDEM_SERVICO	NUM_PATRIMONIO	15		
OrdemServico	NUM_PATRIM_ORIGINAL	Número do Patrimônio Original	Integer	TextBox	CP_ORDEM_SERVICO	NUM_PATRIM_ORIGINAL			
OrdemServico	NUM_REPROG	Número da reprogramação	String	TextBox	CP_ORDEM_SERVICO	NUM_REPROG	3		
OrdemServico	NUM_SEQ	Número sequencial	String	TextBox	CP_ORDEM_SERVICO	NUM_SEQ	250		
OrdemServico	NUM_VERSAO	Número da Posição	Integer	TextBox	CP_ORDEM_SERVICO	NUM_VERSAO	12		
OrdemServico	N_CONTRATO_CONSIG	Número do Contrato	String	TextBox	CP_ORDEM_SERVICO	N_CONTRATO_CONSIG			
OrdemServico	N_DEDU_PERMA	Não Dedutível Permanente	String	DropDownList	CPE_FINANCEIRO	N_DEDU_PERMA			3 - Adição Permanente
OrdemServico	N_GERENTE_DO_NEGOCIO	Gerência do Negócio	String	TextBox	CPE_NEGOCIOS	N_GERENTE_DO_NEGOCIO			
OrdemServico	N_GESTOR_NEGOCIO	Gestor Executivo do Negócio	String	TextBox	CPE_NEGOCIOS	N_GESTOR_NEGOCIO			
OrdemServico	N_GESTOR_PRODUTO	Gestor do Produto	String	DropDownList	CPE_NEGOCIOS	N_GESTOR_PRODUTO			Bruno da Silva Azevedo; Douglas de Castro Almeida; Marco Portella de Andrade; Maura Medeiros Rezende de Souza; Marcone C
OrdemServico	NÚMERO DA NOTA FISCAL	Numero da Nota Fiscal	String	TextBox	CP_ORDEM_SERVICO	NÚMERO_DA_NOTA_FISCAL			
OrdemServico	NÚMERO DO CHAMADO	Número do Chamado	Integer	TextBox	CP_ORDEM_SERVICO	NUMERO_DO_CHAMADO	12		
OrdemServico	NÚMERO DO PROCESSO LICITATÓRIO	Nº do processo licitatório	String	TextBox	CP_ORDEM_SERVICO	NÚMERO_DO_PROCESSO_LICITATÓRIO			
OrdemServico	OBJETIVOS_COMERCIAIS	Objetivos Comerciais	RecordList	DataGrid	Z_00143_OBJETIVOS_COMERCIAIS	OBJETIVOS_COMERCIAIS			
OrdemServico	OBJETIVO_EC	Objetivo estratégia corporativa	String	DropDownList	CP_ORDEM_SERVICO	OBJETIVO_EC		S	
OrdemServico	OBJETIVO_VIAGEM	Objetivo / Informações Adicionais:	String	TextBox	CPE_DESLOCAMENTO	OBJETIVO_VIAGEM			
OrdemServico	OBJETO	Objeto de Consulta	String	Memo	CP_ORDEM_SERVICO	OBJETO			
OrdemServico	OBJETO DA CONSULTA	Objeto da Consulta	String	Memo	CP_ORDEM_SERVICO	OBJETO_DA_CONSULTA	2000		
OrdemServico	OBJETO DO CONTRATO	Objeto do Contrato	String	Memo	CP_ORDEM_SERVICO	OBJETO_DO_CONTRATO			
OrdemServico	OBJETOS_ARTE	OBJETOS_ARTE	Boolean	CheckBox	CPE_TIP_SOL01	OBJETOS_ARTE			
OrdemServico	OBJETO_CONTRATACAO	Objeto da Contratação	String	Memo	CP_ORDEM_SERVICO	OBJETO_CONTRATACAO	1999		
OrdemServico	OBJETO_CONTRATACAO_2	Objeto da Contratação	String	Memo	CPE_CONTRATOS02	OBJETO_CONTRATACAO_2	1999		
OrdemServico	OBJETO_CONTRATO	Objeto do contrato	String	Memo	CPE_CSC	OBJETO_CONTRATO	1999		
OrdemServico	OBJETO_CONTRATO_RESUMIDO	Objeto Resumido do Contrato	String	Memo	CPE_CSC	OBJETO_CONTRATO_RESUMIDO	2000		
OrdemServico	OBJETO_DA_PROCURAÇÃO	Objeto da Procuração	String	Memo	CP_ORDEM_SERVICO	OBJETO_DA_PROCURAÇÃO			
OrdemServico	OBJETO_GUIA	Objeto	String	TextBox	CP_ORDEM_SERVICO	OBJETO_GUIA			
OrdemServico	OBJETO_NI	Objeto da NI	String	Memo	CP_ORDEM_SERVICO	OBJETO_NI			
OrdemServico	OBJETO_NT	Objeto da NT	String	Memo	CP_ORDEM_SERVICO	OBJETO_NT			
OrdemServico	OBJETO_QUALIF	Objeto - Qualificação Financeira	String	Memo	CPE_FINANCEIRO	OBJETO_QUALIF			
OrdemServico	OBJ_ADT	Objetos do aditivo solicitado	RecordList	DataGrid	Z_00143_OBJ_ADT	OBJ_ADT			
OrdemServico	OBS1	Observação1	String	Memo	CPE_CONTRATOS	OBS1	2000		
OrdemServico	OBS10	Observação10	String	Memo	CPE_CSC	OBS10	2000		
OrdemServico	OBS11	Observação11	String	Memo	CPE_CSC	OBS11	2000		
OrdemServico	OBS12	Observação12	String	Memo	CPE_CSC	OBS12	2000		
OrdemServico	OBS2	Observação2	String	Memo	CPE_CONTRATOS	OBS2	2000		
OrdemServico	OBS20	Observação20	String	Memo	CPE_CSC	OBS20	40000		
OrdemServico	OBS21	Observação21	String	Memo	CPE_CSC	OBS21	4000		
OrdemServico	OBS22	Observação22	String	Memo	CPE_CSC	OBS22	4000		
OrdemServico	OBS23	Observação23	String	Memo	CPE_CSC	OBS23	4000		
OrdemServico	OBS24	Observação24	String	Memo	CPE_CSC	OBS24	2000		
OrdemServico	OBS3	Observação3	String	Memo	CPE_CONTRATOS	OBS3	2000		
OrdemServico	OBS30	Observação30	String	Memo	CPE_CSC	OBS30	900		
OrdemServico	OBS31	Observação31	String	Memo	CPE_CSC	OBS31	900		
OrdemServico	OBS32	Observação32	String	Label	CPE_CSC	OBS32	900		
OrdemServico	OBS33	Observação33	String	Label	CPE_CSC	OBS33	900		
OrdemServico	OBS34	Observação34	String	Label	CPE_CSC	OBS34	900		
OrdemServico	OBS35	Observação35	String	Label	CPE_CSC	OBS35	900		
OrdemServico	OBS36	Observação36	String	Label	CPE_CSC	OBS36	900		
OrdemServico	OBS37	Observação37	String	Label	CPE_CSC	OBS37	900		
OrdemServico	OBS38	Observação38	String	Label	CPE_CSC	OBS38	900		
OrdemServico	OBS39	Observação39	String	Label	CPE_CSC	OBS39	900		
OrdemServico	OBS4	Observação4	String	Memo	CPE_CONTRATOS	OBS4	2000		
OrdemServico	OBS40	Observação40	String	Label	CPE_CSC	OBS40	900		
OrdemServico	OBS41	Observação41	String	Memo	CPE_CSC	OBS41	900		
OrdemServico	OBS42	Observação42	String	Memo	CPE_CSC	OBS42	900		
OrdemServico	OBS43	Observação43	String	Memo	CPE_CSC	OBS43	900		
OrdemServico	OBS44	Observação44	String	Memo	CPE_CSC	OBS44	900		
OrdemServico	OBS45	Observação45	String	Memo	CPE_CSC	OBS45	900		
OrdemServico	OBS5	Observação5	String	Memo	CPE_CONTRATOS	OBS5	2000		
OrdemServico	OBS50	Observação50	String	Memo	CPE_CONTRATOS	OBS50	2000		
OrdemServico	OBS6	Observação6	String	Memo	CPE_CSC	OBS6	2000		
OrdemServico	OBS7	Informe	String	Memo	CPE_CSC	OBS7	2000		
OrdemServico	OBS8	Observação8	String	Memo	CPE_CSC	OBS8	100		
OrdemServico	OBS9	Observação9	String	Memo	CPE_CSC	OBS9	2000		
OrdemServico	OBSERVACAO	.	String	TextBox	CPE_CSC	OBSERVACAO	2000		
OrdemServico	OBSERVACAO_AVALIA	Observação	String	Memo	CPE_CJUR	OBSERVACAO_AVALIA			
OrdemServico	OBSERVACAO_CAMPO	Detalhamento da solicitação - Nome do Gestor/Funcão/UOR	String	Memo	CPE_BOOTCAMP	OBSERVACAO_CAMPO	150		
OrdemServico	OBSERVACAO_FORNECEDOREXTERNO	Observação - Fornecedor Externo	String	Memo	CP_ORDEM_SERVICO	OBSERVACAO_FORNECEDOREXTERNO			
OrdemServico	OBSERVACAO_NOVO	OBS_NOVO	String	Memo	CPE_CONTRATOS02	OBSERVACAO_NOVO	2000		
OrdemServico	OBSERVACAO_NOVO2	OBS_NOVO2	String	Memo	CPE_CONTRATOS02	OBSERVACAO_NOVO2	2000		
OrdemServico	OBSERVACAO_NOVO3	OBS_NOVO3	String	Memo	CPE_CONTRATOS02	OBSERVACAO_NOVO3	2000		
OrdemServico	OBSERVACOESISSQN_FAT	Observações _ ISSQN	String	Memo	CPE_BOOTCAMP	OBSERVACOESISSQN_FAT			
OrdemServico	OBS_ACOMPA	Acompanhamento da Solicitação	String	Memo	CP_ORDEM_SERVICO	OBS_ACOMPA			
OrdemServico	OBS_ANALISE	Observação da análise	String	Memo	CPE_PRJ_BB	OBS_ANALISE			
OrdemServico	OBS_DEDUCAO_INSS	Observação para Dedução de INSS	String	Memo	CPE_CSC	OBS_DEDUCAO_INSS			
OrdemServico	OBS_DOCU	Observação - Documentos	String	Memo	CP_ORDEM_SERVICO	OBS_DOCU	2000		
OrdemServico	OBS_LABEL	Observação	String	Label	CPE_CONTRATOS02	OBS_LABEL	2000		
OrdemServico	OBS_NOVO50	Observação50	String	Memo	CPE_CONTRATOS02	OBS_NOVO50	2000		
OrdemServico	OBS_NOVO51	Observação51	String	Memo	CPE_CONTRATOS02	OBS_NOVO51	2000		
OrdemServico	OBS_N_RECEB_EC	Observações sobre o não recebimento do produto	String	Memo	CPE_ECOMERCE	OBS_N_RECEB_EC	1999		
OrdemServico	OBS___	OBS___	String	TextBox	CPE_CSC	OBS___	2000		
OrdemServico	OC	OC	String	TextBox	CPE_CONTRATOS02	OC			
OrdemServico	OCORRENCIA_MANU_MOVEIS	Ocorrência:	String	TextBox	CPE_CSC	OCORRENCIA_MANU_MOVEIS			
OrdemServico	ODOMETRO	Odômetro atual	String	TextBox	CPE_DESLOCAMENTO	ODOMETRO			
OrdemServico	ODOMETRO_ATUAL	Odômetro atual	String	TextBox	CPE_CSC	ODOMETRO_ATUAL			
OrdemServico	OINT_ANALISE_GERIC	Análise preliminar Geric	String	Memo	CPE_OUVINT	OINT_ANALISE_GERIC	2000		
OrdemServico	OINT_ANALISE_OUV	Análise preliminar Ouvidoria	String	Memo	CPE_OUVINT	OINT_ANALISE_OUV	2000		
OrdemServico	OINT_ASSUNTO	Assunto	String	DropDownList	CPE_OUVINT	OINT_ASSUNTO	2000		Admissão à BBTS;Assistência Técnica;Avaliação de Desempenho;Benefício;Clima Organizacional;Cobrança;Folha de Pagamento;J
OrdemServico	OINT_ASSUNTO_OUTROS	Outros Assuntos	String	Memo	CPE_OUVINT	OINT_ASSUNTO_OUTROS	2000		
OrdemServico	OINT_ASSUNTO_OUV	Assunto	String	Memo	CPE_OUVINT	OINT_ASSUNTO_OUV	2000		
OrdemServico	OINT_COMENTARIO_AJUSTES	Comentário para ajustes	String	Memo	CPE_OUVINT	OINT_COMENTARIO_AJUSTES	2000		
OrdemServico	OINT_COMPLEMENTACOES	Complementação da Manifestação	RecordList	DataGrid	Z_00143_OINT_COMPLEMENTACOES	OINT_COMPLEMENTACOES			
OrdemServico	OINT_COMPLEMENTO	Necessita Complemento	String	DropDownList	CPE_OUVINT	OINT_COMPLEMENTO			Não;Sim
OrdemServico	OINT_COMUNICADO	Comunicado personalizado	String	Memo	CPE_OUVINT	OINT_COMUNICADO	2000		
OrdemServico	OINT_COMUNICADO1	Comunicado personalizado	String	Memo	CPE_OUVINT	OINT_COMUNICADO1	2000		
OrdemServico	OINT_CONCLUSAO_GERIC	Conclusão da análise Geric	String	Memo	CPE_OUVINT	OINT_CONCLUSAO_GERIC	2000		
OrdemServico	OINT_CONCLUSAO_OUV	Conclusão da análise Ouvidoria	String	Memo	CPE_OUVINT	OINT_CONCLUSAO_OUV	2000		
OrdemServico	OINT_CONTATO_PREVIO	Contato Prévio	String	Memo	CPE_OUVINT	OINT_CONTATO_PREVIO	2000		
OrdemServico	OINT_CONTATO_PREVIO_OUV	Contato Prévio	String	Memo	CPE_OUVINT	OINT_CONTATO_PREVIO_OUV	2000		
OrdemServico	OINT_ENVOLVIDO	Tem conhecimento se há Diretor, Supervisor ou Gerente da BBTS ENVOLVIDO no fato relatado?	String	DropDownList	CPE_OUVINT	OINT_ENVOLVIDO			Sim;Não
OrdemServico	OINT_ENVOLVIDOS	Pessoas Envolvidas	String	Memo	CPE_OUVINT	OINT_ENVOLVIDOS	2000		
OrdemServico	OINT_E_MAIL	E-mail	String	TextBox	CPE_OUVINT	OINT_E_MAIL			
OrdemServico	OINT_FUNCIONARIO_UOR	FUNCIONARIO_UOR	String	DropDownList	CPE_OUVINT	OINT_FUNCIONARIO_UOR		S	
OrdemServico	OINT_GATEWAY	Saída do Gateway	String	TextBox	CPE_OUVINT	OINT_GATEWAY			
OrdemServico	OINT_GESTOR_UOR	Gestor da UOR	String	TextBox	CPE_OUVINT	OINT_GESTOR_UOR			
OrdemServico	OINT_INFO_COMPLEMENTAR	Informações Complementares	String	Memo	CPE_OUVINT	OINT_INFO_COMPLEMENTAR	2000		
OrdemServico	OINT_LABEL	Label	String	Label	CPE_OUVINT	OINT_LABEL	1500		
OrdemServico	OINT_LISTA_PESSOAS	Listagem de Pessoas	List	DropDownList	Z_00143_OINT_LISTA_PESSOAS	ID_PESSOA			
OrdemServico	OINT_LOCAL	Indique a localidade / gerência onde ocorreu o fato	String	Memo	CPE_OUVINT	OINT_LOCAL	2000		
OrdemServico	OINT_MANIFESTACAO	Manifestação (máximo 2000 caracteres)	String	Memo	CPE_OUVINT	OINT_MANIFESTACAO	2000		
OrdemServico	OINT_MANIFESTACAO_OUV	Manifestação	String	Memo	CPE_OUVINT	OINT_MANIFESTACAO_OUV	2000		
OrdemServico	OINT_MANIFESTACAO_PRORROGADA	Manifestação Prorrogada	String	DropDownList	CPE_OUVINT	OINT_MANIFESTACAO_PRORROGADA			Sim;Não
OrdemServico	OINT_NOME	Nome	String	TextBox	CPE_OUVINT	OINT_NOME			
OrdemServico	OINT_POSICAO_GERIC	Posicionamento da Geric	String	DropDownList	CPE_OUVINT	OINT_POSICAO_GERIC			Revisar;Arquivar a denúncia;Encaminhar a denúncia para o Controle Disciplinar;Redirecionar a denúncia para: Canal de Den
OrdemServico	OINT_POSICAO_OUV	Posicionamento da ouvidoria	String	DropDownList	CPE_OUVINT	OINT_POSICAO_OUV			Arquivar a denúncia;Encaminhar a denúncia para o Controle Disciplinar;Redirecionar a denúncia para: Canal de Denúncia Em
OrdemServico	OINT_PRAZO_COMPLEMENTAR	Prazo para resposta 	DateTime	DatePicker	CPE_OUVINT	OINT_PRAZO_COMPLEMENTAR			
OrdemServico	OINT_PRAZO_RESPOSTA	Prazo para resposta 	DateTime	DatePicker	CPE_OUVINT	OINT_PRAZO_RESPOSTA			
OrdemServico	OINT_PRAZO_RESPOSTA_OUV	Prazo para resposta 	DateTime	DatePicker	CPE_OUVINT	OINT_PRAZO_RESPOSTA_OUV			
OrdemServico	OINT_PRORROGACOES	Prorrogações	RecordList	DataGrid	Z_00143_OINT_PRORROGACOES	OINT_PRORROGACOES			
OrdemServico	OINT_PROTOCOLO	Protocolo gerado pelo site	String	TextBox	CPE_OUVINT	OINT_PROTOCOLO	20		
OrdemServico	OINT_QUANDO	Quando ocorreu o fato? Informe também se continua ocorrendo	String	Memo	CPE_OUVINT	OINT_QUANDO	2000		
OrdemServico	OINT_RESPOSTA	Resposta à Ouvidoria	String	Memo	CPE_OUVINT	OINT_RESPOSTA	2000		
OrdemServico	OINT_REVISOES	Revisões da Denúncia	RecordList	DataGrid	Z_00143_OINT_REVISOES	OINT_REVISOES			
OrdemServico	OINT_SIGILO	Solicita Sigilo?	String	DropDownList	CPE_OUVINT	OINT_SIGILO			Sim;Não
OrdemServico	OINT_SOBRE	Sobre o fato denunciado, você tem	String	DropDownList	CPE_OUVINT	OINT_SOBRE			Certeza (aconteceu comigo); Certeza (eu presenciei); Suspeita; Ouvi dizer
OrdemServico	OINT_TELEFONE	Telefone	String	TextBox	CPE_OUVINT	OINT_TELEFONE			
OrdemServico	OINT_TESTEMUNHAS	Existem testemunhas? Em caso positivo, indique-as (Nome; Cargo; Contato)	String	Memo	CPE_OUVINT	OINT_TESTEMUNHAS	2000		
OrdemServico	OINT_TIPO_DENUNCIA	Tipo de Denúncia	String	DropDownList	CPE_OUVINT	OINT_TIPO_DENUNCIA			Assédio;Conflito de interesses;Desvio de função;Discriminação;Furto e/ou Roubo;Irregularidade em Licitações e/ou Contrat
OrdemServico	OINT_TIPO_MANIF	Tipo de Manifestação	String	DropDownList	CPE_OUVINT	OINT_TIPO_MANIF	100		Elogio;Sugestão;Reclamação
OrdemServico	OINT_UOR	UOR	Integer	DropDownList	CPE_OUVINT	OINT_UOR			
OrdemServico	OKS_FAT	Contrato OKS	String	TextBox	CPE_FINANCEIRO	OKS_FAT			
OrdemServico	OPCAO	OPCAO	String	TextBox	CPE_CONTRATOS02	OPCAO			
OrdemServico	OPCAO1	OPCAO1	String	TextBox	CPE_CONTRATOS	OPCAO1			
OrdemServico	OPCAO2	OPCAO2	String	TextBox	CPE_CONTRATOS	OPCAO2			
OrdemServico	OPCAO_AUXILIO	Alteração por Vale Alimentação e/ou Refeição	String	DropDownList	CP_ORDEM_SERVICO	OPCAO_AUXILIO			Vale Alimentação 100%;Vale Refeição 100%;Vale  Alimentação 50%  e Vale Refeição 50%
OrdemServico	OPCAO_CADASTRAR	Cadastrar	String	DropDownList	CPE_DADOS	OPCAO_CADASTRAR			Novo usuário;Substituição temporária;Alterar usuário
OrdemServico	OPCAO_DE_CONFIRMACA1	Campo confirma uma afirmação	Boolean	CheckBox	CPE_PESSOAS	OPCAO_DE_CONFIRMACA1			
OrdemServico	OPCAO_DE_CONFIRMACAO	Campo confirma uma afirmação	Boolean	CheckBox	CP_ORDEM_SERVICO	OPCAO_DE_CONFIRMACAO			
OrdemServico	OPCAO_DE_CONFIRMACAO2	Campo confirma uma afirmação	Boolean	CheckBox	CPE_CONTRATOS02	OPCAO_DE_CONFIRMACAO2			
OrdemServico	OPCAO_LOGICA	Copiar Itens da Pesquisa de Mercado  para a Pesquisa de Mercado abaixo?	Boolean	CheckBox	CPE_PESSOAS	OPCAO_LOGICA			
OrdemServico	OPCAO_SERVICO	Opção de Sistema	String	DropDownList	CPE_CSC	OPCAO_SERVICO			Supravizio;Fora Supravizio
OrdemServico	OPCAO_USUARIO	Usuário	String	DropDownList	CPE_DADOS	OPCAO_USUARIO			Aprovador;Solicitante
OrdemServico	OPCOES_ATENDIMENTO	Selecione um canal de atendimento	String	DropDownList	CPE_CSC	OPCOES_ATENDIMENTO			Teams;WhatsApp;Presencial (Exclusivo para empregados em Brasília)
OrdemServico	OPERADORA TELEFONIA	OPeradora de telefonia atual	String	DropDownList	CPE_CSC	OPERADORA_TELEFONIA			Tim;Claro;Vivo
OrdemServico	OPERADORA_CONSULTA_LINHA_CHIP	Consulta linha e chip	String	DropDownList	CPE_CSC	OPERADORA_CONSULTA_LINHA_CHIP			Claro;Oi;Tim;Vivo
OrdemServico	OPTANTE_PELO_SIMPLES	Empresa Optante pelo Simples Nacional?	String	TextBox	CPE_CSC	OPTANTE_PELO_SIMPLES			
OrdemServico	ORCAMENTO	Remanejamento Origem e Destino	RecordList	DataGrid	Z_00143_ORCAMENTO	ORCAMENTO			
OrdemServico	ORCAMENTO_DESTINO	Remanejamento Destino	RecordList	DataGrid	Z_00143_ORCAMENTO_DESTINO	ORCAMENTO_DESTINO			
OrdemServico	ORC_GESUC	Gesuc - Origem	Boolean	CheckBox	CPE_FINANCEIRO	ORC_GESUC			
OrdemServico	ORDEMVENDA	Ordens de Venda	RecordList	DataGrid	Z_00143_ORDEMVENDA	ORDEMVENDA			
OrdemServico	ORDEM_DE_COMPRA	Ordem de Compra	Decimal	TextBox	CPE_CSC	ORDEM_DE_COMPRA			
OrdemServico	ORDEM_DE_SERVICO	Ordem de Serviço	String	TextBox	CPE_CSC	ORDEM_DE_SERVICO			
OrdemServico	ORDENS	Ordens de serviços	String	TextBox	CPE_CSC	ORDENS	2000		
OrdemServico	ORGANIZACAO_ERP	Organização ERP	String	DropDownList	CPE_CONTRATOS02	ORGANIZACAO_ERP		S	
OrdemServico	ORGANIZACOES_ERP	Organizações - ERP	String	TextBox	CPE_CSC	ORGANIZACOES_ERP			
OrdemServico	ORGAO_CLIENTE	SCR do Cliente	String	TextBox	CP_ORDEM_SERVICO	ORGAO_CLIENTE	300		
OrdemServico	ORGAO_EMISSOR	Órgão emissor	String	TextBox	CP_ORDEM_SERVICO	ORGAO_EMISSOR			
OrdemServico	ORGAO_EMITENTE	Órgão Emitente	String	DropDownList	CP_ORDEM_SERVICO	ORGAO_EMITENTE			CONAD;COAUD;CGU;TCU;AUDIT;COFIS;BB
OrdemServico	ORGAO_FAVORECIDO	Nome do favorecido	String	TextBox	CP_ORDEM_SERVICO	ORGAO_FAVORECIDO			
OrdemServico	ORGAO_GERENCIADOR_ATA	Órgão Gerenciador da ATA	String	TextBox	CPE_CONTRATOS02	ORGAO_GERENCIADOR_ATA	300		
OrdemServico	ORGAO_PARTICP_CONTRAT	Órgão Participante Contratante	String	TextBox	CPE_CONTRATOS02	ORGAO_PARTICP_CONTRAT	300		
OrdemServico	ORG_DE_LANCAMENTO	Organização de Lançamento	RecordList	DataGrid	Z_00143_ORG_DE_LANCAMENTO	ORG_DE_LANCAMENTO			
OrdemServico	ORIGEM_ACAO	Origem da ação	String	DropDownList	CP_ORDEM_SERVICO	ORIGEM_ACAO			Órgãos Externos;Risco;Riscos Relevantes;RTC;RTC Plano de Integridade 
OrdemServico	ORIGEM_AUDITORIA	Origem da Auditoria	String	DropDownList	CPE_ORDEM_SERVICO	ORIGEM_AUDITORIA			AUDIT;CGU;TCU;AUDITORIA_BB
OrdemServico	ORIGEM_DELIBERACAO	Origem da deliberação	String	DropDownList	CP_ORDEM_SERVICO	ORIGEM_DELIBERACAO			COAUD;COEST;COFIS;COMEX;COMTI;CONAD;CORIS;DIREX
OrdemServico	ORIGEM_PRODUTO	Qual a origem da aquisição/local de faturamento do PRODUTO do fornecedor?	RecordList	DataGrid	Z_00143_ORIGEM_PRODUTO	ORIGEM_PRODUTO			
OrdemServico	ORIGEM_SERVICO	Qual a origem da aquisição/local de faturamento do SERVIÇO do fornecedor?	RecordList	DataGrid	Z_00143_ORIGEM_SERVICO	ORIGEM_SERVICO			
OrdemServico	OSBB	OSBB	String	TextBox	CP_ORDEM_SERVICO	OSBB	14		
OrdemServico	OS_DERP	Ordem Serviço	String	TextBox	CP_ORDEM_SERVICO	OS_DERP			
OrdemServico	OUTROS	Acesso Outros Sistemas	Boolean	CheckBox	CPE_ORDEM_SERVICO	OUTROS			
OrdemServico	OUTROS_ASSUNTOS	Outros assuntos	String	TextBox	CPE_CSC	OUTROS_ASSUNTOS			
OrdemServico	OUTROS_PRAZO	Outros Prazos	String	DropDownList	CP_ORDEM_SERVICO	OUTROS_PRAZO			15 dias;30 dias;60 dias;90 dias
OrdemServico	PAGAMENTOS_POR_NT	Pagamentos por NT	String	DropDownList	CPE_CONTRATOS	PAGAMENTOS_POR_NT			Nota Fiscal de Serviço sem OC;Nota Fiscal de Produto sem OC;Ressarcimento de Despesas Hiveplace;Ressarcimento de Custos 
OrdemServico	PAGAMENTO_A_TERCEIROS	Pagamento a Terceiros	RecordList	DataGrid	Z_00143_PAGAMENTO_A_TERCEIROS	PAGAMENTO_A_TERCEIROS			
OrdemServico	PAGAMENTO_A_TERCEIROS_PENDENTES	Pagamentos Pendentes Devolvidos para correção	RecordList	DataGrid	Z_00143_PAGAMENTO_A_TERCEIROS_PENDENTES	PAGAMENTO_A_TERCEIROS_PENDENTES			
OrdemServico	PAG_IUVP_LOTE	Pag. IUVP Lote	RecordList	DataGrid	Z_00143_PAG_IUVP_LOTE	PAG_IUVP_LOTE			
OrdemServico	PAHL_HOSPEDAGENS	Hospedagens	Boolean	CheckBox	CPE_CSC	PAHL_HOSPEDAGENS			
OrdemServico	PAHL_LOCACOES	Locações	Boolean	CheckBox	CPE_CSC	PAHL_LOCACOES			
OrdemServico	PAHL_LOCACOES_CARRO	Locações de Carro	RecordList	DataGrid	Z_00143_PAHL_LOCACOES_CARRO	PAHL_LOCACOES_CARRO			
OrdemServico	PAHL_LOCACOES_CARRO_A	Locações de Carro	RecordList	DataGrid	Z_00143_PAHL_LOCACOES_CARRO_A	PAHL_LOCACOES_CARRO_A			
OrdemServico	PAHL_NUM_ARGO	Número da OS Argo	String	TextBox	CPE_CSC	PAHL_NUM_ARGO			
OrdemServico	PAHL_PASSAGENS	Passagens Aéreas	Boolean	CheckBox	CPE_CSC	PAHL_PASSAGENS			
OrdemServico	PAHL_VOUCHER_CARRO	Voucher de Locação de Carro	String	TextBox	CPE_CSC	PAHL_VOUCHER_CARRO			
OrdemServico	PAHL_VOUCHER_CARRO_A	Voucher de Locação de Carro	String	TextBox	CPE_CSC	PAHL_VOUCHER_CARRO_A			
OrdemServico	PAH_DATA_ENTRADA	Data de Entrada	DateTime	DatePicker	CPE_CSC	PAH_DATA_ENTRADA			
OrdemServico	PAH_DATA_ENTRADA_A	Data de Entrada	DateTime	DatePicker	CPE_CSC	PAH_DATA_ENTRADA_A			
OrdemServico	PAH_DATA_SAIDA	Data de Saída	DateTime	DatePicker	CPE_CSC	PAH_DATA_SAIDA			
OrdemServico	PAH_DATA_SAIDA_A	Data de Saída	DateTime	DatePicker	CPE_CSC	PAH_DATA_SAIDA_A			
OrdemServico	PAH_EVENTO_HOTEL	Evento no Hotel?	String	DropDownList	CPE_CSC	PAH_EVENTO_HOTEL			Sim;Não
OrdemServico	PAH_EVENTO_HOTEL_A	Evento no Hotel?	String	DropDownList	CPE_CSC	PAH_EVENTO_HOTEL_A			Sim;Não
OrdemServico	PAH_HOTEL_EVENTO	Hotel do Evento	String	TextBox	CPE_CSC	PAH_HOTEL_EVENTO			
OrdemServico	PAH_HOTEL_EVENTO_A	Hotel do Evento	String	TextBox	CPE_CSC	PAH_HOTEL_EVENTO_A			
OrdemServico	PAH_LOCACAO_CARRO	Locações de Carro	Boolean	CheckBox	CPE_CSC	PAH_LOCACAO_CARRO			
OrdemServico	PAH_LOCACAO_CARRO_A	Locações de Carro	Boolean	CheckBox	CPE_CSC	PAH_LOCACAO_CARRO_A			
OrdemServico	PAH_LOCALIZADORES	Localizador Aereo	RecordList	DataGrid	Z_00143_PAH_LOCALIZADORES	PAH_LOCALIZADORES			
OrdemServico	PAH_LOCALIZADORES_A	Localizador Aereo	RecordList	DataGrid	Z_00143_PAH_LOCALIZADORES_A	PAH_LOCALIZADORES_A			
OrdemServico	PAH_LOCALIZADOR_AEREO	Localizador Aéreo	String	TextBox	CPE_CSC	PAH_LOCALIZADOR_AEREO			
OrdemServico	PAH_MOTIVO_SOL	Motivo da Solicitação	String	DropDownList	CPE_CSC	PAH_MOTIVO_SOL			Atendimento técnico;Eventos / Treinamentos;Transferência de Funcionário;Convocação Gerencial;Outros
OrdemServico	PAH_TIPO_MOVIMENTO	Tipo Movimento	String	DropDownList	CPE_CSC	PAH_TIPO_MOVIMENTO			Alteração;Cancelamento
OrdemServico	PAH_TIPO_SOLICITACAO	Solicitação	String	DropDownList	CPE_CSC	PAH_TIPO_SOLICITACAO			Passagens Aéreas;Hospedagens;Passagens Aéreas e Hospedagens
OrdemServico	PAH_VOUCHER_HOSPEDAGEM	Voucher de Hospedagem	String	TextBox	CPE_CSC	PAH_VOUCHER_HOSPEDAGEM			
OrdemServico	PAH_VOUCHER_HOSPEDAGEM_A	Voucher de Hospedagem	String	TextBox	CPE_CSC	PAH_VOUCHER_HOSPEDAGEM_A			
OrdemServico	PAIS	País	String	DropDownList	CPE_DESLOCAMENTO	PAIS		S	
OrdemServico	PAIS_DESTINO	Cidade/País de Destino	String	DropDownList	CPE_CSC	PAIS_DESTINO		S	
OrdemServico	PARA_CONHECIMENTO	Documento somente para conhecimento?	Boolean	CheckBox	CP_ORDEM_SERVICO	PARA_CONHECIMENTO			
OrdemServico	PARCELAS	Parcelas	Integer	TextBox	CPE_BENEFICIOS_RH	PARCELAS			
OrdemServico	PARCELAS_PID	Número de parcelas	Integer	DropDownList	CP_ORDEM_SERVICO	PARCELAS_PID			1;2;3;4;5;6;7;8;9;10;11;12;13;14;15;16;17;18;19;20;21;22;23;24;25;26;27;28;29;30;31;32;33;34;35;36
OrdemServico	PARCELA_COMPLEMENTAR	Parcela Complementar de hospedagem	Decimal	TextBox	CPE_DESLOCAMENTO	PARCELA_COMPLEMENTAR			
OrdemServico	PARECERES_NI	Pareceres/Notas Internas	String	Memo	CP_ORDEM_SERVICO	PARECERES_NI	2000		
OrdemServico	PARECER_AUDIT	Avaliação da AUDIT	String	Memo	CP_ORDEM_SERVICO	PARECER_AUDIT	2000		
OrdemServico	PARECER_KEY_USER	Parecer Key User	String	Memo	CP_ORDEM_SERVICO	PARECER_KEY_USER			
OrdemServico	PARECER_PLANEJAMENTO	Parecer do Planejamento	String	Memo	CP_ORDEM_SERVICO	PARECER_PLANEJAMENTO	2000		
OrdemServico	PARECER_QUALIF	Parecer - Qualificação Financeira	String	Memo	CPE_FINANCEIRO	PARECER_QUALIF			
OrdemServico	PARECER_RISCO	Parecer - Risco Cliente	String	Memo	CPE_FINANCEIRO	PARECER_RISCO			
OrdemServico	PARECER_TRIBUTARIO_1	Parecer Tributário	String	Memo	CPE_CSC	PARECER_TRIBUTARIO_1	2000		
OrdemServico	PARECER_TRIBUTARIO_2	Parecer Tributário 2	String	Memo	CPE_CSC	PARECER_TRIBUTARIO_2	2000		
OrdemServico	PARECER_TRIBUTARIO_3	Parecer Tributário	String	Memo	CPE_FINANCEIRO	PARECER_TRIBUTARIO_3	2000		
OrdemServico	PARECER_TRIBUTARIO_RI	Descrição do Serviço no RI	String	TextBox	CPE_CSC	PARECER_TRIBUTARIO_RI			
OrdemServico	PARENTES_GRAU	Grid para detalhar o parente envolvido e o grau de parentesco	RecordList	DataGrid	Z_00143_PARENTES_GRAU	PARENTES_GRAU			
OrdemServico	PASTA	Nome da Pasta	String	TextBox	CP_ORDEM_SERVICO	PASTA			
OrdemServico	PASTA DO SERVIDOR DE ARQUIVOS	Pasta do Servidor de Arquivos	String	TextBox	CP_ORDEM_SERVICO	PASTA_DO_SERVIDOR_DE_ARQUIVOS			
OrdemServico	PASTA_DE_ARQUIVOS	Pasta de Arquivos	String	Memo	CP_ORDEM_SERVICO	PASTA_DE_ARQUIVOS			
OrdemServico	PATRIMONIO	Número do Patrimônio	String	TextBox	CP_ORDEM_SERVICO	PATRIMONIO			
OrdemServico	PATRIMONIO_PVV	Patrimônio	String	TextBox	CP_ORDEM_SERVICO	PATRIMONIO_PVV			
OrdemServico	PATROCINADOR	Patrocinadores	String	Memo	CP_ORDEM_SERVICO	PATROCINADOR	2000		
OrdemServico	PB_1_1	Nota explicativa 1: A tabela acima deverá ser adaptada conforme a necessidade de cada contratação e parâmetro de pesquisa de preços adotado.	String	Memo	CPE_PRJ_BB	PB_1_1	1000		
OrdemServico	PB_OBJETO_CONTRATACAO	Descrever o objeto de forma global, tal como deve constar na ordem de compra. A definição do objeto deve ser feita da forma mais clara e precisa possível, a fim de garantir que a compra ou contratação seja realizada da forma pretendida pelo demandante.	String	Memo	CPE_CONTRATOS	PB_OBJETO_CONTRATACAO	2000		
OrdemServico	PCCS_ATUAL	PCCS Atual	RecordList	DataGrid	Z_00143_PCCS_ATUAL	PCCS_ATUAL			
OrdemServico	PCCS_MIGRA	PCCS Migração	RecordList	DataGrid	Z_00143_PCCS_MIGRA	PCCS_MIGRA			
OrdemServico	PCCS_TMP	PCCS Temporário	RecordList	DataGrid	Z_00143_PCCS_TMP	PCCS_TMP			
OrdemServico	PCMSO_AFAST_DEFERIDO	Afastamento Deferido?	String	DropDownList	CPE_SAUDE_OCUPACIONAL	PCMSO_AFAST_DEFERIDO			Sim;Não
OrdemServico	PCMSO_AMAMENTACAO_15D	Licença amamentação (15 dias de prorrogação após o término da licença maternidade cidadã )	Boolean	CheckBox	CPE_SAUDE_OCUPACIONAL	PCMSO_AMAMENTACAO_15D			
OrdemServico	PCMSO_AMAMENTACAO_1H	Licença amamentação (1 hora de abono durante 6 meses após o término da maternidade cidadã)	Boolean	CheckBox	CPE_SAUDE_OCUPACIONAL	PCMSO_AMAMENTACAO_1H			
OrdemServico	PCMSO_APTO	Apto para o Trabalho?	String	DropDownList	CPE_SAUDE_OCUPACIONAL	PCMSO_APTO			Sim;Não
OrdemServico	PCMSO_ATESTADOS	Atestados	RecordList	DataGrid	Z_00143_PCMSO_ATESTADOS	PCMSO_ATESTADOS			
OrdemServico	PCMSO_DATA_APOSENT	Data Aposentadoria	DateTime	DatePicker	CPE_SAUDE_OCUPACIONAL	PCMSO_DATA_APOSENT			
OrdemServico	PCMSO_DATA_AVALIACAO	Data da Avaliação Médica	DateTime	DatePicker	CPE_SAUDE_OCUPACIONAL	PCMSO_DATA_AVALIACAO			
OrdemServico	PCMSO_DATA_PERICIA	Data da Perícia	DateTime	DatePicker	CPE_SAUDE_OCUPACIONAL	PCMSO_DATA_PERICIA			
OrdemServico	PCMSO_DATA_RETORNO	Data Retorno	DateTime	DatePicker	CPE_SAUDE_OCUPACIONAL	PCMSO_DATA_RETORNO			
OrdemServico	PCMSO_DATA_RETORNO_AVALIACAO	Data Retorno	DateTime	DatePicker	CPE_SAUDE_OCUPACIONAL	PCMSO_DATA_RETORNO_AVALIACAO			
OrdemServico	PCMSO_DATA_RETORNO_PREVISTO	Data Retorno Previsto	DateTime	DatePicker	CPE_SAUDE_OCUPACIONAL	PCMSO_DATA_RETORNO_PREVISTO			
OrdemServico	PCMSO_DEFERIDO	Benefício Deferido?	String	DropDownList	CPE_SAUDE_OCUPACIONAL	PCMSO_DEFERIDO			Sim;Não
OrdemServico	PCMSO_DOC_CONFORME	Documentação conforme?	String	DropDownList	CPE_SAUDE_OCUPACIONAL	PCMSO_DOC_CONFORME			Sim;Não
OrdemServico	PCMSO_EMAIL_PARTICULAR	E-mail Particular	String	TextBox	CPE_SAUDE_OCUPACIONAL	PCMSO_EMAIL_PARTICULAR			
OrdemServico	PCMSO_ENDERECO_AVALIACAO	Endereço da Avaliação Médica	String	Memo	CPE_SAUDE_OCUPACIONAL	PCMSO_ENDERECO_AVALIACAO			
OrdemServico	PCMSO_ENDERECO_PERICIA	Endereço da Perícia	String	Memo	CPE_SAUDE_OCUPACIONAL	PCMSO_ENDERECO_PERICIA			
OrdemServico	PCMSO_HORA_AVALIACAO	Hora da Avaliação Médica	String	TextBox	CPE_SAUDE_OCUPACIONAL	PCMSO_HORA_AVALIACAO			
OrdemServico	PCMSO_HORA_PERICIA	Hora da Perícia	String	TextBox	CPE_SAUDE_OCUPACIONAL	PCMSO_HORA_PERICIA			
OrdemServico	PCMSO_LOCAL_AVALIACAO	Local da Avaliação Médica	String	TextBox	CPE_SAUDE_OCUPACIONAL	PCMSO_LOCAL_AVALIACAO			
OrdemServico	PCMSO_LOCAL_PERICIA	Local da Perícia	String	TextBox	CPE_SAUDE_OCUPACIONAL	PCMSO_LOCAL_PERICIA			
OrdemServico	PCMSO_MATRICULA	Matrícula	String	TextBox	CPE_SAUDE_OCUPACIONAL	PCMSO_MATRICULA			
OrdemServico	PCMSO_NOME_CLINICA	Nome da Clínica	String	TextBox	CPE_SAUDE_OCUPACIONAL	PCMSO_NOME_CLINICA			
OrdemServico	PCMSO_OBSERVACAO_AVALIACAO	Observação	String	Memo	CPE_SAUDE_OCUPACIONAL	PCMSO_OBSERVACAO_AVALIACAO			
OrdemServico	PCMSO_OBSERVACAO_PERICIA	Observação	String	Memo	CPE_SAUDE_OCUPACIONAL	PCMSO_OBSERVACAO_PERICIA			
OrdemServico	PCMSO_RECURSO	Solicitará Recursos?	String	DropDownList	CPE_SAUDE_OCUPACIONAL	PCMSO_RECURSO			Sim;Não
OrdemServico	PCMSO_TELEFONE_PARTICULAR	Telefone particular para contato	String	TextBox	CPE_SAUDE_OCUPACIONAL	PCMSO_TELEFONE_PARTICULAR			
OrdemServico	PDCI2019_NUMOS	Número do Chamado de Classificação	String	TextBox	CPE_PDCI2019	PDCI2019_NUMOS			
OrdemServico	PDCI_2019	Adesões dos lotados em dependências com excesso	RecordList	DataGrid	Z_00143_PDCI_2019	PDCI_2019			
OrdemServico	PDCI_20ANOS	Adesões com mais de 20 anos de empresa	RecordList	DataGrid	Z_00143_PDCI_20ANOS	PDCI_20ANOS			
OrdemServico	PDCI_55ANOS	Adesões com mais de 55 anos de idade	RecordList	DataGrid	Z_00143_PDCI_55ANOS	PDCI_55ANOS			
OrdemServico	PDPEP_GECOR	PDPEP GECOR	RecordList	DataGrid	Z_00143_PDPEP_GECOR	PDPEP_GECOR			
OrdemServico	PDPEP_INS	PDPEP_INS	String	TextBox	CP_ORDEM_SERVICO	PDPEP_INS			
OrdemServico	PEC_AREA_INTERESSE	Área de Interesse	String	DropDownList	CP_ORDEM_SERVICO	PEC_AREA_INTERESSE		S	
OrdemServico	PEC_AREA_INTERESSE_R	Área de interesse	String	TextBox	CP_ORDEM_SERVICO	PEC_AREA_INTERESSE_R			
OrdemServico	PEC_AREA_NEGOCIO	Área ou Negócio de Atuação	String	DropDownList	CPE_PESSOAS	PEC_AREA_NEGOCIO		S	
OrdemServico	PEC_AVALIACAO_DESEMPENHO	Avaliação de Desempenho	String	DropDownList	CP_ORDEM_SERVICO	PEC_AVALIACAO_DESEMPENHO		S	
OrdemServico	PEC_BOLSA	Formação	String	DropDownList	CP_ORDEM_SERVICO	PEC_BOLSA		S	
OrdemServico	PEC_CARGO	Cargo	String	DropDownList	CP_ORDEM_SERVICO	PEC_CARGO		S	
OrdemServico	PEC_CARGO_MBA	Cargo	String	DropDownList	CP_ORDEM_SERVICO	PEC_CARGO_MBA		S	
OrdemServico	PEC_CAR_FUN	Cargo e exercício de função gratificada	String	DropDownList	CPE_ORDEM_SERVICO	PEC_CAR_FUN		S	
OrdemServico	PEC_CURSO	Tipo de curso	String	TextBox	CP_ORDEM_SERVICO	PEC_CURSO			
OrdemServico	PEC_CURSO_EXT	Curso Extensão	String	DropDownList	CPE_PEC	PEC_CURSO_EXT		S	
OrdemServico	PEC_DATA_DIVULGA_APROVA	Divulgação Aprovados PEC	DateTime	DatePicker	CPE_ORDEM_SERVICO	PEC_DATA_DIVULGA_APROVA			
OrdemServico	PEC_DATA_MATRICULA	Data da matrícula	DateTime	DatePicker	CP_ORDEM_SERVICO	PEC_DATA_MATRICULA			
OrdemServico	PEC_DECLARACAO	Declaro estar ciente das regras descritas no edital.	Boolean	CheckBox	CP_ORDEM_SERVICO	PEC_DECLARACAO			
OrdemServico	PEC_EDITAL	Edital	String	DropDownList	CP_ORDEM_SERVICO	PEC_EDITAL		S	
OrdemServico	PEC_EDITAL_ID	Id Edital	String	TextBox	CPE_ORDEM_SERVICO	PEC_EDITAL_ID			
OrdemServico	PEC_EDITAL_V9	Edital	String	DropDownList	CP_ORDEM_SERVICO	PEC_EDITAL_V9		S	
OrdemServico	PEC_ESPECIALIZACOES	Pós-Graduação	String	DropDownList	CP_ORDEM_SERVICO	PEC_ESPECIALIZACOES		S	
OrdemServico	PEC_EXTRA	Pontuação Extra PEC	String	TextBox	CPE_PEC	PEC_EXTRA			
OrdemServico	PEC_FORMACAO	Formação graduação	String	DropDownList	CPE_PEC	PEC_FORMACAO		S	
OrdemServico	PEC_FUNCAO_GRATIFICADA	Função Gratificada	String	DropDownList	CP_ORDEM_SERVICO	PEC_FUNCAO_GRATIFICADA		S	
OrdemServico	PEC_FUNCAO_MBA	Função Gratificada	String	DropDownList	CP_ORDEM_SERVICO	PEC_FUNCAO_MBA		S	
OrdemServico	PEC_INSTITUICAO	Instituição	String	TextBox	CP_ORDEM_SERVICO	PEC_INSTITUICAO			
OrdemServico	PEC_INST_ENSINO	Instituição de Ensino	String	DropDownList	CPE_PEC	PEC_INST_ENSINO		S	
OrdemServico	PEC_JUSTIFICATICA_RH	Justificativa do RH	String	Memo	CP_ORDEM_SERVICO	PEC_JUSTIFICATICA_RH			
OrdemServico	PEC_JUSTIFICATIVA	Justificativa	String	Memo	CP_ORDEM_SERVICO	PEC_JUSTIFICATIVA	2000		
OrdemServico	PEC_LOCALIDADE	Localidade	String	DropDownList	CP_ORDEM_SERVICO	PEC_LOCALIDADE			Brasília;Rio de Janeiro
OrdemServico	PEC_MENSALIDADE	Valor do boleto	Decimal	TextBox	CP_ORDEM_SERVICO	PEC_MENSALIDADE			
OrdemServico	PEC_MESES_TOTAL	Quantidade de meses no PEC	String	TextBox	CP_ORDEM_SERVICO	PEC_MESES_TOTAL			
OrdemServico	PEC_MESTRADO	Formação Mestrado	String	DropDownList	CPE_PEC	PEC_MESTRADO		S	
OrdemServico	PEC_NOME_CURSO	Nome do curso	String	TextBox	CP_ORDEM_SERVICO	PEC_NOME_CURSO			
OrdemServico	PEC_NOTA1_GDP	Primeira Nota da Avaliação de Desempenho (GDP)	String	TextBox	CPE_PESSOAS	PEC_NOTA1_GDP			
OrdemServico	PEC_NOTA2_GDP	Segunda Nota da Avaliação de Desempenho (GDP)	String	TextBox	CPE_PESSOAS	PEC_NOTA2_GDP			
OrdemServico	PEC_NOTA_GDP	Nota da Avaliação de Desempenho (GDP)	String	TextBox	CPE_PESSOAS	PEC_NOTA_GDP			
OrdemServico	PEC_PCD	Pessoa com Deficiência	String	TextBox	CPE_PEC	PEC_PCD			
OrdemServico	PEC_PERIODO	Período já cursado	String	DropDownList	CP_ORDEM_SERVICO	PEC_PERIODO		S	
OrdemServico	PEC_PONTUACAO_TOTAL	Pontuação total	Integer	TextBox	CP_ORDEM_SERVICO	PEC_PONTUACAO_TOTAL			
OrdemServico	PEC_PPP	Me identifico como  Pessoa Preta ou Parda (A autodeclaração de raça é um ato importante que deve ser feito com consciência e responsabilidade)	Boolean	CheckBox	CPE_PEC	PEC_PPP			
OrdemServico	PEC_PRESTACAO_TOTAL	Total de prestações do curso	Integer	TextBox	CP_ORDEM_SERVICO	PEC_PRESTACAO_TOTAL			
OrdemServico	PEC_PRESTACAO_VENCER	Total de prestações a vencer	Integer	TextBox	CP_ORDEM_SERVICO	PEC_PRESTACAO_VENCER			
OrdemServico	PEC_PREVISAO_CONCLUSAO	Previsão de conclusão	DateTime	TextBox	CP_ORDEM_SERVICO	PEC_PREVISAO_CONCLUSAO			
OrdemServico	PEC_REGIAO	Região	String	DropDownList	CP_ORDEM_SERVICO	PEC_REGIAO			Sul;Sudeste;Norte;Nordeste;Centro-Oeste
OrdemServico	PEC_SEXO	Sexo	String	TextBox	CPE_PEC	PEC_SEXO	20		
OrdemServico	PEC_TIPO	Tipo de curso	String	DropDownList	CP_ORDEM_SERVICO	PEC_TIPO		S	
OrdemServico	PEC_TIPO_REEMBOLSO	Tipo de reembolso	String	DropDownList	CP_ORDEM_SERVICO	PEC_TIPO_REEMBOLSO			Matrícula;Mensalidade;Manutenção de bolsa (documentos)
OrdemServico	PEC_TIPO_REEMBOLSO_1	Tipo de reembolso	String	DropDownList	CP_ORDEM_SERVICO	PEC_TIPO_REEMBOLSO_1			Reembolso de Matrícula;Reembolso de Mensalidade;Envio de documentos Manutenção de bolsa
OrdemServico	PEC_VALOR_CURSO	Valor total do curso	Decimal	TextBox	CP_ORDEM_SERVICO	PEC_VALOR_CURSO			
OrdemServico	PEC_VALOR_REEMBOLSO	Valor do reembolso mensal	Decimal	TextBox	CP_ORDEM_SERVICO	PEC_VALOR_REEMBOLSO			
OrdemServico	PEC_VENCIMENTO_MENSAL	Vencimento	DateTime	DatePicker	CP_ORDEM_SERVICO	PEC_VENCIMENTO_MENSAL			
OrdemServico	PEDIDO_ORDEM_DE_CLASSE	Tipo de pedido	String	DropDownList	CPE_CSC	PEDIDO_ORDEM_DE_CLASSE			Outros;Registro CFT/CRT
OrdemServico	PED_EMP_CLIENTE	Empresa Cliente	String	DropDownList	CPE_PENF	PED_EMP_CLIENTE		S	
OrdemServico	PED_FILIAL_BBTS	Filial BBTS	String	DropDownList	CPE_PENF	PED_FILIAL_BBTS		S	
OrdemServico	PED_INFORMACOES	Informações Adicionais	String	Memo	CPE_PENF	PED_INFORMACOES			
OrdemServico	PED_NATOP	Natureza da Operação	String	DropDownList	CPE_PENF	PED_NATOP		S	
OrdemServico	PED_PESO_TOTAL	Peso Total do(s) Pacote(s) (Kg)	Decimal	TextBox	CPE_PENF	PED_PESO_TOTAL			
OrdemServico	PED_QTDE	Quantidade de Pacotes	Integer	TextBox	CPE_PENF	PED_QTDE			
OrdemServico	PED_TRANSPORTADORA	Transportadora	String	DropDownList	CPE_PENF	PED_TRANSPORTADORA		S	
OrdemServico	PED_VALOR_TOTAL	Total da Nota (R$)	Decimal	TextBox	CPE_PENF	PED_VALOR_TOTAL			
OrdemServico	PENDENCIA	Pendência	String	TextBox	CPE_FINANCEIRO	PENDENCIA			
OrdemServico	PENF_EMAIL	E-mails que serão notificados sobre o andamento da ordem de serviço (separados por ponto e vírgula)	String	TextBox	CPE_PENF	PENF_EMAIL	2000		
OrdemServico	PENF_EMAIL1	E-mails que serão notificados sobre o andamento da ordem de serviço (separados por ponto e vírgula)	String	TextBox	CPE_CONTRATOS02	PENF_EMAIL1	2000		
OrdemServico	PENF_EMISSAO_NF	Data de Emissão da NF	DateTime	DateTimePicker	CPE_PENF	PENF_EMISSAO_NF			
OrdemServico	PENF_EMITE_NF	Emitir Nota Fiscal?	String	DropDownList	CPE_PENF	PENF_EMITE_NF	3		Sim;Não
OrdemServico	PENF_FORNECEDOR	Fornecedor	String	DropDownList	CPE_PENF	PENF_FORNECEDOR		S	
OrdemServico	PENF_INFORMACOES	Informações adicionais	String	Memo	CPE_PENF	PENF_INFORMACOES			
OrdemServico	PENF_INFORMATIVO	Informativo	String	TextBox	CPE_PENF	PENF_INFORMATIVO			
OrdemServico	PENF_NUM_NF	Número da Nota Fiscal	String	TextBox	CPE_PENF	PENF_NUM_NF			
OrdemServico	PENF_NUM_RI	Nº RI	Integer	TextBox	CPE_PENF	PENF_NUM_RI			
OrdemServico	PENF_PEDIDOS	PENF (FQ1315-001)	RecordList	DataGrid	Z_00143_PENF_PEDIDOS	PENF_PEDIDOS			
OrdemServico	PENF_PRODUTOS	Produtos	RecordList	DataGrid	Z_00143_PENF_PRODUTOS	PENF_PRODUTOS			
OrdemServico	PENF_PROD_LANC	Produtos	RecordList	DataGrid	Z_00143_PENF_PROD_LANC	PENF_PROD_LANC			
OrdemServico	PENF_TERMO	Termo de Ciência: ESTOU CIENTE QUE NÃO PODEREI SOLICITAR A EMISSÃO DA NOTA FISCAL DE SAÍDA PARA MOVIMENTAÇÃO DE PEÇAS, SEM QUE TENHA OCORRIDO A RESPECTIVA ENTRADA DO BEM NO SISTEMA ERP/RI, CONFORME ORIENTAÇÃO DO ITEM 4.3.5.1.4 DA NI 236	Boolean	CheckBox	CPE_PENF	PENF_TERMO			
OrdemServico	PENF_TIPO_INCLUSAO	Inclusão dos dados da PENF	String	DropDownList	CPE_PENF	PENF_TIPO_INCLUSAO			Arquivo;Manual
OrdemServico	PEOPLE_AFT	People AFT	Boolean	CheckBox	CPE_ORDEM_SERVICO	PEOPLE_AFT			
OrdemServico	PEOPLE_AFT_APROV	People AFT	Boolean	CheckBox	CPE_ORDEM_SERVICO	PEOPLE_AFT_APROV			
OrdemServico	PEOPLE_ESTABELECIMENTOS	People Estabelecimentos	Boolean	CheckBox	CPE_ORDEM_SERVICO	PEOPLE_ESTABELECIMENTOS			
OrdemServico	PEOPLE_ESTABELECIMENTOS_APROV	People Estabelecimentos	Boolean	CheckBox	CPE_ORDEM_SERVICO	PEOPLE_ESTABELECIMENTOS_APROV			
OrdemServico	PEOPLE_FOLHA	People Folha e Benefício	Boolean	CheckBox	CPE_ORDEM_SERVICO	PEOPLE_FOLHA			
OrdemServico	PEOPLE_FOLHA_APROV	People Folha e Benefício	Boolean	CheckBox	CPE_ORDEM_SERVICO	PEOPLE_FOLHA_APROV			
OrdemServico	PERCENTUAL_CONFORMIDADE	VERIFICACAO_DA_AMOSTRA	RecordList	DataGrid	Z_00143_PERCENTUAL_CONFORMIDADE	PERCENTUAL_CONFORMIDADE			
OrdemServico	PERFIL	Perfil	String	TextBox	CP_ORDEM_SERVICO	PERFIL			
OrdemServico	PERFIL_ANA	Perfil	String	DropDownList	CPE_ORDEM_SERVICO	PERFIL_ANA			Administrativo;Conformidade;Controle de Projetos;Monitoração;Adm. de Banco de Dados;Arquiteto de Teste;Automatizador de 
OrdemServico	PERFIL_ANA_ADM	Perfil	String	DropDownList	CP_ORDEM_SERVICO	PERFIL_ANA_ADM			Administrativo;Conformidade;Controle de Projetos;Monitoração                 
OrdemServico	PERFIL_ANA_OPE	Perfil	String	DropDownList	CP_ORDEM_SERVICO	PERFIL_ANA_OPE			Adm. de Banco de Dados;Arquiteto de Teste;Automatizador de Teste;Desenvolvimento  (Mobile);Desenvolvimento (ERP);Desenvo
OrdemServico	PERFIL_ESPECIALIDADE_GRID	Perfil Especialidade	RecordList	DataGrid	Z_00143_PERFIL_ESPECIALIDADE_GRID	PERFIL_ESPECIALIDADE_GRID			
OrdemServico	PERFIL_TEC	Perfil	String	DropDownList	CPE_ORDEM_SERVICO	PERFIL_TEC			Administrativo;Monitoração;Documentos;Qualidade;Atendimento;Equipamentos;Infra Data Center;Processos/Qualidade/Treinamen
OrdemServico	PERFIL_TEC_ADM	Perfil	String	DropDownList	CP_ORDEM_SERVICO	PERFIL_TEC_ADM			Administrativo;Monitoração
OrdemServico	PERFIL_TEC_OPE	Perfil	String	DropDownList	CP_ORDEM_SERVICO	PERFIL_TEC_OPE			Documentos;Qualidade;Atendimento;Equipamentos;Infra Data Center;Processos/Qualidade/Treinamento/Controle Operacional;Sup
OrdemServico	PERFIL_USU_REDE_MAN	Perfil	String	DropDownList	CP_ORDEM_SERVICO	PERFIL_USU_REDE_MAN			Técnico;Controlador
OrdemServico	PERGUNTA	PERGUNTA	String	DropDownList	CPE_DADOS	PERGUNTA			1;2;3
OrdemServico	PERGUNTA_1	PERGUNTA_1	String	TextBox	CPE_DADOS	PERGUNTA_1			
OrdemServico	PERGUNTA_DOISUM	Classificação da atividade	RecordList	DataGrid	Z_00143_PERGUNTA_DOISUM	PERGUNTA_DOISUM			
OrdemServico	PERGUNTA_GENERICA	Pergunta Generica	String	DropDownList	CPE_CSC	PERGUNTA_GENERICA			Área demandante do contrato;Equipe de fiscalização administrativa
OrdemServico	PERGUNTA_UMM	1.2	RecordList	DataGrid	Z_00143_PERGUNTA_UMM	PERGUNTA_UMM			
OrdemServico	PERIODO01	Período 01	String	TextBox	CPE_CONTRATOS	PERIODO01			
OrdemServico	PERIODO02	Período 02	String	TextBox	CPE_CONTRATOS	PERIODO02			
OrdemServico	PERIODO03	Período 03	String	TextBox	CPE_CONTRATOS	PERIODO03			
OrdemServico	PERIODOS	Quantos períodos de férias possui?	String	DropDownList	CPE_CONTRATOS	PERIODOS			01;02;03
OrdemServico	PERIODOS_DISPONIVEIS	Períodos disponíveis para avaliação	String	DropDownList	CPE_CONTRATOS02	PERIODOS_DISPONIVEIS	200		
OrdemServico	PERIODO_CURSO	Período cursando	String	DropDownList	CP_ORDEM_SERVICO	PERIODO_CURSO			1;2;3;4;5;6;7;8
OrdemServico	PERIODO_DE_VALIDADE	Data Fim da ARP	DateTime	DatePicker	CPE_CSC	PERIODO_DE_VALIDADE			
OrdemServico	PERIODO_SUBSTITUICAO	Combobox Listando os Serviços	String	DropDownList	CPE_CONTRATOS02	PERIODO_SUBSTITUICAO			Início da Substituição; Fim da Substituição 
OrdemServico	PERMANENTE	Permanente	Boolean	CheckBox	CP_ORDEM_SERVICO	PERMANENTE			
OrdemServico	PERMISSAO_INGRESSOAVALI	Permissão do ingresso nas instalações apenas de pessoas previamente autorizadas e identificadas	String	DropDownList	CPE_CONTRATOS	PERMISSAO_INGRESSOAVALI			1;2;3;0
OrdemServico	PESQUISA_DESLIGAMENTO	Pesquisa de Desligamento	String	DropDownList	CP_ORDEM_SERVICO	PESQUISA_DESLIGAMENTO			Ambiente de Trabalho;Aposentadoria;Benefícios Oferecidos;Dificuldade de Adaptação Nas Atividades Desempenhadas;Estudos;F
OrdemServico	PESQUISA_MERCADO	Pesquisa de Mercado	RecordList	DataGrid	Z_00143_PESQUISA_MERCADO	PESQUISA_MERCADO			
OrdemServico	PESQUISA_MERCADO1	Pesquisa de Mercado	RecordList	DataGrid	Z_00143_PESQUISA_MERCADO1	PESQUISA_MERCADO1			
OrdemServico	PESQUISA_MERCADO2	Pesquisa de Mercado	RecordList	DataGrid	Z_00143_PESQUISA_MERCADO2	PESQUISA_MERCADO2			
OrdemServico	PESQUISA_MERCADO3	Pesquisa de Mercado	RecordList	DataGrid	Z_00143_PESQUISA_MERCADO3	PESQUISA_MERCADO3			
OrdemServico	PESQUISA_MERCADO4	Pesquisa de Mercado	RecordList	DataGrid	Z_00143_PESQUISA_MERCADO4	PESQUISA_MERCADO4			
OrdemServico	PESQUISA_MERCADO5	Pesquisa de Mercado	RecordList	DataGrid	Z_00143_PESQUISA_MERCADO5	PESQUISA_MERCADO5			
OrdemServico	PESQUISA_MERCADO6	Pesquisa de Mercado	RecordList	DataGrid	Z_00143_PESQUISA_MERCADO6	PESQUISA_MERCADO6			
OrdemServico	PESQUISA_MERCADO7	Pesquisa de Mercado	RecordList	DataGrid	Z_00143_PESQUISA_MERCADO7	PESQUISA_MERCADO7			
OrdemServico	PESQUISA_MERCADO_5	Pesquisa de Mercado	RecordList	DataGrid	Z_00143_PESQUISA_MERCADO_5	PESQUISA_MERCADO_5			
OrdemServico	PESQUISA_MERCADO_LOTE	Pesquisa de Mercado por Lote	RecordList	DataGrid	Z_00143_PESQUISA_MERCADO_LOTE	PESQUISA_MERCADO_LOTE			
OrdemServico	PESSOAS_CHECKBOX1	Checkbox1	Boolean	CheckBox	CPE_PESSOAS	PESSOAS_CHECKBOX1			
OrdemServico	PESSOAS_CHECKBOX2	Checkbox2	Boolean	CheckBox	CPE_PESSOAS	PESSOAS_CHECKBOX2			
OrdemServico	PESSOAS_CHECKBOX3	Checkbox3	Boolean	CheckBox	CPE_PESSOAS	PESSOAS_CHECKBOX3			
OrdemServico	PESSOA_FAVORECIDO	Favorecido	String	TextBox	CPE_PESSOAS	PESSOA_FAVORECIDO			
OrdemServico	PESSOA_TESTE	Pessoa_teste	Integer	DropDownList	CPE_PESSOAS	PESSOA_TESTE		S	
OrdemServico	PINTURA_SOLICITACOES_GESAP	Pintura - Solicitações Gesap	String	DropDownList	CPE_CONTRATOS02	PINTURA_SOLICITACOES_GESAP			Pintura interna;Pintura externa;Repintura de parede;Pintura de teto;Pintura de esquadrias;Correção de manchas e infiltra
OrdemServico	PISCOFINS	PIS/Cofins	RecordList	DataGrid	Z_00143_PISCOFINS	PISCOFINS			
OrdemServico	PIS_ALIQUOTA	PIS - Alíquota	String	TextBox	CPE_CSC	PIS_ALIQUOTA			
OrdemServico	PIS_BASE_LEGAL	PIS - Base Legal	String	Memo	CPE_CSC	PIS_BASE_LEGAL	2000		
OrdemServico	PIS_COFINS	PIS/COFINS	String	DropDownList	CP_ORDEM_SERVICO	PIS_COFINS			Tributável;Não tributável permanente;Não tributável temporal;Dedutível;Não dedutível permanente;Não dedutível temporal 
OrdemServico	PIS_CONFINS_CSLL_CONSULTA_FISCO	PIS, COFINS E CSLL	String	TextBox	CPE_CSC	PIS_CONFINS_CSLL_CONSULTA_FISCO			
OrdemServico	PIS_RETENCAO_IMPOSTO	PIS - Retenção de Imposto?	String	DropDownList	CPE_CSC	PIS_RETENCAO_IMPOSTO			Sim;Não
OrdemServico	PIX_NUMERO	Número do PIX	String	TextBox	CPE_CSC	PIX_NUMERO			
OrdemServico	PIX_TIPO	Tipo PIX	String	TextBox	CPE_CSC	PIX_TIPO			
OrdemServico	PLACA	Placa do carro	String	TextBox	CPE_CSC	PLACA	80		
OrdemServico	PLANEJAMENTO_CEAS	Planejamento	RecordList	DataGrid	Z_00143_PLANEJAMENTO_CEAS	PLANEJAMENTO_CEAS			
OrdemServico	PLANO	Plano	String	Memo	CP_ORDEM_SERVICO	PLANO	800		
OrdemServico	PLANO_BALANCETE	Plano Balanço Patrimonial	String	DropDownList	CP_ORDEM_SERVICO	PLANO_BALANCETE	1000	S	
OrdemServico	PLANO_BBTS_PREV	Plano BBTS Prev	String	TextBox	CPE_PDCI2019	PLANO_BBTS_PREV			
OrdemServico	PLANO_DRE	Plano DRE	String	DropDownList	CP_ORDEM_SERVICO	PLANO_DRE	1000	S	
OrdemServico	PLANO_ORC_BBTS	Plano Orçamentário BBTS	String	DropDownList	CP_ORDEM_SERVICO	PLANO_ORC_BBTS	1000	S	
OrdemServico	PLANO_ORC_PDG	Plano Orçamentário PDG	String	DropDownList	CP_ORDEM_SERVICO	PLANO_ORC_PDG	1000	S	
OrdemServico	PLANO_RETORNO	Plano de Retorno	String	TextBox	CP_ORDEM_SERVICO	PLANO_RETORNO			
OrdemServico	PLANO_SAUDE	Plano de Saúde	String	TextBox	CPE_PDCI2019	PLANO_SAUDE			
OrdemServico	PLANO_SPED	Plano Referencial SPED	String	DropDownList	CP_ORDEM_SERVICO	PLANO_SPED	1000	S	
OrdemServico	PMI	PMI	String	TextBox	CPE_CSC	PMI			
OrdemServico	PNE_HSS	Seleção Hard.Soft ou Serv	String	DropDownList	CPE_CONTRATOS02	PNE_HSS			Equipamentos – Hardware, Licenças – Software e Suporte - Serviços; Equipamentos – Hardware; Licenças – Software; Suporte
OrdemServico	POLITICA_SEGURANCA	Termo da Política de Segurança	String	Memo	CP_ORDEM_SERVICO	POLITICA_SEGURANCA	900		
OrdemServico	PONTUACAO_1	Regularidade fiscal e trabalhista	String	DropDownList	CPE_CONTRATOS	PONTUACAO_1	50		1;2;3;0
OrdemServico	PONTUACAO_2	Apresentação de documentos exigidos no contrato	String	DropDownList	CPE_CONTRATOS	PONTUACAO_2	50		1;2;3;0
OrdemServico	PONTUACAO_3	Regularidade das notas fiscais	String	DropDownList	CPE_CONTRATOS	PONTUACAO_3	50		1;2;3;0
OrdemServico	PONTUACAO_4	Incidência/Resolução de ocorrências	String	DropDownList	CPE_CONTRATOS	PONTUACAO_4	50		1;2;3;0
OrdemServico	PONTUACAO_5	Média Trimestral	String	DropDownList	CPE_CONTRATOS	PONTUACAO_5	50		1;1,5;2;2,5;3
OrdemServico	PORC	PORC	String	TextBox	CPE_CONTRATOS02	PORC			
OrdemServico	PORCENTAGEM_AMOSTRA	Porcentagem(%) da amostra verificada	String	TextBox	CPE_NEGOCIOS	PORCENTAGEM_AMOSTRA			
OrdemServico	PORCENTAGEM_PREVIDENCIAL	Porcentagem previdêncial	Decimal	TextBox	CPE_CSC	PORCENTAGEM_PREVIDENCIAL			
OrdemServico	PORC_DESCONTO	PORC_DESCONTO	String	TextBox	CPE_CSC	PORC_DESCONTO			
OrdemServico	PORTIFOLIO	PORTIFOLIO	String	DropDownList	CPE_PORTIFOLIO	PORTIFOLIO			Assessoria Digital;Canais BackOffice;Comunicação e Conectividade;Gestão de Segurança;Infraestrutura e Disponibilidade;So
OrdemServico	POSGRADU_VAGA	Pós-graduações desejadas para a vaga	String	Memo	CPE_PESSOAS	POSGRADU_VAGA	2000		
OrdemServico	POSSE	Posse	String	DropDownList	CP_ORDEM_SERVICO	POSSE			Compareceu;Compareceu e pediu postergação;Não compareceu;Compareceu e desistiu da posse
OrdemServico	POSSUI_DGCO	Possui DGCO?	String	DropDownList	CPE_CSC	POSSUI_DGCO			Sim;Não
OrdemServico	POSSUI_NUM_LICIT	Possui número de licitação?	String	DropDownList	CPE_CSC	POSSUI_NUM_LICIT			Sim;Não
OrdemServico	POSSUI_RESERVA	Possui Reserva?	Boolean	CheckBox	CP_ORDEM_SERVICO	POSSUI_RESERVA			
OrdemServico	POSTOS_DE_SEVICOS	Postos de Serviços	RecordList	DataGrid	Z_00143_POSTOS_DE_SEVICOS	POSTOS_DE_SEVICOS			
OrdemServico	POSTO_DE_SERVICO_SGPS	Posto de Serviço	RecordList	DataGrid	Z_00143_POSTO_DE_SERVICO_SGPS	POSTO_DE_SERVICO_SGPS			
OrdemServico	POSTO_SERVICO	Acionamento Posto de Serviço	RecordList	DataGrid	Z_00143_POSTO_SERVICO	POSTO_SERVICO			
OrdemServico	PPAPRESDIREX	Observações - Apresentação DIREX	String	Memo	CP_ORDEM_SERVICO	PPAPRESDIREX	1200		
OrdemServico	PPCLIENTE	Cliente	String	DropDownList	CP_ORDEM_SERVICO	PPCLIENTE		S	
OrdemServico	PPCOLIGADA	Empresa Coligada do Banco do Brasil;	String	DropDownList	CP_ORDEM_SERVICO	PPCOLIGADA			Sim; Não; 
OrdemServico	PPCOMPRAS	Submeter ao Setor de Compras	String	DropDownList	CP_ORDEM_SERVICO	PPCOMPRAS			Sim; Não; 
OrdemServico	PPCOMPRAS_ACAO	COMPRAS - Ação	String	Memo	CP_ORDEM_SERVICO	PPCOMPRAS_ACAO	1200		
OrdemServico	PPCONDIPAGAMENTO	Condição de Pagamento	String	TextBox	CP_ORDEM_SERVICO	PPCONDIPAGAMENTO			
OrdemServico	PPDADO_FECH_NEG_CONT_CLIENT	 Número do Contrato Cliente	String	TextBox	CP_ORDEM_SERVICO	PPDADO_FECH_NEG_CONT_CLIENT	13		
OrdemServico	PPDADO_FECH_NEG_DATA_FECH	  Data Provável do Fechamento do Negócio	DateTime	DateTimePicker	CP_ORDEM_SERVICO	PPDADO_FECH_NEG_DATA_FECH			
OrdemServico	PPDADO_FECH_NEG_DGCO	 Número do Contrato DGCO	String	TextBox	CP_ORDEM_SERVICO	PPDADO_FECH_NEG_DGCO	13		
OrdemServico	PPDADO_FECH_NEG_NUN_PROP_CB	 Número do Contrato COBRA	String	TextBox	CP_ORDEM_SERVICO	PPDADO_FECH_NEG_NUN_PROP_CB	13		
OrdemServico	PPDIRETORIARESP	DIRETORIA RESPOSÁVEL	String	Label	CP_ORDEM_SERVICO	PPDIRETORIARESP	1500		
OrdemServico	PPDIRETORIA_NEGOCIO	Diretoria do Negócio	String	DropDownList	CP_ORDEM_SERVICO	PPDIRETORIA_NEGOCIO		S	
OrdemServico	PPDIRETOR_NEGOCIO	Diretor do Negócio	String	DropDownList	CP_ORDEM_SERVICO	PPDIRETOR_NEGOCIO		S	
OrdemServico	PPDIRETOR_NEGOCIO2	Diretor do Negócio2222	String	DropDownList	CP_ORDEM_SERVICO	PPDIRETOR_NEGOCIO2		S	
OrdemServico	PPFINANCEIRO_ACAO	FINANCEIRO - Ação	String	Memo	CP_ORDEM_SERVICO	PPFINANCEIRO_ACAO	1200		
OrdemServico	PPGEREX_NEGOCIO	Gerente Executivo do Negócio	String	DropDownList	CP_ORDEM_SERVICO	PPGEREX_NEGOCIO		S	
OrdemServico	PPGER_OPER_PROPOSTA	GERENCIA OPERACIONAL DA PROPOSTA	String	Label	CP_ORDEM_SERVICO	PPGER_OPER_PROPOSTA	1500		
OrdemServico	PPLIMITE_ORCAMENTARIO	Limite Orçamentário (R$)	String	TextBox	CP_ORDEM_SERVICO	PPLIMITE_ORCAMENTARIO	13		
OrdemServico	PPMARGEMNEG	Margem do Negócio	Decimal	TextBox	CP_ORDEM_SERVICO	PPMARGEMNEG			
OrdemServico	PPNOME_PROJETO	Nome do Projeto	String	TextBox	CP_ORDEM_SERVICO	PPNOME_PROJETO			
OrdemServico	PPNOVONEGOCIO	Novo Negócio	String	DropDownList	CP_ORDEM_SERVICO	PPNOVONEGOCIO			Sim; Não;
OrdemServico	PPOBJ_PROP_DESCRICAO	Objetivo 	String	Memo	CP_ORDEM_SERVICO	PPOBJ_PROP_DESCRICAO	2000		
OrdemServico	PPOBSAPROVCONAD	Observação - Aprovação CONAD	String	Memo	CP_ORDEM_SERVICO	PPOBSAPROVCONAD	1200		
OrdemServico	PPOBSAPROVDIREX	Observação - Aprovação Diretor	String	Memo	CP_ORDEM_SERVICO	PPOBSAPROVDIREX	1200		
OrdemServico	PPOBSAPROVGEREX	Observação - Aprovação Gerex	String	Memo	CP_ORDEM_SERVICO	PPOBSAPROVGEREX	1200		
OrdemServico	PPOBSAPROVPRESI	Observação - Aprovação Presidente	String	Memo	CP_ORDEM_SERVICO	PPOBSAPROVPRESI	1200		
OrdemServico	PPOBSCONFORMIDADE	Observação - Conformidade	String	Memo	CP_ORDEM_SERVICO	PPOBSCONFORMIDADE	1200		
OrdemServico	PPOBSENCPROJ	Observação - Encerramento do Projeto	String	Memo	CP_ORDEM_SERVICO	PPOBSENCPROJ	1200		
OrdemServico	PPOBSERVACAO01_TAREFA01	Observação do Analista	String	Memo	CP_ORDEM_SERVICO	PPOBSERVACAO01_TAREFA01	1200		
OrdemServico	PPORCAMENTOPREV	Há ORÇAMENTO PREVISTO para o projeto conforme GCO?	String	DropDownList	CP_ORDEM_SERVICO	PPORCAMENTOPREV			Sim; Não
OrdemServico	PPORGAO_CLIENTE	Orgão do Cliente	String	TextBox	CP_ORDEM_SERVICO	PPORGAO_CLIENTE			
OrdemServico	PPPARCEIROS_FORNEC	PARCEIROS E FORNECEDORES	String	Label	CP_ORDEM_SERVICO	PPPARCEIROS_FORNEC	1500		
OrdemServico	PPPARCE_FORN_ENVOLVIDOS	 Parceiros Envolvidos	String	TextBox	CP_ORDEM_SERVICO	PPPARCE_FORN_ENVOLVIDOS			
OrdemServico	PPPARCE_FORN_PROJETO	 Projeto levantado por Parceiros	Boolean	CheckBox	CP_ORDEM_SERVICO	PPPARCE_FORN_PROJETO			
OrdemServico	PPPARECER_CONFORMIDADE_FINAL	Observações - Parecer análise final Conformidade	String	Memo	CP_ORDEM_SERVICO	PPPARECER_CONFORMIDADE_FINAL			
OrdemServico	PPPRECIFICACAO_ACAO	PRECIFICAÇÃO - Ação	String	Memo	CP_ORDEM_SERVICO	PPPRECIFICACAO_ACAO	1200		
OrdemServico	PPPREVFATURAMENTO	Previsão de Faturamento	String	TextBox	CP_ORDEM_SERVICO	PPPREVFATURAMENTO			
OrdemServico	PPPROPINVESTIMENTO	Proposta Comercial Possui INVESTIMENTO?	String	DropDownList	CP_ORDEM_SERVICO	PPPROPINVESTIMENTO			Sim; Não
OrdemServico	PPPROPOSTA	PROPOSTA DE PROJETO	String	Label	CP_ORDEM_SERVICO	PPPROPOSTA	1500		
OrdemServico	PPREESPONSAVEL_RELACIONAMENTO	Responável Pelo Relacionamento	String	DropDownList	CP_ORDEM_SERVICO	PPREESPONSAVEL_RELACIONAMENTO		S	
OrdemServico	PPRISCOFINANCEIRO	RISCOS IDENTIFICADOS NO NEGÓCIO  - Riscos Financeiro	String	Memo	CP_ORDEM_SERVICO	PPRISCOFINANCEIRO	2000		
OrdemServico	PPRISCOINDENEGOCIO	RISCO IDENTIFICADOS DO NEGÓCIO	String	Label	CP_ORDEM_SERVICO	PPRISCOINDENEGOCIO	1500		
OrdemServico	PPRISCOLEGAIS	RISCOS IDENTIFICADOS NO NEGÓCIO  - Riscos Legais	String	Memo	CP_ORDEM_SERVICO	PPRISCOLEGAIS	2000		
OrdemServico	PPRISCOOPERACIONAL	RISCOS IDENTIFICADOS NO NEGÓCIO  - Riscos Operacionais	String	Memo	CP_ORDEM_SERVICO	PPRISCOOPERACIONAL	2000		
OrdemServico	PPSOLIC_PROPOSTA	SOLICITANTE DA PROPOSTA	String	Label	CP_ORDEM_SERVICO	PPSOLIC_PROPOSTA	1500		
OrdemServico	PPTIPO_VENDA	Tipo de Vendas/Demanda	String	DropDownList	CP_ORDEM_SERVICO	PPTIPO_VENDA			Venda Direta;  Dispensa de Licitação; Carta Convite; Tomada de Preço; Concorrência; Pregão Presencial; Doação; Pedido de
OrdemServico	PPVAL_PROPOSTA	VALIDADE DA PROPOSTA	String	Label	CP_ORDEM_SERVICO	PPVAL_PROPOSTA	1500		
OrdemServico	PPVIGCONTRATO	Vigência do Contrato	DateTime	DatePicker	CP_ORDEM_SERVICO	PPVIGCONTRATO	100		
OrdemServico	PPVIGECONTRATO	Vigência do Contrato	String	TextBox	CP_ORDEM_SERVICO	PPVIGECONTRATO	100		
OrdemServico	PP_ALCADA_CONAD	Alçada de competência do CONAD?	String	DropDownList	CP_ORDEM_SERVICO	PP_ALCADA_CONAD			Sim;Não
OrdemServico	PP_ALCADA_PRESI	Alçada de competência do Presidente?	String	DropDownList	CP_ORDEM_SERVICO	PP_ALCADA_PRESI			Sim;Não
OrdemServico	PP_ALTERACAO_PROP	Ajustes solicitados pelo cliente	String	Memo	CP_ORDEM_SERVICO	PP_ALTERACAO_PROP			
OrdemServico	PP_ALTERACAO_PROPOSTA	Proposta necessita de alteração	String	DropDownList	CP_ORDEM_SERVICO	PP_ALTERACAO_PROPOSTA			Sim; Não; 
OrdemServico	PP_ALTERACAO_PROPOSTA_ESCOPO	Proposta necessita de alteração no seu escopo o nas áreas intervinientes (CASO SEJA PRECISO O FLUXO SE REINICIARÁ NA PRIMEIRA TAREFA!!!)	String	DropDownList	CP_ORDEM_SERVICO	PP_ALTERACAO_PROPOSTA_ESCOPO			Sim; Não; 
OrdemServico	PP_APROV_DIVISAO	Negar Proposta de Novo Projeto	String	DropDownList	CP_ORDEM_SERVICO	PP_APROV_DIVISAO			Sim; Não;
OrdemServico	PP_DATA_APRES_DIREX	Data da apresentação na DIREX	DateTime	DatePicker	CP_ORDEM_SERVICO	PP_DATA_APRES_DIREX			
OrdemServico	PP_DIV_AUDIT	AUDIT - AUDITORIA	Boolean	CheckBox	CP_ORDEM_SERVICO	PP_DIV_AUDIT			
OrdemServico	PP_DIV_CON	DCON - DIVISÃO DE CONTROLADORIA	Boolean	CheckBox	CP_ORDEM_SERVICO	PP_DIV_CON			
OrdemServico	PP_DIV_DAEN	DAEN - DIVISÃO DE APOIO E ESTRUTURAÇÃO DE NEGÓCIOS	Boolean	CheckBox	CP_ORDEM_SERVICO	PP_DIV_DAEN			
OrdemServico	PP_DIV_DAMZ	DAMZ - DIVISÃO DE ARMAZENAGEM	Boolean	CheckBox	CP_ORDEM_SERVICO	PP_DIV_DAMZ			
OrdemServico	PP_DIV_DAPN	DAPN - DIVISÃO DE AVALIAÇÃO E PRIORIZAÇÃO DE NEGÓCIOS	Boolean	CheckBox	CP_ORDEM_SERVICO	PP_DIV_DAPN			
OrdemServico	PP_DIV_DATQ	DATQ - DIVISÃO DE ATENDIMENTO E QUALIDADE	Boolean	CheckBox	CP_ORDEM_SERVICO	PP_DIV_DATQ			
OrdemServico	PP_DIV_DCNF	DCNF - DIVISÃO DE CONFORMIDADE	Boolean	CheckBox	CP_ORDEM_SERVICO	PP_DIV_DCNF			
OrdemServico	PP_DIV_DCOM	DCOM - DIVISÃO DE COMUNICAÇÃO	Boolean	CheckBox	CP_ORDEM_SERVICO	PP_DIV_DCOM			
OrdemServico	PP_DIV_DCSI	DCSI - DIVISÃO DE CONSTRUÇÃO DE SOLUÇÕES EM TI	Boolean	CheckBox	CP_ORDEM_SERVICO	PP_DIV_DCSI			
OrdemServico	PP_DIV_DCTA	DCTA - DIVISÃO DE CONTABILIDADE SOCIETÁRIA E FISCAL	Boolean	CheckBox	CP_ORDEM_SERVICO	PP_DIV_DCTA			
OrdemServico	PP_DIV_DDPR	DDPR - DIVISÃO DE DESEMPENHO E DESENVOLVIMENTO PROFISSIONAL	Boolean	CheckBox	CP_ORDEM_SERVICO	PP_DIV_DDPR			
OrdemServico	PP_DIV_DEQS	DEQS  - DIVISÃO DE EQUIPAMENTOS E SUPORTE	Boolean	CheckBox	CP_ORDEM_SERVICO	PP_DIV_DEQS			
OrdemServico	PP_DIV_DERP	DERP - DIVISÃO DE ENGENHARIA DE REDES E PROCESSAMENTO DE DADOS	Boolean	CheckBox	CP_ORDEM_SERVICO	PP_DIV_DERP			
OrdemServico	PP_DIV_DFIN	DFIN - DIVISÃO DE FINANÇAS	Boolean	CheckBox	CP_ORDEM_SERVICO	PP_DIV_DFIN			
OrdemServico	PP_DIV_DGCO	DGCO - DIVISÃO DE GESTÃO DE CONTRATOS	Boolean	CheckBox	CP_ORDEM_SERVICO	PP_DIV_DGCO			
OrdemServico	PP_DIV_DGEC	DGEC - DIVISÃO DE GESTÃO DE CUSTOS	Boolean	CheckBox	CP_ORDEM_SERVICO	PP_DIV_DGEC			
OrdemServico	PP_DIV_DGIF	DGIF  - DIVISÃO DE GESTÃO DE INFORMAÇÕES	Boolean	CheckBox	CP_ORDEM_SERVICO	PP_DIV_DGIF			
OrdemServico	PP_DIV_DGOI	DGOI - DIVISÃO DE GESTÃO DE OUVIDORIA INTERNA	Boolean	CheckBox	CP_ORDEM_SERVICO	PP_DIV_DGOI			
OrdemServico	PP_DIV_DGOR	DGOR - DIVISSÃO DA GESTÃO DE OPERAÇÕES DA REDE DE ATENDIMENTO	Boolean	CheckBox	CP_ORDEM_SERVICO	PP_DIV_DGOR			
OrdemServico	PP_DIV_DGOV	DGOV - DIVISÃO DE APOIO A GOVERNANÇA	Boolean	CheckBox	CP_ORDEM_SERVICO	PP_DIV_DGOV			
OrdemServico	PP_DIV_DGPJ	DGPJ - DIVISÃO DE GESTÃO DE PROJETOS DE TI E RELACIONAMENTO	Boolean	CheckBox	CP_ORDEM_SERVICO	PP_DIV_DGPJ			
OrdemServico	PP_DIV_DGPR	DGPR - DIVISÃO DE GESTÃO DE PESSOAL E RETRIBUIÇÕES	Boolean	CheckBox	CP_ORDEM_SERVICO	PP_DIV_DGPR			
OrdemServico	PP_DIV_DGPS	DGPS - DIVISÃO DE GESTÃO DE PRODUTOS E SERVIÇOS	Boolean	CheckBox	CP_ORDEM_SERVICO	PP_DIV_DGPS			
OrdemServico	PP_DIV_DGRA	DGRA - DIVISÃO DE GESTÃO DE PRODUTOS E SERVIÇOS	Boolean	CheckBox	CP_ORDEM_SERVICO	PP_DIV_DGRA			
OrdemServico	PP_DIV_DIDH	DIDH - SUSTENTAÇÃO DE INFRA-DATA CENTER E HOMO DE EQ. DE AUTO  BANCARIA	Boolean	CheckBox	CP_ORDEM_SERVICO	PP_DIV_DIDH			
OrdemServico	PP_DIV_DIGN	DIGN - DIVISÃO DE IMPLEMENTAÇÃO E GESTÃO DE NOVOS SERVIÇOS	Boolean	CheckBox	CP_ORDEM_SERVICO	PP_DIV_DIGN			
OrdemServico	PP_DIV_DLIC	DLIC - DIVISÃO DE LICITAÇÕES	Boolean	CheckBox	CP_ORDEM_SERVICO	PP_DIV_DLIC			
OrdemServico	PP_DIV_DMOR	DMOR - DIVISÃO DE MODELAGEM E MODERNIZAÇÃO DA REDE DE ATENDIMENTO	Boolean	CheckBox	CP_ORDEM_SERVICO	PP_DIV_DMOR			
OrdemServico	PP_DIV_DOCC	DOCC - DIVISÃO DE OPERACAO DE CONTACT CENTER	Boolean	CheckBox	CP_ORDEM_SERVICO	PP_DIV_DOCC			
OrdemServico	PP_DIV_DOIP	DOIP - DIVISÃO DE OPERAÇÃO DE IMPRESSÃO	Boolean	CheckBox	CP_ORDEM_SERVICO	PP_DIV_DOIP			
OrdemServico	PP_DIV_DORG	DORG - DIVISÃO DE ORGANIZAÇÃO E NORMAS	Boolean	CheckBox	CP_ORDEM_SERVICO	PP_DIV_DORG			
OrdemServico	PP_DIV_DOSL	DOSL - DIVISÃO DE OPERAÇÕES	Boolean	CheckBox	CP_ORDEM_SERVICO	PP_DIV_DOSL			
OrdemServico	PP_DIV_DPLA	DPLA - DIVISÃO DE PLANEJAMENTO E ESTRTÉGIA	Boolean	CheckBox	CP_ORDEM_SERVICO	PP_DIV_DPLA			
OrdemServico	PP_DIV_DPML	DPML - DIVISÃO DE PLANEJAMENTO DE MATERIAIS E LOGÍSTICA	Boolean	CheckBox	CP_ORDEM_SERVICO	PP_DIV_DPML			
OrdemServico	PP_DIV_DPNN	DPNN - DIVISÃO DE PROJETOS DE NOVOS NEGÓCIOS	Boolean	CheckBox	CP_ORDEM_SERVICO	PP_DIV_DPNN			
OrdemServico	PP_DIV_DPOP	DPOP - DIVISÃO DE SUPORTE E OPERAÇÃO AOS RECURSOS DE TI	Boolean	CheckBox	CP_ORDEM_SERVICO	PP_DIV_DPOP			
OrdemServico	PP_DIV_DPPR	DPPR - DIVISÃO DE PROJETOS E PROCESSOS	Boolean	CheckBox	CP_ORDEM_SERVICO	PP_DIV_DPPR			
OrdemServico	PP_DIV_DPSD	DPSD - DIVISÃO DE PRODUÇÃO DE SERVIÇOS DE DIGITALIZAÇÃO	Boolean	CheckBox	CP_ORDEM_SERVICO	PP_DIV_DPSD			
OrdemServico	PP_DIV_DSGE	DSGE - DIVISÃO DE SERVIÇOS GERAIS	Boolean	CheckBox	CP_ORDEM_SERVICO	PP_DIV_DSGE			
OrdemServico	PP_DIV_DSND	DSND - DIVISÃO DE SUPORTE DE NEGÓCIOS DE PROCESSAMENTO DE DOCUMENTOS	Boolean	CheckBox	CP_ORDEM_SERVICO	PP_DIV_DSND			
OrdemServico	PP_DIV_DSPD	DSPD - DIVISÃO DE SUPORTE A PRODUTOS CORPORATIVOS E LICENCIAMENTO DE SOFTWARE	Boolean	CheckBox	CP_ORDEM_SERVICO	PP_DIV_DSPD			
OrdemServico	PP_DIV_DSTI	DSTI - DIVISÃO DE SUPORTE E TECNOLOGIA DE INFORMAÇÃO	Boolean	CheckBox	CP_ORDEM_SERVICO	PP_DIV_DSTI			
OrdemServico	PP_DIV_DTEL	DTEL - DIVISÃO DE SERVIÇOS DE TELECOMUNICAÇÕES	Boolean	CheckBox	CP_ORDEM_SERVICO	PP_DIV_DTEL			
OrdemServico	PP_DIV_DTMS	DTMS - DIVISÃO DE TESTE E MEDIÇÃO DE SOFTWARE	Boolean	CheckBox	CP_ORDEM_SERVICO	PP_DIV_DTMS			
OrdemServico	PP_DIV_LABEL	MARQUE AS ÁREAS INTERVENIENTES	String	Label	CP_ORDEM_SERVICO	PP_DIV_LABEL	1500		
OrdemServico	PP_JUSTIFICATIVA_CONFORMIDADE	Digitar a Justificativa para itens de não conformidade: Justificativa - Conformidade	String	Memo	CP_ORDEM_SERVICO	PP_JUSTIFICATIVA_CONFORMIDADE	1200		
OrdemServico	PP_NOVADATA_PROPCOM	Nova data de validade da Proposta Comercial:	DateTime	DatePicker	CP_ORDEM_SERVICO	PP_NOVADATA_PROPCOM			
OrdemServico	PP_OBSERVACOES_DOC_APRO_FINAL	Documento de Aprovação Final - Observações	String	Memo	CP_ORDEM_SERVICO	PP_OBSERVACOES_DOC_APRO_FINAL	1200		
OrdemServico	PP_OBS_APROV_GEREX	Despacho GEREX - Observações	String	Memo	CP_ORDEM_SERVICO	PP_OBS_APROV_GEREX	1200		
OrdemServico	PP_VALID_PROPOSTA_COMERCIAL	Validade da Proposta Comercial	DateTime	DatePicker	CP_ORDEM_SERVICO	PP_VALID_PROPOSTA_COMERCIAL			
OrdemServico	PRAZO	Prazo	String	DropDownList	CP_ORDEM_SERVICO	PRAZO			Urgente;Prioritário;Normal
OrdemServico	PRAZO1	Prazo	Boolean	CheckBox	CPE_ORDEM_SERVICO	PRAZO1			
OrdemServico	PRAZO_ADITAMENTO	Prazo	String	DropDownList	CPE_HOMOLOGACAO	PRAZO_ADITAMENTO			05;10;15
OrdemServico	PRAZO_CONSIG	Prazo (Quantidade de Parcelas)	Integer	TextBox	CP_ORDEM_SERVICO	PRAZO_CONSIG			
OrdemServico	PRAZO_CONTRATACAO_QUALIF	Prazo da Contratação - Qualificação Financeira	String	TextBox	CPE_FINANCEIRO	PRAZO_CONTRATACAO_QUALIF			
OrdemServico	PRAZO_CONTRAT_MAIS	Prazo de pagamento (dias)	String	TextBox	CPE_CONTRATOS02	PRAZO_CONTRAT_MAIS	1999		
OrdemServico	PRAZO_DELIBERACAO	Prazo da deliberação	DateTime	DatePicker	CP_ORDEM_SERVICO	PRAZO_DELIBERACAO			
OrdemServico	PRAZO_DIAS	Prazo em dias	String	DropDownList	CP_ORDEM_SERVICO	PRAZO_DIAS			30;45;60;90;120;180
OrdemServico	PRAZO_DOD	Prazo para vigorar	String	TextBox	CP_ORDEM_SERVICO	PRAZO_DOD			
OrdemServico	PRAZO_E	Prazo de entrega (em dias)	Integer	TextBox	CPE_ECOMERCE	PRAZO_E	6		
OrdemServico	PRAZO_FINAL	Prazo final	DateTime	DatePicker	CP_ORDEM_SERVICO	PRAZO_FINAL			
OrdemServico	PRAZO_INICIAL	Prazo inicial	DateTime	DatePicker	CP_ORDEM_SERVICO	PRAZO_INICIAL			
OrdemServico	PRAZO_ORCADO_DOD	Qual o esforço de TI estimado em dias úteis?	String	DropDownList	CP_ORDEM_SERVICO	PRAZO_ORCADO_DOD		S	
OrdemServico	PRAZO_PAG_PIX_EC	Prazo de pagamento do PIX (Em horas)	String	TextBox	CPE_ECOMERCE	PRAZO_PAG_PIX_EC			
OrdemServico	PRAZO_PLANO_SAUDE	Prazo Plano Saúde	String	TextBox	CPE_PDCI2019	PRAZO_PLANO_SAUDE			
OrdemServico	PRAZO_PROP_CONTRAT_MAIS	Prazo de Acolhimento de Propostas	String	TextBox	CPE_CONTRATOS02	PRAZO_PROP_CONTRAT_MAIS	1999		
OrdemServico	PRAZO_REPROGRAMADO	Prazo reprogramado	RecordList	DataGrid	Z_00143_PRAZO_REPROGRAMADO	PRAZO_REPROGRAMADO			
OrdemServico	PRAZO_SUBST	Prazo Indeterminado para substituição?	String	DropDownList	CP_ORDEM_SERVICO	PRAZO_SUBST			Sim;Não
OrdemServico	PRAZO_VALIDADE_NOVO_LIMITE	Prazo de validade do novo limite	String	TextBox	CPE_TIP_SOL01	PRAZO_VALIDADE_NOVO_LIMITE			
OrdemServico	PRECIF_CRONOGRAMA	Cronograma da Precificação	RecordList	DataGrid	Z_00143_PRECIF_CRONOGRAMA	PRECIF_CRONOGRAMA			
OrdemServico	PRECIF_DATA_FIM	Data Término da Precificação	DateTime	DatePicker	CP_ORDEM_SERVICO	PRECIF_DATA_FIM			
OrdemServico	PRECIF_DATA_INICIO	Data Início da Precificação	DateTime	DatePicker	CP_ORDEM_SERVICO	PRECIF_DATA_INICIO			
OrdemServico	PRECO_GLOBAL	PRECO_GLOBAL	String	TextBox	CPE_CONTRATOS	PRECO_GLOBAL			
OrdemServico	PRECO_REFERENCIA	Preço Referencial	RecordList	DataGrid	Z_00143_PRECO_REFERENCIA	PRECO_REFERENCIA			
OrdemServico	PREDIO	Prédio	String	TextBox	CP_ORDEM_SERVICO	PREDIO			
OrdemServico	PREMISSA_DOD	Premissas	String	Memo	CP_ORDEM_SERVICO	PREMISSA_DOD	2000		
OrdemServico	PREPOSTO_BBTS	Preposto BBTS	RecordList	DataGrid	Z_00143_PREPOSTO_BBTS	PREPOSTO_BBTS			
OrdemServico	PREPOSTO_CONTRATO_CLIENTE	Preposto Contrato Cliente	RecordList	DataGrid	Z_00143_PREPOSTO_CONTRATO_CLIENTE	PREPOSTO_CONTRATO_CLIENTE			
OrdemServico	PRESI	Alçada Presidência	Boolean	CheckBox	CP_ORDEM_SERVICO	PRESI			
OrdemServico	PRESIDENTE_CIPA	Presidente CIPA	String	DropDownList	CPE_CSC	PRESIDENTE_CIPA		S	
OrdemServico	PRESTADORA_DE_SERVICOS	Prestadora de Serviços	String	TextBox	CPE_CSC	PRESTADORA_DE_SERVICOS			
OrdemServico	PRESTADOR_PARECER_TRIBUTARIO	Prestador	String	TextBox	CPE_CSC	PRESTADOR_PARECER_TRIBUTARIO			
OrdemServico	PREVISAO_DISTANCIA_KM	Previsão de distancia em KM	Decimal	TextBox	CPE_DESLOCAMENTO	PREVISAO_DISTANCIA_KM			
OrdemServico	PREVISAO_DISTANCIA_KM_GERED	Previsão de distancia em KM	Decimal	TextBox	CPE_DESLOCAMENTO	PREVISAO_DISTANCIA_KM_GERED			
OrdemServico	PREVISTA	Adição/Supressão prevista em Lei	Boolean	CheckBox	CPE_NEGOCIOS	PREVISTA			
OrdemServico	PRIMEIRO_FATURAMENTO	PRIMEIRO_FATURAMENTO	Boolean	CheckBox	CPE_PESSOAS	PRIMEIRO_FATURAMENTO			
OrdemServico	PRIORIDADE	Prioridade	String	DropDownList	CP_ORDEM_SERVICO	PRIORIDADE			Imediata;Alta;Média;Baixa
OrdemServico	PRIORIDADE_DEMANDA	Prioridade da demanda	String	TextBox	CP_ORDEM_SERVICO	PRIORIDADE_DEMANDA			
OrdemServico	PRJ_AGQTDE_CAIXA	Quantidade de caixas	Integer	TextBox	CPE_PRJ_BB	PRJ_AGQTDE_CAIXA			
OrdemServico	PRJ_AG_NCAIXAS	Número(s) da(s) caixa(s)	RecordList	DataGrid	Z_00186_PRJ_AG_NCAIXAS	PRJ_AG_NCAIXAS			
OrdemServico	PRJ_AG_NUMCAIXA	Número da caixa	String	TextBox	CPE_PRJ_BB	PRJ_AG_NUMCAIXA			
OrdemServico	PRJ_ALIQUOTA	Alíquota	RecordList	DataGrid	Z_00186_PRJ_ALIQUOTA	PRJ_ALIQUOTA			
OrdemServico	PRJ_ALTERAR_TAMANHO	Alterar Tamanho	String	DropDownList	CPE_PRJ_BB	PRJ_ALTERAR_TAMANHO			Não;Redução;Ampliação
OrdemServico	PRJ_APROVADO	Aprovado?	String	DropDownList	CPE_PRJ_BB	PRJ_APROVADO			Sim;Não
OrdemServico	PRJ_AR	Necessidade de Aviso de Recebimento	String	DropDownList	CPE_PRJ_BB	PRJ_AR			Sim;Não
OrdemServico	PRJ_AREA_REGUL	Área Regul	String	DropDownList	CPE_PRJ_BB	PRJ_AREA_REGUL			BRA
OrdemServico	PRJ_AREA_SCR	SCR	String	TextBox	CPE_PRJ_BB	PRJ_AREA_SCR			
OrdemServico	PRJ_ASSUNTO	Assunto	String	Memo	CPE_PRJ_BB	PRJ_ASSUNTO			
OrdemServico	PRJ_AVISO	Aviso	String	Label	CPE_PRJ_BB	PRJ_AVISO	1000		
OrdemServico	PRJ_BAIRRO	Bairro	String	TextBox	CPE_PRJ_BB	PRJ_BAIRRO			
OrdemServico	PRJ_CARGO	Cargo	String	TextBox	CPE_PRJ_BB	PRJ_CARGO			
OrdemServico	PRJ_CATEGORIA_NCM	Categoria NCM	String	DropDownList	CPE_PRJ_BB	PRJ_CATEGORIA_NCM		S	
OrdemServico	PRJ_CEP	Código Postal	String	TextBox	CPE_PRJ_BB	PRJ_CEP			
OrdemServico	PRJ_CIDADE	Cidade	String	DropDownList	CPE_PRJ_BB	PRJ_CIDADE		S	
OrdemServico	PRJ_CLASSE	Classe	String	DropDownList	CPE_PRJ_BB	PRJ_CLASSE			ATIV - Itens de Ativo; CABO - Cabos e conectores utilizados em PERF, SOBR e KITS; CONJ - Conjunto de Peças de um Módulo;
OrdemServico	PRJ_CNPJ_UNID	CNPJ da unidade	String	TextBox	CPE_PRJ_BB	PRJ_CNPJ_UNID			
OrdemServico	PRJ_CODIGO_ERP	Código no ERP	String	TextBox	CPE_PRJ_BB	PRJ_CODIGO_ERP			
OrdemServico	PRJ_CODIGO_ITEM	Código do Item	String	TextBox	CPE_PRJ_BB	PRJ_CODIGO_ITEM			
OrdemServico	PRJ_CODIGO_ITENS	Código dos Itens	RecordList	DataGrid	Z_00186_PRJ_CODIGO_ITENS	PRJ_CODIGO_ITENS			
OrdemServico	PRJ_CODIGO_LOCAL_POSTAL	Código Postal	String	TextBox	CPE_PRJ_BB	PRJ_CODIGO_LOCAL_POSTAL			
OrdemServico	PRJ_COD_BASE_INST	Código da Base Instalada	String	TextBox	CPE_PRJ_BB	PRJ_COD_BASE_INST			
OrdemServico	PRJ_COD_EQUI_PERIF	Código de Equipamentos e/ou Periféricos	RecordList	DataGrid	Z_00186_PRJ_COD_EQUI_PERIF	PRJ_COD_EQUI_PERIF			
OrdemServico	PRJ_COD_LOCAL	Código do Local	Integer	TextBox	CPE_PRJ_BB	PRJ_COD_LOCAL			
OrdemServico	PRJ_COD_LOCAL_LISTA	Código do Local	String	DropDownList	CPE_PRJ_BB	PRJ_COD_LOCAL_LISTA		S	
OrdemServico	PRJ_COD_MUNICIPIO	Código Município	Integer	DropDownList	CPE_PRJ_BB	PRJ_COD_MUNICIPIO		S	
OrdemServico	PRJ_COD_POSTAL_LISTA	Código Postal	String	DropDownList	CPE_PRJ_BB	PRJ_COD_POSTAL_LISTA			234234;234234
OrdemServico	PRJ_COD_TIPO_ESTAB	Cód Tipo Estab	String	DropDownList	CPE_PRJ_BB	PRJ_COD_TIPO_ESTAB		S	
OrdemServico	PRJ_COLABORADOR_BBTS	Colaborador BBTS	Integer	DropDownList	CPE_PRJ_BB	PRJ_COLABORADOR_BBTS		S	
OrdemServico	PRJ_COMPLEMENTO	Complemento	String	TextBox	CPE_PRJ_BB	PRJ_COMPLEMENTO			
OrdemServico	PRJ_COMPLEMENTO2	Complemento 2	String	TextBox	CPE_PRJ_BB	PRJ_COMPLEMENTO2			
OrdemServico	PRJ_CONF_BEM	Configuração do Bem	Integer	TextBox	CPE_PRJ_BB	PRJ_CONF_BEM			
OrdemServico	PRJ_CONTATO	Contato do solicitante ou da área solicitante	String	TextBox	CPE_PRJ_BB	PRJ_CONTATO			
OrdemServico	PRJ_COR	Cor	String	DropDownList	CPE_PRJ_BB	PRJ_COR			Preto;Colorido
OrdemServico	PRJ_DATA_ADMISSAO	Data de Admissão	DateTime	DatePicker	CPE_PRJ_BB	PRJ_DATA_ADMISSAO			
OrdemServico	PRJ_DATA_ASS_ATA	Data de assinatura da Ata	DateTime	DatePicker	CPE_PRJ_BB	PRJ_DATA_ASS_ATA			
OrdemServico	PRJ_DATA_EFETIVA	Data Efetiva	DateTime	DatePicker	CPE_PRJ_BB	PRJ_DATA_EFETIVA			
OrdemServico	PRJ_DATA_EXPURGO	Data do expurgo	DateTime	DatePicker	CPE_PRJ_BB	PRJ_DATA_EXPURGO			
OrdemServico	PRJ_DATA_FIM	Data de fim do acesso	DateTime	DatePicker	CPE_PRJ_BB	PRJ_DATA_FIM			
OrdemServico	PRJ_DATA_INICIO	Data de início do acesso	DateTime	DatePicker	CPE_PRJ_BB	PRJ_DATA_INICIO			
OrdemServico	PRJ_DATA_NASCIMENTO	Data de Nascimento	DateTime	DatePicker	CPE_PRJ_BB	PRJ_DATA_NASCIMENTO			
OrdemServico	PRJ_DECRICAO_SCR	Descrição SCR	String	TextBox	CPE_PRJ_BB	PRJ_DECRICAO_SCR			
OrdemServico	PRJ_DESCRICAO	Descrição Detalhada	String	Memo	CPE_PRJ_BB	PRJ_DESCRICAO			
OrdemServico	PRJ_DESCRICAO_BANCO	Descrição Banco	String	TextBox	CPE_PRJ_BB	PRJ_DESCRICAO_BANCO			
OrdemServico	PRJ_DESCRICAO_ERP	Descrição  no ERP	String	Memo	CPE_PRJ_BB	PRJ_DESCRICAO_ERP			
OrdemServico	PRJ_DESC_CURTA	Descrição Curta	String	TextBox	CPE_PRJ_BB	PRJ_DESC_CURTA			
OrdemServico	PRJ_DESC_ITEM	Descrição do Item	String	TextBox	CPE_PRJ_BB	PRJ_DESC_ITEM			
OrdemServico	PRJ_DESC_LONGA	Descrição Longa	String	TextBox	CPE_PRJ_BB	PRJ_DESC_LONGA			
OrdemServico	PRJ_DESC_QTD_PEDIDO	Descrição da quantidades de pedidos	String	TextBox	CPE_PRJ_BB	PRJ_DESC_QTD_PEDIDO			
OrdemServico	PRJ_DGCO	DGCO da OC Master	String	TextBox	CPE_PRJ_BB	PRJ_DGCO			
OrdemServico	PRJ_EMAIL	E-mail	String	TextBox	CPE_PRJ_BB	PRJ_EMAIL			
OrdemServico	PRJ_EMPRESA	Empresa	Integer	DropDownList	CPE_PRJ_BB	PRJ_EMPRESA			001
OrdemServico	PRJ_ENDERECO	Endereço	String	TextBox	CPE_PRJ_BB	PRJ_ENDERECO			
OrdemServico	PRJ_ESPECIFICACAO	Especificação 	String	Memo	CPE_PRJ_BB	PRJ_ESPECIFICACAO			
OrdemServico	PRJ_ESP_CHAVE	Especificar 	String	Memo	CPE_PRJ_BB	PRJ_ESP_CHAVE	2000		
OrdemServico	PRJ_ESP_MAT_ENV	Especificação de material enviado	String	Memo	CPE_PRJ_BB	PRJ_ESP_MAT_ENV	2000		
OrdemServico	PRJ_ESTABELECIMENTO_DEST	Estabelecimento do Destinatário	String	DropDownList	CPE_PRJ_BB	PRJ_ESTABELECIMENTO_DEST		S	
OrdemServico	PRJ_ESTADO	Estado	String	DropDownList	CPE_PRJ_BB	PRJ_ESTADO		S	
OrdemServico	PRJ_EST_SCR	Sigla do Estado do SCR	String	TextBox	CPE_PRJ_BB	PRJ_EST_SCR			
OrdemServico	PRJ_EXECUTAR_SOL_NOVAMT	Executa solicitação novamente?	String	DropDownList	CPE_PRJ_BB	PRJ_EXECUTAR_SOL_NOVAMT			Sim;Não
OrdemServico	PRJ_FABRICANTE	Fabricante	RecordList	DataGrid	Z_00186_PRJ_FABRICANTE	PRJ_FABRICANTE			
OrdemServico	PRJ_FAM_REPARO	Família de Reparo	String	DropDownList	CPE_PRJ_BB	PRJ_FAM_REPARO		S	
OrdemServico	PRJ_FINALIDADE_PAGAMENTO	Finalidade do Pagamento 	String	Memo	CPE_PRJ_BB	PRJ_FINALIDADE_PAGAMENTO	2000		
OrdemServico	PRJ_FIN_COPIA	Finalidade da Cópia	String	Memo	CPE_PRJ_BB	PRJ_FIN_COPIA	2000		
OrdemServico	PRJ_FORMA_PAGAMENTO	Forma de Pagamento	String	DropDownList	CPE_PRJ_BB	PRJ_FORMA_PAGAMENTO			Em Espécie; Em Cheque
OrdemServico	PRJ_FRENTE_VERSO	Frente/Verso 	String	DropDownList	CPE_PRJ_BB	PRJ_FRENTE_VERSO			Sim;Não
OrdemServico	PRJ_FUNCAO	Função	String	TextBox	CPE_PRJ_BB	PRJ_FUNCAO			
OrdemServico	PRJ_ID_AG_BANCARIA	ID Agência Bancária	String	TextBox	CPE_PRJ_BB	PRJ_ID_AG_BANCARIA			
OrdemServico	PRJ_ID_BANCO	ID Banco	String	TextBox	CPE_PRJ_BB	PRJ_ID_BANCO			
OrdemServico	PRJ_ID_BANCO_ORIGEM	ID Banco De Origem	String	DropDownList	CPE_PRJ_BB	PRJ_ID_BANCO_ORIGEM		S	
OrdemServico	PRJ_ID_ESTAB	Estabelecimento	RecordList	DataGrid	Z_00186_PRJ_ID_ESTAB	PRJ_ID_ESTAB			
OrdemServico	PRJ_ID_ESTABELEC_CAMPO	ID Estabelecimento	Integer	TextBox	CPE_PRJ_BB	PRJ_ID_ESTABELEC_CAMPO			
OrdemServico	PRJ_ID_ESTABELEC_LISTA	ID Estabelecimento	Integer	DropDownList	CPE_PRJ_BB	PRJ_ID_ESTABELEC_LISTA		S	
OrdemServico	PRJ_INFORMATICO	Informativo	String	Label	CPE_PRJ_BB	PRJ_INFORMATICO	1500		
OrdemServico	PRJ_INFO_ADIC	Informações adicionais	String	Memo	CPE_PRJ_BB	PRJ_INFO_ADIC	2000		
OrdemServico	PRJ_ITENS_ALT	Tipos de Itens Alternativos	RecordList	DataGrid	Z_00186_PRJ_ITENS_ALT	PRJ_ITENS_ALT			
OrdemServico	PRJ_LABEL_1	Informativo	String	Label	CPE_PRJ_BB	PRJ_LABEL_1	2000		
OrdemServico	PRJ_LOCAL_BAIRRO	Bairro	String	TextBox	CPE_PRJ_BB	PRJ_LOCAL_BAIRRO			
OrdemServico	PRJ_LOCAL_CIDADE	Cidade	String	DropDownList	CPE_PRJ_BB	PRJ_LOCAL_CIDADE		S	
OrdemServico	PRJ_LOCAL_CNPJ	Localidade do CNPJ	String	TextBox	CPE_PRJ_BB	PRJ_LOCAL_CNPJ			
OrdemServico	PRJ_LOCAL_COD_IDIOMA	Código do Idioma	String	DropDownList	CPE_PRJ_BB	PRJ_LOCAL_COD_IDIOMA			POR-Português
OrdemServico	PRJ_LOCAL_COMPLEMENTO	Complemento	String	TextBox	CPE_PRJ_BB	PRJ_LOCAL_COMPLEMENTO			
OrdemServico	PRJ_LOCAL_COMPLEMENTO2	Complemento 2	String	TextBox	CPE_PRJ_BB	PRJ_LOCAL_COMPLEMENTO2			
OrdemServico	PRJ_LOCAL_DATA_EFETIVA	Data Efetiva	DateTime	DatePicker	CPE_PRJ_BB	PRJ_LOCAL_DATA_EFETIVA			
OrdemServico	PRJ_LOCAL_DESCRCAO	Descrição	String	Memo	CPE_PRJ_BB	PRJ_LOCAL_DESCRCAO			
OrdemServico	PRJ_LOCAL_DESC_CURTA	Descrição Curta	String	TextBox	CPE_PRJ_BB	PRJ_LOCAL_DESC_CURTA			
OrdemServico	PRJ_LOCAL_EDIFICIO	Edifício	String	TextBox	CPE_PRJ_BB	PRJ_LOCAL_EDIFICIO			
OrdemServico	PRJ_LOCAL_ENTG_RET	Local de Entrega/Retirada	String	Memo	CPE_PRJ_BB	PRJ_LOCAL_ENTG_RET			
OrdemServico	PRJ_LOCAL_ESTADO	Estado	String	DropDownList	CPE_PRJ_BB	PRJ_LOCAL_ESTADO		S	
OrdemServico	PRJ_LOCAL_ID_SET	ID Set	String	DropDownList	CPE_PRJ_BB	PRJ_LOCAL_ID_SET			BBTS
OrdemServico	PRJ_LOCAL_ID_SET_LISTA	ID Set	Integer	DropDownList	CPE_PRJ_BB	PRJ_LOCAL_ID_SET_LISTA			01;02
OrdemServico	PRJ_LOCAL_LOGRADOURO	Logradouro	String	TextBox	CPE_PRJ_BB	PRJ_LOCAL_LOGRADOURO			
OrdemServico	PRJ_LOCAL_NUMERO	Número	String	TextBox	CPE_PRJ_BB	PRJ_LOCAL_NUMERO			
OrdemServico	PRJ_LOCAL_NUMERO_EDIFICIO	Número do Andar	String	TextBox	CPE_PRJ_BB	PRJ_LOCAL_NUMERO_EDIFICIO			
OrdemServico	PRJ_LOCAL_PAGAMENTO	Local para Pagamento	String	Memo	CPE_PRJ_BB	PRJ_LOCAL_PAGAMENTO	2000		
OrdemServico	PRJ_LOCAL_PAIS	País	String	DropDownList	CPE_PRJ_BB	PRJ_LOCAL_PAIS			BRA
OrdemServico	PRJ_LOCAL_SERVICO	Local de realização do serviço	String	Memo	CPE_PRJ_BB	PRJ_LOCAL_SERVICO			
OrdemServico	PRJ_LOCAL_STATUS	Status	String	DropDownList	CPE_PRJ_BB	PRJ_LOCAL_STATUS			Ativo;Inativo
OrdemServico	PRJ_LOCAL_TIPO_LOCAL	Tipo de Local	String	DropDownList	CPE_PRJ_BB	PRJ_LOCAL_TIPO_LOCAL		S	
OrdemServico	PRJ_LOGRADOURO	Logradouro	String	TextBox	CPE_PRJ_BB	PRJ_LOGRADOURO			
OrdemServico	PRJ_MATRICULA	Matrícula	Integer	TextBox	CPE_PRJ_BB	PRJ_MATRICULA			
OrdemServico	PRJ_MATRIZ	Matriz	Boolean	CheckBox	CPE_PRJ_BB	PRJ_MATRIZ			
OrdemServico	PRJ_MODALIDADE_SEDEX	Modalidade de Sedex 	String	TextBox	CPE_PRJ_BB	PRJ_MODALIDADE_SEDEX			
OrdemServico	PRJ_NOME	Executor do Serviço	String	TextBox	CPE_PRJ_BB	PRJ_NOME			
OrdemServico	PRJ_NOME_FORNECEDOR	Nome do fornecedor da OC Master	String	TextBox	CPE_PRJ_BB	PRJ_NOME_FORNECEDOR			
OrdemServico	PRJ_NOME_TRANSPORT	Nome da transportadora	String	TextBox	CPE_PRJ_BB	PRJ_NOME_TRANSPORT			
OrdemServico	PRJ_NUMERO	Número	Integer	TextBox	CPE_PRJ_BB	PRJ_NUMERO			
OrdemServico	PRJ_NUMERO_ANDAR	Número do Andar	String	TextBox	CPE_PRJ_BB	PRJ_NUMERO_ANDAR			
OrdemServico	PRJ_NUMERO_OC	OC Master	Integer	TextBox	CPE_PRJ_BB	PRJ_NUMERO_OC			
OrdemServico	PRJ_NUM_ATA	Número da Ata	String	TextBox	CPE_PRJ_BB	PRJ_NUM_ATA			
OrdemServico	PRJ_NUM_ENVELOPES	Número de Envelopes 	Integer	TextBox	CPE_PRJ_BB	PRJ_NUM_ENVELOPES			
OrdemServico	PRJ_NUM_NOTA_TECNICA	Número da Nota Técnica	String	TextBox	CPE_PRJ_BB	PRJ_NUM_NOTA_TECNICA			
OrdemServico	PRJ_OBJETO	Objeto	String	Memo	CPE_PRJ_BB	PRJ_OBJETO			
OrdemServico	PRJ_OBS	Observação	String	Memo	CPE_PRJ_BB	PRJ_OBS			
OrdemServico	PRJ_OBSERVACAO	Observações gerais	String	Memo	CPE_PRJ_BB	PRJ_OBSERVACAO	2000		
OrdemServico	PRJ_OBS_AGUARDAR_CONF	Observação aguardar confecção	String	Memo	CPE_PRJ_BB	PRJ_OBS_AGUARDAR_CONF			
OrdemServico	PRJ_OBS_ANALISE	Observação da análise	String	Memo	CPE_PRJ_BB	PRJ_OBS_ANALISE	2000		
OrdemServico	PRJ_OBS_CONFEC	Observação Confecção	String	Memo	CPE_PRJ_BB	PRJ_OBS_CONFEC	2000		
OrdemServico	PRJ_OBS_ENTREGA	Observação de entrega	String	Memo	CPE_PRJ_BB	PRJ_OBS_ENTREGA	2000		
OrdemServico	PRJ_OBS_SERVICO	Observação do serviço	String	Memo	CPE_PRJ_BB	PRJ_OBS_SERVICO	2000		
OrdemServico	PRJ_OBS_VALIDACAO	Observação Validação	String	Memo	CPE_PRJ_BB	PRJ_OBS_VALIDACAO	2000		
OrdemServico	PRJ_ORIGEM_ITEM	Origem do Item	String	DropDownList	CPE_PRJ_BB	PRJ_ORIGEM_ITEM		S	
OrdemServico	PRJ_PAIS	País	String	DropDownList	CPE_PRJ_BB	PRJ_PAIS			BRA
OrdemServico	PRJ_PATRIMONIADO	Patrimoniado	String	DropDownList	CPE_PRJ_BB	PRJ_PATRIMONIADO			Sim;Não
OrdemServico	PRJ_PLANEJADOR	Planejador	String	DropDownList	CPE_PRJ_BB	PRJ_PLANEJADOR			PGDM; TAA (NÃO MICRO/PERIFICOS); ALARME/ SEGURANÇA; CFTV; MICRO / PÇS; FERRAMENTA; IMPRESSORA TERMICA; IMPRESSORAS LASER
OrdemServico	PRJ_QDT_FOLHAS_UNI	Quantidade de Folhas por Unidade	Integer	TextBox	CPE_PRJ_BB	PRJ_QDT_FOLHAS_UNI			
OrdemServico	PRJ_QTD	Quantidade Solicitada	Integer	TextBox	CPE_PRJ_BB	PRJ_QTD			
OrdemServico	PRJ_QTD_COPIAS	Número de Cópias (para cada página)	String	TextBox	CPE_PRJ_BB	PRJ_QTD_COPIAS			
OrdemServico	PRJ_QTD_PAG_ORI	Número de Originais (Quantidade de Páginas)	Integer	TextBox	CPE_PRJ_BB	PRJ_QTD_PAG_ORI			
OrdemServico	PRJ_RC	ID da RC gerada pelo módulo PO	Integer	TextBox	CPE_PRJ_BB	PRJ_RC			
OrdemServico	PRJ_RESP_FORNEC	Responsável no fornecedor	String	TextBox	CPE_PRJ_BB	PRJ_RESP_FORNEC			
OrdemServico	PRJ_SCR	SCR 	Integer	DropDownList	CPE_PRJ_BB	PRJ_SCR		S	
OrdemServico	PRJ_SCR_DESTINATARIO	SCR / Descrição/ Localidade Destinatário	String	TextBox	CPE_PRJ_BB	PRJ_SCR_DESTINATARIO			
OrdemServico	PRJ_SCR_REMETENTE	SCR / Descrição/ Localidade Remetente	String	TextBox	CPE_PRJ_BB	PRJ_SCR_REMETENTE			
OrdemServico	PRJ_SRC_USUARIO	SRC/Descrição/Localidade	String	TextBox	CPE_PRJ_BB	PRJ_SRC_USUARIO			
OrdemServico	PRJ_STATUS	Status	String	DropDownList	CPE_PRJ_BB	PRJ_STATUS			ATIVO;INATIVO
OrdemServico	PRJ_TELEFONE	Telefone	String	TextBox	CPE_PRJ_BB	PRJ_TELEFONE			
OrdemServico	PRJ_TERMO_COMPROMISSO_1	Termo Compromisso	Boolean	CheckBox	CPE_PRJ_BB	PRJ_TERMO_COMPROMISSO_1			
OrdemServico	PRJ_TERMO_COMPROMISSO_2	Termo Compromisso	Boolean	CheckBox	CPE_PRJ_BB	PRJ_TERMO_COMPROMISSO_2			
OrdemServico	PRJ_TIPO_APROVACAO	Tipo de Aprovação	String	DropDownList	CPE_PRJ_BB	PRJ_TIPO_APROVACAO			Aprova;Aprova parcial
OrdemServico	PRJ_TIPO_CONSREG	Tipo de consulta ou resgate	String	DropDownList	CPE_PRJ_BB	PRJ_TIPO_CONSREG			Caixa; Documento físico; Documento digitalizado
OrdemServico	PRJ_TIPO_DE_ABERTURA	Tipo de Abertura	String	DropDownList	CPE_PRJ_BB	PRJ_TIPO_DE_ABERTURA			Estabelecimento;Local
OrdemServico	PRJ_TIPO_DE_LOCAL	Tipo de Local - Dados	Integer	DropDownList	CPE_PRJ_BB	PRJ_TIPO_DE_LOCAL		S	
OrdemServico	PRJ_TIPO_ENCADERNACAO	Tipo de Encadernação	String	DropDownList	CPE_PRJ_BB	PRJ_TIPO_ENCADERNACAO			Alceado;Espiral;Grampo
OrdemServico	PRJ_TIPO_INSCRICAO	Tipo Inscrição	Integer	DropDownList	CPE_PRJ_BB	PRJ_TIPO_INSCRICAO		S	
OrdemServico	PRJ_TIPO_ITEM	Tipo do Item	String	DropDownList	CPE_PRJ_BB	PRJ_TIPO_ITEM		S	
OrdemServico	PRJ_TIPO_LOCAL_ESTABELEC	Tipo de Local	String	DropDownList	CPE_PRJ_BB	PRJ_TIPO_LOCAL_ESTABELEC		S	
OrdemServico	PRJ_TIPO_PAPEL	Tipo de Papel	String	DropDownList	CPE_PRJ_BB	PRJ_TIPO_PAPEL			A4;A3;Ofício;Transparente;Papel Cartão
OrdemServico	PRJ_TIPO_SERVICO	Tipo de solicitação	String	DropDownList	CPE_PRJ_BB	PRJ_TIPO_SERVICO		S	
OrdemServico	PRJ_TIPO_SERVICOV10	Tipo de solicitação	String	DropDownList	CPE_PRJ_BB	PRJ_TIPO_SERVICOV10		S	
OrdemServico	PRJ_TIPO_SERV_EXTERNOS	Tipo de Serviço	String	DropDownList	CPE_PRJ_BB	PRJ_TIPO_SERV_EXTERNOS			Pagamento;Entrega/Retirada de Documento
OrdemServico	PRJ_TIPO_SOLICITACAO	Tipo de solicitação	String	DropDownList	CPE_PRJ_BB	PRJ_TIPO_SOLICITACAO			Cadastrar;Alterar;Inativar;Reativar
OrdemServico	PRJ_T_SOLIC_ESTAC	Tipo de Solicitação	String	DropDownList	CPE_PRJ_BB	PRJ_T_SOLIC_ESTAC			Atualização de Cadastro do Estacionamento;Comunicar Desistência de Vaga de Estacionamento;Desistência da Fila de Espera 
OrdemServico	PRJ_UNIDADE	Unidade	Integer	TextBox	CPE_PRJ_BB	PRJ_UNIDADE			
OrdemServico	PRJ_UNI_MEDIDA	Unidade de Medida	String	DropDownList	CPE_PRJ_BB	PRJ_UNI_MEDIDA		S	
OrdemServico	PRJ_VALOR	Valor	Decimal	TextBox	CPE_PRJ_BB	PRJ_VALOR			
OrdemServico	PRJ_VALOR_ENCAMINHADO	Valor encaminhado	Decimal	TextBox	CPE_PRJ_BB	PRJ_VALOR_ENCAMINHADO			
OrdemServico	PRJ_VALOR_SER_PAGO	Valor a ser pago	Decimal	TextBox	CPE_PRJ_BB	PRJ_VALOR_SER_PAGO			
OrdemServico	PRJ_VARIAVEL	Variável	String	TextBox	CPE_PRJ_BB	PRJ_VARIAVEL			
OrdemServico	PRJ_VIGENCIA_CONTRATO	Data de vigência do contrato	DateTime	DatePicker	CPE_PRJ_BB	PRJ_VIGENCIA_CONTRATO			
OrdemServico	PROBLEMAS_LINHA_CHIP	Problemas na linha ou chip	String	DropDownList	CPE_CSC	PROBLEMAS_LINHA_CHIP			Chip sem sinal;Chip cancelado;Erro de comunicação;Falta de Internet;Outros
OrdemServico	PROCEDIMENTO_OPERACIONAL	Selecione o PRO(Procedimento Operacional) referente ao serviço	RecordList	DataGrid	Z_00143_PROCEDIMENTO_OPERACIONAL	PROCEDIMENTO_OPERACIONAL			
OrdemServico	PROCEDIMENTO_OPERACIONAL_PADRAO	Selecione o POP(Procedimento Operacional) referente ao serviço	RecordList	DataGrid	Z_00143_PROCEDIMENTO_OPERACIONAL_PADRAO	PROCEDIMENTO_OPERACIONAL_PADRAO			
OrdemServico	PROCESSO	Número do processo	String	TextBox	CP_ORDEM_SERVICO	PROCESSO			
OrdemServico	PROCESSO_DOD	Processo definido?	String	DropDownList	CP_ORDEM_SERVICO	PROCESSO_DOD			Sim;Não
OrdemServico	PROCESSO_DOD_V2	A solicitação está formalmente definida em uma norma interna?	String	DropDownList	CP_ORDEM_SERVICO	PROCESSO_DOD_V2		S	
OrdemServico	PROCESSO_LICITATORIO	Nº do processo licitatório	String	TextBox	CP_ORDEM_SERVICO	PROCESSO_LICITATORIO			
OrdemServico	PROCESSO_MEMORANDO	Processo Memorando	String	TextBox	CPE_CSC	PROCESSO_MEMORANDO			
OrdemServico	PROCESSO_MINUTA	Processo Análise da Minuta	String	TextBox	CPE_NEGOCIOS	PROCESSO_MINUTA			
OrdemServico	PROCESSO_PRECIF	Nº do processo precificação	String	TextBox	CPE_NEGOCIOS	PROCESSO_PRECIF			
OrdemServico	PROCESSO_SUPRAVIZIO	Selecione o Processo	String	TextBox	CPE_CSC	PROCESSO_SUPRAVIZIO		S	
OrdemServico	PROCURACAO	Objeto da procuração	String	Memo	CP_ORDEM_SERVICO	PROCURACAO			
OrdemServico	PRODUTO_FAT	Produto Faturado	String	TextBox	CPE_FINANCEIRO	PRODUTO_FAT			
OrdemServico	PRODUTO_LIMPEZAAVALI1	Produtos de limpeza e higienização disponibilizados com a qualidade, quantidade e frequência estabelecidas no contrato	String	DropDownList	CPE_CONTRATOS	PRODUTO_LIMPEZAAVALI1			1;2;3;0
OrdemServico	PROGRAMA_VALOR	Programa Valor	RecordList	DataGrid	Z_00143_PROGRAMA_VALOR	PROGRAMA_VALOR			
OrdemServico	PROPOSTA	Proposta aprovada	String	Memo	CP_ORDEM_SERVICO	PROPOSTA	2000		
OrdemServico	PROPOSTA_COMERCIAL_NN	Elaboração de Propostas - Comercial	String	Memo	CP_ORDEM_SERVICO	PROPOSTA_COMERCIAL_NN	1200		
OrdemServico	PROPRIO_OU_TERCEIRO	Próprio ou Terceiro	String	DropDownList	CPE_CONTRATOS02	PROPRIO_OU_TERCEIRO			Próprio;Terceiro
OrdemServico	PROP_APROV_CLIENTE	Proposta aprovada pelo Cliente	String	DropDownList	CP_ORDEM_SERVICO	PROP_APROV_CLIENTE			Sim; Não;
OrdemServico	PRORROGA	Prorrogação de Contratos	Boolean	CheckBox	CPE_NEGOCIOS	PRORROGA			
OrdemServico	PRORROGAR_PRAZO	Prorrogar Prazo (Dias)	Integer	TextBox	CP_ORDEM_SERVICO	PRORROGAR_PRAZO	3		
OrdemServico	PROVIDENCIA_TOMADA	Providência Tomada:	String	TextBox	CPE_CSC	PROVIDENCIA_TOMADA			
OrdemServico	PROVISIONAR_SGPS_LISTA	Provisionamento	RecordList	DataGrid	Z_00143_PROVISIONAR_SGPS_LISTA	PROVISIONAR_SGPS_LISTA			
OrdemServico	PSRV_BASE	PSRV_BASE	RecordList	DataGrid	Z_00143_PSRV_BASE	PSRV_BASE			
OrdemServico	PS_AVALCOMPORTA	Avaliação Comportamental	Boolean	CheckBox	CPE_PESSOAS	PS_AVALCOMPORTA			
OrdemServico	PS_AVALCOMPORTAF3	Avaliação Comportamental	Boolean	CheckBox	CPE_PESSOAS	PS_AVALCOMPORTAF3			
OrdemServico	PS_AVALCURRI	Análise curricular	Boolean	CheckBox	CPE_PESSOAS	PS_AVALCURRI			
OrdemServico	PS_AVALENTREVISTA	Entrevista individual	Boolean	CheckBox	CPE_PESSOAS	PS_AVALENTREVISTA			
OrdemServico	PS_AVALENTREVISTAF3	Entrevista individual	Boolean	CheckBox	CPE_PESSOAS	PS_AVALENTREVISTAF3			
OrdemServico	PS_AVALPREREQ	Pré-requisitos	Boolean	CheckBox	CPE_PESSOAS	PS_AVALPREREQ			
OrdemServico	PS_AVALPROT	Protótipo/Solução	Boolean	CheckBox	CPE_PESSOAS	PS_AVALPROT			
OrdemServico	PS_AVALPROVA	Prova/Questionário	Boolean	CheckBox	CPE_PESSOAS	PS_AVALPROVA			
OrdemServico	PS_AVALREDACAO	Redação	Boolean	CheckBox	CPE_PESSOAS	PS_AVALREDACAO			
OrdemServico	PS_AVALTRABAPRES	Elaboração de um trabalho a ser apresentado	Boolean	CheckBox	CPE_PESSOAS	PS_AVALTRABAPRES			
OrdemServico	PS_AVALTRIAGEM	Triagem	Boolean	CheckBox	CPE_PESSOAS	PS_AVALTRIAGEM			
OrdemServico	PS_AVALVIDEO	Vídeo	Boolean	CheckBox	CPE_PESSOAS	PS_AVALVIDEO			
OrdemServico	PS_BANCOTALENTOS	Terá indicação para o Banco de Talentos?	Boolean	CheckBox	CPE_PESSOAS	PS_BANCOTALENTOS			
OrdemServico	PS_CALENDARIO	Calendário	RecordList	DataGrid	Z_00143_PS_CALENDARIO	PS_CALENDARIO			
OrdemServico	PS_CERTIFICACOES	Certificações	Boolean	CheckBox	CPE_PESSOAS	PS_CERTIFICACOES			
OrdemServico	PS_COMPET_NEGOCIO	Competências relacionadas ao negócio/entrega	String	Memo	CPE_PESSOAS	PS_COMPET_NEGOCIO	2000		
OrdemServico	PS_COMPET_PESSOAL	Competências de Relacionamento com Pessoas	String	Memo	CPE_PESSOAS	PS_COMPET_PESSOAL	2000		
OrdemServico	PS_COMPET_TECNICA	Competências técnicas	String	Memo	CPE_PESSOAS	PS_COMPET_TECNICA	2000		
OrdemServico	PS_CONSELHOPROF	Conselho Profissional	Boolean	CheckBox	CPE_PESSOAS	PS_CONSELHOPROF			
OrdemServico	PS_CURSOSUNIBBTS	Cursos Portal UniBBTS/Alura	Boolean	CheckBox	CPE_PESSOAS	PS_CURSOSUNIBBTS			
OrdemServico	PS_DESEMPATE1	Critérios de Desempate	String	Memo	CPE_PESSOAS	PS_DESEMPATE1	2000		
OrdemServico	PS_DESEMPATE2	Critérios de Desempate	String	Memo	CPE_PESSOAS	PS_DESEMPATE2	2000		
OrdemServico	PS_DESEMPATE3	Critérios de Desempate	String	Memo	CPE_PESSOAS	PS_DESEMPATE3			
OrdemServico	PS_DTDIVULG	Data Divulgação Hotsite GEPES	DateTime	DatePicker	CPE_PESSOAS	PS_DTDIVULG			
OrdemServico	PS_DTDIVULGAF1	Data Divulgação Resultado	DateTime	DatePicker	CPE_PESSOAS	PS_DTDIVULGAF1			
OrdemServico	PS_DTDIVULGAF2	Data Divulgação Resultado	DateTime	DatePicker	CPE_PESSOAS	PS_DTDIVULGAF2			
OrdemServico	PS_DTDIVULGAFINAL	Data Divulgação Final	DateTime	DatePicker	CPE_PESSOAS	PS_DTDIVULGAFINAL			
OrdemServico	PS_DTDIVULGPREF1	Data Divulgação Preliminar	DateTime	DatePicker	CPE_PESSOAS	PS_DTDIVULGPREF1			
OrdemServico	PS_DTFIMF1	Até:	DateTime	DatePicker	CPE_PESSOAS	PS_DTFIMF1			
OrdemServico	PS_DTFIMF2	Até:	DateTime	DatePicker	CPE_PESSOAS	PS_DTFIMF2			
OrdemServico	PS_DTFIMF3	Até:	DateTime	DatePicker	CPE_PESSOAS	PS_DTFIMF3			
OrdemServico	PS_DTINICIOF1	Data envio prevista - De:	DateTime	DatePicker	CPE_PESSOAS	PS_DTINICIOF1			
OrdemServico	PS_DTINICIOF2	Data prevista - De:	DateTime	DatePicker	CPE_PESSOAS	PS_DTINICIOF2			
OrdemServico	PS_DTINICIOF3	Data prevista - De:	DateTime	DatePicker	CPE_PESSOAS	PS_DTINICIOF3			
OrdemServico	PS_DTINSCRICAO	Data Inscrição	DateTime	DatePicker	CPE_PESSOAS	PS_DTINSCRICAO			
OrdemServico	PS_DTINSCR_ATE	Data Inscrição até:	DateTime	DatePicker	CPE_PESSOAS	PS_DTINSCR_ATE			
OrdemServico	PS_DTINSCR_DE	Data Inscrição de:	DateTime	DatePicker	CPE_PESSOAS	PS_DTINSCR_DE			
OrdemServico	PS_DTRECURSOFIMF1	Data recurso Fim	DateTime	DatePicker	CPE_PESSOAS	PS_DTRECURSOFIMF1			
OrdemServico	PS_DTRECURSOINIF1	Data recurso Inicio	DateTime	DatePicker	CPE_PESSOAS	PS_DTRECURSOINIF1			
OrdemServico	PS_ENTREGA_AVALCURRI	Critérios de entrega e aprovação na(s) ferramenta escolhida	String	Memo	CPE_PESSOAS	PS_ENTREGA_AVALCURRI			
OrdemServico	PS_ENTREGA_AVALTEC	Critérios de entrega e aprovação na(s) ferramenta escolhida	String	Memo	CPE_PESSOAS	PS_ENTREGA_AVALTEC			
OrdemServico	PS_ESCOLARIDADEGRAD	Nível de escolaridade - Graduação	Boolean	CheckBox	CPE_PESSOAS	PS_ESCOLARIDADEGRAD			
OrdemServico	PS_ESCOLARIDADEPOSGRADU	Nível de escolaridade - Pós-Graduação/Mestrado/Doutorado	Boolean	CheckBox	CPE_PESSOAS	PS_ESCOLARIDADEPOSGRADU			
OrdemServico	PS_EXPERIAREA	Experiência em determinada área	Boolean	CheckBox	CPE_PESSOAS	PS_EXPERIAREA			
OrdemServico	PS_FUNCAO_EXEC	Função exercida	Boolean	CheckBox	CPE_PESSOAS	PS_FUNCAO_EXEC			
OrdemServico	PS_INFORMF1	Informações da Fase1	String	Memo	CPE_PESSOAS	PS_INFORMF1	2000		
OrdemServico	PS_INFORMF2	Informações da Fase2	String	Memo	CPE_PESSOAS	PS_INFORMF2	2000		
OrdemServico	PS_INFORMF3	Informações da Fase3	String	Memo	CPE_PESSOAS	PS_INFORMF3	2000		
OrdemServico	PS_INFORMINSCR	Informações da Inscrição	String	Memo	CPE_PESSOAS	PS_INFORMINSCR	2000		
OrdemServico	PS_LABEL1	Texto Informativo	String	Label	CPE_PESSOAS	PS_LABEL1	2000		
OrdemServico	PS_LABEL2	Texto Informativo	String	Label	CPE_PESSOAS	PS_LABEL2	2000		
OrdemServico	PS_LABEL3	Texto Informativo	String	Label	CPE_PESSOAS	PS_LABEL3	2000		
OrdemServico	PS_LABEL4	Texto Informativo	String	Label	CPE_PESSOAS	PS_LABEL4	2000		
OrdemServico	PS_LABEL5	Texto Informativo	String	Label	CPE_PESSOAS	PS_LABEL5	2000		
OrdemServico	PS_LABEL6	Texto Informativo	String	Label	CPE_PESSOAS	PS_LABEL6	2000		
OrdemServico	PS_LABEL7	Texto Informativo	String	Label	CPE_PESSOAS	PS_LABEL7	2000		
OrdemServico	PS_LISTA_AREAS	Área	RecordList	DataGrid	Z_00143_PS_LISTA_AREAS	PS_LISTA_AREAS			
OrdemServico	PS_LISTA_CERTIFICACOES	Certificações	RecordList	DataGrid	Z_00143_PS_LISTA_CERTIFICACOES	PS_LISTA_CERTIFICACOES			
OrdemServico	PS_LISTA_CONSELHOPROF	Conselho Profissional	RecordList	DataGrid	Z_00143_PS_LISTA_CONSELHOPROF	PS_LISTA_CONSELHOPROF			
OrdemServico	PS_LISTA_CURSOSUNIBBTS	Cursos Portal UniBBTS/Alura	RecordList	DataGrid	Z_00143_PS_LISTA_CURSOSUNIBBTS	PS_LISTA_CURSOSUNIBBTS			
OrdemServico	PS_LISTA_FUNCAOEXEC	Função exercida	RecordList	DataGrid	Z_00143_PS_LISTA_FUNCAOEXEC	PS_LISTA_FUNCAOEXEC			
OrdemServico	PS_LISTA_GRADUACAO	Graduação	RecordList	DataGrid	Z_00143_PS_LISTA_GRADUACAO	PS_LISTA_GRADUACAO			
OrdemServico	PS_LISTA_POSGRADU	Pós-Graduação	RecordList	DataGrid	Z_00143_PS_LISTA_POSGRADU	PS_LISTA_POSGRADU			
OrdemServico	PS_LISTA_TEMPOEMP	Tempo de empresa	RecordList	DataGrid	Z_00143_PS_LISTA_TEMPOEMP	PS_LISTA_TEMPOEMP			
OrdemServico	PS_QTDAPROVF1	Quantidade de aprovados para próxima fase	String	TextBox	CPE_PESSOAS	PS_QTDAPROVF1			
OrdemServico	PS_QTDAPROVF2	Quantidade de aprovados para próxima fase	String	TextBox	CPE_PESSOAS	PS_QTDAPROVF2			
OrdemServico	PS_QTD_BANCOTALENTOS	Quantidade	String	TextBox	CPE_PESSOAS	PS_QTD_BANCOTALENTOS			
OrdemServico	PS_RECURSOF1	Durante essa fase do processo seletivo, os candidatos terão a oportunidade de solicitar recursos, se necessário?	Boolean	CheckBox	CPE_PESSOAS	PS_RECURSOF1			
OrdemServico	PS_TEMPOEMP	Tempo de empresa	Boolean	CheckBox	CPE_PESSOAS	PS_TEMPOEMP			
OrdemServico	PS_TIPOFASE	Tipo Fase	String	DropDownList	CPE_PESSOAS	PS_TIPOFASE			Avaliação Técnica;Avaliação Técnico-comportamental
OrdemServico	PS_TITULO	Título Processo Seletivo	String	TextBox	CPE_PESSOAS	PS_TITULO			
OrdemServico	PS_VIDEOF2	Vídeo	Boolean	CheckBox	CPE_PESSOAS	PS_VIDEOF2			
OrdemServico	PUBLICAMENTE_EXPOSTO	Publicamente exposto	String	DropDownList	CPE_CSC	PUBLICAMENTE_EXPOSTO			Não;Sim
OrdemServico	PUBLICO_ALVO	Público Alvo	String	TextBox	CPE_PDCI2019	PUBLICO_ALVO			
OrdemServico	PUMVP	PUMVP a pagar?	String	DropDownList	CP_ORDEM_SERVICO	PUMVP			Não;Sim
OrdemServico	PUXAR_BENS	teste Puxar	String	TextBox	CPE_BENS_INVENTARIO	PUXAR_BENS			
OrdemServico	PVALOR_GESAP	Programa Valor Gesap	RecordList	DataGrid	Z_00143_PVALOR_GESAP	PVALOR_GESAP			
OrdemServico	QNT_ANEXO	Quantidade de Anexos	String	Memo	CPE_PESSOAS	QNT_ANEXO			
OrdemServico	QTDE_ANALISTA_ORCADO_DOD	Qual a quantidade de analistas de TI previstos para atendimento da solicitação?	String	DropDownList	CP_ORDEM_SERVICO	QTDE_ANALISTA_ORCADO_DOD		S	
OrdemServico	QTD_ANO	Quantidade por Ano	String	TextBox	CPE_PDCI2019	QTD_ANO			
OrdemServico	QTD_DIAS_HOMOL	Quatidade de dias úteis para homologação	Integer	TextBox	CP_ORDEM_SERVICO	QTD_DIAS_HOMOL			
OrdemServico	QTD_PESQUISA	Quantidade de Pesquisas	String	DropDownList	CPE_CSC	QTD_PESQUISA			0;1;2;3;4;5;6;7;8;9;10;11;12;13;14;15;16;17;18;19;20
OrdemServico	QTD_PESSOAS	Quantidade de pessoas envolvidas	Integer	TextBox	CP_ORDEM_SERVICO	QTD_PESSOAS	4		
OrdemServico	QTD_POSTAGENS	Quantidade de envios para postagem	Integer	TextBox	CPE_PRJ_BB	QTD_POSTAGENS			
OrdemServico	QTD_REFEICAO_INTEGRAL	Quantidade de Refeições Integrais	Integer	TextBox	CPE_DESLOCAMENTO	QTD_REFEICAO_INTEGRAL			
OrdemServico	QTD_REFEICAO_INTEGRAL_GERED	Quantidade de Refeições Integrais	Integer	TextBox	CPE_DESLOCAMENTO	QTD_REFEICAO_INTEGRAL_GERED			
OrdemServico	QTD_REFEICAO_REDUZIDA	Quantidade de refeições reduzidas	Integer	TextBox	CPE_DESLOCAMENTO	QTD_REFEICAO_REDUZIDA			
OrdemServico	QTD_REFEICAO_REDUZIDA_GERED	Quantidade de refeições reduzidas	Integer	TextBox	CPE_DESLOCAMENTO	QTD_REFEICAO_REDUZIDA_GERED			
OrdemServico	QTD_USUARIOS	A solução tem expectativa de atender quantos usuários?	String	DropDownList	CP_ORDEM_SERVICO	QTD_USUARIOS			< 100 usuários;> 100 usuários;< 1000 usuários;> 1000 usuários;Toda empresa
OrdemServico	QTD_USUARIOS_SIMUT	A solução deve atender quantos usuários com acesso simultâneo?	String	DropDownList	CP_ORDEM_SERVICO	QTD_USUARIOS_SIMUT			< 100 usuários;> 100 usuários;< 1000 usuários;> 1000 usuários;Toda empresa
OrdemServico	QT_NOTAS_FISCAIS	Quantidade Notas Fiscais	String	TextBox	CPE_PESSOAS	QT_NOTAS_FISCAIS			
OrdemServico	QUADRANTE_PRIORIDADE	Quadrante Prioridade	String	TextBox	CPE_ORDEM_SERVICO	QUADRANTE_PRIORIDADE			
OrdemServico	QUADROS_ELETRICOS_SOLICITACOES_GESAP	Quadros Elétricos - Solicitações Gesap	String	DropDownList	CPE_CONTRATOS02	QUADROS_ELETRICOS_SOLICITACOES_GESAP			Manutenção de quadro elétrico;Troca de disjuntor;Instalação de circuito;Balanceamento de carga;Identificação de circuito
OrdemServico	QUAL_EMPRESA	Qual empresa?	String	DropDownList	CPE_MOVIMENTACAO_PESSOA	QUAL_EMPRESA			POTENZA; IT2B
OrdemServico	QUAL_FQ_412	Qual o FQ412 utilizar?	String	DropDownList	CPE_CSC	QUAL_FQ_412			FQ412-041;FQ412-042
OrdemServico	QUANTIDADE	Quantidade	Integer	TextBox	CP_ORDEM_SERVICO	QUANTIDADE	5		
OrdemServico	QUANTIDADE2	QUANTIDADE2	Integer	TextBox	CPE_PENF	QUANTIDADE2			
OrdemServico	QUANTIDADE3	QUANTIDADE3	Integer	TextBox	CPE_PENF	QUANTIDADE3			
OrdemServico	QUANTIDADE4	QUANTIDADE4	Integer	TextBox	CPE_PENF	QUANTIDADE4			
OrdemServico	QUANTIDADE_DIARIA	Quantidade de Diárias	Integer	TextBox	CPE_DESLOCAMENTO	QUANTIDADE_DIARIA			
OrdemServico	QUANTIDADE_DIARIA_GERED	Quantidade de Diárias	Integer	TextBox	CPE_DESLOCAMENTO	QUANTIDADE_DIARIA_GERED			
OrdemServico	QUANTIDADE_ERP	Quantidade - ERP	String	TextBox	CPE_CSC	QUANTIDADE_ERP			
OrdemServico	QUANTIDADE_ESTIMADA	Quantidade estimada	String	DropDownList	CPE_CSC	QUANTIDADE_ESTIMADA			1-5;6-10;11-15;16-20;acima de 20
OrdemServico	QUANT_INTERVENIENTES_DOD	Quantidade de intervenientes	String	DropDownList	CP_ORDEM_SERVICO	QUANT_INTERVENIENTES_DOD		S	
OrdemServico	QUANT_INTERVENIENTES_DOD_V2	Quantidade de intervenientes	String	DropDownList	CP_ORDEM_SERVICO	QUANT_INTERVENIENTES_DOD_V2		S	
OrdemServico	QUEIXA	QUEIXA	String	TextBox	CPE_CSC	QUEIXA			
OrdemServico	RACUNHO_QTD_PESQUISA	Quantidade de Pesquisas	String	DropDownList	CPE_PESSOAS	RACUNHO_QTD_PESQUISA			1;2;3;4;5;6
OrdemServico	RAMAL	Ramal	String	TextBox	CP_ORDEM_SERVICO	RAMAL	50		
OrdemServico	RASCUNHO_FORNECEDOR01	Rascunho Fornecedor01	String	TextBox	CPE_PESSOAS	RASCUNHO_FORNECEDOR01			
OrdemServico	RASCUNHO_FORNECEDOR2	Rascunho Fornecedor2	String	TextBox	CPE_PESSOAS	RASCUNHO_FORNECEDOR2			
OrdemServico	RASCUNHO_PESQUISA_MERCADO1	Pesquisa de Mercado 1	RecordList	DataGrid	Z_00143_RASCUNHO_PESQUISA_MERCADO1	RASCUNHO_PESQUISA_MERCADO1			
OrdemServico	RASCUNHO_PESQUISA_MERCADO2	Pesquisa de Mercado	RecordList	DataGrid	Z_00143_RASCUNHO_PESQUISA_MERCADO2	RASCUNHO_PESQUISA_MERCADO2			
OrdemServico	RASCUNHO_PESQUISA_MERCADO3	Pesquisa de Mercado	RecordList	DataGrid	Z_00143_RASCUNHO_PESQUISA_MERCADO3	RASCUNHO_PESQUISA_MERCADO3			
OrdemServico	RASCUNHO_VALOR_REFERENCIAL	Valor Referencial	RecordList	DataGrid	Z_00143_RASCUNHO_VALOR_REFERENCIAL	RASCUNHO_VALOR_REFERENCIAL			
OrdemServico	RASSCUNHO_FORNECEDOR3	Rascunho Fornecedor3	String	TextBox	CPE_PESSOAS	RASSCUNHO_FORNECEDOR3			
OrdemServico	RATEIO	Rateio	String	DropDownList	CPE_CONTRATOS	RATEIO			Sim; Não
OrdemServico	RAZAO_DESCARTE	Razão de descarte	String	DropDownList	CPE_CSC	RAZAO_DESCARTE			Sua contaminação por agentes patológicos, sem possibilidade de recuperação por assepsia;Sua infestação por insetos nociv
OrdemServico	RAZAO_DESIST_BRIGADA	Desistência de participação na Brigada de Incêndio em razão de:	String	DropDownList	CPE_CSC	RAZAO_DESIST_BRIGADA			Impedimento de Saúde;Mudança de Estabelecimento da BBTS;Saída da BBTS;Outros(Especificar):
OrdemServico	RAZAO_SOCIAL_CLIENTE	Razão Social do Cliente	String	TextBox	CPE_NEGOCIOS	RAZAO_SOCIAL_CLIENTE			
OrdemServico	RAZAO_SOCIAL_EC	Razão Social	String	TextBox	CPE_ECOMERCE	RAZAO_SOCIAL_EC			
OrdemServico	RAZAO_SOCIAL_QUALIF	Razão Social - Qualificação Financeira	String	TextBox	CPE_FINANCEIRO	RAZAO_SOCIAL_QUALIF			
OrdemServico	RAZAO_SOCIAL_RISCO	Razão Social - Risco Cliente	String	TextBox	CPE_FINANCEIRO	RAZAO_SOCIAL_RISCO			
OrdemServico	RA_RTC_DOD	Número da RA/RTC	String	TextBox	CP_ORDEM_SERVICO	RA_RTC_DOD			
OrdemServico	RCC_TIPO_SOLICITACAO	Tipo de Solicitação	String	DropDownList	CPE_CSC	RCC_TIPO_SOLICITACAO			Funcionário Ativo;Funcionário Inativo;Pensionista;Outros
OrdemServico	RC_DISTRIBUICAO	RC DISTRIBUICAO	RecordList	DataGrid	Z_00143_RC_DISTRIBUICAO	RC_DISTRIBUICAO			
OrdemServico	REAJUSTE	Reajuste de Contratos	Boolean	CheckBox	CPE_NEGOCIOS	REAJUSTE			
OrdemServico	REALIZACAO_RONDAAVALI	Realização de rondas na periodicidade determinada no contrato	String	DropDownList	CPE_CONTRATOS	REALIZACAO_RONDAAVALI			1;2;3;0
OrdemServico	REALIZACAO_SERV_AVALI	Realização dos serviços na periodicidade determinada em contrato	String	DropDownList	CPE_CONTRATOS02	REALIZACAO_SERV_AVALI			1;2;3;0
OrdemServico	REALIZAR_REUNIAO	Realizar reunião	RecordList	DataGrid	Z_00143_REALIZAR_REUNIAO	REALIZAR_REUNIAO			
OrdemServico	REALIZA_AVALI	Realização dos serviços de manutenção preventiva e corretiva conforme estabelecido no contrato	String	DropDownList	CPE_CONTRATOS02	REALIZA_AVALI			1;2;3;0
OrdemServico	RECEBER_VALOR_ONLY	RECEBER VALOR	String	DropDownList	CPE_MOVIMENTACAO_PESSOA	RECEBER_VALOR_ONLY			
OrdemServico	RECEBIMENTOS_CONTA	Recebimentos	String	TextBox	CPE_CSC	RECEBIMENTOS_CONTA			
OrdemServico	RECEBIMENTO_DIFERIDO	Recebimento Diferido	String	TextBox	CPE_PDCI2019	RECEBIMENTO_DIFERIDO			
OrdemServico	RECEBIMENTO_EPI	RECEBIMENTO_EPI	RecordList	DataGrid	Z_00143_RECEBIMENTO_EPI	RECEBIMENTO_EPI			
OrdemServico	RECEBIMENTO_IMEDIATO	Recebimento Imediato	String	TextBox	CPE_PDCI2019	RECEBIMENTO_IMEDIATO			
OrdemServico	RECEITUARIO_FAVORECIDO	Receituário pertence ao favorecido	String	TextBox	CPE_DADOS	RECEITUARIO_FAVORECIDO			
OrdemServico	RECLAMADAS	Reclamadas	String	TextBox	CP_ORDEM_SERVICO	RECLAMADAS			
OrdemServico	RECLAMADAS_MEMORANDO	Reclamadas memorando	String	TextBox	CPE_CSC	RECLAMADAS_MEMORANDO			
OrdemServico	RECLAMANTE_MEMORANDO	Reclamante memorando	String	TextBox	CPE_CSC	RECLAMANTE_MEMORANDO			
OrdemServico	RECLAMANTE_MEMORANDO2	RECLAMANTE_MEMORANDO2	String	TextBox	CPE_CONTRATOS02	RECLAMANTE_MEMORANDO2			
OrdemServico	RECOMENDA_DOD	Há recomendação da AUDIT/Controles Internos?	String	DropDownList	CP_ORDEM_SERVICO	RECOMENDA_DOD		S	
OrdemServico	RECOMENDA_DOD_V2	Há Recomendação da AUDIT BBTS ou de Controles internos (RTC)?	String	DropDownList	CP_ORDEM_SERVICO	RECOMENDA_DOD_V2		S	
OrdemServico	RECURSO	Alegações do Recurso	String	Memo	CP_ORDEM_SERVICO	RECURSO	2000		
OrdemServico	RECURSO_CGU	Recurso à CGU	String	Memo	CPE_ORDEM_SERVICO	RECURSO_CGU	2000		
OrdemServico	RECURSO_REST	Recurso para restauração	String	TextBox	CP_ORDEM_SERVICO	RECURSO_REST			
OrdemServico	RECURSO_SEG	Recurso de 2ª Instância	String	Memo	CP_ORDEM_SERVICO	RECURSO_SEG			
OrdemServico	REC_PROGRAMA_VALOR	Recursos Programa Valor	String	DropDownList	CPE_PORTIFOLIO	REC_PROGRAMA_VALOR	200		Campo 1; Campo 2; Campo 3
OrdemServico	REDE_LOGICA_SOLICITACOES_GESAP	Rede Lógica - Solicitações Gesap	String	DropDownList	CPE_CONTRATOS02	REDE_LOGICA_SOLICITACOES_GESAP			Falha em infra;Instalação de ponto de rede  
OrdemServico	REEMBOLSO_DECLARACAO	Declaro que não recebo de outra instituição, reembolso creche/pré-escola para este dependente.	Boolean	CheckBox	CP_ORDEM_SERVICO	REEMBOLSO_DECLARACAO			
OrdemServico	REEMBOLSO_DECLARACAO_ESCOLA	Declaro que não recebo de outra instituição, reembolso escola para este dependente.	Boolean	CheckBox	CP_ORDEM_SERVICO	REEMBOLSO_DECLARACAO_ESCOLA			
OrdemServico	REEMBOLSO_DECLARACAO_MED	  Declaro que o reembolso solicitado não se refere a medicamentos com finalidade de tratamentos estéticos e/ou cosméticos.	Boolean	CheckBox	CP_ORDEM_SERVICO	REEMBOLSO_DECLARACAO_MED			
OrdemServico	REEMBOLSO_FILTRO_SOLAR	Reembolso Filtro Solar	RecordList	DataGrid	Z_00143_REEMBOLSO_FILTRO_SOLAR	REEMBOLSO_FILTRO_SOLAR			
OrdemServico	REEMBOLSO_PROTETOR_SOLAR	Reembolso protetor solar	RecordList	DataGrid	Z_00143_REEMBOLSO_PROTETOR_SOLAR	REEMBOLSO_PROTETOR_SOLAR			
OrdemServico	REEQUILIBRIO_CONTRATOS	Reequilibrio de Contratos	Boolean	CheckBox	CPE_CONTRATOS02	REEQUILIBRIO_CONTRATOS			
OrdemServico	REFERENCIA	Referência	String	Memo	CP_ORDEM_SERVICO	REFERENCIA			
OrdemServico	REFERENCIA_GUIA	Referência	String	TextBox	CP_ORDEM_SERVICO	REFERENCIA_GUIA			
OrdemServico	REF_CONTRATA_MAISBR	Ponto de referência	String	TextBox	CPE_CONTRATOS02	REF_CONTRATA_MAISBR	1999		
OrdemServico	REF_MEMORANDO	REF memorando	String	TextBox	CPE_CSC	REF_MEMORANDO			
OrdemServico	REGIME_TRIBU	Regime de tributação	String	DropDownList	CPE_CSC	REGIME_TRIBU			Informarei Posteriormente;Progressivo;Regressivo
OrdemServico	REGISTRO_DE_PRECOS_ARP	Registro de Preços	RecordList	DataGrid	Z_00143_REGISTRO_DE_PRECOS_ARP	REGISTRO_DE_PRECOS_ARP			
OrdemServico	REGISTRO_NF_DGCO	Registro de Nota Fiscal de Serviço de contrato com DGCO	String	TextBox	CPE_TIP_SOL01	REGISTRO_NF_DGCO	500		
OrdemServico	REGISTRO_OCORREAVALI	Registro de ocorrências identificadas durante o turno de trabalho	String	DropDownList	CPE_CONTRATOS	REGISTRO_OCORREAVALI			1;2;3;0
OrdemServico	REG_POLICIAL	Registro Policial/Boletim de Ocorrência	String	DropDownList	CPE_PESSOAS	REG_POLICIAL			Sim; Não
OrdemServico	RELACAO_DE_ITENS	Relação de itens	RecordList	DataGrid	Z_00143_RELACAO_DE_ITENS	RELACAO_DE_ITENS			
OrdemServico	RELACAO_DE_ITENS_CONFERE	Relação de itens Confere	RecordList	DataGrid	Z_00143_RELACAO_DE_ITENS_CONFERE	RELACAO_DE_ITENS_CONFERE			
OrdemServico	RELACAO_DE_ITENS_DE_RC	Relação de itens de RC	RecordList	DataGrid	Z_00143_RELACAO_DE_ITENS_DE_RC	RELACAO_DE_ITENS_DE_RC			
OrdemServico	RELACAO_DE_ITENS_DE_RC_CSV	Relação de Itens RC	RecordList	DataGrid	Z_00143_RELACAO_DE_ITENS_DE_RC_CSV	RELACAO_DE_ITENS_DE_RC_CSV			
OrdemServico	RELACAO_DE_ITENS_FISCAL	Relação de itens Verificação	RecordList	DataGrid	Z_00143_RELACAO_DE_ITENS_FISCAL	RELACAO_DE_ITENS_FISCAL			
OrdemServico	RELACAO_ITENS_AQUISICAO1	Relação de itens para aquisição	RecordList	DataGrid	Z_00143_RELACAO_ITENS_AQUISICAO1	RELACAO_ITENS_AQUISICAO1			
OrdemServico	RELACAO_LOCOM	Relação de Locomoção	RecordList	DataGrid	Z_00143_RELACAO_LOCOM	RELACAO_LOCOM			
OrdemServico	RELACAO_LOCOM_GERED	Relação de Locomoção Gered	RecordList	DataGrid	Z_00143_RELACAO_LOCOM_GERED	RELACAO_LOCOM_GERED			
OrdemServico	RELACAO_ORGANIZACOES	Organização	String	DropDownList	CPE_CSC	RELACAO_ORGANIZACOES			
OrdemServico	RELACAO_PARA_CEDIDOS_BBTS	Relação de solicitações para os Cedidos BBTS	String	DropDownList	CPE_CONTRATOS02	RELACAO_PARA_CEDIDOS_BBTS			Atestados;Controle de abonos;Férias;Folhas de ponto
OrdemServico	RELACAO_SERVICOS_CREDENCIAMENTO_GESAP	Relação Serviços Credenciamento Gesap	RecordList	DataGrid	Z_00143_RELACAO_SERVICOS_CREDENCIAMENTO_GESAP	RELACAO_SERVICOS_CREDENCIAMENTO_GESAP			
OrdemServico	RELATORIO_FOLHA	Deseja relatório da Folha de Pagamento?	Boolean	CheckBox	CP_ORDEM_SERVICO	RELATORIO_FOLHA			
OrdemServico	REMANEJAMENTO	Remanejamento e conversão	String	DropDownList	CPE_BOOTCAMP	REMANEJAMENTO			Remanejamento;Conversão;Remanejamento e Conversão
OrdemServico	REMETENTE	Email do Remetente	String	Memo	CP_ORDEM_SERVICO	REMETENTE			
OrdemServico	REMETENTE_MALOTE	Remetente	RecordList	DataGrid	Z_00143_REMETENTE_MALOTE	REMETENTE_MALOTE			
OrdemServico	RENOVA	Renovação de Contratos	Boolean	CheckBox	CPE_NEGOCIOS	RENOVA			
OrdemServico	RENOVACAO	Renovação	DateTime	DatePicker	CP_ORDEM_SERVICO	RENOVACAO			
OrdemServico	RENOV_ALUGUEL	Renovação de aluguel?	String	DropDownList	CPE_CSC	RENOV_ALUGUEL			Sim;Não
OrdemServico	REPACTUA	Repactuação de Contratos	Boolean	CheckBox	CPE_NEGOCIOS	REPACTUA			
OrdemServico	REPAROS_AVALI	Reparos realizados de acordo com a qualidade estabelecida em contrato	String	DropDownList	CPE_CONTRATOS	REPAROS_AVALI			1;2;3;0
OrdemServico	REPASSE_VIGILANTES_AVALI	Repasse aos vigilantes que estão assumindo o posto, quando da rendição, de todas as orientações recebidas e em vigor	String	DropDownList	CPE_CONTRATOS	REPASSE_VIGILANTES_AVALI			1;2;3;0
OrdemServico	REPLICAR_PESQUISA_MERCADO	Replicar Itens da Pesquisa de Mercado 1 para as demais Pesquisas de Mercado?	Boolean	CheckBox	CPE_PESSOAS	REPLICAR_PESQUISA_MERCADO			
OrdemServico	REPLICAR_PESQUISA_MERCADO_1_2	Copiar Itens da Pesquisa de Mercado para a Pesquisa de Mercado abaixo?	Boolean	CheckBox	CPE_PESSOAS	REPLICAR_PESQUISA_MERCADO_1_2			
OrdemServico	REPLICAR_PESQUISA_MERCADO_1_3	Copiar Itens da Pesquisa de Mercado para a Pesquisa de Mercado abaixo?	Boolean	CheckBox	CPE_PESSOAS	REPLICAR_PESQUISA_MERCADO_1_3			
OrdemServico	REQUISICAO_DE_COMPRA	RC	RecordList	DataGrid	Z_00143_REQUISICAO_DE_COMPRA	REQUISICAO_DE_COMPRA			
OrdemServico	REQUISITO	Requisito	String	Memo	CP_ORDEM_SERVICO	REQUISITO	800		
OrdemServico	REQUISITOS	Requisitos desejáveis	String	Memo	CP_ORDEM_SERVICO	REQUISITOS	2000		
OrdemServico	REQUISITOS_DOD	Requisitos especiais de Segurança	String	Memo	CP_ORDEM_SERVICO	REQUISITOS_DOD	2000		
OrdemServico	RESCISAO_PID	Está ciente e concorda que em caso de desligamento, é responsável por quitar o débito.	Boolean	CheckBox	CP_ORDEM_SERVICO	RESCISAO_PID			
OrdemServico	RESERVA_DA_SALA_01	Reserva da sala 01	String	DropDownList	CPE_CSC	RESERVA_DA_SALA_01			Sala 1,  posição 1;Sala 1,  posição 2;Sala 1,  posição 3;Sala 1,  posição 4
OrdemServico	RESERVA_DA_SALA_02	Reserva da sala 02	String	DropDownList	CPE_CSC	RESERVA_DA_SALA_02			Sala 2, posição 1;Sala 2, posição 2;Sala 2, posição 3;Sala 2, posição 4;Sala 2, posição 5;Sala 2, posição 6;Sala 2, posi
OrdemServico	RESERVA_DA_SALA_03	Reserva da sala 03	String	DropDownList	CPE_CSC	RESERVA_DA_SALA_03			Sala 3, posição 1;Sala 3, posição 2;Sala 3, posição 3;Sala 3, posição 4;Sala 3, posição 5;Sala 3, posição 6;Sala 3, posi
OrdemServico	RESERVA_DA_SALA_04	Reserva da sala 04	String	DropDownList	CPE_CSC	RESERVA_DA_SALA_04			Sala 4, posição 1; Sala 4, posição 2; Sala 4, posição 3; Sala 4, posição 4; Sala 4, posição 5; Sala 4, posição 6; Sala 4
OrdemServico	RESERVA_DE_VOO	Informações para Reserva de Voo	RecordList	DataGrid	Z_00143_RESERVA_DE_VOO	RESERVA_DE_VOO			
OrdemServico	RESERVA_DE_VOO_A	Alterações Reserva de Voo	RecordList	DataGrid	Z_00143_RESERVA_DE_VOO_A	RESERVA_DE_VOO_A			
OrdemServico	RESERVA_DE_VOO_C	Cancelamentos Reserva de Voo	RecordList	DataGrid	Z_00143_RESERVA_DE_VOO_C	RESERVA_DE_VOO_C			
OrdemServico	RESERVA_DE_VOO_INTERNACIONAL	Informações para Reserva de Voo Internacional	RecordList	DataGrid	Z_00143_RESERVA_DE_VOO_INTERNACIONAL	RESERVA_DE_VOO_INTERNACIONAL			
OrdemServico	RESET	Gerar nova senha	Boolean	CheckBox	CP_ORDEM_SERVICO	RESET			
OrdemServico	RESPDEVOLU	Responsável pela devolução	String	DropDownList	CPE_CONTRATOS	RESPDEVOLU			Coladorador;Fornecedor;Outros
OrdemServico	RESPONSA	Responsável por dependência?	String	DropDownList	CP_ORDEM_SERVICO	RESPONSA			Não;Sim
OrdemServico	RESPONSABILIDADE_ERP	Nome da Responsabilidade no ERP	RecordList	DataGrid	Z_00143_RESPONSABILIDADE_ERP	RESPONSABILIDADE_ERP			
OrdemServico	RESPONSAVEL	Responsável	String	TextBox	CP_ORDEM_SERVICO	RESPONSAVEL			
OrdemServico	RESPONSAVEL_APROV	Alçada	String	TextBox	CP_ORDEM_SERVICO	RESPONSAVEL_APROV			
OrdemServico	RESPONSAVEL_APROVA_AUDIT	Responsável pela aprovação da AUDIT	String	TextBox	CP_ORDEM_SERVICO	RESPONSAVEL_APROVA_AUDIT			
OrdemServico	RESPONSAVEL_APROVA_PRESI	Nome do responsável pela aprovação do presidente	String	TextBox	CP_ORDEM_SERVICO	RESPONSAVEL_APROVA_PRESI			
OrdemServico	RESPONSAVEL_ATUAL	Responsável atual	Integer	DropDownList	CP_ORDEM_SERVICO	RESPONSAVEL_ATUAL			
OrdemServico	RESPONSAVEL_ATUAL_E_SUBSTITUTO	Responsável atual e substituto	Integer	DropDownList	CPE_CSC	RESPONSAVEL_ATUAL_E_SUBSTITUTO			
OrdemServico	RESPONSAVEL_COMPRAS	Comprador	String	DropDownList	CP_ORDEM_SERVICO	RESPONSAVEL_COMPRAS		S	
OrdemServico	RESPONSAVEL_DITEC	Responsável Técnico	String	TextBox	CP_ORDEM_SERVICO	RESPONSAVEL_DITEC			
OrdemServico	RESPONSAVEL_ID	Responsável Id	String	TextBox	CP_ORDEM_SERVICO	RESPONSAVEL_ID			
OrdemServico	RESPONSAVEL_INFORMACAO	Responsável pela Informação	String	DropDownList	CPE_CSC	RESPONSAVEL_INFORMACAO		S	
OrdemServico	RESPONSAVEL_MOV	Responsável aprovação	String	TextBox	CP_ORDEM_SERVICO	RESPONSAVEL_MOV			
OrdemServico	RESPONSAVEL_PELA_ABERTURA	Responsavel pela abertura	String	DropDownList	CPE_CSC	RESPONSAVEL_PELA_ABERTURA			Colaborador Externo;Colaborador Interno
OrdemServico	RESPONSAVEL_PROCESSO	Responsável pela Condução do Processo	String	DropDownList	CPE_CSC	RESPONSAVEL_PROCESSO		S	
OrdemServico	RESPONSAVEL_TAREFA_INICIAL	Responsavel pela Tarefa Inicial	String	DropDownList	CPE_CSC	RESPONSAVEL_TAREFA_INICIAL		S	
OrdemServico	RESPONSA_APROV_GEDIV	Nome do responsável pela aprovação da divisão	String	TextBox	CPE_ORDEM_SERVICO	RESPONSA_APROV_GEDIV			
OrdemServico	RESPONSA_PEOPLE	Responsabilidade People	RecordList	DataGrid	Z_00143_RESPONSA_PEOPLE	RESPONSA_PEOPLE			
OrdemServico	RESPOSTA	Resposta	String	Memo	CPE_CONTRATOS	RESPOSTA			
OrdemServico	RESPOSTA_COPIA_DGOV	Responder direto para orgão com cópia para DGOV	Boolean	CheckBox	CP_ORDEM_SERVICO	RESPOSTA_COPIA_DGOV			
OrdemServico	RESPOSTA_DGOV	Reposta da deliberação	String	Memo	CP_ORDEM_SERVICO	RESPOSTA_DGOV			
OrdemServico	RESPOSTA_EM_PARTES_REEMBOLSO	Justificativa	String	Memo	CP_ORDEM_SERVICO	RESPOSTA_EM_PARTES_REEMBOLSO			
OrdemServico	RESPOSTA_PRE_NOTIFICACAO_FQ412_042	Resposta Pre Notificação FQ412-042	RecordList	DataGrid	Z_00143_RESPOSTA_PRE_NOTIFICACAO_FQ412_042	RESPOSTA_PRE_NOTIFICACAO_FQ412_042			
OrdemServico	RESPOSTA_RECLAMACAO_SAUDE	Resposta ao Solicitante	String	Memo	CP_ORDEM_SERVICO	RESPOSTA_RECLAMACAO_SAUDE	500		
OrdemServico	RESPOSTA_REPROVACAO_REEMBOLSO	Justificativa da Reprovação	String	Memo	CP_ORDEM_SERVICO	RESPOSTA_REPROVACAO_REEMBOLSO	2000		
OrdemServico	RESPOSTA_SOLICITACAO_SAUDE	Resposta da Solicitação de Credenciamento	String	DropDownList	CP_ORDEM_SERVICO	RESPOSTA_SOLICITACAO_SAUDE			Aprovou;Rejeitou
OrdemServico	RESP_ATEND_DOD	Gerência responsável pelo atendimento	String	DropDownList	CP_ORDEM_SERVICO	RESP_ATEND_DOD		S	
OrdemServico	RESSARCIMENTO_MULTA_LOTE	Ressarcimento de Multa	RecordList	DataGrid	Z_00143_RESSARCIMENTO_MULTA_LOTE	RESSARCIMENTO_MULTA_LOTE			
OrdemServico	RESTRICAO1_DOD	Restrições	String	Memo	CP_ORDEM_SERVICO	RESTRICAO1_DOD	2000		
OrdemServico	RESTRICAO_DOD	Restrições	String	Memo	CP_ORDEM_SERVICO	RESTRICAO_DOD	2000		
OrdemServico	RESTRICAO_DO_ATESTE_ERP	Restrição do Ateste - ERP	String	TextBox	CPE_CSC	RESTRICAO_DO_ATESTE_ERP			
OrdemServico	REST_RUB_DATA	Restrição de Acesso a Rubrica (data)	String	DropDownList	CP_ORDEM_SERVICO	REST_RUB_DATA			Sem restrição;Não pode apresentar saldo no final do mês;Não pode apresentar saldo no final do ano BALANCETE;Não pode apr
OrdemServico	REST_RUB_SCR	Restrição de Acesso a Rubrica (SCR)	String	DropDownList	CP_ORDEM_SERVICO	REST_RUB_SCR		S	
OrdemServico	REST_RUB_USU	Restrição de Acesso a Rubrica (usuário)	String	DropDownList	CP_ORDEM_SERVICO	REST_RUB_USU			Sem restrição;SCR Custos;SCR Resultado;SCR Específico;SCR Despesa
OrdemServico	RESULTADO DA CONSULTA	Resultado da consulta	String	DropDownList	CPE_CONTRATOS	RESULTADO_DA_CONSULTA			Sim;Não
OrdemServico	RESULTADO DA CONSULTA2	Resultado da consulta	String	DropDownList	CPE_CONTRATOS	RESULTADO_DA_CONSULTA2			Possui férias;Não possui férias
OrdemServico	RESULTADO_ALCANCADO	Resultado Idealizado Alcançado?	String	DropDownList	CPE_PRJ_BB	RESULTADO_ALCANCADO			Sim; Não; Parcialmente
OrdemServico	RESULTADO_ANALISE	Resultado da análise	String	DropDownList	CPE_ORDEM_SERVICO	RESULTADO_ANALISE			Não comprovado;Medida administrativa;Sanção
OrdemServico	RESULTADO_ANALISE_MICROSOFT	RES_ANALISE_MICR	String	Memo	CP_ORDEM_SERVICO	RESULTADO_ANALISE_MICROSOFT			
OrdemServico	RESULTADO_APROVACAO	Resultado da aprovação.	String	TextBox	CPE_CSC	RESULTADO_APROVACAO			
OrdemServico	RESULTADO_BRUTO	Resultado Operacional Bruto	String	TextBox	CPE_CONTRATOS02	RESULTADO_BRUTO			
OrdemServico	RESULTADO_INVENTARIO	Resultado do Inventário:	RecordList	DataGrid	Z_00143_RESULTADO_INVENTARIO	RESULTADO_INVENTARIO			
OrdemServico	RESULTADO_INVENTARIO2	Resultado do Inventário:	RecordList	DataGrid	Z_00143_RESULTADO_INVENTARIO2	RESULTADO_INVENTARIO2			
OrdemServico	RESULTADO_INVENTARIO3	Resultado do Inventário:	RecordList	DataGrid	Z_00143_RESULTADO_INVENTARIO3	RESULTADO_INVENTARIO3			
OrdemServico	RESULTADO_OP1	Resultado Operacional 1s	String	TextBox	CPE_CONTRATOS02	RESULTADO_OP1			
OrdemServico	RESULTADO_OP2	Resultado Operacional 2s	String	TextBox	CPE_CONTRATOS02	RESULTADO_OP2			
OrdemServico	RESULTADO_QUALIF	Resultado - Qualificação Financeira	String	DropDownList	CPE_FINANCEIRO	RESULTADO_QUALIF			Aprovado;Reprovado
OrdemServico	RESULTADO_TESTE	Resultado dos testes	String	TextBox	CP_ORDEM_SERVICO	RESULTADO_TESTE			
OrdemServico	RESULTADO_VALIDACAO	Resultado da validação de uma OS	String	TextBox	CPE_CSC	RESULTADO_VALIDACAO			
OrdemServico	RESULTADO_VALIDACAO_01	Resultado IA - validação 01	String	TextBox	CPE_DADOS	RESULTADO_VALIDACAO_01			
OrdemServico	RESUMO	Recomendação	String	Memo	CP_ORDEM_SERVICO	RESUMO	2000		
OrdemServico	RES_BKP_GESTOR_RECURSO	Gestor do Recurso	Integer	SearchList	CP_ORDEM_SERVICO	RES_BKP_GESTOR_RECURSO			
OrdemServico	RETENCOES_DE_IMPOSTOS	Retenções de Impostos	RecordList	DataGrid	Z_00143_RETENCOES_DE_IMPOSTOS	RETENCOES_DE_IMPOSTOS			
OrdemServico	RETIFICA_RUB	Retificadora?	String	DropDownList	CP_ORDEM_SERVICO	RETIFICA_RUB			Sim;Não
OrdemServico	RETORNO	Plano de Retorno	String	TextBox	CP_ORDEM_SERVICO	RETORNO			
OrdemServico	RETORNO_DIA	Retorno dia	DateTime	DatePicker	CPE_DESLOCAMENTO	RETORNO_DIA			
OrdemServico	RETORNO_DIA_GERED	Retorno dia	DateTime	DatePicker	CPE_PEC	RETORNO_DIA_GERED			
OrdemServico	RETORNO_HORA	Horário do Retorno	String	TextBox	CPE_DESLOCAMENTO	RETORNO_HORA			
OrdemServico	RETORNO_HORA_GERED	Horário do Retorno	String	TextBox	CPE_DESLOCAMENTO	RETORNO_HORA_GERED			
OrdemServico	REVESTIMENTOS DE PISOS_SOLICITACOES_GESAP	Revestimentos de Pisos - Solicitações Gesap	String	DropDownList	CPE_CONTRATOS02	REVESTIMENTOS_DE_PISOS_SOLICITACOES_GESAP			Instalação de piso cerâmico;Instalação de porcelanato;Reparo de piso;Nivelamento de piso;Troca de piso danificado
OrdemServico	REVESTIMENTOS_DE_PAREDES_SOLICITACOES_GESAP	Revestimentos de Paredes - Solicitações Gesap	String	DropDownList	CPE_CONTRATOS02	REVESTIMENTOS_DE_PAREDES_SOLICITACOES_GESAP			Assentamento de cerâmica;Assentamento de porcelanato;Reparo de revestimento;Troca de azulejo
OrdemServico	REVISAO	Revisão de Contratos	Boolean	CheckBox	CPE_NEGOCIOS	REVISAO			
OrdemServico	RG	RG	String	TextBox	CPE_CSC	RG			
OrdemServico	RI	RI's	String	Memo	CP_ORDEM_SERVICO	RI			
OrdemServico	RISCO	Risco de se implementar a solicitação	String	Memo	CP_ORDEM_SERVICO	RISCO	2000		
OrdemServico	RISCO_CAMBIAL	Informe o risco cambial referente a transação US$:	String	DropDownList	CPE_FINANCEIRO	RISCO_CAMBIAL			Risco Repassado (Fornecedor ou Cliente); Risco Protegido (Hedge – Compra futura de moeda estrangeira); Risco Inexistente
OrdemServico	RISCO_PRIORIDADE	Resultado total do critério risco	Integer	TextBox	CP_ORDEM_SERVICO	RISCO_PRIORIDADE	3		
OrdemServico	ROTEIROS_MALOTES	Roteiros Malotes	String	DropDownList	CPE_CSC	ROTEIROS_MALOTES			Rota 1 - BRASILIA/DF -> BELEM/PA;Rota 2 - BRASILIA/DF -> CAMPO GRANDE/MS;Rota 3 - BRASILIA/DF -> CUIABA/MT;Rota 4 - BRAS
OrdemServico	RUBRICA	Rubrica	String	TextBox	CP_ORDEM_SERVICO	RUBRICA			
OrdemServico	RUBRICA_CONTABIL	Rúbrica Contábil	String	DropDownList	CPE_CJUR	RUBRICA_CONTABIL		S	
OrdemServico	RUBR_VINCU	Rubrica é para Contabilizar Valores Relativos à Lei nº 12.973/2014 e/ou Normativos?	String	DropDownList	CP_ORDEM_SERVICO	RUBR_VINCU			Sim;Não
OrdemServico	RZ_ALIENACAO	Razão Alienação	String	DropDownList	CPE_CSC	RZ_ALIENACAO			Contaminação por agentes patológicos, sem possibilidade de recuperação por assepsia; Infestação por insetos nocivos, com
OrdemServico	SAC	Número do SAC	String	TextBox	CP_ORDEM_SERVICO	SAC	14		
OrdemServico	SAIDA	Saída dia	DateTime	DatePicker	CPE_DESLOCAMENTO	SAIDA			
OrdemServico	SAIDAFERIAS	Período a serem lançados no sistema:	RecordList	DataGrid	Z_00143_SAIDAFERIAS	SAIDAFERIAS			
OrdemServico	SAIDA_HORA	Horário da Saída	String	TextBox	CPE_DESLOCAMENTO	SAIDA_HORA			
OrdemServico	SAIDA_HORA_GERED	Horário da Saída	String	TextBox	CPE_DESLOCAMENTO	SAIDA_HORA_GERED			
OrdemServico	SAL13_RESCISAO	13 Salário	String	TextBox	CPE_PDCI2019	SAL13_RESCISAO			
OrdemServico	SALARIO_DAS	Salário do DAS	String	TextBox	CP_ORDEM_SERVICO	SALARIO_DAS			
OrdemServico	SALARIO_PRESTA	Salário do Prestador de Serviço	String	TextBox	CP_ORDEM_SERVICO	SALARIO_PRESTA			
OrdemServico	SALARIO_RESCISAO	Salário de Rescisão	String	TextBox	CPE_PDCI2019	SALARIO_RESCISAO			
OrdemServico	SALARIO_RESCISAO_PDCI	Salário de Rescisão	String	TextBox	CPE_PDCI2019	SALARIO_RESCISAO_PDCI			
OrdemServico	SALAS_DE_REUNIAO	Salas de Reunião	String	DropDownList	CPE_CONTRATOS	SALAS_DE_REUNIAO			Sala 06;Sala 07;Sala 08
OrdemServico	SALDO_DISPONIVEL_NT	Saldo Disponivel na NT	String	TextBox	CPE_CONTRATOS	SALDO_DISPONIVEL_NT			
OrdemServico	SALDO_FGTS	Saldo FGTS	String	TextBox	CPE_PDCI2019	SALDO_FGTS			
OrdemServico	SALDO_FGTS_PDCI	Saldo FGTS	String	TextBox	CPE_PDCI2019	SALDO_FGTS_PDCI			
OrdemServico	SALDO_NOTA_TECNICA	Descritivo do Saldo da Nota Técnica	RecordList	DataGrid	Z_00143_SALDO_NOTA_TECNICA	SALDO_NOTA_TECNICA			
OrdemServico	SALDO_REMANESCENTE	Saldo Remanescente	String	TextBox	CPE_TIP_SOL01	SALDO_REMANESCENTE	500		
OrdemServico	SALDO_TOTAL	Saldo Total	String	TextBox	CPE_FINANCEIRO	SALDO_TOTAL			
OrdemServico	SALDO_UTILIZADO_NT	Saldo Utilizado na NT	String	TextBox	CPE_CONTRATOS	SALDO_UTILIZADO_NT			
OrdemServico	SAUDE_TIPO	Tipo	String	DropDownList	CP_ORDEM_SERVICO	SAUDE_TIPO			Titular;Dependente
OrdemServico	SCHEMA	Schema	String	TextBox	CP_ORDEM_SERVICO	SCHEMA			
OrdemServico	SCHEMA1	Schema1	String	TextBox	CPE_CONTRATOS	SCHEMA1			
OrdemServico	SCHEMA2	Schema2	String	TextBox	CPE_CONTRATOS	SCHEMA2			
OrdemServico	SCHEMA3	Schema3	String	TextBox	CPE_CONTRATOS	SCHEMA3			
OrdemServico	SCR	UOR	Integer	DropDownList	CP_ORDEM_SERVICO	SCR			
OrdemServico	SCR1	Novo SCR	Integer	DropDownList	CP_ORDEM_SERVICO	SCR1			
OrdemServico	SCR_ASSTEC	SCR	String	DropDownList	CP_ORDEM_SERVICO	SCR_ASSTEC		S	
OrdemServico	SCR_CRIADO	SCR criado	Integer	TextBox	CP_ORDEM_SERVICO	SCR_CRIADO			
OrdemServico	SCR_DESTINO	UOR Destino	Integer	SearchList	CP_ORDEM_SERVICO	SCR_DESTINO			
OrdemServico	SCR_MOVI	UOR Movimentação	Integer	DropDownList	CP_ORDEM_SERVICO	SCR_MOVI			
OrdemServico	SCR_ORIGEM	SCR Origem	Integer	DropDownList	CP_ORDEM_SERVICO	SCR_ORIGEM			
OrdemServico	SCR_PRESTADOR	UOR	String	TextBox	CP_ORDEM_SERVICO	SCR_PRESTADOR			
OrdemServico	SCR_TODOS_DESTINO	UOR Destino	String	DropDownList	CP_ORDEM_SERVICO	SCR_TODOS_DESTINO		S	
OrdemServico	SCR_TODOS_RH	UOR Movimentação	String	DropDownList	CP_ORDEM_SERVICO	SCR_TODOS_RH		S	
OrdemServico	SCR_TODOS_RH_2	UOR Movimentação	String	DropDownList	CPE_CSC	SCR_TODOS_RH_2		S	
OrdemServico	SC_CARGO	Cargo/Perfil	String	DropDownList	CPE_PESSOAS	SC_CARGO		S	
OrdemServico	SC_LOCALIDADE_ATUACAO	Localidade Atuação	String	DropDownList	CPE_PESSOAS	SC_LOCALIDADE_ATUACAO		S	
OrdemServico	SC_MACROPOLO	Macropolo	String	DropDownList	CPE_PESSOAS	SC_MACROPOLO		S	
OrdemServico	SC_POLO	Polo	String	DropDownList	CPE_PESSOAS	SC_POLO		S	
OrdemServico	SC_UF	UF	String	DropDownList	CPE_PESSOAS	SC_UF		S	
OrdemServico	SEDEX	Número do Sedex/AR	String	TextBox	CPE_CSC	SEDEX			
OrdemServico	SEGMENTO	Segmento	String	DropDownList	CPE_CSC	SEGMENTO			Acessórios;Bombeiros;Diversos;Edificação;Eletrodomésticos;Eletrônicos e Outros;Insumos;Mobiliário;Predial;Taxas
OrdemServico	SEGMENTO_TABELA_PDPEP	Segmento tabela PDPEP	String	DropDownList	CPE_CONTRATOS	SEGMENTO_TABELA_PDPEP			Acessórios;Bombeiros;Diversos;Eletrodomésticos;Eletroeletrônicos e outros;Fiscal;Insumos;Mobiliário;Predial;Taxas
OrdemServico	SEGUNDO_SUPLENTE	Preposto Suplente	String	DropDownList	CPE_CONTRATOS02	SEGUNDO_SUPLENTE		S	
OrdemServico	SEGURANCA_IMOVEL	Necessidade de Segurança:	String	DropDownList	CPE_CSC	SEGURANCA_IMOVEL			FÍSICA ; CFTV
OrdemServico	SELECAPROV	Seleção dos aprovadores	RecordList	DataGrid	Z_00143_SELECAPROV	SELECAPROV	500		
OrdemServico	SELECIONARMEDICO	Selecionar médico	String	TextBox	CPE_ERP_PO	SELECIONARMEDICO			
OrdemServico	SELECIONA_PLANO	Possui plano de saúde?	String	DropDownList	CPE_DADOS	SELECIONA_PLANO			UNIMED;Outros;Nenhum
OrdemServico	SELECIONE_OPCOES_SOBRE_CESSAO	Selecione uma das opções sobre Cessão	String	DropDownList	CPE_CONTRATOS02	SELECIONE_OPCOES_SOBRE_CESSAO	50		Cessão de Funcionários para Outros Órgãos;Documentação dos Funcionários Cedidos da BBTS;Retorno de Cessão
OrdemServico	SELECIONE_SERVICO	Seleção de Serviço	String	DropDownList	CPE_NEGOCIOS	SELECIONE_SERVICO			Alteração de subprocessos;Criação de novos subprocessos;Solicitar confecção de relatórios da Central de Serviços
OrdemServico	SELEC_EMPRESA	SELEC_EMPRESA	String	TextBox	CPE_PESSOAS	SELEC_EMPRESA			
OrdemServico	SELEC_LIC_AMAMENTACAO	Seleção da Licença Amamentação	String	DropDownList	CP_ORDEM_SERVICO	SELEC_LIC_AMAMENTACAO			Não sou optante; Solicito Licença Amamentação de 15 dias contínuos; Solicito Licença Amamentação de 15 dias intervalados
OrdemServico	SELEC_MATER_CIDADA	Seleção da maternidade cidadã	String	DropDownList	CP_ORDEM_SERVICO	SELEC_MATER_CIDADA			Sou optante da Materninade Cidadã; Não sou optante da Materninade Cidadã;
OrdemServico	SENHA	Senha dos Sistemas Corporativos	String	TextBox	CP_ORDEM_SERVICO	SENHA			
OrdemServico	SENHA COLABORADOR	Enviar senha para colaborador	Boolean	CheckBox	CP_ORDEM_SERVICO	SENHA_COLABORADOR			
OrdemServico	SENHA GESTOR	Enviar senha para gestor	Boolean	CheckBox	CP_ORDEM_SERVICO	SENHA_GESTOR			
OrdemServico	SENHA_NOTES	Senha do Notes Client	String	TextBox	CP_ORDEM_SERVICO	SENHA_NOTES	10		
OrdemServico	SENHA_REDE	Senha de Rede	String	TextBox	CP_ORDEM_SERVICO	SENHA_REDE	10		
OrdemServico	SENHA_SISBB	Senha do SISBB	Integer	TextBox	CP_ORDEM_SERVICO	SENHA_SISBB	9		
OrdemServico	SENHA_WEBMAIL	Senha do Web Mail	String	TextBox	CP_ORDEM_SERVICO	SENHA_WEBMAIL	10		
OrdemServico	SERIE_ERP	Serie - ERP	String	TextBox	CPE_CSC	SERIE_ERP			
OrdemServico	SERRALHERIA_SOLICITACOES_GESAP	Serralheria - Solicitações Gesap	String	DropDownList	CPE_CONTRATOS02	SERRALHERIA_SOLICITACOES_GESAP			Reparo de portão;Instalação de grades;Instalação de corrimão;Soldagem;Reparo de estrutura metálica;Pintura;Instalação de
OrdemServico	SERVICOSCONTRATAMAISB	Serviços	String	DropDownList	CPE_CONTRATOS02	SERVICOSCONTRATAMAISB	1999		
OrdemServico	SERVICOS_CREDENCIAMENTO_GESAP	Serviços Credenciamento Gesap	RecordList	DataGrid	Z_00143_SERVICOS_CREDENCIAMENTO_GESAP	SERVICOS_CREDENCIAMENTO_GESAP			
OrdemServico	SERVICOS_CREDENCIAMENTO_GESAP_2	Serviços de Credenciamento Gesap	RecordList	DataGrid	Z_00143_SERVICOS_CREDENCIAMENTO_GESAP_2	SERVICOS_CREDENCIAMENTO_GESAP_2			
OrdemServico	SERVICOS_ELETRICOS_SOLICITACOES_GESAP	Serviços Elétricos - Solicitações Gesap	String	DropDownList	CPE_CONTRATOS02	SERVICOS_ELETRICOS_SOLICITACOES_GESAP			Falta de energia;Curto-circuito;Diagnóstico elétrico;Reparo elétrico emergencial   
OrdemServico	SERVICOS_GRID	Serviços	RecordList	DataGrid	Z_00143_SERVICOS_GRID	SERVICOS_GRID			
OrdemServico	SERVICOS_HIDRAULICOS_SOLICITACOES_GESAP	Serviços Hidráulicos - Solicitações Gesap	String	DropDownList	CPE_CONTRATOS02	SERVICOS_HIDRAULICOS_SOLICITACOES_GESAP			Vazamento de água;Reparo hidráulico;Troca de tubulação;Instalação de ponto de água;Desobstrução de tubulação    
OrdemServico	SERVICOS_REEMBOLSAVEIS_AUX_FUNERAL	Serviços/Produtos Reembolsáveis	RecordList	DataGrid	Z_00143_SERVICOS_REEMBOLSAVEIS_AUX_FUNERAL	SERVICOS_REEMBOLSAVEIS_AUX_FUNERAL			
OrdemServico	SERVICOS_REEMBOLSAVEIS_AUX_FUNERAL2	Serviços/Produtos Reembolsáveis	RecordList	DataGrid	Z_00143_SERVICOS_REEMBOLSAVEIS_AUX_FUNERAL2	SERVICOS_REEMBOLSAVEIS_AUX_FUNERAL2			
OrdemServico	SERVICO_INDISPONIVEL	Serviço indisponível?	String	DropDownList	CP_ORDEM_SERVICO	SERVICO_INDISPONIVEL			Sim;Não
OrdemServico	SERVICO_ITENS_CADASTRADOS	Serviço para Itens Cadastrados	String	DropDownList	CPE_CONTRATOS02	SERVICO_ITENS_CADASTRADOS			Itens Administrativos; Serviços Contratados pela BBTS
OrdemServico	SERVICO_MATRIZ	Serviço a ser realizado na Matriz?	String	DropDownList	CP_ORDEM_SERVICO	SERVICO_MATRIZ			Sim;Não
OrdemServico	SERVICO_OU_MAO_DE_OBRA	Serviço ou Mão de Obra	String	DropDownList	CPE_CONTRATOS02	SERVICO_OU_MAO_DE_OBRA			mão de obra;serviço
OrdemServico	SERVICO_OU_PRODUTO	Serviço ou Produto	String	DropDownList	CPE_FINANCEIRO	SERVICO_OU_PRODUTO			Serviço; Produto
OrdemServico	SERVICO_PRODUTO_CONS	A importação é de serviço ou de Produto	String	DropDownList	CPE_TIP_SOL01	SERVICO_PRODUTO_CONS			Serviço;  Produto
OrdemServico	SERVICO_SELECIONADO	Serviço Selecionado	String	TextBox	CP_ORDEM_SERVICO	SERVICO_SELECIONADO			
OrdemServico	SERVICO_SUPRAVIZIO	Serviço Supravizio	String	TextBox	CPE_CSC	SERVICO_SUPRAVIZIO			
OrdemServico	SERVIDOR	Servidor	String	TextBox	CP_ORDEM_SERVICO	SERVIDOR			
OrdemServico	SERV_ART_29_LEI_13303	Serviços do art. 29 da Lei 13.303/2016	String	DropDownList	CPE_CSC	SERV_ART_29_LEI_13303			Sim;Não
OrdemServico	SERV_SLA_RELAC	O Sistema ou Serviço tem relacionamento com soluções de TI que tenha SLA/ANS pactuado?	String	DropDownList	CP_ORDEM_SERVICO	SERV_SLA_RELAC			Sim;Não
OrdemServico	SEVERIDADE	Severidade	String	DropDownList	CP_ORDEM_SERVICO	SEVERIDADE			Crítico;Alto;Médio;Baixo
OrdemServico	SEVERIDADE_SERVICO	Grau de Severidade do Sistema ou Serviço, quanto a disponibilidade e suporte exigida ao serviço x perda financeira (SLA e etc)?	String	DropDownList	CP_ORDEM_SERVICO	SEVERIDADE_SERVICO			1 - Alta;2 - Média;3 - Baixa
OrdemServico	SEXO	Sexo	String	TextBox	CP_ORDEM_SERVICO	SEXO			
OrdemServico	SEXO_CONTRA	Sexo	String	DropDownList	CP_ORDEM_SERVICO	SEXO_CONTRA			Feminino;Masculino;Indiferente
OrdemServico	SEXO_M_F	Sexo	String	DropDownList	CPE_CSC	SEXO_M_F			Masculino;Feminino
OrdemServico	SG	SG	Decimal	TextBox	CP_ORDEM_SERVICO	SG			
OrdemServico	SGPS_TIPO_CONTAVINCULADA	Tipo Solicitação	String	DropDownList	CPE_PESSOAS	SGPS_TIPO_CONTAVINCULADA			Benefícios,Férias;Rescisão;Salários;13º Salário (1º Parcela);13º Salário (2º Parcela);Pagamento por ordem judicial;Honor
OrdemServico	SGPS_TIPO_SOL	Tipo Solicitação	String	DropDownList	CPE_PESSOAS	SGPS_TIPO_SOL			Férias;Rescisão;13º Salário (1º Parcela);13º Salário (2º Parcela);Pagamento por Ordem Judicial;Honorários Advocatícios;V
OrdemServico	SICON	Acesso SICON	Boolean	CheckBox	CP_ORDEM_SERVICO	SICON			
OrdemServico	SIC_APROV_CGU	Responsável pela resposta à CGU	String	TextBox	CP_ORDEM_SERVICO	SIC_APROV_CGU			
OrdemServico	SIC_APROV_PRI	Responsável pela resposta em 1ª instância	String	TextBox	CP_ORDEM_SERVICO	SIC_APROV_PRI			
OrdemServico	SIC_APROV_RESPOSTA	Responsável pela resposta	String	TextBox	CP_ORDEM_SERVICO	SIC_APROV_RESPOSTA			
OrdemServico	SIC_APROV_SEG	Responsável pela resposta em 2ª instância	String	TextBox	CP_ORDEM_SERVICO	SIC_APROV_SEG			
OrdemServico	SIC_CARGO_CGU	Cargo do responsável pela resposta à CGU	String	TextBox	CP_ORDEM_SERVICO	SIC_CARGO_CGU			
OrdemServico	SIC_CARGO_PRI	Cargo do responsável pela 1ª instância	String	TextBox	CP_ORDEM_SERVICO	SIC_CARGO_PRI			
OrdemServico	SIC_CARGO_RESPOSTA	Cargo do reposnsável pela resposta	String	TextBox	CP_ORDEM_SERVICO	SIC_CARGO_RESPOSTA			
OrdemServico	SIC_CARGO_SEG	Cargo do responsável pela 2ª instância	String	TextBox	CP_ORDEM_SERVICO	SIC_CARGO_SEG			
OrdemServico	SIC_CIDADAO_EMAIL	E-mail para contato	String	TextBox	CP_ORDEM_SERVICO	SIC_CIDADAO_EMAIL	100		
OrdemServico	SIC_CIDADAO_NOME	Nome do cidadão	String	TextBox	CP_ORDEM_SERVICO	SIC_CIDADAO_NOME	100		
OrdemServico	SIC_CIDADAO_TELEFONE	Telefone de contato	String	TextBox	CP_ORDEM_SERVICO	SIC_CIDADAO_TELEFONE			
OrdemServico	SIC_CLASSIFICACAO_RESPOSTA	Classificação da Resposta	String	DropDownList	CPE_ORDEM_SERVICO	SIC_CLASSIFICACAO_RESPOSTA			Acesso concedido;Acesso negado;Acesso parcialmente concedido;Informação inexistente;Não se trata de solicitação de infor
OrdemServico	SIC_DATA_INICIAL	Data do pedido	DateTime	DatePicker	CP_ORDEM_SERVICO	SIC_DATA_INICIAL			
OrdemServico	SIC_DESC_INFORMACAO	Descrição da solicitação	String	Memo	CP_ORDEM_SERVICO	SIC_DESC_INFORMACAO	1000		
OrdemServico	SIC_ORGAO_CGU	Área Responsável pela resposta à CGU	String	TextBox	CPE_ORDEM_SERVICO	SIC_ORGAO_CGU			
OrdemServico	SIC_ORGAO_PRI	Área Responsável pela 1ª instância	String	TextBox	CP_ORDEM_SERVICO	SIC_ORGAO_PRI			
OrdemServico	SIC_ORGAO_RESPOSTA	Área Responsável pela resposta	String	TextBox	CP_ORDEM_SERVICO	SIC_ORGAO_RESPOSTA			
OrdemServico	SIC_ORGAO_SEG	Área Responsável pela 2ª instância	String	TextBox	CP_ORDEM_SERVICO	SIC_ORGAO_SEG			
OrdemServico	SIC_RESPOSTA_CGU	Resposta à CGU	String	Memo	CP_ORDEM_SERVICO	SIC_RESPOSTA_CGU	2000		
OrdemServico	SIC_RESPOSTA_PRI	Resposta da 1ª instância	String	Memo	CP_ORDEM_SERVICO	SIC_RESPOSTA_PRI	2000		
OrdemServico	SIC_RESPOSTA_SEG	Resposta da 2ª instância	String	Memo	CP_ORDEM_SERVICO	SIC_RESPOSTA_SEG	2000		
OrdemServico	SIC_RESPOSTA_SOLICITACAO	Resposta da solicitação	String	Memo	CP_ORDEM_SERVICO	SIC_RESPOSTA_SOLICITACAO	2000		
OrdemServico	SIC_VT	Número SIC (Preenchimento apenas para Curitiba)	String	TextBox	CP_ORDEM_SERVICO	SIC_VT			
OrdemServico	SIGILO	Solicita sigilo?	String	DropDownList	CP_ORDEM_SERVICO	SIGILO			Sim;Não
OrdemServico	SIGLA_DIRETORIA	Sigla da Diretoria	String	TextBox	CP_ORDEM_SERVICO	SIGLA_DIRETORIA			
OrdemServico	SIGLA_SCR	Sigla do SCR	String	TextBox	CP_ORDEM_SERVICO	SIGLA_SCR			
OrdemServico	SIMPLES_OU_NORMAL	Simples Nacional ou Regime Normal?	String	DropDownList	CPE_CSC	SIMPLES_OU_NORMAL			Simples Nacional;Regime Normal
OrdemServico	SIM_NAO	Sim ou Nao	String	DropDownList	CP_ORDEM_SERVICO	SIM_NAO	50		Sim;Não
OrdemServico	SIM_NAO1	Sim ou Não	String	DropDownList	CPE_CSC	SIM_NAO1			Sim;Não
OrdemServico	SIM_NAO10	Sim ou Não	String	DropDownList	CPE_CSC	SIM_NAO10			Sim;Não
OrdemServico	SIM_NAO11	Sim ou Não	String	DropDownList	CPE_CONTRATOS	SIM_NAO11			Sim; Não
OrdemServico	SIM_NAO12	Sim ou Não	String	DropDownList	CPE_CONTRATOS	SIM_NAO12			Sim; Não
OrdemServico	SIM_NAO13	Sim ou Não	String	DropDownList	CPE_CONTRATOS	SIM_NAO13			Sim; Não
OrdemServico	SIM_NAO14	Sim ou Não	String	DropDownList	CPE_CONTRATOS	SIM_NAO14			Sim; Não
OrdemServico	SIM_NAO2	Sim ou Não	String	DropDownList	CPE_CSC	SIM_NAO2			Sim;Não
OrdemServico	SIM_NAO20	Sim ou Não	String	DropDownList	CPE_CONTRATOS02	SIM_NAO20			Sim;Não
OrdemServico	SIM_NAO200	Sim ou Não	String	DropDownList	CPE_CSC	SIM_NAO200			Sim;Não
OrdemServico	SIM_NAO201	Sim ou Não	String	DropDownList	CPE_CONTRATOS02	SIM_NAO201			Sim;Não
OrdemServico	SIM_NAO202	Sim ou Não	String	DropDownList	CPE_CONTRATOS02	SIM_NAO202			Sim;Não
OrdemServico	SIM_NAO203	Sim ou Não	String	DropDownList	CPE_CONTRATOS02	SIM_NAO203			Sim;Não
OrdemServico	SIM_NAO204	Sim ou Não	String	DropDownList	CPE_CONTRATOS02	SIM_NAO204			Sim;Não
OrdemServico	SIM_NAO3	Sim ou Não	String	DropDownList	CPE_CSC	SIM_NAO3			Sim;Não
OrdemServico	SIM_NAO4	Sim ou Não	String	DropDownList	CPE_CSC	SIM_NAO4			Sim;Não
OrdemServico	SIM_NAO5	Sim ou Não	String	DropDownList	CPE_CSC	SIM_NAO5			Sim;Não
OrdemServico	SIM_NAO6	Sim ou Não	String	DropDownList	CPE_CSC	SIM_NAO6			Sim;Não
OrdemServico	SIM_NAO7	Sim ou Não	String	DropDownList	CPE_CSC	SIM_NAO7			Sim;Não
OrdemServico	SIM_NAO_100	Sim ou Não	String	DropDownList	CPE_CONTRATOS02	SIM_NAO_100	500		Sim;Não
OrdemServico	SIM_NAO_DEDUCAO_INSS_CONSULTA_FISCO	Dedução INSS	String	DropDownList	CPE_CSC	SIM_NAO_DEDUCAO_INSS_CONSULTA_FISCO			Sim;Não
OrdemServico	SIM_NAO_FAT	Sim ou Nao	String	DropDownList	CPE_CSC	SIM_NAO_FAT	50		Sim;Não
OrdemServico	SIM_NAO_INFRA	Confirma envolvimento de sua área?	String	DropDownList	CPE_ORDEM_SERVICO	SIM_NAO_INFRA			Sim;Não
OrdemServico	SIM_NAO_NAOSEAPLICA	Sim ou Não ou Não se Aplica	String	DropDownList	CPE_CONTRATOS	SIM_NAO_NAOSEAPLICA			Sim; Não;Não se aplica
OrdemServico	SIM_NAO_PROC	Confirma envolvimento de sua área?	String	DropDownList	CPE_ORDEM_SERVICO	SIM_NAO_PROC			Sim;Não
OrdemServico	SIM_NAO_REFEICAO	Sim ou Não Refeição	String	DropDownList	CPE_DESLOCAMENTO	SIM_NAO_REFEICAO			Sim;Não
OrdemServico	SIM_NAO_REFEICAO_GERED	Sim ou Não Refeição	String	DropDownList	CPE_DESLOCAMENTO	SIM_NAO_REFEICAO_GERED			Sim;Não
OrdemServico	SIM_NAO_SW	Confirma envolvimento de sua área?	String	DropDownList	CPE_ORDEM_SERVICO	SIM_NAO_SW			Sim;Não
OrdemServico	SIM_OU_NAO_NF	Sim ou Nao	String	DropDownList	CPE_CSC	SIM_OU_NAO_NF	50		Sim;Não
OrdemServico	SINDICATO	SINDICATO	String	DropDownList	CP_ORDEM_SERVICO	SINDICATO		S	
OrdemServico	SISBB	Acesso SISBB	Boolean	CheckBox	CP_ORDEM_SERVICO	SISBB			
OrdemServico	SISLOC_PAGAR	SISLOC A PAGAR?	String	DropDownList	CPE_ORDEM_SERVICO	SISLOC_PAGAR			SIM; NÃO;
OrdemServico	SISTEMA	Sistema	String	DropDownList	CP_ORDEM_SERVICO	SISTEMA			ARS;Revolution;ERP;SISPRO;Mastersaf;Sisloc;Supravizio;Outros
OrdemServico	SISTEMAS_BLOQUEIO	Sistemas para bloqueio	String	Memo	CP_ORDEM_SERVICO	SISTEMAS_BLOQUEIO			
OrdemServico	SISTEMAS_DE_ALARME_SOLICITACOES_GESAP	Sistemas de Alarme - Solicitações Gesap	String	DropDownList	CPE_CONTRATOS02	SISTEMAS_DE_ALARME_SOLICITACOES_GESAP			Instalação de alarme;Troca de sensor 
OrdemServico	SISTEMA_CORPORATIVO	Sistema Corporativo	String	TextBox	CP_ORDEM_SERVICO	SISTEMA_CORPORATIVO			
OrdemServico	SISTEMA_OPERACIONAL	Sistema Operacional	String	DropDownList	CP_ORDEM_SERVICO	SISTEMA_OPERACIONAL			Windows;Linux;Windows
OrdemServico	SITE	Centros de Serviços Compartilhados	String	DropDownList	CPE_CSC	SITE			CESEC-BSB;CESEC-GYN;CESEC-RIO;CESEC-EM COMUM
OrdemServico	SITUACAO_COBRANCA	Situação da cobrança	String	DropDownList	CPE_PESSOAS	SITUACAO_COBRANCA			Pagamento realizado;Pagamento não realizado
OrdemServico	SITUACAO_CONTA	Situação	String	TextBox	CPE_CSC	SITUACAO_CONTA			
OrdemServico	SITUACAO_SERVICO	Situação do Serviço	String	DropDownList	CPE_CSC	SITUACAO_SERVICO			Ativo;Inativo
OrdemServico	SITUACAO_SERVIDOR	Situação do servidor	String	DropDownList	CP_ORDEM_SERVICO	SITUACAO_SERVIDOR			Produção;Desenvolvimento;Homologação;Outros
OrdemServico	SOFTWARE	Nome do software	String	TextBox	CP_ORDEM_SERVICO	SOFTWARE			
OrdemServico	SOLICITACAO	Solicitação	String	DropDownList	CP_ORDEM_SERVICO	SOLICITACAO			Com Despacho;Sem Despacho
OrdemServico	SOLICITACAO_APROVADA	Solicitação Aprovada?	String	DropDownList	CP_ORDEM_SERVICO	SOLICITACAO_APROVADA			Sim;Não
OrdemServico	SOLICITACAO_E_JUSTIFICATIVA	Solicitação e Justificativa	RecordList	DataGrid	Z_00143_SOLICITACAO_E_JUSTIFICATIVA	SOLICITACAO_E_JUSTIFICATIVA			
OrdemServico	SOLICITAR_ACESSO	Solicitar Acesso?	String	DropDownList	CP_ORDEM_SERVICO	SOLICITAR_ACESSO			Sim;Não
OrdemServico	SOLIC_A_DICOF	Tipo de Solicitação	String	DropDownList	CPE_CSC	SOLIC_A_DICOF			Notificação
OrdemServico	SOLUCAO	Quanto à solução apresentada pelo atendimento em relação ao problema?	String	DropDownList	CPE_CJUR	SOLUCAO			Péssimo;Ruim;Regular;Bom;Excelente;
OrdemServico	SOLUCAO_DOD	Solução desejada	String	Memo	CP_ORDEM_SERVICO	SOLUCAO_DOD	2000		
OrdemServico	SOLUC_IMOVEL	Solução para Locação do Imovel	String	Memo	CPE_CSC	SOLUC_IMOVEL	1000		
OrdemServico	SOLUC_SUPRAVIZIO	Solucionador Supravizio	RecordList	DataGrid	Z_00143_SOLUC_SUPRAVIZIO	SOLUC_SUPRAVIZIO			
OrdemServico	SOL_TIP10	Tipos de Solicitação	RecordList	DataGrid	Z_00143_SOL_TIP10	SOL_TIP10			
OrdemServico	STATUSDEPEND	Status da Dependência	RecordList	DataGrid	Z_00143_STATUSDEPEND	STATUSDEPEND			
OrdemServico	STATUS_ORCAMENTO	Status do Orçamento	String	DropDownList	CPE_CONTRATOS02	STATUS_ORCAMENTO			Em análise; Aguardando orçamento; Recebimento de cotação 
OrdemServico	STEPFUNC	Step do colaborador	String	TextBox	CPE_BOOTCAMP	STEPFUNC			
OrdemServico	STEP_CARGO	Step Atual do cargo	String	TextBox	CP_ORDEM_SERVICO	STEP_CARGO			
OrdemServico	STEP_FUNCAO	Step Atual da função	String	TextBox	CP_ORDEM_SERVICO	STEP_FUNCAO			
OrdemServico	STRING_ERP	Linha Extra do Comunicado ERP	String	TextBox	CP_ORDEM_SERVICO	STRING_ERP			
OrdemServico	STRING_MODEL_TERCEIRIZADO	Linha Extra no comunicado a terceirizados	String	TextBox	CP_ORDEM_SERVICO	STRING_MODEL_TERCEIRIZADO			
OrdemServico	STRING_ORGAO_FAV	Linha Extra do Comunicado de Órgão do Favorecido	String	TextBox	CP_ORDEM_SERVICO	STRING_ORGAO_FAV			
OrdemServico	STRING_POSSUI_RESERVA	String informacional se o Colaborador possui reserva	String	TextBox	CP_ORDEM_SERVICO	STRING_POSSUI_RESERVA			
OrdemServico	STRING_SCR	String SCR	String	TextBox	CP_ORDEM_SERVICO	STRING_SCR			
OrdemServico	STRING_SERVID	Valor referente ao caminho do SERVID	String	TextBox	CP_ORDEM_SERVICO	STRING_SERVID			
OrdemServico	STRING_WEBMAIL	Linha Extra do Comunicado de Webmail	String	TextBox	CP_ORDEM_SERVICO	STRING_WEBMAIL			
OrdemServico	SUBPROCESSO_ATIVO	Subprocesso	String	TextBox	CPE_ORDEM_SERVICO	SUBPROCESSO_ATIVO		S	
OrdemServico	SUBPROCESSO_SUPRAVIZIO	Selecione o Subprocesso	String	TextBox	CPE_CSC	SUBPROCESSO_SUPRAVIZIO			
OrdemServico	SUB_TOTAL_A	Sub Total A	String	TextBox	CPE_PDCI2019	SUB_TOTAL_A			
OrdemServico	SUB_TOTAL_B	Sub Total B	String	TextBox	CPE_PDCI2019	SUB_TOTAL_B			
OrdemServico	SUB_TOTAL_C	Sub total C	String	TextBox	CPE_PDCI2019	SUB_TOTAL_C			
OrdemServico	SUB_TOTAL_D	Sub total D	String	TextBox	CPE_PDCI2019	SUB_TOTAL_D			
OrdemServico	SUPERVEIC	Superintendência	String	DropDownList	CPE_HOMOLOGACAO	SUPERVEIC			Selog;Superintendência Centro Norte;Superintendência Nordeste;Superintendência São Paulo;Superintendência Sudeste;Superi
OrdemServico	SUPLENTE_CONTRATO	Preposto	String	DropDownList	CPE_CONTRATOS02	SUPLENTE_CONTRATO		S	
OrdemServico	SUPORTE_TIPO_SOLIC	Tipo  de Solicitação	Integer	DropDownList	CP_ORDEM_SERVICO	SUPORTE_TIPO_SOLIC		S	
OrdemServico	TABELAMULTA2	Multa FQ415001	RecordList	DataGrid	Z_00143_TABELAMULTA2	TABELAMULTA2			
OrdemServico	TABELA_DADOS_CONTRATOS_C	Tabela de Dados Contratuais	String	Memo	CPE_CSC	TABELA_DADOS_CONTRATOS_C	2000		
OrdemServico	TABELA_FORNECEDOR01	Tabela Fornecedor 01	String	Memo	CPE_CSC	TABELA_FORNECEDOR01	2000		
OrdemServico	TABELA_FORNECEDOR2	Tabela Fornecedor 2	String	Memo	CPE_CSC	TABELA_FORNECEDOR2	2000		
OrdemServico	TABELA_FORNECEDOR3	Tabela Fornecedor 3	String	Memo	CPE_CSC	TABELA_FORNECEDOR3	2000		
OrdemServico	TABELA_HTML_INFO_FATURAMENTO	Tabela HTML de informações de faturamento	String	Memo	CPE_CSC	TABELA_HTML_INFO_FATURAMENTO	2000		
OrdemServico	TABELA_MULTA	Multa FQ415001	RecordList	DataGrid	Z_00143_TABELA_MULTA	TABELA_MULTA			
OrdemServico	TABELA_VALORES_PLANO	Tabela de Valores Vigentes	RecordList	DataGrid	Z_00143_TABELA_VALORES_PLANO	TABELA_VALORES_PLANO			
OrdemServico	TAMANHO	Tamanho	String	Memo	CPE_CSC	TAMANHO			
OrdemServico	TAMANHO_COTA_EMAIL	Tamanho da caixa postal de e-mail	String	TextBox	CP_ORDEM_SERVICO	TAMANHO_COTA_EMAIL			
OrdemServico	TECNICO RESIDENTE	Técnico Residente ?	Boolean	CheckBox	CP_ORDEM_SERVICO	TECNICO_RESIDENTE			
OrdemServico	TELEFONE	Telefone	String	TextBox	CP_ORDEM_SERVICO	TELEFONE			
OrdemServico	TELEFONE_ATUALIZADO	Telefone2	String	TextBox	CPE_CSC	TELEFONE_ATUALIZADO			
OrdemServico	TELEFONE_CLIENTE	Ramal do Cliente	String	TextBox	CP_ORDEM_SERVICO	TELEFONE_CLIENTE	300		
OrdemServico	TEL_RECEBEDOR	Telefone	String	TextBox	CPE_ECOMERCE	TEL_RECEBEDOR			
OrdemServico	TEMPO_DOD	Tempo para geração de resultados	String	DropDownList	CP_ORDEM_SERVICO	TEMPO_DOD		S	
OrdemServico	TEMPO_DOD_V2	Qual o tempo estimado para utilização plena da solução após implantada?	String	DropDownList	CP_ORDEM_SERVICO	TEMPO_DOD_V2		S	
OrdemServico	TEMPO_EMPRESA	Tempo de Empresa	String	TextBox	CPE_PDCI2019	TEMPO_EMPRESA			
OrdemServico	TEMPO_EMPRESA_INC	Tempo de Empresa	String	TextBox	CPE_PDCI2019	TEMPO_EMPRESA_INC			
OrdemServico	TEMPO_NI_LEI	As informações geridas ou inseridas na solução tem alguma relevância jurídica, de normativo ou tem temporalidade definida para retenção?	String	DropDownList	CP_ORDEM_SERVICO	TEMPO_NI_LEI			Sim;Não
OrdemServico	TENDENCIA_DOD	Tendência se não tomada providência	String	DropDownList	CP_ORDEM_SERVICO	TENDENCIA_DOD		S	
OrdemServico	TENDENCIA_DOD_V2	Qual a tendência se a solicitação não for atendida?	String	DropDownList	CP_ORDEM_SERVICO	TENDENCIA_DOD_V2		S	
OrdemServico	TERCEIRIZADO	Funcionário Terceirizado?	String	DropDownList	CP_ORDEM_SERVICO	TERCEIRIZADO			Sim;Não
OrdemServico	TERCEIRIZADOS_LISTA	Lista de Terceirizados/Temporários	String	DropDownList	CPE_CSC	TERCEIRIZADOS_LISTA		S	
OrdemServico	TERMO_DE_CIENCIA	Termo de ciência	Boolean	CheckBox	CP_ORDEM_SERVICO	TERMO_DE_CIENCIA			
OrdemServico	TERMO_RESPONSABILIDADE	Termo da Responsabilidade Único	String	Memo	CP_ORDEM_SERVICO	TERMO_RESPONSABILIDADE	1500		
OrdemServico	TESTEMUNHA_CEMAN	Testemunha	String	DropDownList	CPE_FINANCEIRO	TESTEMUNHA_CEMAN		S	
OrdemServico	TESTEMUNHA_CEMAN1	TESTEMUNHA_CEMAN1	String	DropDownList	CPE_FINANCEIRO	TESTEMUNHA_CEMAN1		S	
OrdemServico	TESTE_ESS	TESTE ESS RESUMIDA	String	TextBox	CPE_CSC	TESTE_ESS	50		
OrdemServico	TEST_PDP	PDPEP GECOR TEST	RecordList	DataGrid	Z_00143_TEST_PDP	TEST_PDP			
OrdemServico	TEXT	TEXT	String	TextBox	CPE_CSC	TEXT	1000		
OrdemServico	TEXT2	TEXT2	String	TextBox	CPE_CSC	TEXT2			
OrdemServico	TEXT4	TEXT4	String	TextBox	CPE_CONTRATOS	TEXT4			
OrdemServico	TEXT_1	TEXT_1	String	TextBox	CPE_CSC	TEXT_1	1000		
OrdemServico	TE_BAIRRO_ENTREGA	Bairro	String	TextBox	CPE_CSC	TE_BAIRRO_ENTREGA			
OrdemServico	TE_CARGA_HORARIA	Carga horária	String	TextBox	CPE_CSC	TE_CARGA_HORARIA			
OrdemServico	TE_CARGO	Cargo	String	TextBox	CPE_CSC	TE_CARGO			
OrdemServico	TE_CEP_ENTREGA	CEP	String	TextBox	CPE_CSC	TE_CEP_ENTREGA			
OrdemServico	TE_CNPJ_FORNECEDOR	CNPJ do fornecedor (Apenas números)	String	TextBox	CPE_CSC	TE_CNPJ_FORNECEDOR			
OrdemServico	TE_CONTEUDO_PROG	Conteúdo programático	String	Memo	CPE_CSC	TE_CONTEUDO_PROG	2000		
OrdemServico	TE_CURSO	Nome do curso/ evento	String	TextBox	CPE_CSC	TE_CURSO			
OrdemServico	TE_CURSO_UNIBBTS	O curso existe na UNIBBTS?	String	DropDownList	CPE_CSC	TE_CURSO_UNIBBTS			Sim;Não
OrdemServico	TE_CURSO_UNIBBTS_REALIZA	O curso da UNIBBTS foi realizado?	String	DropDownList	CPE_CSC	TE_CURSO_UNIBBTS_REALIZA			Sim;Não
OrdemServico	TE_DIREX	Diretoria	String	TextBox	CPE_CSC	TE_DIREX			
OrdemServico	TE_DT_FIM	Data final	DateTime	DatePicker	CPE_CSC	TE_DT_FIM			
OrdemServico	TE_DT_INICIO	Data inicial	DateTime	DatePicker	CPE_CSC	TE_DT_INICIO			
OrdemServico	TE_EM_CONFORMIDADE	Insumos em conformidade	String	DropDownList	CPE_CSC	TE_EM_CONFORMIDADE			Sim;Não
OrdemServico	TE_ENDERECO_ENTREGA	Endereço para Entrega	String	TextBox	CPE_CSC	TE_ENDERECO_ENTREGA			
OrdemServico	TE_FORNECEDOR_CAD	Fornecedor	String	DropDownList	CPE_CSC	TE_FORNECEDOR_CAD		S	
OrdemServico	TE_FUNCAO	Função	String	TextBox	CPE_CSC	TE_FUNCAO			
OrdemServico	TE_GEREX	Gerência Executiva	String	TextBox	CPE_CSC	TE_GEREX			
OrdemServico	TE_HORARIO_REALIZA	Horário de realização do curso	String	TextBox	CPE_CSC	TE_HORARIO_REALIZA			
OrdemServico	TE_INCONFORMIDADE	Inconformidade	String	Memo	CPE_CSC	TE_INCONFORMIDADE	2000		
OrdemServico	TE_JUSTIFICATIVA	Justificativa para solicitação do reembolso (Inserir o motivo da realização, escolha do fornecedor e capacitação agregada para a atividade e para BBTS)	String	Memo	CPE_CSC	TE_JUSTIFICATIVA	2000		
OrdemServico	TE_MATRICULA	Matrícula	String	TextBox	CPE_CSC	TE_MATRICULA			
OrdemServico	TE_MODALIDADE_CONTRATACAO	Modalidade de contratação	String	DropDownList	CPE_CSC	TE_MODALIDADE_CONTRATACAO			Dispensa de Licitação;Inexigibilidade de Licitação;Processo Licitatório
OrdemServico	TE_MUNICIPIO_ENTREGA	Município	String	TextBox	CPE_CSC	TE_MUNICIPIO_ENTREGA			
OrdemServico	TE_NOME_EMPREGADO	Nome do empregado	String	DropDownList	CPE_CSC	TE_NOME_EMPREGADO		S	
OrdemServico	TE_NOME_FORNECEDOR	Nome do fornecedor	String	TextBox	CPE_CSC	TE_NOME_FORNECEDOR			
OrdemServico	TE_PAGAMENTO	Condição de Pagamento	String	TextBox	CPE_CSC	TE_PAGAMENTO			
OrdemServico	TE_PARTICIPANTES	Participantes	RecordList	DataGrid	Z_00143_TE_PARTICIPANTES	TE_PARTICIPANTES			
OrdemServico	TE_TERMO_CIENCIA	Termo de Ciência: Estou ciente que estou solicitando a contratação de treinamento externo com menos de 25 dias para data de realização do treinamento.	Boolean	CheckBox	CPE_CSC	TE_TERMO_CIENCIA			
OrdemServico	TE_TERMO_CIENCIA_25DIAS_G	Termo de Ciência: Estou ciente que estou solicitando a contratação de treinamento externo com menos de 25 dias para data de realização do treinamento.	String	DropDownList	CPE_CSC	TE_TERMO_CIENCIA_25DIAS_G			Ciente
OrdemServico	TE_TERMO_CIENCIA_GESTOR	Termo de Ciência: O gestor aprovador garantirá que todos os participantes realizarão os cursos similares na UniBBTS até a data de início do curso solicitado neste chamdo.	String	DropDownList	CPE_CSC	TE_TERMO_CIENCIA_GESTOR			Ciente
OrdemServico	TE_TIPO_TURMA	Tipo Turma	String	DropDownList	CPE_CSC	TE_TIPO_TURMA			Turma aberta;Turma fechada
OrdemServico	TE_UF_ENTREGA	UF	String	TextBox	CPE_CSC	TE_UF_ENTREGA			
OrdemServico	TE_UOR	UOR	String	TextBox	CPE_CSC	TE_UOR			
OrdemServico	TE_VALOR_CONTRATACAO	Valor da contratação	Decimal	TextBox	CPE_CSC	TE_VALOR_CONTRATACAO			
OrdemServico	TE_VALOR_REEMBOLSO	Valor para reembolso	Decimal	TextBox	CPE_CSC	TE_VALOR_REEMBOLSO			
OrdemServico	TE_VALOR_UNITARIO	Valor unitário	Decimal	TextBox	CPE_CSC	TE_VALOR_UNITARIO			
OrdemServico	TICKET	Técnico Residente (CAT's)	String	DropDownList	CP_ORDEM_SERVICO	TICKET			Não;Sim
OrdemServico	TIC_ANO_RECOMENDA	Ano	String	DropDownList	CPE_DEMANDA_TIC	TIC_ANO_RECOMENDA		S	
OrdemServico	TIC_CATEG	Categorização	String	DropDownList	CPE_DEMANDA_TIC	TIC_CATEG		S	
OrdemServico	TIC_CLIENTE	Cliente	String	TextBox	CPE_DEMANDA_TIC	TIC_CLIENTE			
OrdemServico	TIC_CLIENTEID	ClienteID	String	TextBox	CPE_DEMANDA_TIC	TIC_CLIENTEID			
OrdemServico	TIC_DATAAPROVACAO	Data da Aprovação	DateTime	DatePicker	CP_ORDEM_SERVICO	TIC_DATAAPROVACAO			
OrdemServico	TIC_DESCRICAO	Descrição	String	Memo	CPE_DEMANDA_TIC	TIC_DESCRICAO	2000		
OrdemServico	TIC_INSTRUCAO_HOMOL	Instrução Homologação	String	Memo	CPE_DEMANDA_TIC	TIC_INSTRUCAO_HOMOL	2000		
OrdemServico	TIC_JUSTIFICATIVA	Justificativa	String	Memo	CPE_DEMANDA_TIC	TIC_JUSTIFICATIVA	2000		
OrdemServico	TIC_NUMERO_RECOMENDA	Número	String	TextBox	CPE_DEMANDA_TIC	TIC_NUMERO_RECOMENDA			
OrdemServico	TIC_ORIGEM_RECOMENDA	Origem	String	DropDownList	CPE_DEMANDA_TIC	TIC_ORIGEM_RECOMENDA			AUDIT;Controles Internos;Lei;N/A;Norma Interna;Orgãos Externos (TCU, CGU, Etc.)
OrdemServico	TIC_PRAZO_RECOMENDA	Prazo para Vigorar	DateTime	DatePicker	CPE_DEMANDA_TIC	TIC_PRAZO_RECOMENDA			
OrdemServico	TIME DEV GESAP	Time Desenvolvimento Gesap	String	DropDownList	CPE_PRJ_BB	TIME_DEV_GESAP		S	
OrdemServico	TIPO	Tipo	String	TextBox	CP_ORDEM_SERVICO	TIPO			
OrdemServico	TIPO DE ACESSO	Tipo de Acesso	String	DropDownList	CP_ORDEM_SERVICO	TIPO_DE_ACESSO			Somente leitura;Leitura e Gravação
OrdemServico	TIPO DE ACESSO NOTES	Tipo de Acesso Notes para cada Colaborador	String	Memo	CP_ORDEM_SERVICO	TIPO_DE_ACESSO_NOTES			
OrdemServico	TIPO DE LICITAÇÃO	Tipo de Licitação	String	DropDownList	CP_ORDEM_SERVICO	TIPO_DE_LICITAÇÃO			Pregão Eletrônico;Pregão Presencial;Convite;Leilão;Outros
OrdemServico	TIPO DE RESPOSTA	Tipo de resposta	String	DropDownList	CP_ORDEM_SERVICO	TIPO_DE_RESPOSTA			Arquivamento;Audiência;Ciência;Defesa;Nota Jurídica;Parecer;Procuração;Outros
OrdemServico	TIPO DE SERVICO MATERIAL	Tipo de Serviço Adm. Materiais	String	DropDownList	CP_ORDEM_SERVICO	TIPO_DE_SERVICO_MATERIAL			Aquisição de Peças;Aquisição de Insumos;Aquisição de Reparo;Gerenciamento de reparo em fornecedor; Gerenciamento de repa
OrdemServico	TIPO DE SUPORTE ARS	Tipo de Suporte CHAMA-ARS	String	DropDownList	CP_ORDEM_SERVICO	TIPO_DE_SUPORTE_ARS			Pedido de fechamento/cancelamento/baixa de OS;Reprocessamento de arquivos do @-RAT;Redirecionamento de OS para Mantenedo
OrdemServico	TIPO DE TREINAMENTO	Tipo de treinamento	String	DropDownList	CPE_PESSOAS	TIPO_DE_TREINAMENTO			Treinamento para alta liderança;Demais treinamentos/reuniões
OrdemServico	TIPO MUDANÇA	Tipo de Mudança	String	DropDownList	CP_ORDEM_SERVICO	TIPO_MUDANCA			Padrão;Normal;Especial
OrdemServico	TIPODECOLAB	Tipo de colaborador	String	DropDownList	CPE_BOOTCAMP	TIPODECOLAB			Funcionário Cadastrado;Prestador de serviço;Temporário;Estagiário;Jovem Aprendiz;Cedido;Terceirizado
OrdemServico	TIPODE_ACESSO	Tipo de Acesso	String	DropDownList	CPE_CONTRATOS	TIPODE_ACESSO			Colaborador;Terceiro;Visitante
OrdemServico	TIPOGAP	Tipo do GAP	String	TextBox	CP_ORDEM_SERVICO	TIPOGAP			
OrdemServico	TIPOS_DE_NF	Tipos de NF	String	DropDownList	CPE_CONTRATOS	TIPOS_DE_NF	50		Mão-de-obra;Mercadoria;Serviço
OrdemServico	TIPOS_DE_UDM	Tipos de UDM	String	DropDownList	CPE_CONTRATOS02	TIPOS_DE_UDM	50		ANO;CM;CM3;CT;CX;DAY;DIA;G;GL;H;KG;KM;L;LC;M;M2;M3;ME;MI;ML;MM;MIN;MM3;PC;PCT;RA;RL;S;SRV;UN
OrdemServico	TIPOS_ELEMENTOS_PEOPLE	Tipos de Elementos People	String	DropDownList	CPE_CSC	TIPOS_ELEMENTOS_PEOPLE			O Provento;O Desconto;O Base
OrdemServico	TIPO_ACESSO	Tipo de Acesso	String	DropDownList	CP_ORDEM_SERVICO	TIPO_ACESSO			Consulta;Alteração
OrdemServico	TIPO_ASSINATURA	Tipo Assinatura	String	DropDownList	CPE_CSC	TIPO_ASSINATURA			Manual;Digital;Não possui assinatura
OrdemServico	TIPO_AT	Tipo de Acidente de Trabalho	String	DropDownList	CPE_PESSOAS	TIPO_AT			Tipico; Doença; Trajeto
OrdemServico	TIPO_ATIVIDADE	Tipo de Atividade - informe	String	DropDownList	CPE_CSC	TIPO_ATIVIDADE			Atividade Meio; Atividade Fim; Não se Aplica
OrdemServico	TIPO_ATIVIDADE_COMUNICACAO	TIPO DE ATIVIDADE COMUNICAÇÃO	String	DropDownList	CPE_TIP_SOL01	TIPO_ATIVIDADE_COMUNICACAO			Criação;Atualização
OrdemServico	TIPO_ATIVIDADE_COMUNICACAO2	TIPO DE ATIVIDADE DE COMUNICACAO2	String	DropDownList	CPE_TIP_SOL01	TIPO_ATIVIDADE_COMUNICACAO2			Esclarecimento à Imprensa; Criação de Release
OrdemServico	TIPO_ATIVIDADE_COMUNICACAO4	TIPO DE ATIVIDADE DE COMUNICACAO4	String	DropDownList	CPE_TIP_SOL01	TIPO_ATIVIDADE_COMUNICACAO4			Participação como expositor; Outros 
OrdemServico	TIPO_AVALIACAO	Tipo de avaliação	String	DropDownList	CPE_CONTRATOS02	TIPO_AVALIACAO			Fiscal de Serviço/Master;Fiscal Administrativo;Ambos os Fiscais
OrdemServico	TIPO_AVISO_PED_COLAB	Tipo de Aviso	String	DropDownList	CP_ORDEM_SERVICO	TIPO_AVISO_PED_COLAB			Cumprido;Dispensado;Descontado;Período de experiência;Indenizado
OrdemServico	TIPO_AVISO_PED_EMPRESA	Tipo de Aviso	String	DropDownList	CP_ORDEM_SERVICO	TIPO_AVISO_PED_EMPRESA			Indenizado;Cumprido;Período de experiência;Não se aplica
OrdemServico	TIPO_BASE	Tipo de Base	String	DropDownList	CPE_ASSTECNICA	TIPO_BASE			COMUM;ESPECIAL
OrdemServico	TIPO_BEM_PATRI	Tipo de Bem Patrimonial:	String	DropDownList	CPE_CSC	TIPO_BEM_PATRI			Móvel;Imóvel
OrdemServico	TIPO_CADASTRO_FORNECEDOR	Tipo de Cadastro de Fornecedor	String	DropDownList	CPE_CSC	TIPO_CADASTRO_FORNECEDOR			Simplificado - Contratações de até R$12.500,00; Completo - Contratações a partir de R$12.500,01
OrdemServico	TIPO_CAD_REDE_MAN	Tipo cadastro	String	DropDownList	CP_ORDEM_SERVICO	TIPO_CAD_REDE_MAN			Redeman;Intrabb;Cabb
OrdemServico	TIPO_CAT	Tipo de CAT	String	DropDownList	CPE_PESSOAS	TIPO_CAT			INICIAL; REABERTURA; COMUNICADO DE ÓBITO
OrdemServico	TIPO_CONSULTA_LINHA_CHIP	Tipo de atendimento para consultar linha/chip	String	DropDownList	CPE_CSC	TIPO_CONSULTA_LINHA_CHIP			Linha Corporativa;Linha M2M - Telemetria (Contrato DOSA)
OrdemServico	TIPO_CONTA	Tipo de Conta	String	DropDownList	CP_ORDEM_SERVICO	TIPO_CONTA			Ativo;Passivo;Resultado-Receita;Resultado-Despesa;PL;Compensação Ativa;Compensação Passiva 
OrdemServico	TIPO_CONTRA	Tipo de Contrato	String	DropDownList	CPE_CONTRATOS	TIPO_CONTRA			Contrato Privado;Contrato Público
OrdemServico	TIPO_CONTRIBUINTE_CONSULTA_FISCO	Tipo de Contribuinte	String	TextBox	CPE_CSC	TIPO_CONTRIBUINTE_CONSULTA_FISCO			
OrdemServico	TIPO_CORDAO	Tipo de Cordão	String	DropDownList	CPE_PORTIFOLIO	TIPO_CORDAO			Cordão BBTS; Cordão Deficiências Ocultas BBTS; Cordão LGBTQIA+ BBTS; Crachá; Porta Crachá; Crachá Completo
OrdemServico	TIPO_DA_DEMANDA	Tipo da demanda	String	DropDownList	CPE_CSC	TIPO_DA_DEMANDA			Aditamento;Contratação direta;Licitação
OrdemServico	TIPO_DA_OC	Tipo da OC	String	DropDownList	CPE_PEC	TIPO_DA_OC			OC de Contratos; OC de Compra Direta
OrdemServico	TIPO_DEMANDA	Tipo de Demanda	String	DropDownList	CPE_ORDEM_SERVICO	TIPO_DEMANDA			1-Demandas de Arquitetura de TIC;2-Negócios;3-Projetos;4-Orçamentos;5-Outros
OrdemServico	TIPO_DEMANDA_DOCNIX	Tipo de demanda	String	DropDownList	CP_ORDEM_SERVICO	TIPO_DEMANDA_DOCNIX			Erro; Melhoria; Suporte
OrdemServico	TIPO_DESIGNACAO_INTERV	Tipo Designação	String	TextBox	CPE_CONTRATOS02	TIPO_DESIGNACAO_INTERV	1500		
OrdemServico	TIPO_DESLOCAMENTO	Tipo de Deslocamento	String	DropDownList	CPE_DESLOCAMENTO	TIPO_DESLOCAMENTO			Viagem a Serviço - Nacional;Viagem a Serviço - Internacional;Viagem - Assistência Técnica;Treinamento - Assistência Técn
OrdemServico	TIPO_DESTINO	Tipo da localidade de destino	String	DropDownList	CPE_DESLOCAMENTO	TIPO_DESTINO			Capital;Interior
OrdemServico	TIPO_DE_ FORNECEDOR	Tipo de Fornecedor	String	DropDownList	CPE_CSC	TIPO_DE__FORNECEDOR			Pessoa Física;Pessoa Jurídica
OrdemServico	TIPO_DE_ACIONAMENTO_RC	Tipo de Acionamento RC	String	TextBox	CPE_CONTRATOS	TIPO_DE_ACIONAMENTO_RC			
OrdemServico	TIPO_DE_ACIONAMENTO_RC_10	Tipo de Acionamento RC 10	String	TextBox	CPE_CONTRATOS	TIPO_DE_ACIONAMENTO_RC_10			
OrdemServico	TIPO_DE_ACIONAMENTO_RC_2	Tipo de Acionamento RC 2	String	TextBox	CPE_CONTRATOS	TIPO_DE_ACIONAMENTO_RC_2			
OrdemServico	TIPO_DE_ACIONAMENTO_RC_3	Tipo de Acionamento RC 3	String	TextBox	CPE_CONTRATOS	TIPO_DE_ACIONAMENTO_RC_3			
OrdemServico	TIPO_DE_ACIONAMENTO_RC_4	Tipo de Acionamento RC 4	String	TextBox	CPE_CONTRATOS	TIPO_DE_ACIONAMENTO_RC_4			
OrdemServico	TIPO_DE_ACIONAMENTO_RC_5	Tipo de Acionamento RC 5	String	TextBox	CPE_CONTRATOS	TIPO_DE_ACIONAMENTO_RC_5			
OrdemServico	TIPO_DE_ACIONAMENTO_RC_6	Tipo de Acionamento RC 6	String	TextBox	CPE_CONTRATOS	TIPO_DE_ACIONAMENTO_RC_6			
OrdemServico	TIPO_DE_ACIONAMENTO_RC_7	Tipo de Acionamento RC 7	String	TextBox	CPE_CONTRATOS	TIPO_DE_ACIONAMENTO_RC_7			
OrdemServico	TIPO_DE_ACIONAMENTO_RC_8	Tipo de Acionamento RC 8	String	TextBox	CPE_CONTRATOS	TIPO_DE_ACIONAMENTO_RC_8			
OrdemServico	TIPO_DE_ACIONAMENTO_RC_9	Tipo de Acionamento RC 9	String	TextBox	CPE_CONTRATOS	TIPO_DE_ACIONAMENTO_RC_9			
OrdemServico	TIPO_DE_ADITIVO	Tipo de Aditivo	RecordList	DataGrid	Z_00143_TIPO_DE_ADITIVO	TIPO_DE_ADITIVO			
OrdemServico	TIPO_DE_ATUACAO	Tipo de atuação	String	DropDownList	CPE_CONTRATOS	TIPO_DE_ATUACAO			Educador;Multiplicador
OrdemServico	TIPO_DE_BENEFICIADO	Tipo de Beneficiado	String	TextBox	CPE_CONTRATOS	TIPO_DE_BENEFICIADO			
OrdemServico	TIPO_DE_CONTA_BANCO	TIPO_DE_CONTA_BANCO	String	DropDownList	CPE_CSC	TIPO_DE_CONTA_BANCO			Corrente;Poupança;Salário;Universitária;Empresarial;Conjunta
OrdemServico	TIPO_DE_CONTRATO	Tipo_de_Contrato	String	DropDownList	CPE_FINANCEIRO	TIPO_DE_CONTRATO	30		Bens Móveis;Bens Imóveis
OrdemServico	TIPO_DE_CONTRIBUINTE	Tipo de Contribuinte	String	DropDownList	CPE_CSC	TIPO_DE_CONTRIBUINTE			Comercial;Governo;Industrial;Instituição Financeira
OrdemServico	TIPO_DE_CONTRIBUINTE_PARECER	Tipo de Contribuinte Parecer	String	TextBox	CPE_CSC	TIPO_DE_CONTRIBUINTE_PARECER			
OrdemServico	TIPO_DE_DEMANDA	Tipo de demanda	String	DropDownList	CPE_CONTRATOS	TIPO_DE_DEMANDA			Registro de Nota Fiscal com DGCO - Mercadoria;Registro de Nota Fiscal com DGCO - Serviços
OrdemServico	TIPO_DE_DESCONTO	Tipo de desconto	String	DropDownList	CPE_CONTRATOS02	TIPO_DE_DESCONTO	50		Pensão líquida;Pensão salário mínimo;Pensão Bruta;Outra
OrdemServico	TIPO_DE_DESCONTO2	TIPO_DE_DESCONTO2	String	DropDownList	CPE_CSC	TIPO_DE_DESCONTO2			Pensão líquida;Pensão salário mínimo;Pensão Bruta;Outro
OrdemServico	TIPO_DE_DNS	Tipo de DNS	String	DropDownList	CP_ORDEM_SERVICO	TIPO_DE_DNS			Interno (Microsoft); Externo (Linux)
OrdemServico	TIPO_DE_FORNECEDOR_PDPEP	Tipo de fornecedor PDPEP	String	DropDownList	CPE_CONTRATOS	TIPO_DE_FORNECEDOR_PDPEP			Microempreendedor individual;Pessoa Jurídica (Autônomo);Simples Nacional
OrdemServico	TIPO_DE_FRETE_ERP	Tipo de Frete - ERP	String	TextBox	CPE_CSC	TIPO_DE_FRETE_ERP			
OrdemServico	TIPO_DE_IDENTIDADE	Tipo de Identidade Visual	String	DropDownList	CP_ORDEM_SERVICO	TIPO_DE_IDENTIDADE			Popup - divulgação ou informativo;Papel de parede;Proteção de tela
OrdemServico	TIPO_DE_MUDANCA	Tipo de Mudança	String	DropDownList	CP_ORDEM_SERVICO	TIPO_DE_MUDANCA			Padrão;Normal;Especial
OrdemServico	TIPO_DE_NOTA_FISCAL	Tipo de Nota Fiscal	String	DropDownList	CPE_CONTRATOS	TIPO_DE_NOTA_FISCAL			Aquisição de bens e/ou materiais;Prestação de serviços
OrdemServico	TIPO_DE_NOTA_FISCAL_ERP	Tipo de Nota Fiscal - ERP	String	TextBox	CPE_CSC	TIPO_DE_NOTA_FISCAL_ERP			
OrdemServico	TIPO_DE_NOTA_FISCAL_PARECER	Tipo de Nota Fiscal	String	DropDownList	CPE_CSC	TIPO_DE_NOTA_FISCAL_PARECER			Serviço
OrdemServico	TIPO_DE_PEDIDO	Tipo de Pedido	String	DropDownList	CPE_CONTRATOS	TIPO_DE_PEDIDO			Emissão cartão de acesso;Atualização de cartão de acesso
OrdemServico	TIPO_DE_SANGUE	Tipo Sanguineo	String	DropDownList	CPE_PESSOAS	TIPO_DE_SANGUE			A+;A-;AB+;AB-;B+;B-;O+;O-
OrdemServico	TIPO_DE_SERVICO	Tipo de Serviço	String	DropDownList	CP_ORDEM_SERVICO	TIPO_DE_SERVICO			Novos Desenvolvimentos;Aquisição
OrdemServico	TIPO_DE_SERVICO_CONTA	Tipo de Serviço	String	TextBox	CPE_CSC	TIPO_DE_SERVICO_CONTA			
OrdemServico	TIPO_DE_SOLICIT_COMP_SALARIAL	Combobox Listando os Serviços	String	DropDownList	CPE_CONTRATOS02	TIPO_DE_SOLICIT_COMP_SALARIAL			Solicitação de Complementação Salarial;Prorrogação de Complementação Salarial
OrdemServico	TIPO_DE_VALOR_DE_REFERENCIA	Tipo de Valor de Referência	String	DropDownList	CPE_CONTRATOS02	TIPO_DE_VALOR_DE_REFERENCIA	50		Média;Mediana;Menor Preço;Não se aplica;Maior Preço;Outros:
OrdemServico	TIPO_DOCUMENTO	Tipo de documento	String	DropDownList	CP_ORDEM_SERVICO	TIPO_DOCUMENTO			Aditivo;Apostilamento;Ata de Registro de Preço;Contrato;Convênio
OrdemServico	TIPO_DOCUMENTO_CI	Tipo de documento	String	DropDownList	CPE_ORDEM_SERVICO	TIPO_DOCUMENTO_CI			Relatório;RTC
OrdemServico	TIPO_DOCUMENTO_DGOV	Tipo de documento	String	DropDownList	CP_ORDEM_SERVICO	TIPO_DOCUMENTO_DGOV			Ato de diretoria;Ato de nomeação;Comunicação suplementar;Delegação de competência;Expediente;Nota técnica;Ofício;Portari
OrdemServico	TIPO_DOCUMENTO_DGOV1	Tipo de documento	String	DropDownList	CPE_ORDEM_SERVICO	TIPO_DOCUMENTO_DGOV1			Ato de diretoria;Ato de nomeação;Comunicação suplementar;Delegação de competência;Expediente;Ofício;Portaria;VOTO (coleg
OrdemServico	TIPO_ELEICAO_CIPA	Tipo de Processo Eleitoral	String	DropDownList	CPE_PESSOAS	TIPO_ELEICAO_CIPA			Normal;Designação;Extraordinário
OrdemServico	TIPO_EXCLUSAO	Tipo Exclusão Reembolso Plano de Saúde	String	DropDownList	CPE_PESSOAS	TIPO_EXCLUSAO			Titular e Dependentes;Apenas Dependentes
OrdemServico	TIPO_FORNECEDOR	Tipo de Fornecedor	String	DropDownList	CPE_CSC	TIPO_FORNECEDOR			Concessionárias de serviços públicos; Fundos Assistenciais; Transportador Contratado por Terceiros; Obrigações Judiciais
OrdemServico	TIPO_FORNECEDOR_PDPEP	Tipo Fornecedor	String	DropDownList	CPE_CSC	TIPO_FORNECEDOR_PDPEP			Pessoa física;Pessoa Jurídica
OrdemServico	TIPO_GRUPO	Tipos de Grupos do Lotus Notes	String	DropDownList	CP_ORDEM_SERVICO	TIPO_GRUPO			Grupo de Email;Grupo de Controle de Acesso;Grupo de Bloqueio;Grupo de Aprovação
OrdemServico	TIPO_HOSPEDAGEM	Tipo de Hospedagem	String	DropDownList	CPE_DESLOCAMENTO	TIPO_HOSPEDAGEM			Contratada;Avulsa;Avulsa SEM apresentação de NF;Sem Hospedagem
OrdemServico	TIPO_HOSPEDAGEM_GERED	Tipo de Hospedagem	String	DropDownList	CPE_DESLOCAMENTO	TIPO_HOSPEDAGEM_GERED			Contratada;Avulsa;Sem Hospedagem
OrdemServico	TIPO_IMOVEL	Tipo do Imóvel Preferencial:	String	DropDownList	CPE_CSC	TIPO_IMOVEL			Casa;Prédio; Apartamento;Conjunto;Armazém;Sala;Garagem;Galpão; Depósito 
OrdemServico	TIPO_IMOVEL_PREFERENCIAL	Tipo de Imóvel Preferencia	RecordList	DataGrid	Z_00143_TIPO_IMOVEL_PREFERENCIAL	TIPO_IMOVEL_PREFERENCIAL			
OrdemServico	TIPO_INCLUSAO_PLANO	Tipo de inclusão	String	DropDownList	CP_ORDEM_SERVICO	TIPO_INCLUSAO_PLANO			Titular;Dependentes;Titular e dependente
OrdemServico	TIPO_ITEM	Tipo	String	DropDownList	CPE_CSC	TIPO_ITEM			Aquisição;Serviço;Taxa
OrdemServico	TIPO_LOCALIDADE	Tipo de Localidade de Destino	String	DropDownList	CPE_MOVIMENTACAO_PESSOA	TIPO_LOCALIDADE			Capital; Interior
OrdemServico	TIPO_MAN_ACESSO	Manutenção de conta de usuário	String	DropDownList	CP_ORDEM_SERVICO	TIPO_MAN_ACESSO			Bloqueio;Alteração de acesso
OrdemServico	TIPO_MAUTENCAO	Tipo de Manutenção:	String	DropDownList	CPE_CSC	TIPO_MAUTENCAO			Preventiva;Corretiva
OrdemServico	TIPO_MULTA	Tipo de Multa	String	DropDownList	CPE_CSC	TIPO_MULTA			Multa; Avaria; Sinistro
OrdemServico	TIPO_NOMEACAO	Tipo de nomeação	String	DropDownList	CP_ORDEM_SERVICO	TIPO_NOMEACAO			De forma direta;De forma direta por destituição;Por Processo Seletivo Interno;Por Interinidade
OrdemServico	TIPO_NOTA_ERP	Tipo de Nota no ERP	String	TextBox	CPE_CSC	TIPO_NOTA_ERP			
OrdemServico	TIPO_OC_CHECK_LIST	Tipo de OC	String	DropDownList	CPE_CONTRATOS	TIPO_OC_CHECK_LIST			FQ412-031: Aditamento Contratual;FQ415-055: ARP (Contratação de Serviços);FQ412-033: ARP (Ordem de Compra);FQ415-067: Co
OrdemServico	TIPO_OC_CSC	Tipo de OC	String	DropDownList	CPE_CSC	TIPO_OC_CSC			OC Padrão;Liberação do Contrato Guarda-Chuva/Cobertura;OC vinculada à OC Acordo de Compra do Contrato;Acordo de Compra d
OrdemServico	TIPO_OPERACAO	Tipo de Operação	String	DropDownList	CPE_CSC	TIPO_OPERACAO			Receita; Custo/Despesa; Fopag; Investimento; Registro de RI; Outros
OrdemServico	TIPO_OPERACAO_PDPEP	Tipo Operação PDPEP	String	DropDownList	CPE_CSC	TIPO_OPERACAO_PDPEP			 Registro de RI
OrdemServico	TIPO_PEDIDO_CHIP	Tipo de Pedido	String	DropDownList	CPE_CSC	TIPO_PEDIDO_CHIP			Chip Virgem; Habilitar chip SMP 
OrdemServico	TIPO_PERIFERICO	Periférico a ser realizado o serviço	String	DropDownList	CP_ORDEM_SERVICO	TIPO_PERIFERICO			mouse;teclado;monitor;gravador de cd;gravador de dvd;outros
OrdemServico	TIPO_PLANO_CLIENTE	Plano	String	TextBox	CP_ORDEM_SERVICO	TIPO_PLANO_CLIENTE			
OrdemServico	TIPO_POSTO	Tipo de Posto	String	DropDownList	CPE_PESSOAS	TIPO_POSTO			Auxiliar; Interno; Atendimento
OrdemServico	TIPO_PROCESSO_DISCIPLINAR	Tipo de processo disciplinar	String	DropDownList	CPE_ORDEM_SERVICO	TIPO_PROCESSO_DISCIPLINAR			Ordinário;Simplificado;Sumário;Sumaríssimo
OrdemServico	TIPO_RDM	Tipo de RDM	String	DropDownList	CP_ORDEM_SERVICO	TIPO_RDM			Criação / Alteração / Exclusão Scripts;Manutenção de Dados;Criação de ambiente no Banco de Dados;Manutenção de Objetos;M
OrdemServico	TIPO_RESCISAO	Tipo de Rescisão	String	DropDownList	CPE_CONTRATOS	TIPO_RESCISAO			Rescisão Amigável;Rescisão Unilateral
OrdemServico	TIPO_SANGUINEO	Tipo sanguineo	String	TextBox	CPE_CSC	TIPO_SANGUINEO			
OrdemServico	TIPO_SERV	Tipo de serviço	String	DropDownList	CPE_PESSOAS	TIPO_SERV			Plano de Saúde;Afastamento;Previdência;Férias;Outros casos
OrdemServico	TIPO_SERVICO	Combobox Listando os Serviços	String	DropDownList	CPE_CONTRATOS02	TIPO_SERVICO			Cadastro de Novo Contrato; Ajustes de Cadastro; Repactuação; Aditivo; Termo de Quitação
OrdemServico	TIPO_SERVICO_REPRO	Tipo de Serviço	String	DropDownList	CPE_PRJ_BB	TIPO_SERVICO_REPRO			Acabamento; Cópia; Impressão; Encadernação
OrdemServico	TIPO_SINAL	Tipo Sinal	String	TextBox	CP_ORDEM_SERVICO	TIPO_SINAL			
OrdemServico	TIPO_SOL	Tipo de Solicitação	String	DropDownList	CPE_HOMOLOGACAO	TIPO_SOL			Normal; Prioridade
OrdemServico	TIPO_SOLICIT	Tipo de Solicitação	String	DropDownList	CPE_CONTRATOS	TIPO_SOLICIT			Acesso para colaborador terceirizado/posto de serviço/temporário/fiscais do Banco do Brasil;Acesso para funcionário BBTS
OrdemServico	TIPO_SOLICITA	Tipo de solicitação	String	DropDownList	CPE_PESSOAS	TIPO_SOLICITA			Cancelar GDP;Transferir GDP
OrdemServico	TIPO_SOLICITACAO	Tipo de solicitação	String	DropDownList	CP_ORDEM_SERVICO	TIPO_SOLICITACAO			Recisão; Férias; 13° Salário; Termo de Encerramento do Contrato; Repactuação 
OrdemServico	TIPO_SOLICITACAO1	Tipo de solicitação	String	DropDownList	CPE_CONTRATOS02	TIPO_SOLICITACAO1			Cadastrar;Alterar;Inativar;Reativar
OrdemServico	TIPO_SOLICITACAO_OC	Tipo de Solicitação	String	DropDownList	CPE_CSC	TIPO_SOLICITACAO_OC			 Contratos Existentes; Novas compras e Contratações; Liberação de OC Master;Taxa de Condomínio;Outro
OrdemServico	TIPO_SOLICITACAO_PREESCOLA	Tipo Solicitação	String	DropDownList	CPE_ORDEM_SERVICO	TIPO_SOLICITACAO_PREESCOLA			Pré-Escola
OrdemServico	TIPO_SOLICITACAO_TELEFONIA	Tipo da solicitação	String	DropDownList	CPE_CSC	TIPO_SOLICITACAO_TELEFONIA			 Bloquear Número da Linha; Cancelar Número da Linha; Bloquear Aparelho Celular e Número da Linha;Bloquear Aparelho Celul
OrdemServico	TIPO_SOL_COMPROVA_PAGO_F	Tipo de solicitação em comprovantes de valores pagos a fornecedores	String	DropDownList	CPE_CSC	TIPO_SOL_COMPROVA_PAGO_F			Comprovante de Pagamento;Conferência do valor pago; Liberação SGPS; Provisão de SGPS;Benefícios; SISLOC; FOPAG(Salário, 
OrdemServico	TIPO_SOL_CRACHA	Tipo de Solicitação	String	DropDownList	CPE_PORTIFOLIO	TIPO_SOL_CRACHA			Funcionário BBTS; Estagiário / Jovem Aprendiz; Representante Comercial
OrdemServico	TIPO_SUBSTITUICAO	Combobox Listando os Serviços	String	DropDownList	CPE_CONTRATOS02	TIPO_SUBSTITUICAO			Substituição Férias; Substituição Titularidade
OrdemServico	TIPO_TRANSF	Tipo de Transferência	String	DropDownList	CP_ORDEM_SERVICO	TIPO_TRANSF			A pedido do colaborador;A pedido da empresa
OrdemServico	TIPO_TREINAMENTO	Tipo de treinamento	String	DropDownList	CPE_PESSOAS	TIPO_TREINAMENTO			Treinamento para alta liderança - Diretoria;Demais treinamentos/reuniões; Exceções - Eventos com valores acima do previs
OrdemServico	TIPO_UNIDADE	Tipo da Unidade 	String	DropDownList	CPE_TIP_SOL01	TIPO_UNIDADE			CESEC RJ; CESEC BSB; CEMIC; CESEC GYN (GOIÂNIA); DILOG; CECAN SALVADOR; GERENTE DE CENTRO I; GERENTE DE CENTRO II; GEREN
OrdemServico	TIPO_USUARIO	Categoria de Usuário	String	DropDownList	CP_ORDEM_SERVICO	TIPO_USUARIO			Funcionário;Prestador de Serviço;Temporário;Estagiário;Jovem Aprendiz;Cedido;Terceirizado
OrdemServico	TIPO_VEICULO	Tipo do Veículo	String	DropDownList	CPE_MOVIMENTACAO_PESSOA	TIPO_VEICULO			Manual; Automático (PCD); Tracionado
OrdemServico	TIPO_VOLUMETRIA	Tipo Volumetria	String	DropDownList	CPE_CONTRATOS02	TIPO_VOLUMETRIA	100		Baixa Volumetria ;Média Volumetria; Alta Volumetria
OrdemServico	TIPO_VT	Opção	String	DropDownList	CP_ORDEM_SERVICO	TIPO_VT			Opto pela utilização do Vale-Transporte; Não opto pela utilização do Vale-Transporte
OrdemServico	TIP_SOL001	Tipo de Solicitação	String	DropDownList	CPE_TIP_SOL01	TIP_SOL001			Notificação; Processo Administrativo; Distrato; Rescisão
OrdemServico	TIP_SOL10	Tipos de solicitação	RecordList	DataGrid	Z_00143_TIP_SOL10	TIP_SOL10			
OrdemServico	TIP_SOL3	Tipos de Solicitação	RecordList	DataGrid	Z_00143_TIP_SOL3	TIP_SOL3			
OrdemServico	TIP_SOLDR	Tipo de Solicitação	String	DropDownList	CPE_HOMOLOGACAO	TIP_SOLDR			Distrato;Rescisão
OrdemServico	TIP_SOL_A	Tipos de Solicitação	RecordList	DataGrid	Z_00143_TIP_SOL_A	TIP_SOL_A			
OrdemServico	TITULO_AUTOMACAO	TITULO_AUTOMACAO	String	TextBox	CPE_CONTRATOS	TITULO_AUTOMACAO			
OrdemServico	TITULO_PROPOSTA	Titulo da Proposta	String	TextBox	CPE_CSC	TITULO_PROPOSTA			
OrdemServico	TOMADAS_E_INTERRUPTORES_SOLICITACOES_GESAP	Tomadas e Interruptores - Solicitações Gesap	String	DropDownList	CPE_CONTRATOS02	TOMADAS_E_INTERRUPTORES_SOLICITACOES_GESAP			Instalação de tomada;Manutenção de tomada;Troca de tomada;Instalação de interruptor;Troca de interruptor    
OrdemServico	TOMADOR	TOMADOR	RecordList	DataGrid	Z_00143_TOMADOR	TOMADOR			
OrdemServico	TOTAL_COMPLEMENTAR	Total Parcela Complementar (Não é necessário prestar contas)	Decimal	TextBox	CPE_DESLOCAMENTO	TOTAL_COMPLEMENTAR			
OrdemServico	TOTAL_CONFORMIDADE	Total em Conformidade	String	TextBox	CPE_NEGOCIOS	TOTAL_CONFORMIDADE			
OrdemServico	TOTAL_CRITERIOS	Resultado total dos critérios	Integer	TextBox	CP_ORDEM_SERVICO	TOTAL_CRITERIOS	3		
OrdemServico	TOTAL_DE_OS	Total de OS no período	String	TextBox	CPE_NEGOCIOS	TOTAL_DE_OS			
OrdemServico	TOTAL_DIFERIDO	Total Diferido	String	TextBox	CPE_PDCI2019	TOTAL_DIFERIDO			
OrdemServico	TOTAL_DIFERIDO_AJUSTADO	Total Diferido Ajustado	String	TextBox	CPE_PDCI2019	TOTAL_DIFERIDO_AJUSTADO			
OrdemServico	TOTAL_ELEITOS	Total Eleitos	String	TextBox	CPE_PESSOAS	TOTAL_ELEITOS			
OrdemServico	TOTAL_ELEITOS_TITULARES	Total Eleitos Titulares	String	TextBox	CPE_PESSOAS	TOTAL_ELEITOS_TITULARES			
OrdemServico	TOTAL_IMEDIATO	Total Imediato	String	TextBox	CPE_PDCI2019	TOTAL_IMEDIATO			
OrdemServico	TOTAL_INCENTIVOS	Total Incentivos	String	TextBox	CPE_PDCI2019	TOTAL_INCENTIVOS			
OrdemServico	TOTAL_INDICADOS	Total Indicados	String	TextBox	CPE_PESSOAS	TOTAL_INDICADOS			
OrdemServico	TOTAL_ITENS_AVALIADOS	Total de Itens Avaliados	String	TextBox	CPE_NEGOCIOS	TOTAL_ITENS_AVALIADOS			
OrdemServico	TOTAL_MEMBROS	Total de Membros	String	TextBox	CPE_PESSOAS	TOTAL_MEMBROS			
OrdemServico	TOTAL_NAO_CONFORMIDADE	Total em não Conformidade	String	TextBox	CPE_NEGOCIOS	TOTAL_NAO_CONFORMIDADE			
OrdemServico	TOTAL_OS_VERIFICADAS	Total de OS verificadas	String	TextBox	CPE_NEGOCIOS	TOTAL_OS_VERIFICADAS			
OrdemServico	TOTAL_RECEBER	Total	String	TextBox	CPE_PDCI2019	TOTAL_RECEBER			
OrdemServico	TOTAL_REC_DIFER_INC	Total Recebimentos Diferido Incentivo	String	TextBox	CPE_PDCI2019	TOTAL_REC_DIFER_INC			
OrdemServico	TOTAL_REC_IMED_INC	Total Recebimento Imediato Incentivo	String	TextBox	CPE_PDCI2019	TOTAL_REC_IMED_INC			
OrdemServico	TOTAL_VERBAS_RESCISORIAS	Total de Verbas Rescisórias	String	TextBox	CPE_PDCI2019	TOTAL_VERBAS_RESCISORIAS			
OrdemServico	TP_ADT	Tipos de Solicitação	RecordList	DataGrid	Z_00143_TP_ADT	TP_ADT			
OrdemServico	TP_PARTE_RELACIONADA	Tipo de Parte Relacionada	String	DropDownList	CPE_ERP_PO	TP_PARTE_RELACIONADA		S	
OrdemServico	TP_SOL2	Tipos de solicitações	RecordList	DataGrid	Z_00143_TP_SOL2	TP_SOL2			
OrdemServico	TRANSACAO_ERP	TRANSACAO_ERP	RecordList	DataGrid	Z_00143_TRANSACAO_ERP	TRANSACAO_ERP			
OrdemServico	TRANSPORTE_FLUVIAL	Valor	Decimal	TextBox	CPE_DESLOCAMENTO	TRANSPORTE_FLUVIAL			
OrdemServico	TRIMESTRE	Trimestre	String	DropDownList	CPE_CONTRATOS	TRIMESTRE	50		1º;2º;3º;4º
OrdemServico	TROCA_MATRICULA	Troca de Matrícula?	Boolean	DropDownList	CP_ORDEM_SERVICO	TROCA_MATRICULA			
OrdemServico	TURNO_DA_VISITA	Turno da Visita	String	DropDownList	CPE_CSC	TURNO_DA_VISITA			Manhã;Tarde;Noite
OrdemServico	UF	UF	String	DropDownList	CP_ORDEM_SERVICO	UF			Acre;Alagoas;Amapá;Amazonas;Bahia;Ceará;Distrito Federal;Espírito Santo;Goiás;Maranhão;Mato Grosso;Mato Grosso do Sul;Mi
OrdemServico	UF_ASSTEC	UF	String	DropDownList	CP_ORDEM_SERVICO	UF_ASSTEC			Acre;Alagoas;Amapá;Amazonas;Bahia;Ceará;Distrito Federal;Espírito Santo;Goiás;Maranhão;Mato Grosso;Mato Grosso do Sul;Mi
OrdemServico	UF_CONTRATA_MAISBR	Estado	String	TextBox	CPE_CONTRATOS02	UF_CONTRATA_MAISBR	1999		
OrdemServico	UF_ESTAB	UF_Estabelecimento	String	TextBox	CPE_ORDEM_SERVICO	UF_ESTAB			
OrdemServico	UNICADE_CLIMA_AVALI	Unidades de climatização mantidas com suas fichas de acompanhamento de manutenção preventiva atualizadas mensalmente	String	DropDownList	CPE_CONTRATOS02	UNICADE_CLIMA_AVALI			1;2;3;0
OrdemServico	UNIDADES_BBTS	Unidades BBTS	String	DropDownList	CPE_CSC	UNIDADES_BBTS			AUDIT;CAT-AND;CAT-BAR;CAT-BAU;CAT-BEL;CAT-BEM;CAT-BRA;CAT-CAM;CAT-CARIOCA;CAT-CGR;CAT-CUI;CAT-CUR;CAT-FLO;CAT-FOR;CAT-GO
OrdemServico	UNIDADES_BBTS_2	Unidades BBTS 2	String	DropDownList	CPE_CSC	UNIDADES_BBTS_2			AUDIT;CAT-AND;CAT-BAR;CAT-BAU;CAT-BEL;CAT-BEM;CAT-BRA;CAT-CAM;CAT-CARIOCA;CAT-CGR;CAT-CUI;CAT-CUR;CAT-FLO;CAT-FOR;CAT-GO
OrdemServico	UNIDADE_CHAVES	UNIDADE_CHAVES	String	DropDownList	CPE_CSC	UNIDADE_CHAVES			Matriz-Brasília;Goiânia;Rio de Janeiro
OrdemServico	UNIDADE_DE_NEGOCIO_PE	UNIDADE_DE_NEGOCIO_PE	String	DropDownList	CPE_CSC	UNIDADE_DE_NEGOCIO_PE			Presidencia; Diope; Dites; Geemp;Gerel; Gesed
OrdemServico	UNIDADE_MEDIDA_ERP	Unidade de Medida - ERP	String	TextBox	CPE_CSC	UNIDADE_MEDIDA_ERP			
OrdemServico	UNIDADE_NEGOCIO	Unidade de Negócio	String	DropDownList	CP_ORDEM_SERVICO	UNIDADE_NEGOCIO		S	
OrdemServico	UNIDADE_NEGOCIO2	Unidade de Negócio	String	DropDownList	CPE_CSC	UNIDADE_NEGOCIO2		S	
OrdemServico	UNIDADE_ORGANIZACIONAL	Unidade Organizacional	String	TextBox	CPE_CSC	UNIDADE_ORGANIZACIONAL			
OrdemServico	UNIDADE_PRINCIPAL	Unidade medida principal:	String	TextBox	CPE_CSC	UNIDADE_PRINCIPAL			
OrdemServico	UNIFORME	Uniforme a ser devolvido pelo colaborador?	String	DropDownList	CP_ORDEM_SERVICO	UNIFORME			Não;Sim
OrdemServico	UNIFORMES_EPI	Uniforme	RecordList	DataGrid	Z_00143_UNIFORMES_EPI	UNIFORMES_EPI			
OrdemServico	UNIFORMES_EPI_LOTE	Uniformes em lote	RecordList	DataGrid	Z_00143_UNIFORMES_EPI_LOTE	UNIFORMES_EPI_LOTE			
OrdemServico	UNITARIO_OU_LOTE	A pesquisa de mercado realizada é individual por item unitário ou serviço/aquisição por lote?	String	DropDownList	CPE_CSC	UNITARIO_OU_LOTE			Item Unitário;Serviço/Aquisição por Lote;Item Unitário e Serviço/Aquisição por Lote
OrdemServico	UOR	UOR	RecordList	DataGrid	Z_00143_UOR	UOR			
OrdemServico	UOR1	UOR do indicado 1	String	TextBox	CPE_RECONHECER	UOR1			
OrdemServico	UOR2	UOR do indicado 2	String	TextBox	CPE_RECONHECER	UOR2			
OrdemServico	UOR3	UOR	RecordList	DataGrid	Z_00143_UOR3	UOR3			
OrdemServico	UOR5	UOR	String	TextBox	CPE_FINANCEIRO	UOR5			
OrdemServico	UORDIRETORIA1	UOR da Diretoria do indicado 1	String	TextBox	CPE_RECONHECER	UORDIRETORIA1			
OrdemServico	UORDIRETORIA2	UOR da Diretoria do indicado 2	String	TextBox	CPE_RECONHECER	UORDIRETORIA2			
OrdemServico	UOREXECUTIVA1	UOR da Gerência Executiva do indicado 1	String	TextBox	CPE_RECONHECER	UOREXECUTIVA1			
OrdemServico	UOREXECUTIVA2	UOR da Gerência Executiva do indicado 2	String	TextBox	CPE_RECONHECER	UOREXECUTIVA2			
OrdemServico	UOR_COBRA	UOR_COBRA	String	TextBox	CPE_CONTRATOS02	UOR_COBRA			
OrdemServico	UOR_DESTINO	UOR de Destino	String	DropDownList	CPE_PORTIFOLIO	UOR_DESTINO		S	
OrdemServico	UOR_DE_FATURAMENTO	UOR Movimentação	Integer	DropDownList	CPE_CONTRATOS02	UOR_DE_FATURAMENTO			
OrdemServico	UOR_LOCAL_FATURAMENTO	UOR/LOCAL_FATURAMENTO	RecordList	DataGrid	Z_00143_UOR_LOCAL_FATURAMENTO	UOR_LOCAL_FATURAMENTO			
OrdemServico	UOR_ORIGEM	UOR de Origem	String	DropDownList	CPE_PORTIFOLIO	UOR_ORIGEM		S	
OrdemServico	UOR_PAGADORA	UOR Pagadora	String	TextBox	CPE_CSC	UOR_PAGADORA			
OrdemServico	UOR_TESTE	UOR Teste	RecordList	DataGrid	Z_00143_UOR_TESTE	UOR_TESTE			
OrdemServico	UOR_VALOR	UOR_VALOR	RecordList	DataGrid	Z_00143_UOR_VALOR	UOR_VALOR			
OrdemServico	URGENCIA_DOD	Qual a urgência da solicitação?	String	DropDownList	CP_ORDEM_SERVICO	URGENCIA_DOD		S	
OrdemServico	URGENCIA_DOD_V2	Qual a necessidade/expectativa de atendimento da solicitação?	String	DropDownList	CP_ORDEM_SERVICO	URGENCIA_DOD_V2		S	
OrdemServico	URL	Endereço da Página WEB	String	TextBox	CP_ORDEM_SERVICO	URL			
OrdemServico	URL1	Endereço da Página WEB	String	TextBox	CP_ORDEM_SERVICO	URL1			
OrdemServico	URL2	URL2	String	TextBox	CPE_CSC	URL2			
OrdemServico	URL3	Endereço da Página WEB	String	TextBox	CPE_CSC	URL3			
OrdemServico	URL_RELATORIO	URL Relátorio Qualidade	String	TextBox	CPE_CSC	URL_RELATORIO			
OrdemServico	USO_DEPEND_ELEGIVEIS	Uso/Dependências elegíveis	String	DropDownList	CPE_CSC	USO_DEPEND_ELEGIVEIS			Acionamento apenas com autor;Para uso geral;Uso exclusivo Gesap/Diapa
OrdemServico	USO_DO_BEM	Uso:	String	DropDownList	CPE_CSC	USO_DO_BEM			Eventual;Recorrente
OrdemServico	USUARIO_PADRAO	Usuário Padrão	Boolean	CheckBox	CPE_ORDEM_SERVICO	USUARIO_PADRAO			
OrdemServico	UTILIZA_EMBA_AVALI	Utilização de embalagens apropriadas	String	DropDownList	CPE_CONTRATOS	UTILIZA_EMBA_AVALI			1;2;3;0
OrdemServico	UTILIZA_UNIFORMEEQUIPA_AVALI	Utilização de uniformes e equipamentos apropriados.	String	DropDownList	CPE_CONTRATOS02	UTILIZA_UNIFORMEEQUIPA_AVALI			1;2;3;0
OrdemServico	UTLILIZA_UNIFORMEAVALIA1	Utilização de uniformes e equipamentos de proteção individual apropriados	String	DropDownList	CPE_CONTRATOS	UTLILIZA_UNIFORMEAVALIA1			1;2;3;0
OrdemServico	VALIDACAO_CHATBOT	Campo para receber resultado verdadeiro/falso em validações de dados enviados pelo chatbot cesec	Boolean	CheckBox	CPE_CSC	VALIDACAO_CHATBOT			
OrdemServico	VALIDADE	Validade	String	TextBox	CPE_CONTRATOS	VALIDADE			
OrdemServico	VALIDADE_PASSAGEM	Valor válido até dia:	DateTime	DatePicker	CPE_DESLOCAMENTO	VALIDADE_PASSAGEM			
OrdemServico	VALIDA_ATESTADO	Validação Atestado	String	DropDownList	CPE_CSC	VALIDA_ATESTADO			Validado;Não Validado
OrdemServico	VALIDCNH	Validade CNH	String	TextBox	CPE_HOMOLOGACAO	VALIDCNH			
OrdemServico	VALIDCNH2	Validade CNH	String	TextBox	CPE_HOMOLOGACAO	VALIDCNH2			
OrdemServico	VALOR	Valor	Decimal	TextBox	CP_ORDEM_SERVICO	VALOR			
OrdemServico	VALOR FAT LIQUIDO	VALOR FAT LIQUIDO	String	TextBox	CPE_PESSOAS	VALOR_FAT_LIQUIDO			
OrdemServico	VALOR RESIDUAL TOTAL	Valor Residual Total	String	TextBox	CPE_TIP_SOL01	VALOR_RESIDUAL_TOTAL			
OrdemServico	VALOR1	Valor	Decimal	TextBox	CPE_CONTRATOS02	VALOR1			
OrdemServico	VALORDAPROVISAO	Valor da provisão 	String	TextBox	CPE_PESSOAS	VALORDAPROVISAO			
OrdemServico	VALORES_TOTAIS_CONTA	Valores Totais	String	TextBox	CPE_CSC	VALORES_TOTAIS_CONTA			
OrdemServico	VALORF1	Valor	Decimal	TextBox	CPE_CONTRATOS02	VALORF1			
OrdemServico	VALORF2	Valor	Decimal	TextBox	CPE_CONTRATOS02	VALORF2			
OrdemServico	VALORF3	Valor	Decimal	TextBox	CPE_CONTRATOS02	VALORF3			
OrdemServico	VALORF4	Valor	Decimal	TextBox	CPE_CONTRATOS02	VALORF4			
OrdemServico	VALORF5	Valor	Decimal	TextBox	CPE_CONTRATOS02	VALORF5			
OrdemServico	VALORF6	Valor	Decimal	TextBox	CPE_CONTRATOS02	VALORF6			
OrdemServico	VALORFESCOLHIDO	Valor	Decimal	TextBox	CPE_CONTRATOS02	VALORFESCOLHIDO			
OrdemServico	VALORISSQNBBTS_FAT	Valor do ISSQN _ BBTS	Decimal	TextBox	CPE_BOOTCAMP	VALORISSQNBBTS_FAT			
OrdemServico	VALORNOTAFISCAL	Valor da Nota Fiscal	Decimal	TextBox	CPE_CSC	VALORNOTAFISCAL			
OrdemServico	VALORNOTAFISCAL03	Valor nota fiscal	RecordList	DataGrid	Z_00143_VALORNOTAFISCAL03	VALORNOTAFISCAL03			
OrdemServico	VALORTOTALPB	Valor Total	Decimal	TextBox	CPE_PRJ_BB	VALORTOTALPB			
OrdemServico	VALORTOTSEMCOMPROV	Valor total sem necessidade de comprovação	Decimal	TextBox	CPE_CSC	VALORTOTSEMCOMPROV			
OrdemServico	VALOR_APROVADO_ARP	Valor Aprovado da Nota Técnica	Decimal	TextBox	CPE_CSC	VALOR_APROVADO_ARP			
OrdemServico	VALOR_AUTORIZADO	Valor Autorizado	Decimal	TextBox	CPE_MOVIMENTACAO_PESSOA	VALOR_AUTORIZADO			
OrdemServico	VALOR_BONUS	Valor do Bônus	String	Label	CPE_CONTRATOS02	VALOR_BONUS			
OrdemServico	VALOR_CLASSIFICACAO	Valor da classificação	Decimal	TextBox	CPE_CSC	VALOR_CLASSIFICACAO			
OrdemServico	VALOR_COMPARACAO	Valor de comparação	String	TextBox	CP_ORDEM_SERVICO	VALOR_COMPARACAO			
OrdemServico	VALOR_CONTRATADO	Valor Contratado	Decimal	TextBox	CP_ORDEM_SERVICO	VALOR_CONTRATADO			
OrdemServico	VALOR_DA_GARANTIA_1	Valor da Garantia	String	TextBox	CPE_CONTRATOS	VALOR_DA_GARANTIA_1			
OrdemServico	VALOR_DA_GLOSA	Valor da Glosa	String	TextBox	CPE_PESSOAS	VALOR_DA_GLOSA			
OrdemServico	VALOR_DA_GLOSA1	Valor da Glosa	String	TextBox	CPE_CONTRATOS	VALOR_DA_GLOSA1			
OrdemServico	VALOR_DA_MULTA	Valor da Multa	Decimal	TextBox	CPE_PESSOAS	VALOR_DA_MULTA			
OrdemServico	VALOR_DA_NF	Número(s) e Valor(es) da(s) Nota(s) Fiscal(is)	RecordList	DataGrid	Z_00143_VALOR_DA_NF	VALOR_DA_NF			
OrdemServico	VALOR_DA_NOTA_FISCAL	Valor(es) da(s) Nota(s)	RecordList	DataGrid	Z_00143_VALOR_DA_NOTA_FISCAL	VALOR_DA_NOTA_FISCAL			
OrdemServico	VALOR_DA_NOTA_FISCAL_1	Valor(es) da(s) Nota(s)	RecordList	DataGrid	Z_00143_VALOR_DA_NOTA_FISCAL_1	VALOR_DA_NOTA_FISCAL_1			
OrdemServico	VALOR_DA_RC	Valor da RC	Decimal	TextBox	CPE_CSC	VALOR_DA_RC			
OrdemServico	VALOR_DESPESAS	Valor de outras despesas R$	Decimal	TextBox	CPE_DESLOCAMENTO	VALOR_DESPESAS			
OrdemServico	VALOR_DESPESAS_GERED	Valor de outras despesas R$	Decimal	TextBox	CPE_DESLOCAMENTO	VALOR_DESPESAS_GERED			
OrdemServico	VALOR_DIARIA	Valor da Diaria R$	Decimal	TextBox	CPE_DESLOCAMENTO	VALOR_DIARIA			
OrdemServico	VALOR_DIARIA_AUTORIZADO	Valor Diária Autorizado	String	TextBox	CPE_DESLOCAMENTO	VALOR_DIARIA_AUTORIZADO			
OrdemServico	VALOR_DIARIA_AUTORIZADO_GERED	Valor Diária Autorizado	String	TextBox	CPE_DESLOCAMENTO	VALOR_DIARIA_AUTORIZADO_GERED			
OrdemServico	VALOR_DIARIA_DOLAR	Valor Diária US$	String	TextBox	CPE_DESLOCAMENTO	VALOR_DIARIA_DOLAR			
OrdemServico	VALOR_DIARIA_GERED	Valor da Diaria R$	Decimal	TextBox	CPE_DESLOCAMENTO	VALOR_DIARIA_GERED			
OrdemServico	VALOR_DIFERENCA_DESLOCAMENTO	Valor Diferença	Decimal	TextBox	CPE_DESLOCAMENTO	VALOR_DIFERENCA_DESLOCAMENTO			
OrdemServico	VALOR_DISPONIVEL_NT	Valor Disponível na Nota Técnica	String	TextBox	CPE_CSC	VALOR_DISPONIVEL_NT			
OrdemServico	VALOR_DISTANCIA	Valor previsto para percorrer distância R$	String	TextBox	CPE_DESLOCAMENTO	VALOR_DISTANCIA			
OrdemServico	VALOR_DISTANCIA_GERED	Valor previsto para percorrer distância R$	String	TextBox	CPE_DESLOCAMENTO	VALOR_DISTANCIA_GERED			
OrdemServico	VALOR_DOD	Valor	Decimal	TextBox	CP_ORDEM_SERVICO	VALOR_DOD			
OrdemServico	VALOR_DO_DOCUMENTO	Valor(es) do(s) Documento(s)	RecordList	DataGrid	Z_00143_VALOR_DO_DOCUMENTO	VALOR_DO_DOCUMENTO			
OrdemServico	VALOR_DO_PROVISIONAMENTO	Valor do Provisionamento	String	TextBox	CPE_CONTRATOS	VALOR_DO_PROVISIONAMENTO			
OrdemServico	VALOR_DO_REEMBOLSO_2	Valor do Reembolso 2	Decimal	TextBox	CPE_CONTRATOS	VALOR_DO_REEMBOLSO_2			
OrdemServico	VALOR_E	Valor	Decimal	TextBox	CPE_ECOMERCE	VALOR_E			
OrdemServico	VALOR_EXTRA	Valor das despesas extras	Decimal	TextBox	CPE_DESLOCAMENTO	VALOR_EXTRA			
OrdemServico	VALOR_FATURAMENTO_FECHADO	Valor do Faturamento Fechado	Decimal	TextBox	CPE_PESSOAS	VALOR_FATURAMENTO_FECHADO			
OrdemServico	VALOR_GLOSA_ACIONADA	Valor da Glosa Acionada	Decimal	TextBox	CPE_PESSOAS	VALOR_GLOSA_ACIONADA			
OrdemServico	VALOR_LIMITE_ATUAL	Valor do limite atual (R$)	String	TextBox	CPE_TIP_SOL01	VALOR_LIMITE_ATUAL			
OrdemServico	VALOR_MENSALIDADE	Valor da mensalidade	Decimal	TextBox	CP_ORDEM_SERVICO	VALOR_MENSALIDADE			
OrdemServico	VALOR_NF_02	Valor NF Provisão trabalhista	String	DropDownList	CPE_PESSOAS	VALOR_NF_02			Número da NF; Valor da NF; Mês de referência; Número do RI; Valor da Provisão; Data de pagamento
OrdemServico	VALOR_NOTA	Valor da Nota Fiscal	String	TextBox	CP_ORDEM_SERVICO	VALOR_NOTA	13		
OrdemServico	VALOR_NOTA_FISCAL	Valor da Nota Fiscal	Decimal	TextBox	CP_ORDEM_SERVICO	VALOR_NOTA_FISCAL			
OrdemServico	VALOR_NOVO_LIMITE	Valor do novo limitel (R$)	String	TextBox	CPE_TIP_SOL01	VALOR_NOVO_LIMITE			
OrdemServico	VALOR_PAGAMENTO_RCC	Valor Pagamento RCC	Decimal	TextBox	CPE_CSC	VALOR_PAGAMENTO_RCC			
OrdemServico	VALOR_PAGAMENTO_RI	Valor de pagamento do RI	String	TextBox	CPE_CSC	VALOR_PAGAMENTO_RI			
OrdemServico	VALOR_PAGAMENTO_RI_DEC	Valor de pagamento do RI	Decimal	TextBox	CPE_CSC	VALOR_PAGAMENTO_RI_DEC			
OrdemServico	VALOR_PASSAGEM	Valor R$	Decimal	TextBox	CPE_DESLOCAMENTO	VALOR_PASSAGEM			
OrdemServico	VALOR_PRESTACAO	Valor da prestação	Decimal	TextBox	CP_ORDEM_SERVICO	VALOR_PRESTACAO			
OrdemServico	VALOR_PRESTACAO_CONSIG	Valor da Prestação	Decimal	TextBox	CP_ORDEM_SERVICO	VALOR_PRESTACAO_CONSIG			
OrdemServico	VALOR_PRESTACAO_CONTRATO_ANTIGO	Valor da prestação do contrato antigo	String	TextBox	CPE_CSC	VALOR_PRESTACAO_CONTRATO_ANTIGO			
OrdemServico	VALOR_PRESTACAO_EC	Valor da Prestação Anterior	Decimal	TextBox	CP_ORDEM_SERVICO	VALOR_PRESTACAO_EC			
OrdemServico	VALOR_PRETACAO_CONTRATO_ANTIGO	Valor prestação contrato antigo	String	TextBox	CPE_CSC	VALOR_PRETACAO_CONTRATO_ANTIGO			
OrdemServico	VALOR_PRIORIDADE	Resultado total do critério valor	Integer	TextBox	CP_ORDEM_SERVICO	VALOR_PRIORIDADE	3		
OrdemServico	VALOR_QUALIF	Valor da Proposta - Qualificação Financeira	Decimal	TextBox	CPE_FINANCEIRO	VALOR_QUALIF			
OrdemServico	VALOR_REEMBOLSO	Valor do Reembolso	Decimal	TextBox	CP_ORDEM_SERVICO	VALOR_REEMBOLSO			
OrdemServico	VALOR_REEMBOLSO_2	Valor Reembolso	Decimal	TextBox	CPE_CONTRATOS	VALOR_REEMBOLSO_2			
OrdemServico	VALOR_REFERENCIAL	Valor Referencial	RecordList	DataGrid	Z_00143_VALOR_REFERENCIAL	VALOR_REFERENCIAL			
OrdemServico	VALOR_REF_CONT	Valor Referencial da Contratação	Decimal	TextBox	CP_ORDEM_SERVICO	VALOR_REF_CONT			
OrdemServico	VALOR_REF_INTEGRAL	Valor Refeição Integral	String	TextBox	CPE_DESLOCAMENTO	VALOR_REF_INTEGRAL			
OrdemServico	VALOR_REF_INTEGRAL_GERED	Valor Refeição Integral	String	TextBox	CPE_DESLOCAMENTO	VALOR_REF_INTEGRAL_GERED			
OrdemServico	VALOR_REF_REDUZIDA	Valor Refeição Reduzida	String	TextBox	CPE_DESLOCAMENTO	VALOR_REF_REDUZIDA			
OrdemServico	VALOR_REF_REDUZIDA_GERED	Valor Refeição Reduzida	String	TextBox	CPE_DESLOCAMENTO	VALOR_REF_REDUZIDA_GERED			
OrdemServico	VALOR_REF_UNIT	Valor Referencial Unitário	RecordList	DataGrid	Z_00143_VALOR_REF_UNIT	VALOR_REF_UNIT			
OrdemServico	VALOR_REMUNERACAO	Valor da Remuneração	String	TextBox	CP_ORDEM_SERVICO	VALOR_REMUNERACAO	13		
OrdemServico	VALOR_REMUNERACAO_DEC	Valor da Remuneração	Decimal	TextBox	CPE_CSC	VALOR_REMUNERACAO_DEC	13		
OrdemServico	VALOR_REMUNERACAO_PDCI	Valor Remuneração	String	TextBox	CP_ORDEM_SERVICO	VALOR_REMUNERACAO_PDCI			
OrdemServico	VALOR_SAUDE	Valor	Decimal	TextBox	CP_ORDEM_SERVICO	VALOR_SAUDE			
OrdemServico	VALOR_TOTAL	Valor Total	Integer	TextBox	CPE_PESSOAS	VALOR_TOTAL			
OrdemServico	VALOR_TOTAL_ADIANTAMENTO	Valor total do adiantamento R$	Decimal	TextBox	CPE_DESLOCAMENTO	VALOR_TOTAL_ADIANTAMENTO			
OrdemServico	VALOR_TOTAL_ADIANTAMENTO_GERED	Valor total do adiantamento R$	Decimal	TextBox	CPE_DESLOCAMENTO	VALOR_TOTAL_ADIANTAMENTO_GERED			
OrdemServico	VALOR_TOTAL_DIARIA	Valor total de diárias R$	Decimal	TextBox	CPE_DESLOCAMENTO	VALOR_TOTAL_DIARIA			
OrdemServico	VALOR_TOTAL_DIARIA_GERED	Valor total de diárias R$	Decimal	TextBox	CPE_DESLOCAMENTO	VALOR_TOTAL_DIARIA_GERED			
OrdemServico	VALOR_TOTAL_DISPONIVEL_OC	Valor total Disponivel na OC	Decimal	TextBox	CPE_CSC	VALOR_TOTAL_DISPONIVEL_OC			
OrdemServico	VALOR_TOTAL_GUIAS	Valor total das guias	Decimal	TextBox	CPE_CSC	VALOR_TOTAL_GUIAS			
OrdemServico	VALOR_TOTAL_LANCAMENTO	Valor Total Lançamento	Decimal	TextBox	CPE_PESSOAS	VALOR_TOTAL_LANCAMENTO			
OrdemServico	VALOR_TOTAL_LIBERADO_ARP	Valor Total Liberado da Nota Técnica	Decimal	TextBox	CPE_CSC	VALOR_TOTAL_LIBERADO_ARP			
OrdemServico	VALOR_TOTAL_NF_ERP	Valor Total da Nota Fiscal ERP	String	TextBox	CPE_CSC	VALOR_TOTAL_NF_ERP			
OrdemServico	VALOR_TOTAL_OC	Valor Total OC	String	TextBox	CPE_CSC	VALOR_TOTAL_OC			
OrdemServico	VALOR_TOTAL_PROVISAO	Valor total da provisão	Decimal	TextBox	CPE_PESSOAS	VALOR_TOTAL_PROVISAO			
OrdemServico	VALOR_TOTAL_REEMBOLSO	Valor Total	Decimal	TextBox	CP_ORDEM_SERVICO	VALOR_TOTAL_REEMBOLSO			
OrdemServico	VALOR_TOTAL_REFEICAO	Valor total previsto para refeições: R$	String	TextBox	CPE_ORDEM_SERVICO	VALOR_TOTAL_REFEICAO			
OrdemServico	VALOR_TOTAL_REFEICAO_GERED	Valor total previsto para refeições: R$	String	TextBox	CPE_ORDEM_SERVICO	VALOR_TOTAL_REFEICAO_GERED			
OrdemServico	VALOR_TOTAL_SOL	Valor Total Solicitado	Decimal	TextBox	CPE_PESSOAS	VALOR_TOTAL_SOL			
OrdemServico	VALOR_TOTAL_UTILIZADO_ARP	Valor Total Utilizado	Decimal	TextBox	CPE_CSC	VALOR_TOTAL_UTILIZADO_ARP			
OrdemServico	VALOR_TOTAL_VT	Valor Total	Decimal	TextBox	CP_ORDEM_SERVICO	VALOR_TOTAL_VT			
OrdemServico	VALOR_TOT_PREST_CONTAS	Valor total a prestar contas	Decimal	TextBox	CPE_CSC	VALOR_TOT_PREST_CONTAS			
OrdemServico	VALOR_UTILIZADO	Valor Utilizado	String	TextBox	CPE_CSC	VALOR_UTILIZADO			
OrdemServico	VALOR_UTILIZADO_DESLOCAMENTO	Valor Utilizado	Decimal	TextBox	CPE_CSC	VALOR_UTILIZADO_DESLOCAMENTO			
OrdemServico	VANTAGEM_MUDANCA	Vantagem Mudança	String	TextBox	CPE_PDCI2019	VANTAGEM_MUDANCA			
OrdemServico	VANTAGEM_PEC	Vantagem PEC	String	TextBox	CPE_PDCI2019	VANTAGEM_PEC			
OrdemServico	VANTAGEM_REMOCAO	Vantagem Remoção	String	TextBox	CPE_PDCI2019	VANTAGEM_REMOCAO			
OrdemServico	VARA_TRIBUNAL	VARA_TRIBUNAL	String	TextBox	CPE_CONTRATOS02	VARA_TRIBUNAL			
OrdemServico	VEDADA_RENOVACAO	Vedada renavação	String	DropDownList	CP_ORDEM_SERVICO	VEDADA_RENOVACAO			sim;não
OrdemServico	VEICULO	Veículo	String	TextBox	CPE_CSC	VEICULO			
OrdemServico	VEICULO_KM	Veículo KM	String	TextBox	CPE_CSC	VEICULO_KM			
OrdemServico	VEICULO_LOCADO	Dados do Veículo Locado	RecordList	DataGrid	Z_00143_VEICULO_LOCADO	VEICULO_LOCADO			
OrdemServico	VEICULO_PLACA	Placa do Veículo	String	TextBox	CPE_CSC	VEICULO_PLACA			
OrdemServico	VERBAS_RESCISORIAS	Total Verbas Rescisórias	String	TextBox	CPE_PDCI2019	VERBAS_RESCISORIAS			
OrdemServico	VERSAO	Número da Versão	String	TextBox	CP_ORDEM_SERVICO	VERSAO	12		
OrdemServico	VIABILIDADE_TRANSFERENCIA	Viabilidade de Transferência	String	Memo	CP_ORDEM_SERVICO	VIABILIDADE_TRANSFERENCIA			
OrdemServico	VIAGEM_LONGA	Viagem de Longa Distância	String	DropDownList	CPE_DESLOCAMENTO	VIAGEM_LONGA			Até 399km;A partir de 400km
OrdemServico	VICE_PRESIDENTE_CIPA	Vice Presidente CIPA	String	DropDownList	CPE_CSC	VICE_PRESIDENTE_CIPA		S	
OrdemServico	VIDRACARIA_SOLICITACOES_GESAP	Vidraçaria - Solicitações Gesap	String	DropDownList	CPE_CONTRATOS02	VIDRACARIA_SOLICITACOES_GESAP			Troca de vidro;Instalação de vidro;Reparo em janela de vidro;Instalação de espelho;Ajuste de esquadrias de vidro   
OrdemServico	VINCULO_AUX_FUNERAL	Vínculo	String	DropDownList	CPE_CSC	VINCULO_AUX_FUNERAL			Funcionário(a);Pai;Mãe;Conjuge;Filho(a)
OrdemServico	VINCULO_AUX_FUNERAL_BENEFICIARIO	Vínculo do Benefíciário	String	DropDownList	CPE_CSC	VINCULO_AUX_FUNERAL_BENEFICIARIO			Pai;Mãe;Conjugue;Filho(a),Funcionário(a)
OrdemServico	VISIBILIDADE	Visibilidade	String	DropDownList	CP_ORDEM_SERVICO	VISIBILIDADE			Público;Restrito
OrdemServico	VLFAT_FAT	Faturamento Total - R$	Decimal	TextBox	CPE_FINANCEIRO	VLFAT_FAT			
OrdemServico	VLREBATE_FAT	Rebate, Glosa ou Multa Total - R$	Decimal	TextBox	CPE_FINANCEIRO	VLREBATE_FAT			
OrdemServico	VLR_CONTRATADO	Valor do Aditivo	String	Memo	CPE_CONTRATOS	VLR_CONTRATADO			
OrdemServico	VPN	Acesso VPN	Boolean	CheckBox	CPE_ORDEM_SERVICO	VPN			
OrdemServico	WEBMAIL	Acesso Webmail	Boolean	CheckBox	CP_ORDEM_SERVICO	WEBMAIL			
OrdemServico	WIFI	Acesso Wi-fi	Boolean	CheckBox	CPE_ORDEM_SERVICO	WIFI			
Pessoa	CARGO_FUNCIONAL	Cargo Funcional	String	TextBox	CP_PESSOA	CARGO_FUNCIONAL	30		
Pessoa	CPF	CPF	String	TextBox	CP_PESSOA	CPF	11		
Pessoa	DATA_DE_ADMISSAO	Data de Admissão	DateTime	DatePicker	CP_PESSOA	DATA_DE_ADMISSAO			
Pessoa	DATA_NASCIMENTO	Data de Nascimento	DateTime	DatePicker	CP_PESSOA	DATA_NASCIMENTO			
Pessoa	DATA_TERMINO_CONTRATO	Data de término de contrato	DateTime	DatePicker	CP_PESSOA	DATA_TERMINO_CONTRATO			
Pessoa	DESC_CONTRATACAO	Descrição do Tipo de Contratação	String	TextBox	CP_PESSOA	DESC_CONTRATACAO	30		
Pessoa	FUNCAO_GRATIFICADA	Função Gratificada	String	TextBox	CP_PESSOA	FUNCAO_GRATIFICADA	30		
Pessoa	GESTOR_POSICAO	Gestor da Posição	String	TextBox	CP_PESSOA	GESTOR_POSICAO			
Pessoa	MATRICULA	Matricula	String	TextBox	CP_PESSOA	MATRICULA	30		
Pessoa	PERSON_ID	Person Id no ERP	String	TextBox	CP_PESSOA	PERSON_ID	10		
Pessoa	SEXO	Sexo	String	TextBox	CP_PESSOA	SEXO			
Pessoa	TIPO_CONTRATACAO	Tipo Contratação	String	TextBox	CP_PESSOA	TIPO_CONTRATACAO	1		
Servico	DIFERIVEL	Diferível	Boolean	CheckBox	CP_SERVICO	DIFERIVEL			
Servico	SERVICO_EXTERNO	Serviço externo	Boolean	CheckBox	CP_SERVICO	SERVICO_EXTERNO			
Servico	VERSAO	Versão do Software	String	TextBox	CP_SERVICO	VERSAO			
