classe	nome	rotulo	tipo	controle	tabela	coluna	tamanho_caracteres	invalido	ambiente	data
OrdemServico	ASST_CAT	CAT	String	TextBox	CPE_ASSTECNICA	ASST_CAT		Nao	producao	2026-10-08
OrdemServico	ASST_CEP	CEP	String	TextBox	CPE_ASSTECNICA	ASST_CEP		Nao	producao	2026-10-08
OrdemServico	ASST_ENDERECO	Novo Endereço	String	TextBox	CPE_ASSTECNICA	ASST_ENDERECO	500	Nao	producao	2026-10-08
OrdemServico	ASST_HOUVE_REMANEJAMENTO	Houve Remanejamento	String	DropDownList	CPE_ASSTECNICA	ASST_HOUVE_REMANEJAMENTO		Nao	producao	2026-10-08
OrdemServico	ASST_INFORMAR_EQPT	Informar EQPT	String	TextBox	CPE_ASSTECNICA	ASST_INFORMAR_EQPT		Nao	producao	2026-10-08
OrdemServico	ASST_JUSTIFICATIVA	Justificativa	String	Memo	CPE_ASSTECNICA	ASST_JUSTIFICATIVA	500	Nao	producao	2026-10-08
OrdemServico	ASST_LAT	LAT	String	TextBox	CPE_ASSTECNICA	ASST_LAT		Nao	producao	2026-10-08
OrdemServico	ASST_MANTENEDO_CORRETO	Mantenedor Correto	String	TextBox	CPE_ASSTECNICA	ASST_MANTENEDO_CORRETO		Nao	producao	2026-10-08
OrdemServico	ASST_MATRICULA	Matrícula	String	TextBox	CPE_ASSTECNICA	ASST_MATRICULA		Nao	producao	2026-10-08
OrdemServico	ASST_NOME_FUNCIONARIO	Nome do Funcionário	String	DropDownList	CPE_ASSTECNICA	ASST_NOME_FUNCIONARIO		Nao	producao	2026-10-08
OrdemServico	ASST_NUMERO_BEM	Número do bem	String	TextBox	CPE_ASSTECNICA	ASST_NUMERO_BEM		Nao	producao	2026-10-08
OrdemServico	ASST_NUMERO_CHAMADO	Número do chamado	String	TextBox	CPE_ASSTECNICA	ASST_NUMERO_CHAMADO		Nao	producao	2026-10-08
OrdemServico	ASST_NUMERO_CONTRATO	Número Contrato	String	TextBox	CPE_ASSTECNICA	ASST_NUMERO_CONTRATO		Nao	producao	2026-10-08
OrdemServico	ASST_NUMERO_EQUIPAMENTO	Numero do Equipamento	String	TextBox	CPE_ASSTECNICA	ASST_NUMERO_EQUIPAMENTO		Nao	producao	2026-10-08
OrdemServico	ASST_NUMERO_TAREFA	Número da Tarefa	String	TextBox	CPE_ASSTECNICA	ASST_NUMERO_TAREFA		Nao	producao	2026-10-08
OrdemServico	ASST_OBSERVACAO	Observação	String	Memo	CPE_ASSTECNICA	ASST_OBSERVACAO	500	Nao	producao	2026-10-08
OrdemServico	ASST_PREFIXO_CORRETO	Prefixo Correto	String	TextBox	CPE_ASSTECNICA	ASST_PREFIXO_CORRETO		Nao	producao	2026-10-08
OrdemServico	ASST_SAG_CORRETO	Sag Correto	String	TextBox	CPE_ASSTECNICA	ASST_SAG_CORRETO		Nao	producao	2026-10-08
OrdemServico	ASST_SERVICO_ATENDIMENTO	Serviço para atendimento	String	DropDownList	CPE_ASSTECNICA	ASST_SERVICO_ATENDIMENTO		Nao	producao	2026-10-08
OrdemServico	ASST_SOLIC_TRANSBORDO	Houve Solicitação de Transbordo	String	DropDownList	CPE_ASSTECNICA	ASST_SOLIC_TRANSBORDO		Nao	producao	2026-10-08
OrdemServico	ASST_TIPO_EQUIPAMENTO	Tipo Equipamento	String	TextBox	CPE_ASSTECNICA	ASST_TIPO_EQUIPAMENTO		Nao	producao	2026-10-08
OrdemServico	ASST_ZONA_TRABALHO_ANTIGA	Zona de trabalho antiga	String	TextBox	CPE_ASSTECNICA	ASST_ZONA_TRABALHO_ANTIGA		Nao	producao	2026-10-08
OrdemServico	ASST_ZONA_TRABALHO_ATUAL	Zona de trabalho atual	String	TextBox	CPE_ASSTECNICA	ASST_ZONA_TRABALHO_ATUAL		Nao	producao	2026-10-08
OrdemServico	CATEGORIA_IDENIZACAO	Categoria	String	DropDownList	CPE_ASSTECNICA	CATEGORIA_IDENIZACAO		Nao	producao	2026-10-08
OrdemServico	CATEGORIA_INDENIZACAO	Categoria	String	DropDownList	CPE_ASSTECNICA	CATEGORIA_INDENIZACAO		Nao	producao	2026-10-08
OrdemServico	CONTRATO_GERED	Em qual contrato?	String	DropDownList	CPE_ASSTECNICA	CONTRATO_GERED		Nao	producao	2026-10-08
OrdemServico	INFOR	INFOR	String	TextBox	CPE_ASSTECNICA	INFOR		Nao	producao	2026-10-08
OrdemServico	TIPO_BASE	Tipo de Base	String	DropDownList	CPE_ASSTECNICA	TIPO_BASE		Nao	producao	2026-10-08
OrdemServico	FAVORECIDO_VACINA	Colaborador BBTS	String	DropDownList	CPE_BENEFICIOS_RH	FAVORECIDO_VACINA		Nao	producao	2026-10-08
OrdemServico	INSTITUICAO_DE_ENSINO	instituição de ensino	String	TextBox	CPE_BENEFICIOS_RH	INSTITUICAO_DE_ENSINO		Nao	producao	2026-10-08
OrdemServico	PARCELAS	Parcelas	Integer	TextBox	CPE_BENEFICIOS_RH	PARCELAS		Nao	producao	2026-10-08
OrdemServico	COMBOBOX_III	COMBOBOX_III	String	DropDownList	CPE_BENS_INVENTARIO	COMBOBOX_III		Nao	producao	2026-10-08
OrdemServico	COMBOBOX2	COMBOBOX2	String	DropDownList	CPE_BOOTCAMP	COMBOBOX2		Nao	producao	2026-10-08
OrdemServico	COMBOBOX3	Combobox 3	String	DropDownList	CPE_BOOTCAMP	COMBOBOX3	150	Nao	producao	2026-10-08
OrdemServico	COMBOBOX4	COMBOBOX4	String	DropDownList	CPE_BOOTCAMP	COMBOBOX4	300	Nao	producao	2026-10-08
OrdemServico	COMBOBOX_I	COMBOBOX_I	String	DropDownList	CPE_BOOTCAMP	COMBOBOX_I		Nao	producao	2026-10-08
OrdemServico	COMBOBOX_II	COMBOBOX_II	String	DropDownList	CPE_BOOTCAMP	COMBOBOX_II		Nao	producao	2026-10-08
OrdemServico	COMBOBOX_IV	COMBOBOX_IV	String	DropDownList	CPE_BOOTCAMP	COMBOBOX_IV		Nao	producao	2026-10-08
OrdemServico	COMBOBOX_IX	COMBOBOX_IX	String	DropDownList	CPE_BOOTCAMP	COMBOBOX_IX		Nao	producao	2026-10-08
OrdemServico	COMBOBOX_IXX	COMBOBOX_IXX	String	DropDownList	CPE_BOOTCAMP	COMBOBOX_IXX		Nao	producao	2026-10-08
OrdemServico	COMBOBOX_V	COMBOBOX_V	String	DropDownList	CPE_BOOTCAMP	COMBOBOX_V		Nao	producao	2026-10-08
OrdemServico	COMBOBOX_VI	COMBOBOX_VI	String	DropDownList	CPE_BOOTCAMP	COMBOBOX_VI		Nao	producao	2026-10-08
OrdemServico	COMBOBOX_VII	COMBOBOX_VII	String	DropDownList	CPE_BOOTCAMP	COMBOBOX_VII		Nao	producao	2026-10-08
OrdemServico	COMBOBOX_VIII	COMBOBOX_VIII	String	DropDownList	CPE_BOOTCAMP	COMBOBOX_VIII		Nao	producao	2026-10-08
OrdemServico	COMBOBOX_X	COMBOBOX_X	String	DropDownList	CPE_BOOTCAMP	COMBOBOX_X		Nao	producao	2026-10-08
OrdemServico	COMBOBOX_XI	COMBOBOX_XI	String	DropDownList	CPE_BOOTCAMP	COMBOBOX_XI		Nao	producao	2026-10-08
OrdemServico	COMBOBOX_XII	COMBOBOX_XII	String	DropDownList	CPE_BOOTCAMP	COMBOBOX_XII		Nao	producao	2026-10-08
OrdemServico	COMBOBOX_XIII	COMBOBOX_XIII	String	DropDownList	CPE_BOOTCAMP	COMBOBOX_XIII		Nao	producao	2026-10-08
OrdemServico	COMBOBOX_XIV	COMBOBOX_XIV	String	DropDownList	CPE_BOOTCAMP	COMBOBOX_XIV		Nao	producao	2026-10-08
OrdemServico	COMBOBOX_XV	COMBOBOX_XV	String	DropDownList	CPE_BOOTCAMP	COMBOBOX_XV		Nao	producao	2026-10-08
OrdemServico	COMBOBOX_XVI	COMBOBOX_XVI	String	DropDownList	CPE_BOOTCAMP	COMBOBOX_XVI		Nao	producao	2026-10-08
OrdemServico	COMBOBOX_XVII	COMBOBOX_XVII	String	DropDownList	CPE_BOOTCAMP	COMBOBOX_XVII		Nao	producao	2026-10-08
OrdemServico	COMBOBOX_XVIII	COMBOBOX_XVIII	String	DropDownList	CPE_BOOTCAMP	COMBOBOX_XVIII		Nao	producao	2026-10-08
OrdemServico	COMBOBOX_XX	COMBOBOX_XX	String	DropDownList	CPE_BOOTCAMP	COMBOBOX_XX		Nao	producao	2026-10-08
OrdemServico	COMBOBOX_XXI	COMBOBOX_XXI	String	DropDownList	CPE_BOOTCAMP	COMBOBOX_XXI		Nao	producao	2026-10-08
OrdemServico	COMBOBOX_XXII	COMBOBOX_XXII	String	DropDownList	CPE_BOOTCAMP	COMBOBOX_XXII		Nao	producao	2026-10-08
OrdemServico	CONTA_REC_CDA	Conta de recebimento	String	TextBox	CPE_BOOTCAMP	CONTA_REC_CDA		Nao	producao	2026-10-08
OrdemServico	CSC_CARGO	CSC_CARGO	String	DropDownList	CPE_BOOTCAMP	CSC_CARGO		Nao	producao	2026-10-08
OrdemServico	CSC_DATA_RETORNO	Data Retorno	String	TextBox	CPE_BOOTCAMP	CSC_DATA_RETORNO		Nao	producao	2026-10-08
OrdemServico	CSC_NUMERO10	CSC_NUMERO10	String	TextBox	CPE_BOOTCAMP	CSC_NUMERO10	100	Nao	producao	2026-10-08
OrdemServico	CSC_NUMERO11	CSC_NUMERO11	String	TextBox	CPE_BOOTCAMP	CSC_NUMERO11	100	Nao	producao	2026-10-08
OrdemServico	CSC_NUMERO2	CSC_NUMERO2	String	TextBox	CPE_BOOTCAMP	CSC_NUMERO2	100	Nao	producao	2026-10-08
OrdemServico	CSC_NUMERO3	CSC_NUMERO3	String	TextBox	CPE_BOOTCAMP	CSC_NUMERO3	100	Nao	producao	2026-10-08
OrdemServico	CSC_NUMERO4_	CSC_NUMERO4_	String	TextBox	CPE_BOOTCAMP	CSC_NUMERO4_	100	Nao	producao	2026-10-08
OrdemServico	CSC_NUMERO5	CSC_NUMERO5	String	TextBox	CPE_BOOTCAMP	CSC_NUMERO5	100	Nao	producao	2026-10-08
OrdemServico	CSC_NUMERO6	CSC_NUMERO6	String	TextBox	CPE_BOOTCAMP	CSC_NUMERO6	100	Nao	producao	2026-10-08
OrdemServico	CSC_NUMERO7	CSC_NUMERO7	String	TextBox	CPE_BOOTCAMP	CSC_NUMERO7	100	Nao	producao	2026-10-08
OrdemServico	CSC_NUMERO8	CSC_NUMERO8	String	TextBox	CPE_BOOTCAMP	CSC_NUMERO8	100	Nao	producao	2026-10-08
OrdemServico	CSC_NUMERO9	CSC_NUMERO9	String	TextBox	CPE_BOOTCAMP	CSC_NUMERO9	100	Nao	producao	2026-10-08
OrdemServico	CSC_OBS2_B	CSC_OBS2_B	String	TextBox	CPE_BOOTCAMP	CSC_OBS2_B		Nao	producao	2026-10-08
OrdemServico	CSC_OBS5	CSC_OBS5	String	TextBox	CPE_BOOTCAMP	CSC_OBS5		Nao	producao	2026-10-08
OrdemServico	CSC_OBS6	Observação	String	Memo	CPE_BOOTCAMP	CSC_OBS6		Nao	producao	2026-10-08
OrdemServico	CSC_TXT1	CSC_TXT1	String	TextBox	CPE_BOOTCAMP	CSC_TXT1		Nao	producao	2026-10-08
OrdemServico	CSC_TXT10	CSC_TXT10	String	TextBox	CPE_BOOTCAMP	CSC_TXT10		Nao	producao	2026-10-08
OrdemServico	CSC_TXT2	CSC_TXT2	String	TextBox	CPE_BOOTCAMP	CSC_TXT2		Nao	producao	2026-10-08
OrdemServico	CSC_TXT3	CSC_TXT3	String	TextBox	CPE_BOOTCAMP	CSC_TXT3		Nao	producao	2026-10-08
OrdemServico	CSC_TXT4	CSC_TXT4	String	TextBox	CPE_BOOTCAMP	CSC_TXT4		Nao	producao	2026-10-08
OrdemServico	CSC_TXT5	CSC_TXT5	String	TextBox	CPE_BOOTCAMP	CSC_TXT5		Nao	producao	2026-10-08
OrdemServico	DATA_CDA	Data de recebimento	DateTime	DatePicker	CPE_BOOTCAMP	DATA_CDA		Nao	producao	2026-10-08
OrdemServico	DESCDOTACAO	Descrição de Dotação	String	Memo	CPE_BOOTCAMP	DESCDOTACAO		Nao	producao	2026-10-08
OrdemServico	DESCRICAO_RESUMIDA	Informar UOR de destino/Nome do Gestor/Função	String	Memo	CPE_BOOTCAMP	DESCRICAO_RESUMIDA	200	Nao	producao	2026-10-08
OrdemServico	DEVOLVER_CRACHA	Crachá a ser devolvido pelo colaborador?	String	DropDownList	CPE_BOOTCAMP	DEVOLVER_CRACHA		Nao	producao	2026-10-08
OrdemServico	LABEL_500	LABEL_500	String	Label	CPE_BOOTCAMP	LABEL_500	1000	Nao	producao	2026-10-08
OrdemServico	NOMEDIGITADO	Nome Digitado	String	TextBox	CPE_BOOTCAMP	NOMEDIGITADO		Nao	producao	2026-10-08
OrdemServico	TIPODECOLAB	Tipo de colaborador	String	DropDownList	CPE_BOOTCAMP	TIPODECOLAB		Nao	producao	2026-10-08
OrdemServico	AVALIACAO_PRAZO	Quanto ao prazo do atendimento?	String	DropDownList	CPE_CJUR	AVALIACAO_PRAZO		Nao	producao	2026-10-08
OrdemServico	CJUR_TIPO_PROCURACAO	Tipo de Procuração	String	DropDownList	CPE_CJUR	CJUR_TIPO_PROCURACAO		Nao	producao	2026-10-08
OrdemServico	CLAREZA	Quanto à clareza e segurança das informações prestadas pelo atendente?	String	DropDownList	CPE_CJUR	CLAREZA		Nao	producao	2026-10-08
OrdemServico	COMBO_BOXBOX	COMBO_BOXBOX	String	DropDownList	CPE_CJUR	COMBO_BOXBOX		Nao	producao	2026-10-08
OrdemServico	COMUNICACAO	Quanto à comunicação/transparência durante o acompanhamento do chamado?	String	DropDownList	CPE_CJUR	COMUNICACAO		Nao	producao	2026-10-08
OrdemServico	CORTEZIA	Quanto à cortesia, educação e atenção por parte do atendente?	String	DropDownList	CPE_CJUR	CORTEZIA		Nao	producao	2026-10-08
OrdemServico	DIVISAO_JURIDICA	Informar a Divisão Jurídica aprovadora	String	DropDownList	CPE_CJUR	DIVISAO_JURIDICA		Nao	producao	2026-10-08
OrdemServico	GRAU_SATISFACAO	Qual o seu grau de Satisfação Geral?	String	DropDownList	CPE_CJUR	GRAU_SATISFACAO		Nao	producao	2026-10-08
OrdemServico	LINK_PROCESSO	Link do Teor do Processo	String	TextBox	CPE_CJUR	LINK_PROCESSO		Nao	producao	2026-10-08
OrdemServico	OBSERVACAO_AVALIA	Observação	String	Memo	CPE_CJUR	OBSERVACAO_AVALIA		Nao	producao	2026-10-08
OrdemServico	RUBRICA_CONTABIL	Rúbrica Contábil	String	DropDownList	CPE_CJUR	RUBRICA_CONTABIL		Nao	producao	2026-10-08
OrdemServico	SOLUCAO	Quanto à solução apresentada pelo atendimento em relação ao problema?	String	DropDownList	CPE_CJUR	SOLUCAO		Nao	producao	2026-10-08
OrdemServico	SOLUCAO_CJUR	Quanto à solução apresentada pelo atendimento em relação ao problema?	String	DropDownList	CPE_CJUR	SOLUCAO_CJUR		Nao	producao	2026-10-08
OrdemServico	ANOS	Anos	String	DropDownList	CPE_CONTRATOS	ANOS	50	Nao	producao	2026-10-08
OrdemServico	APRESENTA_BENS_AVALI	Apresentação de bens com as certificações exigidas	String	DropDownList	CPE_CONTRATOS	APRESENTA_BENS_AVALI		Nao	producao	2026-10-08
OrdemServico	APRESENTA_DOC_AVALIACAO	Apresentação de documentação técnica inerente ao objeto da contratação	String	DropDownList	CPE_CONTRATOS	APRESENTA_DOC_AVALIACAO		Nao	producao	2026-10-08
OrdemServico	APRESENTA_TERMO_AVALI	Apresentação do termo de garantia dos bens	String	DropDownList	CPE_CONTRATOS	APRESENTA_TERMO_AVALI		Nao	producao	2026-10-08
OrdemServico	APRESENT_RELAC_AVALI	Apresentação da relação dos empregados alocados no contrato contendo nome completo, cargo ou função, horário do posto de trabalho,	String	DropDownList	CPE_CONTRATOS	APRESENT_RELAC_AVALI		Nao	producao	2026-10-08
OrdemServico	AP_EXAME_AVALI	Apresentação dos exames médicos admissionais dos empregados que prestarão os serviços	String	DropDownList	CPE_CONTRATOS	AP_EXAME_AVALI		Nao	producao	2026-10-08
OrdemServico	AQUISICAO_SERVICO	Aquisição ou Prestação de Serviço	String	TextBox	CPE_CONTRATOS	AQUISICAO_SERVICO		Nao	producao	2026-10-08
OrdemServico	AREA_GESTORA_ITEM	A área é gestora do item?	String	DropDownList	CPE_CONTRATOS	AREA_GESTORA_ITEM		Nao	producao	2026-10-08
OrdemServico	ATENDIMENTO_AVALI	Atendimento às instruções normativas indicadas no projeto básico	String	DropDownList	CPE_CONTRATOS	ATENDIMENTO_AVALI		Nao	producao	2026-10-08
OrdemServico	BBTS	BBTS	String	TextBox	CPE_CONTRATOS	BBTS		Nao	producao	2026-10-08
OrdemServico	CAMPO_BBTS	Campo BBTS	String	TextBox	CPE_CONTRATOS	CAMPO_BBTS	500	Nao	producao	2026-10-08
OrdemServico	CAMPO_CNPJ	Campo CNPJ	String	TextBox	CPE_CONTRATOS	CAMPO_CNPJ	500	Nao	producao	2026-10-08
OrdemServico	CAMPO_DESCRICAO_CNPJ	Campo Descrição CNPJ	String	TextBox	CPE_CONTRATOS	CAMPO_DESCRICAO_CNPJ	500	Nao	producao	2026-10-08
OrdemServico	CAMPO_DESCRICAO_CNPJ_2	Campo Descrição CNPJ	String	TextBox	CPE_CONTRATOS	CAMPO_DESCRICAO_CNPJ_2	500	Nao	producao	2026-10-08
OrdemServico	CAMPO_LOCAL_FATURAMENTO	Campo Local de Faturamento	String	TextBox	CPE_CONTRATOS	CAMPO_LOCAL_FATURAMENTO	500	Nao	producao	2026-10-08
OrdemServico	CATEGORIA_COMPRA	Categoria de Compra	String	DropDownList	CPE_CONTRATOS	CATEGORIA_COMPRA		Nao	producao	2026-10-08
OrdemServico	CNPJBBTS	CNPJ	String	TextBox	CPE_CONTRATOS	CNPJBBTS		Nao	producao	2026-10-08
OrdemServico	CODIGO_TABELA_PDPEP	Código tabela PDPEP	String	DropDownList	CPE_CONTRATOS	CODIGO_TABELA_PDPEP		Nao	producao	2026-10-08
OrdemServico	COMBOBOX_11	Combobox 11	String	DropDownList	CPE_CONTRATOS	COMBOBOX_11	900	Nao	producao	2026-10-08
OrdemServico	COMBOBOX_5	Combobox 5	String	DropDownList	CPE_CONTRATOS	COMBOBOX_5	900	Nao	producao	2026-10-08
OrdemServico	COMBOBOX_6	Combobox 6	String	DropDownList	CPE_CONTRATOS	COMBOBOX_6	900	Nao	producao	2026-10-08
OrdemServico	COMBOBOX_7	Combobox 7	String	DropDownList	CPE_CONTRATOS	COMBOBOX_7	900	Nao	producao	2026-10-08
OrdemServico	COMBOBOX_8	Combobox 8	String	DropDownList	CPE_CONTRATOS	COMBOBOX_8	900	Nao	producao	2026-10-08
OrdemServico	COMBOBOX_IUVP	Combobox IUVP	String	DropDownList	CPE_CONTRATOS	COMBOBOX_IUVP		Nao	producao	2026-10-08
OrdemServico	COMBOBOX_SIM_NAO	COMBOBOX_SIM_NAO	String	DropDownList	CPE_CONTRATOS	COMBOBOX_SIM_NAO		Nao	producao	2026-10-08
OrdemServico	COMPROVACAO_FORMAVALIACAO	Comprovação da formação técnica específica da mão de obra oferecida, através de certificado de Curso de Formação de Vigilantes,	String	DropDownList	CPE_CONTRATOS	COMPROVACAO_FORMAVALIACAO		Nao	producao	2026-10-08
OrdemServico	CONDICOES_PAGAMENTO	Condições de Pagamento	String	DropDownList	CPE_CONTRATOS	CONDICOES_PAGAMENTO		Nao	producao	2026-10-08
OrdemServico	CONTRATO_ADITIVO	Contrato ou Aditivo?	String	DropDownList	CPE_CONTRATOS	CONTRATO_ADITIVO		Nao	producao	2026-10-08
OrdemServico	CONTROLE_ENTRADAAVALI	Controle de entrada e saída de veículos na empresa	String	DropDownList	CPE_CONTRATOS	CONTROLE_ENTRADAAVALI		Nao	producao	2026-10-08
OrdemServico	CONTROLE_ENTRADA_AVALI	Controle da entrada de visitantes	String	DropDownList	CPE_CONTRATOS	CONTROLE_ENTRADA_AVALI		Nao	producao	2026-10-08
OrdemServico	CSC_OBS3	Observação	String	Memo	CPE_CONTRATOS	CSC_OBS3	2000	Nao	producao	2026-10-08
OrdemServico	CUMPRIMENTO_JORNADA_AVALI	Cumprimento da jornada diária de trabalho e dos intervalos para descanso previstos em lei	String	DropDownList	CPE_CONTRATOS	CUMPRIMENTO_JORNADA_AVALI		Nao	producao	2026-10-08
OrdemServico	CUMPRIMENTO_PRAZOSAVALI1	Cumprimento de Prazos	String	DropDownList	CPE_CONTRATOS	CUMPRIMENTO_PRAZOSAVALI1		Nao	producao	2026-10-08
OrdemServico	CUMPRI_ACORD_AVALIACAO	Cumprimento do Acordo de Nível de Serviços	String	DropDownList	CPE_CONTRATOS	CUMPRI_ACORD_AVALIACAO		Nao	producao	2026-10-08
OrdemServico	CUSTAS_JUDICIAIS	CUSTAS_JUDICIAIS	String	TextBox	CPE_CONTRATOS	CUSTAS_JUDICIAIS		Nao	producao	2026-10-08
OrdemServico	DATA_ASSINATURA_CONTRATO	Data Assinatura Contrato	String	TextBox	CPE_CONTRATOS	DATA_ASSINATURA_CONTRATO		Nao	producao	2026-10-08
OrdemServico	DATA_EMISSAO_1	Data da Emissão 1	DateTime	DatePicker	CPE_CONTRATOS	DATA_EMISSAO_1		Nao	producao	2026-10-08
OrdemServico	DATA_HORA_CRIACAO	Data hora da criação	DateTime	DateTimePicker	CPE_CONTRATOS	DATA_HORA_CRIACAO		Nao	producao	2026-10-08
OrdemServico	DECLARACAO	declaração	Boolean	CheckBox	CPE_CONTRATOS	DECLARACAO		Nao	producao	2026-10-08
OrdemServico	DIVISAO_DUEDILIGENCE	Gerência Divisão Due Diligence	String	DropDownList	CPE_CONTRATOS	DIVISAO_DUEDILIGENCE		Nao	producao	2026-10-08
OrdemServico	DOTACAO1	Dotação	String	TextBox	CPE_CONTRATOS	DOTACAO1		Nao	producao	2026-10-08
OrdemServico	DURACAO_MINUTOS	Duração	Integer	TextBox	CPE_CONTRATOS	DURACAO_MINUTOS		Nao	producao	2026-10-08
OrdemServico	ENTREGA1AVALI1	Entrega da relação dos empregados alocados no contrato contendo nome completo, cargo ou função, horário do posto de trabalho, números da carteira de identidade (RG) e da inscrição no Cadastro de Pessoas Físicas (CPF), com indicação dos responsáveis técnicos pela execução dos serviços, quando for o caso	String	DropDownList	CPE_CONTRATOS	ENTREGA1AVALI1		Nao	producao	2026-10-08
OrdemServico	ENTREGA2AVALI1	Entrega da carteira de Trabalho e Previdência Social (CTPS) dos empregados admitidos e dos responsáveis técnicos pela execução dos serviços, quando for o caso, devidamente assinada pela contratada	String	DropDownList	CPE_CONTRATOS	ENTREGA2AVALI1		Nao	producao	2026-10-08
OrdemServico	ENTREGA3AVALI1	Entrega dos exames médicos admissionais dos empregados da contratada que prestarão os serviços	String	DropDownList	CPE_CONTRATOS	ENTREGA3AVALI1		Nao	producao	2026-10-08
OrdemServico	ENTREGA_BENS_AVALI	Entrega dos bens de acordo com as especificações exigidas no contrato	String	DropDownList	CPE_CONTRATOS	ENTREGA_BENS_AVALI		Nao	producao	2026-10-08
OrdemServico	ENTREGA_BENS_QUANTAVALI	Entrega dos bens nas quantidades solicitadas	String	DropDownList	CPE_CONTRATOS	ENTREGA_BENS_QUANTAVALI		Nao	producao	2026-10-08
OrdemServico	ENTREGA_PECAS_AVALI	Entrega das peças reparadas dentro do prazo estabelecido em contrato	String	DropDownList	CPE_CONTRATOS	ENTREGA_PECAS_AVALI		Nao	producao	2026-10-08
OrdemServico	ESTABELECIMENTO_DO_DESTINATARIO_02	Estabelecimento do Destinatário 2	String	DropDownList	CPE_CONTRATOS	ESTABELECIMENTO_DO_DESTINATARIO_02		Nao	producao	2026-10-08
OrdemServico	ESTABELECIMENTO_DO_REMETENTE_01	Estabelecimento do Remetente	String	DropDownList	CPE_CONTRATOS	ESTABELECIMENTO_DO_REMETENTE_01		Nao	producao	2026-10-08
OrdemServico	EXECUCAO_ROTINA1	Execução das rotinas de serviços periódicos estabelecidos no contrato	String	DropDownList	CPE_CONTRATOS	EXECUCAO_ROTINA1		Nao	producao	2026-10-08
OrdemServico	EXTERNO_OU_INTERNO	Externo ou Interno	String	DropDownList	CPE_CONTRATOS	EXTERNO_OU_INTERNO		Nao	producao	2026-10-08
OrdemServico	FAVORECIDO_COBRA1	Colaborador BBTS	String	DropDownList	CPE_CONTRATOS	FAVORECIDO_COBRA1		Nao	producao	2026-10-08
OrdemServico	FAVORECIDO_COBRA2	Colaborador BBTS	String	DropDownList	CPE_CONTRATOS	FAVORECIDO_COBRA2		Nao	producao	2026-10-08
OrdemServico	FAVORECIDO_COBRA3	Colaborador BBTS	String	DropDownList	CPE_CONTRATOS	FAVORECIDO_COBRA3		Nao	producao	2026-10-08
OrdemServico	FAVORECIDO_COBRA4	Colaborador BBTS	String	DropDownList	CPE_CONTRATOS	FAVORECIDO_COBRA4		Nao	producao	2026-10-08
OrdemServico	FAVORECIDO_COBRA5	Colaborador BBTS	String	DropDownList	CPE_CONTRATOS	FAVORECIDO_COBRA5		Nao	producao	2026-10-08
OrdemServico	FAVORECIDO_COBRA6	Colaborador BBTS	String	DropDownList	CPE_CONTRATOS	FAVORECIDO_COBRA6		Nao	producao	2026-10-08
OrdemServico	FAVORECIDO_COBRA7	Colaborador BBTS	String	DropDownList	CPE_CONTRATOS	FAVORECIDO_COBRA7		Nao	producao	2026-10-08
OrdemServico	FAVORECIDO_COBRA8	Colaborador BBTS	String	DropDownList	CPE_CONTRATOS	FAVORECIDO_COBRA8		Nao	producao	2026-10-08
OrdemServico	FAVORECIDO_TODOS_03	Favorecido	String	DropDownList	CPE_CONTRATOS	FAVORECIDO_TODOS_03		Nao	producao	2026-10-08
OrdemServico	FAVORECIDO_TODOS_04	Favorecido	String	DropDownList	CPE_CONTRATOS	FAVORECIDO_TODOS_04	1999	Nao	producao	2026-10-08
OrdemServico	FAVORECIDO_TODOS_2	Favorecido	String	DropDownList	CPE_CONTRATOS	FAVORECIDO_TODOS_2		Nao	producao	2026-10-08
OrdemServico	FAVORECIDO_TODOS_3	Favorecido	String	DropDownList	CPE_CONTRATOS	FAVORECIDO_TODOS_3		Nao	producao	2026-10-08
OrdemServico	FILIAL_ESTACIONAMENTO	Filial BBTS	String	DropDownList	CPE_CONTRATOS	FILIAL_ESTACIONAMENTO		Nao	producao	2026-10-08
OrdemServico	FISCALIZACAO_ENTRASAIDA_AVALI	Fiscalização da entrada e saída de materiais	String	DropDownList	CPE_CONTRATOS	FISCALIZACAO_ENTRASAIDA_AVALI		Nao	producao	2026-10-08
OrdemServico	FORNECEDOR CONTRATADO	Fornecedor Contratado	String	Memo	CPE_CONTRATOS	FORNECEDOR_CONTRATADO		Nao	producao	2026-10-08
OrdemServico	FQ412_042_ITEM_4_10	FQ412-042 - Item 4.10	String	DropDownList	CPE_CONTRATOS	FQ412_042_ITEM_4_10		Nao	producao	2026-10-08
OrdemServico	FQ412_042_ITEM_4_11	FQ412-042 - Item 4.11	String	DropDownList	CPE_CONTRATOS	FQ412_042_ITEM_4_11		Nao	producao	2026-10-08
OrdemServico	FQ415_067_ITEM6	FQ415-067 - Item 6	String	DropDownList	CPE_CONTRATOS	FQ415_067_ITEM6		Nao	producao	2026-10-08
OrdemServico	FQ415_086_ITEM1	FQ415-086 - Item 1	String	DropDownList	CPE_CONTRATOS	FQ415_086_ITEM1		Nao	producao	2026-10-08
OrdemServico	FQ415_086_ITEM10	FQ415-086 - Item 10	String	DropDownList	CPE_CONTRATOS	FQ415_086_ITEM10		Nao	producao	2026-10-08
OrdemServico	FQ415_086_ITEM11	FQ415-086 - Item 11	String	DropDownList	CPE_CONTRATOS	FQ415_086_ITEM11		Nao	producao	2026-10-08
OrdemServico	FQ415_086_ITEM12	FQ415-086 - Item 12	String	DropDownList	CPE_CONTRATOS	FQ415_086_ITEM12		Nao	producao	2026-10-08
OrdemServico	FQ415_086_ITEM13	FQ415-086 - Item 13	String	DropDownList	CPE_CONTRATOS	FQ415_086_ITEM13		Nao	producao	2026-10-08
OrdemServico	FQ415_086_ITEM14	FQ415-086 - Item 14	String	DropDownList	CPE_CONTRATOS	FQ415_086_ITEM14		Nao	producao	2026-10-08
OrdemServico	FQ415_086_ITEM15	FQ415-086 - Item 15	String	DropDownList	CPE_CONTRATOS	FQ415_086_ITEM15		Nao	producao	2026-10-08
OrdemServico	FQ415_086_ITEM16	FQ415-086 - Item 16	String	DropDownList	CPE_CONTRATOS	FQ415_086_ITEM16		Nao	producao	2026-10-08
OrdemServico	FQ415_086_ITEM2	FQ415-086 - Item 2	String	DropDownList	CPE_CONTRATOS	FQ415_086_ITEM2		Nao	producao	2026-10-08
OrdemServico	FQ415_086_ITEM3	FQ415-086 - Item 3	String	DropDownList	CPE_CONTRATOS	FQ415_086_ITEM3		Nao	producao	2026-10-08
OrdemServico	FQ415_086_ITEM4	FQ415-086 - Item 4	String	DropDownList	CPE_CONTRATOS	FQ415_086_ITEM4		Nao	producao	2026-10-08
OrdemServico	FQ415_086_ITEM5	FQ415-086 - Item 5	String	DropDownList	CPE_CONTRATOS	FQ415_086_ITEM5		Nao	producao	2026-10-08
OrdemServico	FQ415_086_ITEM7	FQ415-086 - Item 7	String	DropDownList	CPE_CONTRATOS	FQ415_086_ITEM7		Nao	producao	2026-10-08
OrdemServico	FQ415_086_ITEM8	FQ415-086 - Item 8	String	DropDownList	CPE_CONTRATOS	FQ415_086_ITEM8		Nao	producao	2026-10-08
OrdemServico	FQ415_086_ITEM9	FQ415-086 - Item 9	String	DropDownList	CPE_CONTRATOS	FQ415_086_ITEM9		Nao	producao	2026-10-08
OrdemServico	GERADOR_DO_MOTIVO	Gerador do motivo da devolução	String	DropDownList	CPE_CONTRATOS	GERADOR_DO_MOTIVO		Nao	producao	2026-10-08
OrdemServico	GRAUDERISCO_DUEDILIGENCE	Grau de Risco	String	DropDownList	CPE_CONTRATOS	GRAUDERISCO_DUEDILIGENCE	1000	Nao	producao	2026-10-08
OrdemServico	INCIDENCIA_RESOLU1	Incidência/Resolução de ocorrências relacionadas à execução do objeto contratual	String	DropDownList	CPE_CONTRATOS	INCIDENCIA_RESOLU1		Nao	producao	2026-10-08
OrdemServico	INCIDENCIA_RESOLU_AVALI	Incidência/Resolução de ocorrências relacionadas à execução do objeto contratual	String	DropDownList	CPE_CONTRATOS	INCIDENCIA_RESOLU_AVALI		Nao	producao	2026-10-08
OrdemServico	INDICACAO_E_MANUTENCAOAVALI1	Indicação e manutenção de um preposto no local da execução do serviço, conforme a frequência determinada no contrato, representando um canal de comunicação entre a BB Tecnologia e Serviços e a empresa contratada, evitando assim a caracterização de subordinação hierárquica entre funcionários terceirizados e o fiscal do serviço	String	DropDownList	CPE_CONTRATOS	INDICACAO_E_MANUTENCAOAVALI1		Nao	producao	2026-10-08
OrdemServico	INDICA_MANUAVALI	Indicação e manutenção de um preposto no local da execução do serviço, conforme a frequência determinada no contrato,	String	DropDownList	CPE_CONTRATOS	INDICA_MANUAVALI		Nao	producao	2026-10-08
OrdemServico	INSPECAO_AVALI	Inspeção dos postos de vigilância de acordo com a rotina contratada	String	DropDownList	CPE_CONTRATOS	INSPECAO_AVALI		Nao	producao	2026-10-08
OrdemServico	INTEGRIDADE_BENSAVALI	Integridade dos bens	String	DropDownList	CPE_CONTRATOS	INTEGRIDADE_BENSAVALI		Nao	producao	2026-10-08
OrdemServico	ITEM_CHECKLIST_01	Item para checklist 01	String	DropDownList	CPE_CONTRATOS	ITEM_CHECKLIST_01		Nao	producao	2026-10-08
OrdemServico	ITEM_CHECKLIST_02	Item para checklist 02	String	DropDownList	CPE_CONTRATOS	ITEM_CHECKLIST_02		Nao	producao	2026-10-08
OrdemServico	ITEM_CHECKLIST_03	Item para checklist 03	String	DropDownList	CPE_CONTRATOS	ITEM_CHECKLIST_03		Nao	producao	2026-10-08
OrdemServico	ITEM_CHECKLIST_04	Item para checklist 04	String	DropDownList	CPE_CONTRATOS	ITEM_CHECKLIST_04		Nao	producao	2026-10-08
OrdemServico	ITEM_CHECKLIST_05	Item para checklist 05	String	DropDownList	CPE_CONTRATOS	ITEM_CHECKLIST_05		Nao	producao	2026-10-08
OrdemServico	ITEM_CHECKLIST_06	Item para checklist 06	String	DropDownList	CPE_CONTRATOS	ITEM_CHECKLIST_06		Nao	producao	2026-10-08
OrdemServico	ITEM_CHECKLIST_07	Item para checklist 07	String	DropDownList	CPE_CONTRATOS	ITEM_CHECKLIST_07		Nao	producao	2026-10-08
OrdemServico	ITEM_CHECKLIST_08	Item para checklist 08	String	DropDownList	CPE_CONTRATOS	ITEM_CHECKLIST_08		Nao	producao	2026-10-08
OrdemServico	ITEM_CHECKLIST_09	Item para checklist 09	String	DropDownList	CPE_CONTRATOS	ITEM_CHECKLIST_09		Nao	producao	2026-10-08
OrdemServico	ITEM_CHECKLIST_10	Item para checklist 10	String	DropDownList	CPE_CONTRATOS	ITEM_CHECKLIST_10		Nao	producao	2026-10-08
OrdemServico	ITEM_CHECKLIST_100	Item para checklist 100	String	DropDownList	CPE_CONTRATOS	ITEM_CHECKLIST_100		Nao	producao	2026-10-08
OrdemServico	ITEM_CHECKLIST_101	Item para checklist 101	String	DropDownList	CPE_CONTRATOS	ITEM_CHECKLIST_101		Nao	producao	2026-10-08
OrdemServico	ITEM_CHECKLIST_102	Item para checklist 102	String	DropDownList	CPE_CONTRATOS	ITEM_CHECKLIST_102		Nao	producao	2026-10-08
OrdemServico	ITEM_CHECKLIST_103	Item para checklist 103	String	DropDownList	CPE_CONTRATOS	ITEM_CHECKLIST_103		Nao	producao	2026-10-08
OrdemServico	ITEM_CHECKLIST_104	Item para checklist 104	String	DropDownList	CPE_CONTRATOS	ITEM_CHECKLIST_104		Nao	producao	2026-10-08
OrdemServico	ITEM_CHECKLIST_105	Item para checklist 105	String	DropDownList	CPE_CONTRATOS	ITEM_CHECKLIST_105		Nao	producao	2026-10-08
OrdemServico	ITEM_CHECKLIST_106	Item para checklist 106	String	DropDownList	CPE_CONTRATOS	ITEM_CHECKLIST_106		Nao	producao	2026-10-08
OrdemServico	ITEM_CHECKLIST_107	Item para checklist 107	String	DropDownList	CPE_CONTRATOS	ITEM_CHECKLIST_107		Nao	producao	2026-10-08
OrdemServico	ITEM_CHECKLIST_108	Item para checklist 108	String	DropDownList	CPE_CONTRATOS	ITEM_CHECKLIST_108		Nao	producao	2026-10-08
OrdemServico	ITEM_CHECKLIST_109	Item para checklist 109	String	DropDownList	CPE_CONTRATOS	ITEM_CHECKLIST_109		Nao	producao	2026-10-08
OrdemServico	ITEM_CHECKLIST_11	Item para checklist 11	String	DropDownList	CPE_CONTRATOS	ITEM_CHECKLIST_11		Nao	producao	2026-10-08
OrdemServico	ITEM_CHECKLIST_110	Item para checklist 110	String	DropDownList	CPE_CONTRATOS	ITEM_CHECKLIST_110		Nao	producao	2026-10-08
OrdemServico	ITEM_CHECKLIST_111	Item para checklist 111	String	DropDownList	CPE_CONTRATOS	ITEM_CHECKLIST_111		Nao	producao	2026-10-08
OrdemServico	ITEM_CHECKLIST_113	Item para checklist 113	String	DropDownList	CPE_CONTRATOS	ITEM_CHECKLIST_113		Nao	producao	2026-10-08
OrdemServico	ITEM_CHECKLIST_117	Item para checklist 117	String	DropDownList	CPE_CONTRATOS	ITEM_CHECKLIST_117		Nao	producao	2026-10-08
OrdemServico	ITEM_CHECKLIST_12	Item para checklist 12	String	DropDownList	CPE_CONTRATOS	ITEM_CHECKLIST_12		Nao	producao	2026-10-08
OrdemServico	ITEM_CHECKLIST_13	Item para checklist 13	String	DropDownList	CPE_CONTRATOS	ITEM_CHECKLIST_13		Nao	producao	2026-10-08
OrdemServico	ITEM_CHECKLIST_133	Item para checklist 133	String	DropDownList	CPE_CONTRATOS	ITEM_CHECKLIST_133		Nao	producao	2026-10-08
OrdemServico	ITEM_CHECKLIST_14	Item para checklist 14	String	DropDownList	CPE_CONTRATOS	ITEM_CHECKLIST_14		Nao	producao	2026-10-08
OrdemServico	ITEM_CHECKLIST_15	Item para checklist 15	String	DropDownList	CPE_CONTRATOS	ITEM_CHECKLIST_15		Nao	producao	2026-10-08
OrdemServico	ITEM_CHECKLIST_159	Item para checklist 159	String	DropDownList	CPE_CONTRATOS	ITEM_CHECKLIST_159		Nao	producao	2026-10-08
OrdemServico	ITEM_CHECKLIST_16	Item para checklist 16	String	DropDownList	CPE_CONTRATOS	ITEM_CHECKLIST_16		Nao	producao	2026-10-08
OrdemServico	ITEM_CHECKLIST_17	Item para checklist 17	String	DropDownList	CPE_CONTRATOS	ITEM_CHECKLIST_17		Nao	producao	2026-10-08
OrdemServico	ITEM_CHECKLIST_18	Item para checklist 18	String	DropDownList	CPE_CONTRATOS	ITEM_CHECKLIST_18		Nao	producao	2026-10-08
OrdemServico	ITEM_CHECKLIST_19	Item para checklist 19	String	DropDownList	CPE_CONTRATOS	ITEM_CHECKLIST_19		Nao	producao	2026-10-08
OrdemServico	ITEM_CHECKLIST_20	Item para checklist 20	String	DropDownList	CPE_CONTRATOS	ITEM_CHECKLIST_20		Nao	producao	2026-10-08
OrdemServico	ITEM_CHECKLIST_21	Item para checklist 21	String	DropDownList	CPE_CONTRATOS	ITEM_CHECKLIST_21		Nao	producao	2026-10-08
OrdemServico	ITEM_CHECKLIST_22	Item para checklist 22	String	DropDownList	CPE_CONTRATOS	ITEM_CHECKLIST_22		Nao	producao	2026-10-08
OrdemServico	ITEM_CHECKLIST_23	Item para checklist 23	String	DropDownList	CPE_CONTRATOS	ITEM_CHECKLIST_23		Nao	producao	2026-10-08
OrdemServico	ITEM_CHECKLIST_24	Item para checklist 24	String	DropDownList	CPE_CONTRATOS	ITEM_CHECKLIST_24		Nao	producao	2026-10-08
OrdemServico	ITEM_CHECKLIST_25	Item para checklist 25	String	DropDownList	CPE_CONTRATOS	ITEM_CHECKLIST_25		Nao	producao	2026-10-08
OrdemServico	ITEM_CHECKLIST_26	Item para checklist 26	String	DropDownList	CPE_CONTRATOS	ITEM_CHECKLIST_26		Nao	producao	2026-10-08
OrdemServico	ITEM_CHECKLIST_27	Item para checklist 27	String	DropDownList	CPE_CONTRATOS	ITEM_CHECKLIST_27		Nao	producao	2026-10-08
OrdemServico	ITEM_CHECKLIST_28	Item para checklist 28	String	DropDownList	CPE_CONTRATOS	ITEM_CHECKLIST_28		Nao	producao	2026-10-08
OrdemServico	ITEM_CHECKLIST_29	Item para checklist 29	String	DropDownList	CPE_CONTRATOS	ITEM_CHECKLIST_29		Nao	producao	2026-10-08
OrdemServico	ITEM_CHECKLIST_30	Item para checklist 30	String	DropDownList	CPE_CONTRATOS	ITEM_CHECKLIST_30		Nao	producao	2026-10-08
OrdemServico	ITEM_CHECKLIST_31	Item para checklist 31	String	DropDownList	CPE_CONTRATOS	ITEM_CHECKLIST_31		Nao	producao	2026-10-08
OrdemServico	ITEM_CHECKLIST_32	Item para checklist 32	String	DropDownList	CPE_CONTRATOS	ITEM_CHECKLIST_32		Nao	producao	2026-10-08
OrdemServico	ITEM_CHECKLIST_33	Item para checklist 33	String	DropDownList	CPE_CONTRATOS	ITEM_CHECKLIST_33		Nao	producao	2026-10-08
OrdemServico	ITEM_CHECKLIST_34	Item para checklist 34	String	DropDownList	CPE_CONTRATOS	ITEM_CHECKLIST_34		Nao	producao	2026-10-08
OrdemServico	ITEM_CHECKLIST_35	Item para checklist 35	String	DropDownList	CPE_CONTRATOS	ITEM_CHECKLIST_35		Nao	producao	2026-10-08
OrdemServico	ITEM_CHECKLIST_36	Item para checklist 36	String	DropDownList	CPE_CONTRATOS	ITEM_CHECKLIST_36		Nao	producao	2026-10-08
OrdemServico	ITEM_CHECKLIST_37	Item para checklist 37	String	DropDownList	CPE_CONTRATOS	ITEM_CHECKLIST_37		Nao	producao	2026-10-08
OrdemServico	ITEM_CHECKLIST_38	Item para checklist 38	String	DropDownList	CPE_CONTRATOS	ITEM_CHECKLIST_38		Nao	producao	2026-10-08
OrdemServico	ITEM_CHECKLIST_39	Item para checklist 39	String	DropDownList	CPE_CONTRATOS	ITEM_CHECKLIST_39		Nao	producao	2026-10-08
OrdemServico	ITEM_CHECKLIST_40	Item para checklist 40	String	DropDownList	CPE_CONTRATOS	ITEM_CHECKLIST_40		Nao	producao	2026-10-08
OrdemServico	ITEM_CHECKLIST_41	Item para checklist 41	String	DropDownList	CPE_CONTRATOS	ITEM_CHECKLIST_41		Nao	producao	2026-10-08
OrdemServico	ITEM_CHECKLIST_42	Item para checklist 42	String	DropDownList	CPE_CONTRATOS	ITEM_CHECKLIST_42		Nao	producao	2026-10-08
OrdemServico	ITEM_CHECKLIST_43	Item para checklist 43	String	DropDownList	CPE_CONTRATOS	ITEM_CHECKLIST_43		Nao	producao	2026-10-08
OrdemServico	ITEM_CHECKLIST_44	Item para checklist 44	String	DropDownList	CPE_CONTRATOS	ITEM_CHECKLIST_44		Nao	producao	2026-10-08
OrdemServico	ITEM_CHECKLIST_45	Item para checklist 45	String	DropDownList	CPE_CONTRATOS	ITEM_CHECKLIST_45		Nao	producao	2026-10-08
OrdemServico	ITEM_CHECKLIST_46	Item para checklist 46	String	DropDownList	CPE_CONTRATOS	ITEM_CHECKLIST_46		Nao	producao	2026-10-08
OrdemServico	ITEM_CHECKLIST_47	Item para checklist 47	String	DropDownList	CPE_CONTRATOS	ITEM_CHECKLIST_47		Nao	producao	2026-10-08
OrdemServico	ITEM_CHECKLIST_48	Item para checklist 48	String	DropDownList	CPE_CONTRATOS	ITEM_CHECKLIST_48		Nao	producao	2026-10-08
OrdemServico	ITEM_CHECKLIST_49	Item para checklist 49	String	DropDownList	CPE_CONTRATOS	ITEM_CHECKLIST_49		Nao	producao	2026-10-08
OrdemServico	ITEM_CHECKLIST_50	Item para checklist 50	String	DropDownList	CPE_CONTRATOS	ITEM_CHECKLIST_50		Nao	producao	2026-10-08
OrdemServico	ITEM_CHECKLIST_51	Item para checklist 51	String	DropDownList	CPE_CONTRATOS	ITEM_CHECKLIST_51		Nao	producao	2026-10-08
OrdemServico	ITEM_CHECKLIST_52	Item para checklist 52	String	DropDownList	CPE_CONTRATOS	ITEM_CHECKLIST_52		Nao	producao	2026-10-08
OrdemServico	ITEM_CHECKLIST_53	Item para checklist 53	String	DropDownList	CPE_CONTRATOS	ITEM_CHECKLIST_53		Nao	producao	2026-10-08
OrdemServico	ITEM_CHECKLIST_54	Item para checklist 54	String	DropDownList	CPE_CONTRATOS	ITEM_CHECKLIST_54		Nao	producao	2026-10-08
OrdemServico	ITEM_CHECKLIST_55	Item para checklist 55	String	DropDownList	CPE_CONTRATOS	ITEM_CHECKLIST_55		Nao	producao	2026-10-08
OrdemServico	ITEM_CHECKLIST_56	Item para checklist 56	String	DropDownList	CPE_CONTRATOS	ITEM_CHECKLIST_56		Nao	producao	2026-10-08
OrdemServico	ITEM_CHECKLIST_57	Item para checklist 57	String	DropDownList	CPE_CONTRATOS	ITEM_CHECKLIST_57		Nao	producao	2026-10-08
OrdemServico	ITEM_CHECKLIST_58	Item para checklist 58	String	DropDownList	CPE_CONTRATOS	ITEM_CHECKLIST_58		Nao	producao	2026-10-08
OrdemServico	ITEM_CHECKLIST_59	Item para checklist 59	String	DropDownList	CPE_CONTRATOS	ITEM_CHECKLIST_59		Nao	producao	2026-10-08
OrdemServico	ITEM_CHECKLIST_60	Item para checklist 60	String	DropDownList	CPE_CONTRATOS	ITEM_CHECKLIST_60		Nao	producao	2026-10-08
OrdemServico	ITEM_CHECKLIST_61	Item para checklist 61	String	DropDownList	CPE_CONTRATOS	ITEM_CHECKLIST_61		Nao	producao	2026-10-08
OrdemServico	ITEM_CHECKLIST_62	Item para checklist 62	String	DropDownList	CPE_CONTRATOS	ITEM_CHECKLIST_62		Nao	producao	2026-10-08
OrdemServico	ITEM_CHECKLIST_63	Item para checklist 63	String	DropDownList	CPE_CONTRATOS	ITEM_CHECKLIST_63		Nao	producao	2026-10-08
OrdemServico	ITEM_CHECKLIST_64	Item para checklist 64	String	DropDownList	CPE_CONTRATOS	ITEM_CHECKLIST_64		Nao	producao	2026-10-08
OrdemServico	ITEM_CHECKLIST_65	Item para checklist 65	String	DropDownList	CPE_CONTRATOS	ITEM_CHECKLIST_65		Nao	producao	2026-10-08
OrdemServico	ITEM_CHECKLIST_66	Item para checklist 66	String	DropDownList	CPE_CONTRATOS	ITEM_CHECKLIST_66		Nao	producao	2026-10-08
OrdemServico	ITEM_CHECKLIST_67	Item para checklist 67	String	DropDownList	CPE_CONTRATOS	ITEM_CHECKLIST_67		Nao	producao	2026-10-08
OrdemServico	ITEM_CHECKLIST_68	Item para checklist 68	String	DropDownList	CPE_CONTRATOS	ITEM_CHECKLIST_68		Nao	producao	2026-10-08
OrdemServico	ITEM_CHECKLIST_69	Item para checklist 69	String	DropDownList	CPE_CONTRATOS	ITEM_CHECKLIST_69		Nao	producao	2026-10-08
OrdemServico	ITEM_CHECKLIST_70	Item para checklist 70	String	DropDownList	CPE_CONTRATOS	ITEM_CHECKLIST_70		Nao	producao	2026-10-08
OrdemServico	ITEM_CHECKLIST_71	Item para checklist 71	String	DropDownList	CPE_CONTRATOS	ITEM_CHECKLIST_71		Nao	producao	2026-10-08
OrdemServico	ITEM_CHECKLIST_72	Item para checklist 72	String	DropDownList	CPE_CONTRATOS	ITEM_CHECKLIST_72		Nao	producao	2026-10-08
OrdemServico	ITEM_CHECKLIST_73	Item para checklist 73	String	DropDownList	CPE_CONTRATOS	ITEM_CHECKLIST_73		Nao	producao	2026-10-08
OrdemServico	ITEM_CHECKLIST_74	Item para checklist 74	String	DropDownList	CPE_CONTRATOS	ITEM_CHECKLIST_74		Nao	producao	2026-10-08
OrdemServico	ITEM_CHECKLIST_75	Item para checklist 75	String	DropDownList	CPE_CONTRATOS	ITEM_CHECKLIST_75		Nao	producao	2026-10-08
OrdemServico	ITEM_CHECKLIST_76	Item para checklist 76	String	DropDownList	CPE_CONTRATOS	ITEM_CHECKLIST_76		Nao	producao	2026-10-08
OrdemServico	ITEM_CHECKLIST_77	Item para checklist 77	String	DropDownList	CPE_CONTRATOS	ITEM_CHECKLIST_77		Nao	producao	2026-10-08
OrdemServico	ITEM_CHECKLIST_78	Item para checklist 78	String	DropDownList	CPE_CONTRATOS	ITEM_CHECKLIST_78		Nao	producao	2026-10-08
OrdemServico	ITEM_CHECKLIST_79	Item para checklist 79	String	DropDownList	CPE_CONTRATOS	ITEM_CHECKLIST_79		Nao	producao	2026-10-08
OrdemServico	ITEM_CHECKLIST_80	Item para checklist 80	String	DropDownList	CPE_CONTRATOS	ITEM_CHECKLIST_80		Nao	producao	2026-10-08
OrdemServico	ITEM_CHECKLIST_81	Item para checklist 81	String	DropDownList	CPE_CONTRATOS	ITEM_CHECKLIST_81		Nao	producao	2026-10-08
OrdemServico	ITEM_CHECKLIST_82	Item para checklist 82	String	DropDownList	CPE_CONTRATOS	ITEM_CHECKLIST_82		Nao	producao	2026-10-08
OrdemServico	ITEM_CHECKLIST_83	Item para checklist 83	String	DropDownList	CPE_CONTRATOS	ITEM_CHECKLIST_83		Nao	producao	2026-10-08
OrdemServico	ITEM_CHECKLIST_84	Item para checklist 84	String	DropDownList	CPE_CONTRATOS	ITEM_CHECKLIST_84		Nao	producao	2026-10-08
OrdemServico	ITEM_CHECKLIST_85	Item para checklist 85	String	DropDownList	CPE_CONTRATOS	ITEM_CHECKLIST_85		Nao	producao	2026-10-08
OrdemServico	ITEM_CHECKLIST_86	Item para checklist 86	String	DropDownList	CPE_CONTRATOS	ITEM_CHECKLIST_86		Nao	producao	2026-10-08
OrdemServico	ITEM_CHECKLIST_87	Item para checklist 87	String	DropDownList	CPE_CONTRATOS	ITEM_CHECKLIST_87		Nao	producao	2026-10-08
OrdemServico	ITEM_CHECKLIST_88	Item para checklist 88	String	DropDownList	CPE_CONTRATOS	ITEM_CHECKLIST_88		Nao	producao	2026-10-08
OrdemServico	ITEM_CHECKLIST_89	Item para checklist 89	String	DropDownList	CPE_CONTRATOS	ITEM_CHECKLIST_89		Nao	producao	2026-10-08
OrdemServico	ITEM_CHECKLIST_90	Item para checklist 90	String	DropDownList	CPE_CONTRATOS	ITEM_CHECKLIST_90		Nao	producao	2026-10-08
OrdemServico	ITEM_CHECKLIST_91	Item para checklist 91	String	DropDownList	CPE_CONTRATOS	ITEM_CHECKLIST_91		Nao	producao	2026-10-08
OrdemServico	ITEM_CHECKLIST_92	Item para checklist 92	String	DropDownList	CPE_CONTRATOS	ITEM_CHECKLIST_92		Nao	producao	2026-10-08
OrdemServico	ITEM_CHECKLIST_93	Item para checklist 93	String	DropDownList	CPE_CONTRATOS	ITEM_CHECKLIST_93		Nao	producao	2026-10-08
OrdemServico	ITEM_CHECKLIST_94	Item para checklist 94	String	DropDownList	CPE_CONTRATOS	ITEM_CHECKLIST_94		Nao	producao	2026-10-08
OrdemServico	ITEM_CHECKLIST_95	Item para checklist 95	String	DropDownList	CPE_CONTRATOS	ITEM_CHECKLIST_95		Nao	producao	2026-10-08
OrdemServico	ITEM_CHECKLIST_96	Item para checklist 96	String	DropDownList	CPE_CONTRATOS	ITEM_CHECKLIST_96		Nao	producao	2026-10-08
OrdemServico	ITEM_CHECKLIST_97	Item para checklist 97	String	DropDownList	CPE_CONTRATOS	ITEM_CHECKLIST_97		Nao	producao	2026-10-08
OrdemServico	ITEM_CHECKLIST_98	Item para checklist 98	String	DropDownList	CPE_CONTRATOS	ITEM_CHECKLIST_98		Nao	producao	2026-10-08
OrdemServico	ITEM_CHECKLIST_99	Item para checklist 99	String	DropDownList	CPE_CONTRATOS	ITEM_CHECKLIST_99		Nao	producao	2026-10-08
OrdemServico	JUSTIFICATIVA2	Justificativa	String	Memo	CPE_CONTRATOS	JUSTIFICATIVA2		Nao	producao	2026-10-08
OrdemServico	JUSTIFICATIVA3	Justificativa	String	Memo	CPE_CONTRATOS	JUSTIFICATIVA3		Nao	producao	2026-10-08
OrdemServico	JUSTIFICATIVA4	Justificativa	String	Memo	CPE_CONTRATOS	JUSTIFICATIVA4		Nao	producao	2026-10-08
OrdemServico	JUSTIFICATIVA6	Justificativa6	String	Memo	CPE_CONTRATOS	JUSTIFICATIVA6		Nao	producao	2026-10-08
OrdemServico	JUSTIFICATIVA7	Justificativa	String	Memo	CPE_CONTRATOS	JUSTIFICATIVA7		Nao	producao	2026-10-08
OrdemServico	JUSTIFICATIVA8	Justificativa8	String	Memo	CPE_CONTRATOS	JUSTIFICATIVA8		Nao	producao	2026-10-08
OrdemServico	LABEL100	Label100	String	Label	CPE_CONTRATOS	LABEL100	1500	Nao	producao	2026-10-08
OrdemServico	LABEL102	LABEL102	String	Label	CPE_CONTRATOS	LABEL102	1500	Nao	producao	2026-10-08
OrdemServico	LABEL103	LABEL103	String	Label	CPE_CONTRATOS	LABEL103	1500	Nao	producao	2026-10-08
OrdemServico	LABEL104	LABEL104	String	Label	CPE_CONTRATOS	LABEL104	1500	Nao	producao	2026-10-08
OrdemServico	LABEL105	LABEL105	String	Label	CPE_CONTRATOS	LABEL105		Nao	producao	2026-10-08
OrdemServico	LABEL106	LABEL106	String	Label	CPE_CONTRATOS	LABEL106		Nao	producao	2026-10-08
OrdemServico	LABEL107	LABEL107	String	Label	CPE_CONTRATOS	LABEL107	2000	Nao	producao	2026-10-08
OrdemServico	LABEL108	LABEL108	String	Label	CPE_CONTRATOS	LABEL108		Nao	producao	2026-10-08
OrdemServico	LABEL109	LABEL109	String	Label	CPE_CONTRATOS	LABEL109	1000	Nao	producao	2026-10-08
OrdemServico	LABEL110	LABEL110	String	Label	CPE_CONTRATOS	LABEL110		Nao	producao	2026-10-08
OrdemServico	LABEL111	Texto Informativo	String	Label	CPE_CONTRATOS	LABEL111	2000	Nao	producao	2026-10-08
OrdemServico	LABEL112	LABEL112	String	Label	CPE_CONTRATOS	LABEL112	500	Nao	producao	2026-10-08
OrdemServico	LABEL64	Label	String	Label	CPE_CONTRATOS	LABEL64	1000	Nao	producao	2026-10-08
OrdemServico	LABEL71	LABEL71	String	Label	CPE_CONTRATOS	LABEL71		Nao	producao	2026-10-08
OrdemServico	LABEL72	LABEL72	String	Label	CPE_CONTRATOS	LABEL72		Nao	producao	2026-10-08
OrdemServico	LABEL89	LABEL89	String	Label	CPE_CONTRATOS	LABEL89		Nao	producao	2026-10-08
OrdemServico	LISTA_PAGAMENTOS_2	Lista de solicitação de pagamentos	String	DropDownList	CPE_CONTRATOS	LISTA_PAGAMENTOS_2		Nao	producao	2026-10-08
OrdemServico	LOTE DA LICITACAO	Lote da Licitação	String	Memo	CPE_CONTRATOS	LOTE_DA_LICITACAO		Nao	producao	2026-10-08
OrdemServico	MANUTENCAO_BOM_ESTADO_AVALI1	Manutenção de um bom estado de limpeza, organização e conservação	String	DropDownList	CPE_CONTRATOS	MANUTENCAO_BOM_ESTADO_AVALI1		Nao	producao	2026-10-08
OrdemServico	MAO_DE_OBRAAVALIA1	Mão de obra, materiais e equipamentos adequados	String	DropDownList	CPE_CONTRATOS	MAO_DE_OBRAAVALIA1		Nao	producao	2026-10-08
OrdemServico	MATRICULA_3	Matrícula 3	Decimal	TextBox	CPE_CONTRATOS	MATRICULA_3		Nao	producao	2026-10-08
OrdemServico	MATRICULA_5	Matrícula 3	Decimal	TextBox	CPE_CONTRATOS	MATRICULA_5		Nao	producao	2026-10-08
OrdemServico	MODALIDADE_DE_CONTRATACAO	Modalidade de Contratação	String	DropDownList	CPE_CONTRATOS	MODALIDADE_DE_CONTRATACAO		Nao	producao	2026-10-08
OrdemServico	NECESSIDADE_TABELA_PDPEP	Necessidade tabela PDPEP	String	DropDownList	CPE_CONTRATOS	NECESSIDADE_TABELA_PDPEP		Nao	producao	2026-10-08
OrdemServico	NOME_FORNEC	Nome do fornecedor	String	TextBox	CPE_CONTRATOS	NOME_FORNEC		Nao	producao	2026-10-08
OrdemServico	NUMERO DA LICITACAO	Número da Licitação	String	Memo	CPE_CONTRATOS	NUMERO_DA_LICITACAO		Nao	producao	2026-10-08
OrdemServico	NUMERO DO DGCO	Número do DGCO	String	Memo	CPE_CONTRATOS	NUMERO_DO_DGCO		Nao	producao	2026-10-08
OrdemServico	NUMERO_1	NUMERO_1	String	TextBox	CPE_CONTRATOS	NUMERO_1		Nao	producao	2026-10-08
OrdemServico	NUMERO_DA_NF_1	Numero da Nota Fiscal	String	TextBox	CPE_CONTRATOS	NUMERO_DA_NF_1		Nao	producao	2026-10-08
OrdemServico	NUMERO_DE_OC	Número de OC	String	TextBox	CPE_CONTRATOS	NUMERO_DE_OC	50	Nao	producao	2026-10-08
OrdemServico	NUMERO_LIBERACAO_DA_OC	Número de Liberação da OC	String	TextBox	CPE_CONTRATOS	NUMERO_LIBERACAO_DA_OC	50	Nao	producao	2026-10-08
OrdemServico	NUMERO_NOTA_TECNICA	Numero_Nota_Tecnica	String	TextBox	CPE_CONTRATOS	NUMERO_NOTA_TECNICA	15	Nao	producao	2026-10-08
OrdemServico	NUMERO_NT	Número da Nota Técnica	String	TextBox	CPE_CONTRATOS	NUMERO_NT		Nao	producao	2026-10-08
OrdemServico	NUMERO_OC2	Número da OC2	Integer	TextBox	CPE_CONTRATOS	NUMERO_OC2	50	Nao	producao	2026-10-08
OrdemServico	NUMERO_OC3	Número da OC3	Integer	TextBox	CPE_CONTRATOS	NUMERO_OC3	50	Nao	producao	2026-10-08
OrdemServico	NUMERO_OC_LIBERACAO	Número de OC de Liberação	String	TextBox	CPE_CONTRATOS	NUMERO_OC_LIBERACAO	50	Nao	producao	2026-10-08
OrdemServico	NUMERO_OC_VINCULADA_MASTER	Número de OC	String	TextBox	CPE_CONTRATOS	NUMERO_OC_VINCULADA_MASTER	50	Nao	producao	2026-10-08
OrdemServico	NUMERO_OC_VINCULADA_MASTER2	Número de OC	String	TextBox	CPE_CONTRATOS	NUMERO_OC_VINCULADA_MASTER2	50	Nao	producao	2026-10-08
OrdemServico	NUMERO_OC_VINC_MASTER	Número da OC	Integer	TextBox	CPE_CONTRATOS	NUMERO_OC_VINC_MASTER	50	Nao	producao	2026-10-08
OrdemServico	NUM_AGENCIA	NUM_AGENCIA	String	TextBox	CPE_CONTRATOS	NUM_AGENCIA		Nao	producao	2026-10-08
OrdemServico	OBS1	Observação1	String	Memo	CPE_CONTRATOS	OBS1	2000	Nao	producao	2026-10-08
OrdemServico	OBS2	Observação2	String	Memo	CPE_CONTRATOS	OBS2	2000	Nao	producao	2026-10-08
OrdemServico	OBS3	Observação3	String	Memo	CPE_CONTRATOS	OBS3	2000	Nao	producao	2026-10-08
OrdemServico	OBS4	Observação4	String	Memo	CPE_CONTRATOS	OBS4	2000	Nao	producao	2026-10-08
OrdemServico	OBS5	Observação5	String	Memo	CPE_CONTRATOS	OBS5	2000	Nao	producao	2026-10-08
OrdemServico	OBS50	Observação50	String	Memo	CPE_CONTRATOS	OBS50	2000	Nao	producao	2026-10-08
OrdemServico	PAGAMENTOS_POR_NT	Pagamentos por NT	String	DropDownList	CPE_CONTRATOS	PAGAMENTOS_POR_NT		Nao	producao	2026-10-08
OrdemServico	PB_OBJETO_CONTRATACAO	Descrever o objeto de forma global, tal como deve constar na ordem de compra. A definição do objeto deve ser feita da forma mais clara e precisa possível, a fim de garantir que a compra ou contratação seja realizada da forma pretendida pelo demandante.	String	Memo	CPE_CONTRATOS	PB_OBJETO_CONTRATACAO	2000	Nao	producao	2026-10-08
OrdemServico	PERIODO01	Período 01	String	TextBox	CPE_CONTRATOS	PERIODO01		Nao	producao	2026-10-08
OrdemServico	PERIODO02	Período 02	String	TextBox	CPE_CONTRATOS	PERIODO02		Nao	producao	2026-10-08
OrdemServico	PERIODO03	Período 03	String	TextBox	CPE_CONTRATOS	PERIODO03		Nao	producao	2026-10-08
OrdemServico	PERIODOS	Quantos períodos de férias possui?	String	DropDownList	CPE_CONTRATOS	PERIODOS		Nao	producao	2026-10-08
OrdemServico	PERMISSAO_INGRESSOAVALI	Permissão do ingresso nas instalações apenas de pessoas previamente autorizadas e identificadas	String	DropDownList	CPE_CONTRATOS	PERMISSAO_INGRESSOAVALI		Nao	producao	2026-10-08
OrdemServico	PONTUACAO_1	Regularidade fiscal e trabalhista	String	DropDownList	CPE_CONTRATOS	PONTUACAO_1	50	Nao	producao	2026-10-08
OrdemServico	PONTUACAO_2	Apresentação de documentos exigidos no contrato	String	DropDownList	CPE_CONTRATOS	PONTUACAO_2	50	Nao	producao	2026-10-08
OrdemServico	PONTUACAO_3	Regularidade das notas fiscais	String	DropDownList	CPE_CONTRATOS	PONTUACAO_3	50	Nao	producao	2026-10-08
OrdemServico	PONTUACAO_4	Incidência/Resolução de ocorrências	String	DropDownList	CPE_CONTRATOS	PONTUACAO_4	50	Nao	producao	2026-10-08
OrdemServico	PRECO_GLOBAL	PRECO_GLOBAL	String	TextBox	CPE_CONTRATOS	PRECO_GLOBAL		Nao	producao	2026-10-08
OrdemServico	PRODUTO_LIMPEZAAVALI1	Produtos de limpeza e higienização disponibilizados com a qualidade, quantidade e frequência estabelecidas no contrato	String	DropDownList	CPE_CONTRATOS	PRODUTO_LIMPEZAAVALI1		Nao	producao	2026-10-08
OrdemServico	RATEIO	Rateio	String	DropDownList	CPE_CONTRATOS	RATEIO		Nao	producao	2026-10-08
OrdemServico	REALIZACAO_RONDAAVALI	Realização de rondas na periodicidade determinada no contrato	String	DropDownList	CPE_CONTRATOS	REALIZACAO_RONDAAVALI		Nao	producao	2026-10-08
OrdemServico	REGISTRO_OCORREAVALI	Registro de ocorrências identificadas durante o turno de trabalho	String	DropDownList	CPE_CONTRATOS	REGISTRO_OCORREAVALI		Nao	producao	2026-10-08
OrdemServico	REPAROS_AVALI	Reparos realizados de acordo com a qualidade estabelecida em contrato	String	DropDownList	CPE_CONTRATOS	REPAROS_AVALI		Nao	producao	2026-10-08
OrdemServico	REPASSE_VIGILANTES_AVALI	Repasse aos vigilantes que estão assumindo o posto, quando da rendição, de todas as orientações recebidas e em vigor	String	DropDownList	CPE_CONTRATOS	REPASSE_VIGILANTES_AVALI		Nao	producao	2026-10-08
OrdemServico	RESPDEVOLU	Responsável pela devolução	String	DropDownList	CPE_CONTRATOS	RESPDEVOLU		Nao	producao	2026-10-08
OrdemServico	RESPOSTA	Resposta	String	Memo	CPE_CONTRATOS	RESPOSTA		Nao	producao	2026-10-08
OrdemServico	RESULTADO DA CONSULTA	Resultado da consulta	String	DropDownList	CPE_CONTRATOS	RESULTADO_DA_CONSULTA		Nao	producao	2026-10-08
OrdemServico	RESULTADO DA CONSULTA2	Resultado da consulta	String	DropDownList	CPE_CONTRATOS	RESULTADO_DA_CONSULTA2		Nao	producao	2026-10-08
OrdemServico	SCHEMA2	Schema2	String	TextBox	CPE_CONTRATOS	SCHEMA2		Nao	producao	2026-10-08
OrdemServico	SEGMENTO_TABELA_PDPEP	Segmento tabela PDPEP	String	DropDownList	CPE_CONTRATOS	SEGMENTO_TABELA_PDPEP		Nao	producao	2026-10-08
OrdemServico	SIM_NAO11	Sim ou Não	String	DropDownList	CPE_CONTRATOS	SIM_NAO11		Nao	producao	2026-10-08
OrdemServico	SIM_NAO12	Sim ou Não	String	DropDownList	CPE_CONTRATOS	SIM_NAO12		Nao	producao	2026-10-08
OrdemServico	SIM_NAO13	Sim ou Não	String	DropDownList	CPE_CONTRATOS	SIM_NAO13		Nao	producao	2026-10-08
OrdemServico	SIM_NAO14	Sim ou Não	String	DropDownList	CPE_CONTRATOS	SIM_NAO14		Nao	producao	2026-10-08
OrdemServico	SIM_NAO_NAOSEAPLICA	Sim ou Não ou Não se Aplica	String	DropDownList	CPE_CONTRATOS	SIM_NAO_NAOSEAPLICA		Nao	producao	2026-10-08
OrdemServico	TEXT4	TEXT4	String	TextBox	CPE_CONTRATOS	TEXT4	1000	Nao	producao	2026-10-08
OrdemServico	TIPOS_DE_NF	Tipos de NF	String	DropDownList	CPE_CONTRATOS	TIPOS_DE_NF	50	Nao	producao	2026-10-08
OrdemServico	TIPO_CONTRA	Tipo de Contrato	String	DropDownList	CPE_CONTRATOS	TIPO_CONTRA		Nao	producao	2026-10-08
OrdemServico	TIPO_DE_BENEFICIADO	Tipo de Beneficiado	String	TextBox	CPE_CONTRATOS	TIPO_DE_BENEFICIADO		Nao	producao	2026-10-08
OrdemServico	TIPO_DE_DEMANDA	Tipo de demanda	String	DropDownList	CPE_CONTRATOS	TIPO_DE_DEMANDA		Nao	producao	2026-10-08
OrdemServico	TIPO_DE_FORNECEDOR_PDPEP	Tipo de fornecedor PDPEP	String	DropDownList	CPE_CONTRATOS	TIPO_DE_FORNECEDOR_PDPEP		Nao	producao	2026-10-08
OrdemServico	TIPO_RESCISAO	Tipo de Rescisão	String	DropDownList	CPE_CONTRATOS	TIPO_RESCISAO		Nao	producao	2026-10-08
OrdemServico	TIPO_SOLICIT	Tipo de Solicitação	String	DropDownList	CPE_CONTRATOS	TIPO_SOLICIT		Nao	producao	2026-10-08
OrdemServico	TITULO_AUTOMACAO	TITULO_AUTOMACAO	String	TextBox	CPE_CONTRATOS	TITULO_AUTOMACAO		Nao	producao	2026-10-08
OrdemServico	UTILIZA_EMBA_AVALI	Utilização de embalagens apropriadas	String	DropDownList	CPE_CONTRATOS	UTILIZA_EMBA_AVALI		Nao	producao	2026-10-08
OrdemServico	UTLILIZA_UNIFORMEAVALIA1	Utilização de uniformes e equipamentos de proteção individual apropriados	String	DropDownList	CPE_CONTRATOS	UTLILIZA_UNIFORMEAVALIA1		Nao	producao	2026-10-08
OrdemServico	VALOR_DO_PROVISIONAMENTO	Valor do Provisionamento	String	TextBox	CPE_CONTRATOS	VALOR_DO_PROVISIONAMENTO		Nao	producao	2026-10-08
OrdemServico	VALOR_DO_REEMBOLSO_2	Valor do Reembolso 2	Decimal	TextBox	CPE_CONTRATOS	VALOR_DO_REEMBOLSO_2		Nao	producao	2026-10-08
OrdemServico	VLR_CONTRATADO	Valor do Contrato	String	Memo	CPE_CONTRATOS	VLR_CONTRATADO		Nao	producao	2026-10-08
OrdemServico	ACEITE_DESIGNACAO	Aceite	Boolean	CheckBox	CPE_CONTRATOS02	ACEITE_DESIGNACAO		Nao	producao	2026-10-08
OrdemServico	ACEITE_DESIGNA_SISCCON2	Aceite Designação	Boolean	CheckBox	CPE_CONTRATOS02	ACEITE_DESIGNA_SISCCON2	1999	Nao	producao	2026-10-08
OrdemServico	ANALISTA_CONTRATO_SUP	Analista do contrato suplente	String	DropDownList	CPE_CONTRATOS02	ANALISTA_CONTRATO_SUP		Nao	producao	2026-10-08
OrdemServico	ANALISTA_CONTRATO_TITU	Analista do contrato titular	String	DropDownList	CPE_CONTRATOS02	ANALISTA_CONTRATO_TITU		Nao	producao	2026-10-08
OrdemServico	APOSENTADORIA_PS	APOSENTADORIA_PS	String	DropDownList	CPE_CONTRATOS02	APOSENTADORIA_PS		Nao	producao	2026-10-08
OrdemServico	APRESENTACAO_RELATO_AVALI	Apresentação dos relatórios de ocorrências para fiscalização da contratante, na periodicidade determinada no contrato	String	DropDownList	CPE_CONTRATOS02	APRESENTACAO_RELATO_AVALI		Nao	producao	2026-10-08
OrdemServico	AREA_ATUACAO_CESEC	Áreas de Atuação - CESEC	String	DropDownList	CPE_CONTRATOS02	AREA_ATUACAO_CESEC	100	Nao	producao	2026-10-08
OrdemServico	CARACTERISTICAS_NDA	Características do NDA	String	DropDownList	CPE_CONTRATOS02	CARACTERISTICAS_NDA	199	Nao	producao	2026-10-08
OrdemServico	CATS_BBTS	CAT's BBTS	String	DropDownList	CPE_CONTRATOS02	CATS_BBTS		Nao	producao	2026-10-08
OrdemServico	CLASSIFICAR_DEMANDA	Tipo de demanda	String	DropDownList	CPE_CONTRATOS02	CLASSIFICAR_DEMANDA	100	Nao	producao	2026-10-08
OrdemServico	CLAUSULA_CONTRATUAL_DESCUMPRIDA	Plano	String	Memo	CPE_CONTRATOS02	CLAUSULA_CONTRATUAL_DESCUMPRIDA	800	Nao	producao	2026-10-08
OrdemServico	CNPJ1	CNPJ	String	TextBox	CPE_CONTRATOS02	CNPJ1		Nao	producao	2026-10-08
OrdemServico	CNPJESCOLHIDO	CNPJ	String	TextBox	CPE_CONTRATOS02	CNPJESCOLHIDO		Nao	producao	2026-10-08
OrdemServico	COLABORADOR2	Colaborador	String	TextBox	CPE_CONTRATOS02	COLABORADOR2	1999	Nao	producao	2026-10-08
OrdemServico	COMBOBOX_BOX1	COMBOBOX_BOX1	String	DropDownList	CPE_CONTRATOS02	COMBOBOX_BOX1		Nao	producao	2026-10-08
OrdemServico	COMPROVA_FORM_AVALI	Comprovação da formação técnica específica da mão de obra oferecida está de acordo com o exigido no contrato	String	DropDownList	CPE_CONTRATOS02	COMPROVA_FORM_AVALI		Nao	producao	2026-10-08
OrdemServico	CONDUT_CONTRAT_SUP	Condutor Responsável do Contrato - Suplente	String	DropDownList	CPE_CONTRATOS02	CONDUT_CONTRAT_SUP		Nao	producao	2026-10-08
OrdemServico	CONDUT_CONTRAT_TITU	Condutor Responsável do Contrato	String	DropDownList	CPE_CONTRATOS02	CONDUT_CONTRAT_TITU		Nao	producao	2026-10-08
OrdemServico	CONTAGEM	Contagem	Integer	TextBox	CPE_CONTRATOS02	CONTAGEM		Nao	producao	2026-10-08
OrdemServico	CONTA_ORCAMENTARIA3	Conta Orçamentária	String	TextBox	CPE_CONTRATOS02	CONTA_ORCAMENTARIA3		Nao	producao	2026-10-08
OrdemServico	CSC_DATA_FIM2	Data Fim	String	TextBox	CPE_CONTRATOS02	CSC_DATA_FIM2		Nao	producao	2026-10-08
OrdemServico	CSC_DATA_FIM3	Data Fim	String	TextBox	CPE_CONTRATOS02	CSC_DATA_FIM3		Nao	producao	2026-10-08
OrdemServico	CSC_DATA_INICIO2	Data Início	String	TextBox	CPE_CONTRATOS02	CSC_DATA_INICIO2		Nao	producao	2026-10-08
OrdemServico	CSC_DATA_INICIO3	Data Início	String	TextBox	CPE_CONTRATOS02	CSC_DATA_INICIO3		Nao	producao	2026-10-08
OrdemServico	CSC_EMPRESA1	Empresa	String	TextBox	CPE_CONTRATOS02	CSC_EMPRESA1	500	Nao	producao	2026-10-08
OrdemServico	CSC_MATRICULA1	Matrícula	String	TextBox	CPE_CONTRATOS02	CSC_MATRICULA1		Nao	producao	2026-10-08
OrdemServico	CSC_NOME_COMPLETO1	Nome Completo	String	TextBox	CPE_CONTRATOS02	CSC_NOME_COMPLETO1	500	Nao	producao	2026-10-08
OrdemServico	CSC_NUMERO1	Número	String	TextBox	CPE_CONTRATOS02	CSC_NUMERO1	100	Nao	producao	2026-10-08
OrdemServico	CSC_QUANTIDADE1	Quantidade	String	TextBox	CPE_CONTRATOS02	CSC_QUANTIDADE1		Nao	producao	2026-10-08
OrdemServico	CSC_UOR1	CSC_UOR	String	TextBox	CPE_CONTRATOS02	CSC_UOR1		Nao	producao	2026-10-08
OrdemServico	DATA_ASSINATURA_C	Data de assinatura do contrato	DateTime	DatePicker	CPE_CONTRATOS02	DATA_ASSINATURA_C		Nao	producao	2026-10-08
OrdemServico	DATA_ENCERRAMENTO_C	Data do encerramento do contrato	DateTime	DatePicker	CPE_CONTRATOS02	DATA_ENCERRAMENTO_C		Nao	producao	2026-10-08
OrdemServico	DESC_DEMANDA_CONTRATAMAIS	Descrição da demanda	String	Memo	CPE_CONTRATOS02	DESC_DEMANDA_CONTRATAMAIS	1999	Nao	producao	2026-10-08
OrdemServico	DESIGNA_TITU_OR_SUP	Designação Titular ou Suplente?	String	TextBox	CPE_CONTRATOS02	DESIGNA_TITU_OR_SUP	1500	Nao	producao	2026-10-08
OrdemServico	DGCO_ACIONADO	DGCO acionado	String	DropDownList	CPE_CONTRATOS02	DGCO_ACIONADO		Nao	producao	2026-10-08
OrdemServico	DIRETORIAS	Diretoria	String	DropDownList	CPE_CONTRATOS02	DIRETORIAS		Nao	producao	2026-10-08
OrdemServico	DISPONIBILIDADE_AVALI	Disponibilização das ferramentas e equipamentos necessários à execução dos serviços.	String	DropDownList	CPE_CONTRATOS02	DISPONIBILIDADE_AVALI		Nao	producao	2026-10-08
OrdemServico	EMAIL_COLAB2	Email do Colaborador	String	TextBox	CPE_CONTRATOS02	EMAIL_COLAB2	200	Nao	producao	2026-10-08
OrdemServico	EMAIL_COLAB3	Email do Colaborador	String	TextBox	CPE_CONTRATOS02	EMAIL_COLAB3	200	Nao	producao	2026-10-08
OrdemServico	EMAIL_COLAB4	Email do Colaborador	String	TextBox	CPE_CONTRATOS02	EMAIL_COLAB4	200	Nao	producao	2026-10-08
OrdemServico	EMAIL_COLAB5	Email do Colaborador	String	TextBox	CPE_CONTRATOS02	EMAIL_COLAB5	200	Nao	producao	2026-10-08
OrdemServico	EMAIL_COLAB6	Email do Colaborador	String	TextBox	CPE_CONTRATOS02	EMAIL_COLAB6	200	Nao	producao	2026-10-08
OrdemServico	EMAIL_COLAB7	Email do Colaborador	String	TextBox	CPE_CONTRATOS02	EMAIL_COLAB7	200	Nao	producao	2026-10-08
OrdemServico	ESPECIALIDADE_PV	Selecione a Especialidade	String	DropDownList	CPE_CONTRATOS02	ESPECIALIDADE_PV		Nao	producao	2026-10-08
OrdemServico	FAVORECIDO_GESTOR	Favorecido Gestor	String	DropDownList	CPE_CONTRATOS02	FAVORECIDO_GESTOR	1999	Nao	producao	2026-10-08
OrdemServico	FISCAL_MASTER_TITU	Fiscal Master Titular	String	DropDownList	CPE_CONTRATOS02	FISCAL_MASTER_TITU	1999	Nao	producao	2026-10-08
OrdemServico	FORNECEDORES_CREDENCIAMENTO_DIENG	Fornecedores Credenciamento Dieng	String	DropDownList	CPE_CONTRATOS02	FORNECEDORES_CREDENCIAMENTO_DIENG		Nao	producao	2026-10-08
OrdemServico	FORNECEDOR_CADASTRADO	Fornecedor Cadastrado	String	DropDownList	CPE_CONTRATOS02	FORNECEDOR_CADASTRADO		Nao	producao	2026-10-08
OrdemServico	FREQUENCIA_DA_OCORRENCIA	Frequência da ocorrência	String	DropDownList	CPE_CONTRATOS02	FREQUENCIA_DA_OCORRENCIA	100	Nao	producao	2026-10-08
OrdemServico	FUNDAMENTO_LEGAL	FUNDAMENTO_LEGAL	String	TextBox	CPE_CONTRATOS02	FUNDAMENTO_LEGAL		Nao	producao	2026-10-08
OrdemServico	GEJUR_IDF_1	Das consultas feitas ao fornecedor de serviços jurídicos quanto à efetividade da defesa, qual foi o grau de satisfação?	String	DropDownList	CPE_CONTRATOS02	GEJUR_IDF_1		Nao	producao	2026-10-08
OrdemServico	GEJUR_IDF_2	Quanto à qualidade dos serviços prestados em que grau de satisfação o fornecedor se enquadra?	String	DropDownList	CPE_CONTRATOS02	GEJUR_IDF_2		Nao	producao	2026-10-08
OrdemServico	GEJUR_IDF_3	Das demandas postas pela BBTS sob a responsabilidade do prestador de serviços jurídicos, qual é o grau de satisfação quanto ao resultado dos serviços (audiência, diligências, atendimento, etc)?	String	DropDownList	CPE_CONTRATOS02	GEJUR_IDF_3		Nao	producao	2026-10-08
OrdemServico	GEJUR_IDF_4	Na condução dos processos postos pela BBTS sob a responsabilidade do prestador de serviços jurídicos, em que grau o mesmo poderá ser enquadrado quanto ao cumprimento dos prazos judiciais?	String	DropDownList	CPE_CONTRATOS02	GEJUR_IDF_4		Nao	producao	2026-10-08
OrdemServico	GEJUR_IDF_5	Quanto à efetividade/tempestividade no atendimento às solicitações da BBTS, em que grau o fornecedor de serviços é enquadrado?	String	DropDownList	CPE_CONTRATOS02	GEJUR_IDF_5		Nao	producao	2026-10-08
OrdemServico	GEJUR_IDF_6	Incidência/Resolução de ocorrências relacionada à execução do objeto contratual	String	DropDownList	CPE_CONTRATOS02	GEJUR_IDF_6		Nao	producao	2026-10-08
OrdemServico	GERENCIAS	Gerência	String	DropDownList	CPE_CONTRATOS02	GERENCIAS		Nao	producao	2026-10-08
OrdemServico	GERENCIAS_FATURAMENTO	Gerências Faturamento	String	DropDownList	CPE_CONTRATOS02	GERENCIAS_FATURAMENTO		Nao	producao	2026-10-08
OrdemServico	GERENTE_SERVICO	Gestor do Contrato	String	DropDownList	CPE_CONTRATOS02	GERENTE_SERVICO		Nao	producao	2026-10-08
OrdemServico	GERENTE_SERVICO_SUP	Gestor Suplente do Contrato	String	DropDownList	CPE_CONTRATOS02	GERENTE_SERVICO_SUP		Nao	producao	2026-10-08
OrdemServico	GESTOR_DE_ITENS_GESAP	Gestor de Itens Gesap	String	DropDownList	CPE_CONTRATOS02	GESTOR_DE_ITENS_GESAP	2000	Nao	producao	2026-10-08
OrdemServico	ID_DESIGNACAO	ID Designação	String	TextBox	CPE_CONTRATOS02	ID_DESIGNACAO	1500	Nao	producao	2026-10-08
OrdemServico	ID_DOCUMENTOS_FISCAIS	ID_DOCUMENTOS_FISCAIS	String	TextBox	CPE_CONTRATOS02	ID_DOCUMENTOS_FISCAIS		Nao	producao	2026-10-08
OrdemServico	ID_MEDICAO	ID_MEDICAO	String	TextBox	CPE_CONTRATOS02	ID_MEDICAO		Nao	producao	2026-10-08
OrdemServico	INDICADOR_MULTISKILL	Selecione o Indicador da Competência Multiskill	String	DropDownList	CPE_CONTRATOS02	INDICADOR_MULTISKILL		Nao	producao	2026-10-08
OrdemServico	JUSTIFICATIVA5	Justificativa5	String	Memo	CPE_CONTRATOS02	JUSTIFICATIVA5	2000	Nao	producao	2026-10-08
OrdemServico	LABEL113	LABEL113	String	Label	CPE_CONTRATOS02	LABEL113	1000	Nao	producao	2026-10-08
OrdemServico	LISTA_SERVICOS_CREDENCIAMENTO	Lista de serviços do credenciamento	String	DropDownList	CPE_CONTRATOS02	LISTA_SERVICOS_CREDENCIAMENTO	50	Nao	producao	2026-10-08
OrdemServico	LISTA_SIM_NAO_NORMATIVOS	Combobox Listando os Serviços	String	DropDownList	CPE_CONTRATOS02	LISTA_SIM_NAO_NORMATIVOS		Nao	producao	2026-10-08
OrdemServico	LOCALIDADE_ESCOLHIDA	Localidade escolhida	String	DropDownList	CPE_CONTRATOS02	LOCALIDADE_ESCOLHIDA	100	Nao	producao	2026-10-08
OrdemServico	MANUTENCAO_AVALI	Manutenção de condições de segurança e higiene necessárias à preservação da integridade física e da saúde dos empregados.	String	DropDownList	CPE_CONTRATOS02	MANUTENCAO_AVALI		Nao	producao	2026-10-08
OrdemServico	MATRICULA04	Matrícula	Decimal	TextBox	CPE_CONTRATOS02	MATRICULA04		Nao	producao	2026-10-08
OrdemServico	MATRICULA_7	Matrícula	Decimal	TextBox	CPE_CONTRATOS02	MATRICULA_7		Nao	producao	2026-10-08
OrdemServico	MATRICULA_ANA_SUP	Matrícula analista do contrato suplente	String	TextBox	CPE_CONTRATOS02	MATRICULA_ANA_SUP		Nao	producao	2026-10-08
OrdemServico	MATRICULA_ANA_TITU	Matrícula analista do contrato titular	String	TextBox	CPE_CONTRATOS02	MATRICULA_ANA_TITU		Nao	producao	2026-10-08
OrdemServico	MATRICULA_CONDUT_SUP	Matrícula condutor do contrato suplente	String	TextBox	CPE_CONTRATOS02	MATRICULA_CONDUT_SUP		Nao	producao	2026-10-08
OrdemServico	MATRICULA_CONDUT_TITU	Matrícula condutor do contrato titular	String	TextBox	CPE_CONTRATOS02	MATRICULA_CONDUT_TITU		Nao	producao	2026-10-08
OrdemServico	MATRICULA_DO_FISCAL_MASTER_SUP	Matrícula Fiscal Master Suplente	String	TextBox	CPE_CONTRATOS02	MATRICULA_DO_FISCAL_MASTER_SUP		Nao	producao	2026-10-08
OrdemServico	MATRICULA_DO_FISCAL_MASTER_TITU	Matrícula Fiscal Master Titular	String	TextBox	CPE_CONTRATOS02	MATRICULA_DO_FISCAL_MASTER_TITU		Nao	producao	2026-10-08
OrdemServico	MATRICULA_DO_GESTOR_SUP	Matrícula Gestor Suplente	String	TextBox	CPE_CONTRATOS02	MATRICULA_DO_GESTOR_SUP		Nao	producao	2026-10-08
OrdemServico	MATRICULA_GER_SERV	Matrícula Gestor do Contrato	String	TextBox	CPE_CONTRATOS02	MATRICULA_GER_SERV		Nao	producao	2026-10-08
OrdemServico	MATRICULA_GESTOR	Matrícula Gestor	Decimal	TextBox	CPE_CONTRATOS02	MATRICULA_GESTOR		Nao	producao	2026-10-08
OrdemServico	MATRICULA_GESTOR_TITULAR	Matrícula Gestor Titular	String	TextBox	CPE_CONTRATOS02	MATRICULA_GESTOR_TITULAR		Nao	producao	2026-10-08
OrdemServico	MATRICULA_SEG_GER_SERV	Matrícula Gestor Suplente do Contrato	String	TextBox	CPE_CONTRATOS02	MATRICULA_SEG_GER_SERV		Nao	producao	2026-10-08
OrdemServico	MATRICULA_SEG_SUP_CONTRAT	Matrícula Preposto Suplente do Contrato	String	TextBox	CPE_CONTRATOS02	MATRICULA_SEG_SUP_CONTRAT		Nao	producao	2026-10-08
OrdemServico	MATRICULA_SUP_CONTRAT	Matrícula do Preposto do Contrato	String	TextBox	CPE_CONTRATOS02	MATRICULA_SUP_CONTRAT		Nao	producao	2026-10-08
OrdemServico	MESES_ANO	Meses	String	DropDownList	CPE_CONTRATOS02	MESES_ANO		Nao	producao	2026-10-08
OrdemServico	MES_COMPETENCIA	Mês de competência	String	DropDownList	CPE_CONTRATOS02	MES_COMPETENCIA		Nao	producao	2026-10-08
OrdemServico	MOTIVO_EXCLUSAO_PS	MOTIVO_EXCLUSAO_PS	String	DropDownList	CPE_CONTRATOS02	MOTIVO_EXCLUSAO_PS		Nao	producao	2026-10-08
OrdemServico	NEGOCIO_PRODUTO_GECOB	Negócio/Produto	String	DropDownList	CPE_CONTRATOS02	NEGOCIO_PRODUTO_GECOB		Nao	producao	2026-10-08
OrdemServico	NEGOCIO_PRODUTO_GECOR	Negócio/Produto	String	DropDownList	CPE_CONTRATOS02	NEGOCIO_PRODUTO_GECOR		Nao	producao	2026-10-08
OrdemServico	NEGOCIO_PRODUTO_GELOP	Negócio/Produto	String	DropDownList	CPE_CONTRATOS02	NEGOCIO_PRODUTO_GELOP		Nao	producao	2026-10-08
OrdemServico	NEGOCIO_PRODUTO_GEPIN	Negócio/Produto	String	DropDownList	CPE_CONTRATOS02	NEGOCIO_PRODUTO_GEPIN		Nao	producao	2026-10-08
OrdemServico	NEGOCIO_PRODUTO_GESEC	Negócio/Produto	String	DropDownList	CPE_CONTRATOS02	NEGOCIO_PRODUTO_GESEC		Nao	producao	2026-10-08
OrdemServico	NM_GERENCIA	Nome Gerencia	String	TextBox	CPE_CONTRATOS02	NM_GERENCIA	199	Nao	producao	2026-10-08
OrdemServico	NOME_FORNECEDOR1	NOME_FORNECEDOR1	String	TextBox	CPE_CONTRATOS02	NOME_FORNECEDOR1		Nao	producao	2026-10-08
OrdemServico	NOME_PREPOSTO	Nome do Preposto	String	TextBox	CPE_CONTRATOS02	NOME_PREPOSTO	300	Nao	producao	2026-10-08
OrdemServico	NOTA_AVALIACAO	Nota Avaliação	Decimal	TextBox	CPE_CONTRATOS02	NOTA_AVALIACAO		Nao	producao	2026-10-08
OrdemServico	NUMERO_ATA	Número da ATA	String	TextBox	CPE_CONTRATOS02	NUMERO_ATA		Nao	producao	2026-10-08
OrdemServico	OBS_LABEL	Observação	String	Label	CPE_CONTRATOS02	OBS_LABEL	2000	Nao	producao	2026-10-08
OrdemServico	OC	OC	String	TextBox	CPE_CONTRATOS02	OC		Nao	producao	2026-10-08
OrdemServico	ORGANIZACAO_ERP	Organização ERP	String	DropDownList	CPE_CONTRATOS02	ORGANIZACAO_ERP		Nao	producao	2026-10-08
OrdemServico	ORGAO_GERENCIADOR_ATA	Órgão Gerenciador da ATA	String	TextBox	CPE_CONTRATOS02	ORGAO_GERENCIADOR_ATA	300	Nao	producao	2026-10-08
OrdemServico	ORGAO_PARTICP_CONTRAT	Órgão Participante Contratante	String	TextBox	CPE_CONTRATOS02	ORGAO_PARTICP_CONTRAT	300	Nao	producao	2026-10-08
OrdemServico	PERIODOS_DISPONIVEIS	Períodos disponíveis para avaliação	String	DropDownList	CPE_CONTRATOS02	PERIODOS_DISPONIVEIS	200	Nao	producao	2026-10-08
OrdemServico	PERIODO_SUBSTITUICAO	Combobox Listando os Serviços	String	DropDownList	CPE_CONTRATOS02	PERIODO_SUBSTITUICAO		Nao	producao	2026-10-08
OrdemServico	PNE_HSS	Seleção Hard.Soft ou Serv	String	DropDownList	CPE_CONTRATOS02	PNE_HSS		Nao	producao	2026-10-08
OrdemServico	REALIZACAO_SERV_AVALI	Realização dos serviços na periodicidade determinada em contrato	String	DropDownList	CPE_CONTRATOS02	REALIZACAO_SERV_AVALI		Nao	producao	2026-10-08
OrdemServico	REALIZA_AVALI	Realização dos serviços de manutenção preventiva e corretiva conforme estabelecido no contrato	String	DropDownList	CPE_CONTRATOS02	REALIZA_AVALI		Nao	producao	2026-10-08
OrdemServico	REEQUILIBRIO_CONTRATOS	Reequilibrio de Contratos	Boolean	CheckBox	CPE_CONTRATOS02	REEQUILIBRIO_CONTRATOS		Nao	producao	2026-10-08
OrdemServico	RELACAO_PARA_CEDIDOS_BBTS	Relação de solicitações para os Cedidos BBTS	String	DropDownList	CPE_CONTRATOS02	RELACAO_PARA_CEDIDOS_BBTS		Nao	producao	2026-10-08
OrdemServico	RESULTADO_BRUTO	Resultado Operacional Bruto	String	TextBox	CPE_CONTRATOS02	RESULTADO_BRUTO		Nao	producao	2026-10-08
OrdemServico	RESULTADO_OP1	Resultado Operacional 1s	String	TextBox	CPE_CONTRATOS02	RESULTADO_OP1		Nao	producao	2026-10-08
OrdemServico	RESULTADO_OP2	Resultado Operacional 2s	String	TextBox	CPE_CONTRATOS02	RESULTADO_OP2		Nao	producao	2026-10-08
OrdemServico	SEGUNDO_SUPLENTE	Preposto Suplente	String	DropDownList	CPE_CONTRATOS02	SEGUNDO_SUPLENTE		Nao	producao	2026-10-08
OrdemServico	SERVICO_ITENS_CADASTRADOS	Serviço para Itens Cadastrados	String	DropDownList	CPE_CONTRATOS02	SERVICO_ITENS_CADASTRADOS		Nao	producao	2026-10-08
OrdemServico	SIM_NAO20	Sim ou Não	String	DropDownList	CPE_CONTRATOS02	SIM_NAO20		Nao	producao	2026-10-08
OrdemServico	SIM_NAO201	Sim ou Não	String	DropDownList	CPE_CONTRATOS02	SIM_NAO201		Nao	producao	2026-10-08
OrdemServico	SIM_NAO202	Sim ou Não	String	DropDownList	CPE_CONTRATOS02	SIM_NAO202		Nao	producao	2026-10-08
OrdemServico	SIM_NAO203	Sim ou Não	String	DropDownList	CPE_CONTRATOS02	SIM_NAO203		Nao	producao	2026-10-08
OrdemServico	SIM_NAO204	Sim ou Não	String	DropDownList	CPE_CONTRATOS02	SIM_NAO204		Nao	producao	2026-10-08
OrdemServico	SIM_NAO_100	Sim ou Não	String	DropDownList	CPE_CONTRATOS02	SIM_NAO_100	500	Nao	producao	2026-10-08
OrdemServico	SUPLENTE_CONTRATO	Preposto	String	DropDownList	CPE_CONTRATOS02	SUPLENTE_CONTRATO		Nao	producao	2026-10-08
OrdemServico	TIPO_AVALIACAO	Tipo de avaliação	String	DropDownList	CPE_CONTRATOS02	TIPO_AVALIACAO		Nao	producao	2026-10-08
OrdemServico	TIPO_DESIGNACAO_INTERV	Tipo Designação	String	TextBox	CPE_CONTRATOS02	TIPO_DESIGNACAO_INTERV	1500	Nao	producao	2026-10-08
OrdemServico	TIPO_DE_VALOR_DE_REFERENCIA	Tipo de Valor de Referência	String	DropDownList	CPE_CONTRATOS02	TIPO_DE_VALOR_DE_REFERENCIA	50	Nao	producao	2026-10-08
OrdemServico	TIPO_SERVICO	Combobox Listando os Serviços	String	DropDownList	CPE_CONTRATOS02	TIPO_SERVICO		Nao	producao	2026-10-08
OrdemServico	TIPO_SUBSTITUICAO	Combobox Listando os Serviços	String	DropDownList	CPE_CONTRATOS02	TIPO_SUBSTITUICAO		Nao	producao	2026-10-08
OrdemServico	TIPO_VOLUMETRIA	Tipo Volumetria	String	DropDownList	CPE_CONTRATOS02	TIPO_VOLUMETRIA	100	Nao	producao	2026-10-08
OrdemServico	UNICADE_CLIMA_AVALI	Unidades de climatização mantidas com suas fichas de acompanhamento de manutenção preventiva atualizadas mensalmente	String	DropDownList	CPE_CONTRATOS02	UNICADE_CLIMA_AVALI		Nao	producao	2026-10-08
OrdemServico	UOR_COBRA	UOR_COBRA	String	TextBox	CPE_CONTRATOS02	UOR_COBRA		Nao	producao	2026-10-08
OrdemServico	UTILIZA_UNIFORMEEQUIPA_AVALI	Utilização de uniformes e equipamentos apropriados.	String	DropDownList	CPE_CONTRATOS02	UTILIZA_UNIFORMEEQUIPA_AVALI		Nao	producao	2026-10-08
OrdemServico	VALOR1	Valor	Decimal	TextBox	CPE_CONTRATOS02	VALOR1		Nao	producao	2026-10-08
OrdemServico	VALORF1	Valor	Decimal	TextBox	CPE_CONTRATOS02	VALORF1		Nao	producao	2026-10-08
OrdemServico	VALORF2	Valor	Decimal	TextBox	CPE_CONTRATOS02	VALORF2		Nao	producao	2026-10-08
OrdemServico	ACUMULOPERMITIDOEVEDADO	Acúmulo Permitido e Vedado	String	DropDownList	CPE_CSC	ACUMULOPERMITIDOEVEDADO		Nao	producao	2026-10-08
OrdemServico	ADESAO_DIARIAS_AVULSAS	Confirmo a adesão a opção de diárias avulsas sem comprovação documental.	Boolean	CheckBox	CPE_CSC	ADESAO_DIARIAS_AVULSAS		Nao	producao	2026-10-08
OrdemServico	ADITIVOS	Aditivos	String	TextBox	CPE_CSC	ADITIVOS		Nao	producao	2026-10-08
OrdemServico	AGENCIA_NUMERO	Número da Agência Bancária	String	TextBox	CPE_CSC	AGENCIA_NUMERO		Nao	producao	2026-10-08
OrdemServico	ALIQUOTA_FINAL	Aliquota Final	String	TextBox	CPE_CSC	ALIQUOTA_FINAL		Nao	producao	2026-10-08
OrdemServico	ALMOX_ENDERECO	Endereço:	String	TextBox	CPE_CSC	ALMOX_ENDERECO		Nao	producao	2026-10-08
OrdemServico	ANO_NUMERO_MEMORANDO	Ano auxiliar do numero do memorando	String	TextBox	CPE_CSC	ANO_NUMERO_MEMORANDO		Nao	producao	2026-10-08
OrdemServico	ANO_REF	Ano referência	String	DropDownList	CPE_CSC	ANO_REF	4	Nao	producao	2026-10-08
OrdemServico	ANO_REFERENCIA	Ano referência	String	DropDownList	CPE_CSC	ANO_REFERENCIA		Nao	producao	2026-10-08
OrdemServico	APROVACOES	Campo para preenchimento das aprovações.	String	Memo	CPE_CSC	APROVACOES	2000	Nao	producao	2026-10-08
OrdemServico	APROV_FAVORECIDO	Nome do aprovador favorecido	String	TextBox	CPE_CSC	APROV_FAVORECIDO		Nao	producao	2026-10-08
OrdemServico	APROV_FISCAL_ADM	Aprovador Fiscal Administrativo	String	TextBox	CPE_CSC	APROV_FISCAL_ADM		Nao	producao	2026-10-08
OrdemServico	APROV_FISCAL_SERVICO	Aprovador fiscal de serviço	String	TextBox	CPE_CSC	APROV_FISCAL_SERVICO		Nao	producao	2026-10-08
OrdemServico	APROV_GESTOR	Aprovador Gestor Demandante	String	TextBox	CPE_CSC	APROV_GESTOR		Nao	producao	2026-10-08
OrdemServico	APROV_GESTOR_FAVORECIDO	Aprovação gestor favorecido	String	TextBox	CPE_CSC	APROV_GESTOR_FAVORECIDO		Nao	producao	2026-10-08
OrdemServico	AQUISICAO_GASTO	Trata-se de aquisição/investimento ou gasto(custo/despesa) corrente?	String	DropDownList	CPE_CSC	AQUISICAO_GASTO		Nao	producao	2026-10-08
OrdemServico	ARQUIVARDOCUMENTOS	Tipo de documento	String	DropDownList	CPE_CSC	ARQUIVARDOCUMENTOS		Nao	producao	2026-10-08
OrdemServico	ARQUIVOS_ANEXADOS	Arquivos anexados	String	Memo	CPE_CSC	ARQUIVOS_ANEXADOS	2000	Nao	producao	2026-10-08
OrdemServico	ASSUNTOMEMORANDO	Assunto memorando	String	DropDownList	CPE_CSC	ASSUNTOMEMORANDO		Nao	producao	2026-10-08
OrdemServico	ATESTO_ENTREGA_ERP	Atesto Entrega  - ERP	String	TextBox	CPE_CSC	ATESTO_ENTREGA_ERP		Nao	producao	2026-10-08
OrdemServico	AVISO_NOVO_CHIP	Aviso novo chip	String	Label	CPE_CSC	AVISO_NOVO_CHIP	1500	Nao	producao	2026-10-08
OrdemServico	BAIRRO_ALMOX	Bairro:	String	TextBox	CPE_CSC	BAIRRO_ALMOX		Nao	producao	2026-10-08
OrdemServico	BANCO_NOME	Nome do Banco	String	DropDownList	CPE_CSC	BANCO_NOME		Nao	producao	2026-10-08
OrdemServico	BEMDETI	Existe Bem Patrimonial de TI?	String	DropDownList	CPE_CSC	BEMDETI		Nao	producao	2026-10-08
OrdemServico	BOLETO	Numero do Boleto	String	TextBox	CPE_CSC	BOLETO		Nao	producao	2026-10-08
OrdemServico	CADATRO_ATUALIZACAO	Cadastro ou Atualização?	String	DropDownList	CPE_CSC	CADATRO_ATUALIZACAO		Nao	producao	2026-10-08
OrdemServico	CAMINHO	CAMINHO	String	TextBox	CPE_CSC	CAMINHO		Nao	producao	2026-10-08
OrdemServico	CATEGORIA_DE_COMPRA	Categoria de Compra	String	DropDownList	CPE_CSC	CATEGORIA_DE_COMPRA		Nao	producao	2026-10-08
OrdemServico	CCMEMORANDO	Conta Corrente Memorando	String	TextBox	CPE_CSC	CCMEMORANDO		Nao	producao	2026-10-08
OrdemServico	CIDADE_CLASSIFICACAO	Cidade Classificação	String	TextBox	CPE_CSC	CIDADE_CLASSIFICACAO		Nao	producao	2026-10-08
OrdemServico	CIENTE_IFP	Estou ciente que chamados aprovados após o dia 18 serão processados na folha de pagamento do mês seguinte.	Boolean	CheckBox	CPE_CSC	CIENTE_IFP		Nao	producao	2026-10-08
OrdemServico	CNPJ_CPE_CSC	CNPJ	String	TextBox	CPE_CSC	CNPJ_CPE_CSC		Nao	producao	2026-10-08
OrdemServico	CODIGO_BBTS	Código Nota Fiscal	String	TextBox	CPE_CSC	CODIGO_BBTS		Nao	producao	2026-10-08
OrdemServico	CODIGO_DO_SERVICO	Código do Serviço	Integer	TextBox	CPE_CSC	CODIGO_DO_SERVICO		Nao	producao	2026-10-08
OrdemServico	CODIGO_SERVICO_PADRAO_ERP	Código do Serviço Padrão - ERP	String	TextBox	CPE_CSC	CODIGO_SERVICO_PADRAO_ERP		Nao	producao	2026-10-08
OrdemServico	COFINS_ALIQUOTA	COFINS - Alíquota	String	TextBox	CPE_CSC	COFINS_ALIQUOTA		Nao	producao	2026-10-08
OrdemServico	COFINS_BASE_LEGAL	COFINS - Base Legal	String	Memo	CPE_CSC	COFINS_BASE_LEGAL	2000	Nao	producao	2026-10-08
OrdemServico	COFINS_RETENCAO	COFINS - Retenção de Imposto?	String	DropDownList	CPE_CSC	COFINS_RETENCAO		Nao	producao	2026-10-08
OrdemServico	COLABORADOR	Colaborador	String	TextBox	CPE_CSC	COLABORADOR		Nao	producao	2026-10-08
OrdemServico	COLABORADOR_BBTS	Colaborador BBTS	Integer	DropDownList	CPE_CSC	COLABORADOR_BBTS		Nao	producao	2026-10-08
OrdemServico	COMBOBOX__1	COMBOBOX__1	String	DropDownList	CPE_CSC	COMBOBOX__1		Nao	producao	2026-10-08
OrdemServico	COMPETENCIA	Competência (mês/Ano ex: julho/2020)	String	TextBox	CPE_CSC	COMPETENCIA		Nao	producao	2026-10-08
OrdemServico	CONDICAO_DDL_ERP	Condição DDL - ERP	String	DropDownList	CPE_CSC	CONDICAO_DDL_ERP		Nao	producao	2026-10-08
OrdemServico	CONTA_CONTABIL_ERP	Conta contábil - ERP	String	TextBox	CPE_CSC	CONTA_CONTABIL_ERP		Nao	producao	2026-10-08
OrdemServico	CONTA_CONTABIL_PAGAMENTO_RCC	Conta contabil pagamento RCC	String	TextBox	CPE_CSC	CONTA_CONTABIL_PAGAMENTO_RCC		Nao	producao	2026-10-08
OrdemServico	CONTA_CORRENTE_NUMERO	Numero da conta corrente.	String	TextBox	CPE_CSC	CONTA_CORRENTE_NUMERO		Nao	producao	2026-10-08
OrdemServico	CONTA_NUMERO	Número da conta corrente	String	TextBox	CPE_CSC	CONTA_NUMERO	100	Nao	producao	2026-10-08
OrdemServico	CONTA_ORCAMENTARIA	Conta Orçamentária	String	TextBox	CPE_CSC	CONTA_ORCAMENTARIA		Nao	producao	2026-10-08
OrdemServico	CSC_ACEITA_MACROPOLO	Conforme o item 12.5 do edital do processo seletivo, é possível convocar um  candidato, respeitando a ordem de classificação, caso não haja mais candidatos classificados para preencher a vaga no Estado (UF), obedecendo a ordem de classificação geral (de âmbito nacional)	String	DropDownList	CPE_CSC	CSC_ACEITA_MACROPOLO		Nao	producao	2026-10-08
OrdemServico	CSC_ACESSO_ERP	Acesso ERP	Boolean	CheckBox	CPE_CSC	CSC_ACESSO_ERP		Nao	producao	2026-10-08
OrdemServico	CSC_ACESSO_PEOPLESOFT	Acesso PEOPLESOFT	Boolean	CheckBox	CPE_CSC	CSC_ACESSO_PEOPLESOFT		Nao	producao	2026-10-08
OrdemServico	CSC_ACESSO_REDE_EMAIL	Acesso Rede e E-mail	Boolean	CheckBox	CPE_CSC	CSC_ACESSO_REDE_EMAIL		Nao	producao	2026-10-08
OrdemServico	CSC_ACESSO_SICON	Acesso SICON	Boolean	CheckBox	CPE_CSC	CSC_ACESSO_SICON		Nao	producao	2026-10-08
OrdemServico	CSC_ACESSO_SISBB	Acesso SISBB	Boolean	CheckBox	CPE_CSC	CSC_ACESSO_SISBB		Nao	producao	2026-10-08
OrdemServico	CSC_ACESSO_TOA	Acesso TOA	Boolean	CheckBox	CPE_CSC	CSC_ACESSO_TOA		Nao	producao	2026-10-08
OrdemServico	CSC_ACESSO_VPN	Acesso VPN	Boolean	CheckBox	CPE_CSC	CSC_ACESSO_VPN		Nao	producao	2026-10-08
OrdemServico	CSC_ACESSO_WIFI	Acesso Wi-fi	Boolean	CheckBox	CPE_CSC	CSC_ACESSO_WIFI		Nao	producao	2026-10-08
OrdemServico	CSC_BAIRRO	Bairro	String	TextBox	CPE_CSC	CSC_BAIRRO	500	Nao	producao	2026-10-08
OrdemServico	CSC_BANCO	Banco	String	DropDownList	CPE_CSC	CSC_BANCO	500	Nao	producao	2026-10-08
OrdemServico	CSC_BANCO2	Banco	String	TextBox	CPE_CSC	CSC_BANCO2		Nao	producao	2026-10-08
OrdemServico	CSC_CARGO_FUNCAO	Cargo - Função	String	TextBox	CPE_CSC	CSC_CARGO_FUNCAO		Nao	producao	2026-10-08
OrdemServico	CSC_CARGO_LISTA	Cargo que o Trabalhador ocupará	String	DropDownList	CPE_CSC	CSC_CARGO_LISTA	100	Nao	producao	2026-10-08
OrdemServico	CSC_CAT	Listas de atuação dos Técnicos de Campo	String	DropDownList	CPE_CSC	CSC_CAT		Nao	producao	2026-10-08
OrdemServico	CSC_CEP	CEP	String	TextBox	CPE_CSC	CSC_CEP		Nao	producao	2026-10-08
OrdemServico	CSC_CIDADE	Cidade	String	TextBox	CPE_CSC	CSC_CIDADE	500	Nao	producao	2026-10-08
OrdemServico	CSC_CIDADE_NASCIMENTO	Cidade de Nascimento	String	TextBox	CPE_CSC	CSC_CIDADE_NASCIMENTO	500	Nao	producao	2026-10-08
OrdemServico	CSC_CLASSI_CARGO	Classificação Cargo	String	TextBox	CPE_CSC	CSC_CLASSI_CARGO		Nao	producao	2026-10-08
OrdemServico	CSC_CLASSI_M_POLO	Classificação Macropolo	String	TextBox	CPE_CSC	CSC_CLASSI_M_POLO		Nao	producao	2026-10-08
OrdemServico	CSC_CLASSI_PCD	Classificação PCD	String	TextBox	CPE_CSC	CSC_CLASSI_PCD		Nao	producao	2026-10-08
OrdemServico	CSC_CLASSI_PPP	Classificação PPP	String	TextBox	CPE_CSC	CSC_CLASSI_PPP		Nao	producao	2026-10-08
OrdemServico	CSC_CLASSI_UF	Classificação UF	String	TextBox	CPE_CSC	CSC_CLASSI_UF		Nao	producao	2026-10-08
OrdemServico	CSC_CNPJ	CSC_CNPJ	String	TextBox	CPE_CSC	CSC_CNPJ		Nao	producao	2026-10-08
OrdemServico	CSC_COMBOBOX	CSC_COMBOBOX	String	DropDownList	CPE_CSC	CSC_COMBOBOX		Nao	producao	2026-10-08
OrdemServico	CSC_COMPLEMENTO	Complemento	String	TextBox	CPE_CSC	CSC_COMPLEMENTO	500	Nao	producao	2026-10-08
OrdemServico	CSC_CONCURSO	Concurso	String	DropDownList	CPE_CSC	CSC_CONCURSO		Nao	producao	2026-10-08
OrdemServico	CSC_CONTA_CORRENTE	Conta Corrente	String	TextBox	CPE_CSC	CSC_CONTA_CORRENTE		Nao	producao	2026-10-08
OrdemServico	CSC_CPF	CPF	String	TextBox	CPE_CSC	CSC_CPF		Nao	producao	2026-10-08
OrdemServico	CSC_DATA_ACEITE	Data Aceite	DateTime	DatePicker	CPE_CSC	CSC_DATA_ACEITE		Nao	producao	2026-10-08
OrdemServico	CSC_DATA_EMISSOA	Emissão	DateTime	DatePicker	CPE_CSC	CSC_DATA_EMISSOA		Nao	producao	2026-10-08
OrdemServico	CSC_DATA_ENVIO	Data de Envio	DateTime	DatePicker	CPE_CSC	CSC_DATA_ENVIO		Nao	producao	2026-10-08
OrdemServico	CSC_DATA_ENVIO_A	Data de Envio	DateTime	DatePicker	CPE_CSC	CSC_DATA_ENVIO_A		Nao	producao	2026-10-08
OrdemServico	CSC_DATA_FIM	Data Fim	DateTime	DatePicker	CPE_CSC	CSC_DATA_FIM		Nao	producao	2026-10-08
OrdemServico	CSC_DATA_FIM_A	Data Fim	DateTime	DatePicker	CPE_CSC	CSC_DATA_FIM_A		Nao	producao	2026-10-08
OrdemServico	CSC_DATA_INICIO	Data Início	DateTime	DatePicker	CPE_CSC	CSC_DATA_INICIO		Nao	producao	2026-10-08
OrdemServico	CSC_DATA_INICIO_A	Data Início	DateTime	DatePicker	CPE_CSC	CSC_DATA_INICIO_A		Nao	producao	2026-10-08
OrdemServico	CSC_DATA_MANIFESTACAO	Data Limite Manifestação Interesse	DateTime	DatePicker	CPE_CSC	CSC_DATA_MANIFESTACAO		Nao	producao	2026-10-08
OrdemServico	CSC_DATA_NASCIMENTO	Data de nascimento	DateTime	DatePicker	CPE_CSC	CSC_DATA_NASCIMENTO		Nao	producao	2026-10-08
OrdemServico	CSC_DATA_RECEBIMENTO	Data de Recebimento	DateTime	DatePicker	CPE_CSC	CSC_DATA_RECEBIMENTO		Nao	producao	2026-10-08
OrdemServico	CSC_DATA_RECEBIMENTO_A	Data de Recebimento	DateTime	DatePicker	CPE_CSC	CSC_DATA_RECEBIMENTO_A		Nao	producao	2026-10-08
OrdemServico	CSC_DESISTIU_VAGA	Desistiu da Vaga?	String	DropDownList	CPE_CSC	CSC_DESISTIU_VAGA		Nao	producao	2026-10-08
OrdemServico	CSC_DGCO	DGCO	String	TextBox	CPE_CSC	CSC_DGCO		Nao	producao	2026-10-08
OrdemServico	CSC_DIGITO_AGENCIA	Dígito da Agência	String	TextBox	CPE_CSC	CSC_DIGITO_AGENCIA		Nao	producao	2026-10-08
OrdemServico	CSC_DIGITO_CONTA_CORRENTE	Dígito Conta Corrente	String	TextBox	CPE_CSC	CSC_DIGITO_CONTA_CORRENTE		Nao	producao	2026-10-08
OrdemServico	CSC_EDITAL_CONCURSO	Edital Concurso	String	TextBox	CPE_CSC	CSC_EDITAL_CONCURSO		Nao	producao	2026-10-08
OrdemServico	CSC_EMAIL_PESSOAL	E-mail Pessoal	String	TextBox	CPE_CSC	CSC_EMAIL_PESSOAL	500	Nao	producao	2026-10-08
OrdemServico	CSC_EMPRESA	Empresa	String	TextBox	CPE_CSC	CSC_EMPRESA	500	Nao	producao	2026-10-08
OrdemServico	CSC_ESCOLARIDADE	Escolaridade	String	TextBox	CPE_CSC	CSC_ESCOLARIDADE		Nao	producao	2026-10-08
OrdemServico	CSC_ESTABELECIMENTO	Estabelecimento	String	DropDownList	CPE_CSC	CSC_ESTABELECIMENTO		Nao	producao	2026-10-08
OrdemServico	CSC_ESTADO_CIVIL	Estado Civil	String	DropDownList	CPE_CSC	CSC_ESTADO_CIVIL		Nao	producao	2026-10-08
OrdemServico	CSC_ESTADO_EMISSOR	Estado Emissor	String	DropDownList	CPE_CSC	CSC_ESTADO_EMISSOR	500	Nao	producao	2026-10-08
OrdemServico	CSC_FAVORECIDO	CSC_FAVORECIDO	String	DropDownList	CPE_CSC	CSC_FAVORECIDO		Nao	producao	2026-10-08
OrdemServico	CSC_FILA_MACROPOLO	Convocação Fila Macropolo diferente da inscrição?	String	DropDownList	CPE_CSC	CSC_FILA_MACROPOLO		Nao	producao	2026-10-08
OrdemServico	CSC_FINAL_FILA	Solicitou Final de Fila?	String	DropDownList	CPE_CSC	CSC_FINAL_FILA		Nao	producao	2026-10-08
OrdemServico	CSC_FORNECEDOR	Fornecedor	String	DropDownList	CPE_CSC	CSC_FORNECEDOR		Nao	producao	2026-10-08
OrdemServico	CSC_HORA_APONTAMENTO	Tempo gasto na execução do serviço (Hora)	Integer	TextBox	CPE_CSC	CSC_HORA_APONTAMENTO		Nao	producao	2026-10-08
OrdemServico	CSC_INSCRICAO	Inscrição	String	DropDownList	CPE_CSC	CSC_INSCRICAO		Nao	producao	2026-10-08
OrdemServico	CSC_JURADO	Jurado	String	DropDownList	CPE_CSC	CSC_JURADO		Nao	producao	2026-10-08
OrdemServico	CSC_LOCALIDADE_ATUACAO	Localidade Atuação	String	DropDownList	CPE_CSC	CSC_LOCALIDADE_ATUACAO		Nao	producao	2026-10-08
OrdemServico	CSC_LOGRADOURO	Logradouro	String	TextBox	CPE_CSC	CSC_LOGRADOURO	500	Nao	producao	2026-10-08
OrdemServico	CSC_MACROPOLO	Macropolo Inscrição	String	TextBox	CPE_CSC	CSC_MACROPOLO		Nao	producao	2026-10-08
OrdemServico	CSC_MACROPOLO_REGRA	Macropolo Regra	String	TextBox	CPE_CSC	CSC_MACROPOLO_REGRA		Nao	producao	2026-10-08
OrdemServico	CSC_MATRICULA	Matrícula	String	TextBox	CPE_CSC	CSC_MATRICULA		Nao	producao	2026-10-08
OrdemServico	CSC_NOME_AGENCIA	Nome Agência	String	TextBox	CPE_CSC	CSC_NOME_AGENCIA	500	Nao	producao	2026-10-08
OrdemServico	CSC_NOME_COMPLETO	Nome Completo	String	TextBox	CPE_CSC	CSC_NOME_COMPLETO	500	Nao	producao	2026-10-08
OrdemServico	CSC_NOTA_FISCAL	CSC_NOTA_FISCAL	String	TextBox	CPE_CSC	CSC_NOTA_FISCAL		Nao	producao	2026-10-08
OrdemServico	CSC_NOVO_ESTABELECIMENTO	Novo Estabelecimento	String	TextBox	CPE_CSC	CSC_NOVO_ESTABELECIMENTO		Nao	producao	2026-10-08
OrdemServico	CSC_NUMERO	Número	String	TextBox	CPE_CSC	CSC_NUMERO	100	Nao	producao	2026-10-08
OrdemServico	CSC_NUMERO_AGENCIA	Número da Agência	String	TextBox	CPE_CSC	CSC_NUMERO_AGENCIA		Nao	producao	2026-10-08
OrdemServico	CSC_NUMERO_OS	Nº da Ordem de Serviço da Rescisão	String	TextBox	CPE_CSC	CSC_NUMERO_OS		Nao	producao	2026-10-08
OrdemServico	CSC_NUMERO_OS_A	Nº da Ordem de Serviço	String	TextBox	CPE_CSC	CSC_NUMERO_OS_A		Nao	producao	2026-10-08
OrdemServico	CSC_NUM_SISLOC	Número da Abertura no Sisloc	String	TextBox	CPE_CSC	CSC_NUM_SISLOC		Nao	producao	2026-10-08
OrdemServico	CSC_NUM_SISLOC_A	Número da Abertura no Sisloc	String	TextBox	CPE_CSC	CSC_NUM_SISLOC_A		Nao	producao	2026-10-08
OrdemServico	CSC_OBS	Observação	String	Memo	CPE_CSC	CSC_OBS	2000	Nao	producao	2026-10-08
OrdemServico	CSC_OBS1	Observação/Detalhamento	String	Memo	CPE_CSC	CSC_OBS1	2000	Nao	producao	2026-10-08
OrdemServico	CSC_OBS1_A	Observação	String	Memo	CPE_CSC	CSC_OBS1_A	2000	Nao	producao	2026-10-08
OrdemServico	CSC_OBS2	Observação	String	Memo	CPE_CSC	CSC_OBS2	2000	Nao	producao	2026-10-08
OrdemServico	CSC_OBS2_A	Observação	String	TextBox	CPE_CSC	CSC_OBS2_A	2000	Nao	producao	2026-10-08
OrdemServico	CSC_ORCAMENTO_APROV	CSC_ORCAMENTO_APROV	String	DropDownList	CPE_CSC	CSC_ORCAMENTO_APROV		Nao	producao	2026-10-08
OrdemServico	CSC_ORGANIZACAO	CSC_ORGANIZACAO	String	DropDownList	CPE_CSC	CSC_ORGANIZACAO		Nao	producao	2026-10-08
OrdemServico	CSC_ORGAO_EMISSOR	Órgão Emissor	String	TextBox	CPE_CSC	CSC_ORGAO_EMISSOR	200	Nao	producao	2026-10-08
OrdemServico	CSC_PCD	Pessoas com deficiência	String	DropDownList	CPE_CSC	CSC_PCD		Nao	producao	2026-10-08
OrdemServico	CSC_POLO	Polo	String	TextBox	CPE_CSC	CSC_POLO		Nao	producao	2026-10-08
OrdemServico	CSC_POSSUI_CANDIDATO	Possui candidato para a vaga?	String	DropDownList	CPE_CSC	CSC_POSSUI_CANDIDATO		Nao	producao	2026-10-08
OrdemServico	CSC_PPP	Pessoas pretas, pardas ou indígenas	String	DropDownList	CPE_CSC	CSC_PPP		Nao	producao	2026-10-08
OrdemServico	CSC_QUANTIDADE	Quantidade	String	TextBox	CPE_CSC	CSC_QUANTIDADE		Nao	producao	2026-10-08
OrdemServico	CSC_QUANTIDADE_A	Quantidade	String	TextBox	CPE_CSC	CSC_QUANTIDADE_A		Nao	producao	2026-10-08
OrdemServico	CSC_RG	RG	String	TextBox	CPE_CSC	CSC_RG		Nao	producao	2026-10-08
OrdemServico	CSC_RG_ORGAO_UF	Orgão Emissor/UF	String	TextBox	CPE_CSC	CSC_RG_ORGAO_UF		Nao	producao	2026-10-08
OrdemServico	CSC_RI	CSC_RI	String	TextBox	CPE_CSC	CSC_RI		Nao	producao	2026-10-08
OrdemServico	CSC_SEXO	CSC_SEXO	String	TextBox	CPE_CSC	CSC_SEXO		Nao	producao	2026-10-08
OrdemServico	CSC_TAMFARDA	Tamanho do Fardamento	String	TextBox	CPE_CSC	CSC_TAMFARDA		Nao	producao	2026-10-08
OrdemServico	CSC_TELEFONE_1	Telefone Contato 1	String	TextBox	CPE_CSC	CSC_TELEFONE_1		Nao	producao	2026-10-08
OrdemServico	CSC_TELEFONE_2	Telefone Contato 2	String	TextBox	CPE_CSC	CSC_TELEFONE_2		Nao	producao	2026-10-08
OrdemServico	CSC_TELEFONE_CONTATO	Telefone para Contato	String	TextBox	CPE_CSC	CSC_TELEFONE_CONTATO		Nao	producao	2026-10-08
OrdemServico	CSC_TIPO_NF	CSC_TIPO_NF	String	TextBox	CPE_CSC	CSC_TIPO_NF		Nao	producao	2026-10-08
OrdemServico	CSC_TIPO_POSSE	Como será realizada a posse?	String	DropDownList	CPE_CSC	CSC_TIPO_POSSE		Nao	producao	2026-10-08
OrdemServico	CSC_TIPO_VAGA	Tipo vaga	String	TextBox	CPE_CSC	CSC_TIPO_VAGA		Nao	producao	2026-10-08
OrdemServico	CSC_TRABALHADOR_TEMPORARIO	Trabalhador Temporário	String	DropDownList	CPE_CSC	CSC_TRABALHADOR_TEMPORARIO		Nao	producao	2026-10-08
OrdemServico	CSC_UF	UF	String	DropDownList	CPE_CSC	CSC_UF		Nao	producao	2026-10-08
OrdemServico	CSC_UF_INSCR	UF Inscrição	String	TextBox	CPE_CSC	CSC_UF_INSCR		Nao	producao	2026-10-08
OrdemServico	CSC_UF_NASCIMENTO	UF de Nascimento	String	DropDownList	CPE_CSC	CSC_UF_NASCIMENTO		Nao	producao	2026-10-08
OrdemServico	CSC_UF_REGRA	UF Regra	String	TextBox	CPE_CSC	CSC_UF_REGRA		Nao	producao	2026-10-08
OrdemServico	CSC_UOR	CSC_UOR	String	TextBox	CPE_CSC	CSC_UOR		Nao	producao	2026-10-08
OrdemServico	CSC_UOR_LISTA	UOR	String	DropDownList	CPE_CSC	CSC_UOR_LISTA	500	Nao	producao	2026-10-08
OrdemServico	CSC_VALOR	Valor	String	TextBox	CPE_CSC	CSC_VALOR		Nao	producao	2026-10-08
OrdemServico	CSC_VALOR1	Valor	Decimal	TextBox	CPE_CSC	CSC_VALOR1		Nao	producao	2026-10-08
OrdemServico	CSC_VALOR1_A	Valor	Decimal	TextBox	CPE_CSC	CSC_VALOR1_A		Nao	producao	2026-10-08
OrdemServico	CSC_VALOR1_TOTAL	Valor Total	Decimal	TextBox	CPE_CSC	CSC_VALOR1_TOTAL		Nao	producao	2026-10-08
OrdemServico	CSC_VALOR1_TOTAL_A	Valor Total	Decimal	TextBox	CPE_CSC	CSC_VALOR1_TOTAL_A		Nao	producao	2026-10-08
OrdemServico	CSC_VALOR2	Valor	Decimal	TextBox	CPE_CSC	CSC_VALOR2		Nao	producao	2026-10-08
OrdemServico	CSC_VALOR2_A	Valor	Decimal	TextBox	CPE_CSC	CSC_VALOR2_A		Nao	producao	2026-10-08
OrdemServico	CSC_VALOR_TOTAL	Valor Total	String	TextBox	CPE_CSC	CSC_VALOR_TOTAL		Nao	producao	2026-10-08
OrdemServico	CSLL_ALIQUOTA	CSLL - Alíquota	String	TextBox	CPE_CSC	CSLL_ALIQUOTA		Nao	producao	2026-10-08
OrdemServico	CSLL_BASE_LEGAL	CSLL - Base Legal	String	Memo	CPE_CSC	CSLL_BASE_LEGAL	2000	Nao	producao	2026-10-08
OrdemServico	CSLL_RETENCAO	CSLL - Retenção	String	DropDownList	CPE_CSC	CSLL_RETENCAO		Nao	producao	2026-10-08
OrdemServico	DATA_ANO	Data Ano	String	DropDownList	CPE_CSC	DATA_ANO		Nao	producao	2026-10-08
OrdemServico	DATA_APROVACAO_FISCAL_ADM	Data da aprovação do fiscal adminitrativo.	DateTime	DateTimePicker	CPE_CSC	DATA_APROVACAO_FISCAL_ADM		Nao	producao	2026-10-08
OrdemServico	DATA_APROVACAO_FISCAL_SERV	Data aprovação fiscal de serviço	DateTime	DateTimePicker	CPE_CSC	DATA_APROVACAO_FISCAL_SERV		Nao	producao	2026-10-08
OrdemServico	DATA_APROVACAO_GESTOR	Data aprovação Gestor Demandante	DateTime	DateTimePicker	CPE_CSC	DATA_APROVACAO_GESTOR		Nao	producao	2026-10-08
OrdemServico	DATA_ATUAL_ERP	Data Atual - ERP	DateTime	DatePicker	CPE_CSC	DATA_ATUAL_ERP		Nao	producao	2026-10-08
OrdemServico	DATA_DA_APROVACAO	Data da aprovação	DateTime	TextBox	CPE_CSC	DATA_DA_APROVACAO		Nao	producao	2026-10-08
OrdemServico	DATA_DE_PAGAMENTO	Data de pagamento	DateTime	DatePicker	CPE_CSC	DATA_DE_PAGAMENTO		Nao	producao	2026-10-08
OrdemServico	DATA_DE_PAGAMENTO_3	Data de Pagamento	DateTime	DatePicker	CPE_CSC	DATA_DE_PAGAMENTO_3		Nao	producao	2026-10-08
OrdemServico	DATA_DO_EXTRATO	Data do Extrato	DateTime	DatePicker	CPE_CSC	DATA_DO_EXTRATO		Nao	producao	2026-10-08
OrdemServico	DATA_EFETIVIDADE	Data Efetividade Faturamento	DateTime	DatePicker	CPE_CSC	DATA_EFETIVIDADE		Nao	producao	2026-10-08
OrdemServico	DATA_EMISSAO_ATESTADO	Data de Emissão do Atestado	DateTime	DatePicker	CPE_CSC	DATA_EMISSAO_ATESTADO		Nao	producao	2026-10-08
OrdemServico	DATA_EMISSAO_NF	Data da Emissão	DateTime	DatePicker	CPE_CSC	DATA_EMISSAO_NF		Nao	producao	2026-10-08
OrdemServico	DATA_EMISSAO_NF_ERP	Data emissão Nota Fiscal - ERP	DateTime	DatePicker	CPE_CSC	DATA_EMISSAO_NF_ERP		Nao	producao	2026-10-08
OrdemServico	DATA_GL_ERP	Data GL - ERP	DateTime	DatePicker	CPE_CSC	DATA_GL_ERP		Nao	producao	2026-10-08
OrdemServico	DATA_HORA_FIM	Data e Hora Fim	DateTime	DateTimePicker	CPE_CSC	DATA_HORA_FIM		Nao	producao	2026-10-08
OrdemServico	DATA_HORA_INICIO	Data e Hora Início	DateTime	DateTimePicker	CPE_CSC	DATA_HORA_INICIO		Nao	producao	2026-10-08
OrdemServico	DATA_MEMORANDO	Data memorando	DateTime	DatePicker	CPE_CSC	DATA_MEMORANDO		Nao	producao	2026-10-08
OrdemServico	DATA_PAGAMENTO_NF	Data de Pagamento da Nota Fiscal	DateTime	DatePicker	CPE_CSC	DATA_PAGAMENTO_NF		Nao	producao	2026-10-08
OrdemServico	DATA_PARA_CANCELAMENTO	Data para cancelamento	DateTime	DateTimePicker	CPE_CSC	DATA_PARA_CANCELAMENTO		Nao	producao	2026-10-08
OrdemServico	DATA_PARA_PERIODO_ATE	Segundo campo data para definir um periodo.	DateTime	DatePicker	CPE_CSC	DATA_PARA_PERIODO_ATE		Nao	producao	2026-10-08
OrdemServico	DATA_PARA_PERIODO_DE	Primeiro campo data para definir um periodo.	DateTime	DatePicker	CPE_CSC	DATA_PARA_PERIODO_DE		Nao	producao	2026-10-08
OrdemServico	DATA_RECEBIMENTO_ATESTADO	Data Recebimento do Atestado	DateTime	DatePicker	CPE_CSC	DATA_RECEBIMENTO_ATESTADO		Nao	producao	2026-10-08
OrdemServico	DATA_RECEBIMENTO_ERP	Data Recebimento Material - ERP	DateTime	DatePicker	CPE_CSC	DATA_RECEBIMENTO_ERP		Nao	producao	2026-10-08
OrdemServico	DATA_RETORNO_LIC	Data retorno	DateTime	DatePicker	CPE_CSC	DATA_RETORNO_LIC		Nao	producao	2026-10-08
OrdemServico	DATA_RI	DATA do RI	DateTime	DatePicker	CPE_CSC	DATA_RI		Nao	producao	2026-10-08
OrdemServico	DATA_SUGESTAO_PAGAMENTO	Data sugestão de pagamento	DateTime	DatePicker	CPE_CSC	DATA_SUGESTAO_PAGAMENTO		Nao	producao	2026-10-08
OrdemServico	DATA_TRIAGEM	Data da Validação da Triagem	DateTime	DatePicker	CPE_CSC	DATA_TRIAGEM		Nao	producao	2026-10-08
OrdemServico	DATA_VENCIMENTO_ERP	Data de Vencimento (Próximo dia util a contar da data Base) - ERP	DateTime	DatePicker	CPE_CSC	DATA_VENCIMENTO_ERP		Nao	producao	2026-10-08
OrdemServico	DATA_VENC_NF	Data de Vencimento	DateTime	DatePicker	CPE_CSC	DATA_VENC_NF		Nao	producao	2026-10-08
OrdemServico	DEMANDANTE	Demandante	String	TextBox	CPE_CSC	DEMANDANTE		Nao	producao	2026-10-08
OrdemServico	DESCRICAO_DETALHADA	Descrição detalhada	String	Memo	CPE_CSC	DESCRICAO_DETALHADA	2000	Nao	producao	2026-10-08
OrdemServico	DESCRICAO_DOIS	Descrições gerais	String	Memo	CPE_CSC	DESCRICAO_DOIS	2000	Nao	producao	2026-10-08
OrdemServico	DESCRICAO_MEMORANDO	Descrição do memorando jurídico	String	Memo	CPE_CSC	DESCRICAO_MEMORANDO	2000	Nao	producao	2026-10-08
OrdemServico	DESCRICAO_OBRIG2	Descrição obrigatória	String	Memo	CPE_CSC	DESCRICAO_OBRIG2	2000	Nao	producao	2026-10-08
OrdemServico	DESCRICAO_UM	Descrições gerais	String	Memo	CPE_CSC	DESCRICAO_UM	2000	Nao	producao	2026-10-08
OrdemServico	DESTINATARIO_FINAL	Destinatário final	String	DropDownList	CPE_CSC	DESTINATARIO_FINAL		Nao	producao	2026-10-08
OrdemServico	DE_ACORDO_DATA_PSICO	De acordo a data de consulta - Agendamento Apoio Psicológico	String	DropDownList	CPE_CSC	DE_ACORDO_DATA_PSICO		Nao	producao	2026-10-08
OrdemServico	DGCO_CLIENTE_ERP	DGCO Cliente - ERP	String	TextBox	CPE_CSC	DGCO_CLIENTE_ERP		Nao	producao	2026-10-08
OrdemServico	DIAS_DE_JORNADA	Dias de Jornada	String	DropDownList	CPE_CSC	DIAS_DE_JORNADA		Nao	producao	2026-10-08
OrdemServico	DIRETORIA_GERENCIA	Diretoria/Gerência	String	TextBox	CPE_CSC	DIRETORIA_GERENCIA		Nao	producao	2026-10-08
OrdemServico	EMISSAO_PIS_PASEP	Data de emissão do PIS/PASEP	DateTime	DatePicker	CPE_CSC	EMISSAO_PIS_PASEP		Nao	producao	2026-10-08
OrdemServico	ESPECIE_ERP	Espécie - ERP	String	TextBox	CPE_CSC	ESPECIE_ERP		Nao	producao	2026-10-08
OrdemServico	ESPECIFICACOES_TECNICAS	Especificações Técnicas	String	Memo	CPE_CSC	ESPECIFICACOES_TECNICAS	2000	Nao	producao	2026-10-08
OrdemServico	ESPECIFICAR_ALIENACAO	Especificar	String	TextBox	CPE_CSC	ESPECIFICAR_ALIENACAO		Nao	producao	2026-10-08
OrdemServico	ESPECIFICAR_BRIGADISTA	Especificar:	String	Memo	CPE_CSC	ESPECIFICAR_BRIGADISTA		Nao	producao	2026-10-08
OrdemServico	ESTABELECIMENTO_DO_DESTINATARIO_01	Estabelecimento do Destinatário 01	String	DropDownList	CPE_CSC	ESTABELECIMENTO_DO_DESTINATARIO_01		Nao	producao	2026-10-08
OrdemServico	EVENTO_COFFEE_BREAK	Tipo de Evento - Coffee Break	String	DropDownList	CPE_CSC	EVENTO_COFFEE_BREAK		Nao	producao	2026-10-08
OrdemServico	FABRICANTE_BEM	Fabricante:	String	TextBox	CPE_CSC	FABRICANTE_BEM		Nao	producao	2026-10-08
OrdemServico	FAIXA_ETARIA	Faixa Etária	String	DropDownList	CPE_CSC	FAIXA_ETARIA		Nao	producao	2026-10-08
OrdemServico	FAVORECIDO_BBTS	Colaborador BBTS	String	DropDownList	CPE_CSC	FAVORECIDO_BBTS		Nao	producao	2026-10-08
OrdemServico	FAVORECIDO_NOVO	Favorecido Novo	String	DropDownList	CPE_CSC	FAVORECIDO_NOVO		Nao	producao	2026-10-08
OrdemServico	FIM_LICENCA_MATERNIDADE	Fim da licença maternidade	DateTime	DatePicker	CPE_CSC	FIM_LICENCA_MATERNIDADE		Nao	producao	2026-10-08
OrdemServico	FINAL_LIC_AMAMENTACAO	Final Licença amamentação	DateTime	DatePicker	CPE_CSC	FINAL_LIC_AMAMENTACAO		Nao	producao	2026-10-08
OrdemServico	FINAL_LIC_MATERNIDADE_CID	Final licença maternidade cidadã	DateTime	DatePicker	CPE_CSC	FINAL_LIC_MATERNIDADE_CID		Nao	producao	2026-10-08
OrdemServico	FISCAL_ADM_DO_CONTRATO	Fiscal Administrativo do contrato.	String	SearchList	CPE_CSC	FISCAL_ADM_DO_CONTRATO		Nao	producao	2026-10-08
OrdemServico	FISCAL_DE_SERVICO	Fiscal de serviço do contrato	String	SearchList	CPE_CSC	FISCAL_DE_SERVICO		Nao	producao	2026-10-08
OrdemServico	FISICA_JUDIRICA	Pessoa Jurídica ou Pessoa Física	String	DropDownList	CPE_CSC	FISICA_JUDIRICA		Nao	producao	2026-10-08
OrdemServico	FORNECEDOR01	Fornecedor	String	TextBox	CPE_CSC	FORNECEDOR01		Nao	producao	2026-10-08
OrdemServico	FORNECEDOR2	Fornecedor	String	TextBox	CPE_CSC	FORNECEDOR2		Nao	producao	2026-10-08
OrdemServico	FORNECEDOR3	Fornecedor	String	TextBox	CPE_CSC	FORNECEDOR3		Nao	producao	2026-10-08
OrdemServico	FORNECEDOR4	Fornecedor	String	TextBox	CPE_CSC	FORNECEDOR4		Nao	producao	2026-10-08
OrdemServico	FORNECEDOR5	Fornecedor	String	TextBox	CPE_CSC	FORNECEDOR5		Nao	producao	2026-10-08
OrdemServico	FORNECEDOR6	Fornecedor 6	String	TextBox	CPE_CSC	FORNECEDOR6		Nao	producao	2026-10-08
OrdemServico	FORNECEDOR7	Fornecedor	String	TextBox	CPE_CSC	FORNECEDOR7		Nao	producao	2026-10-08
OrdemServico	FORNECEDOR8	Fornecedor 8	String	TextBox	CPE_CSC	FORNECEDOR8		Nao	producao	2026-10-08
OrdemServico	FQ357_002_ITEM_3_10	FQ357-002 - Item 3.10	String	DropDownList	CPE_CSC	FQ357_002_ITEM_3_10		Nao	producao	2026-10-08
OrdemServico	FQ357_002_ITEM_3_11	FQ357-002 - Item 3.11	String	DropDownList	CPE_CSC	FQ357_002_ITEM_3_11		Nao	producao	2026-10-08
OrdemServico	FQ357_002_ITEM_3_12	FQ357-002 - Item 3.12	String	DropDownList	CPE_CSC	FQ357_002_ITEM_3_12		Nao	producao	2026-10-08
OrdemServico	FQ357_002_ITEM_3_13	FQ357-002 - Item 3.13	String	DropDownList	CPE_CSC	FQ357_002_ITEM_3_13		Nao	producao	2026-10-08
OrdemServico	FQ357_002_ITEM_3_14	FQ357-002 - Item 3.14	String	DropDownList	CPE_CSC	FQ357_002_ITEM_3_14		Nao	producao	2026-10-08
OrdemServico	FQ357_002_ITEM_3_15	FQ357-002 - Item 3.15	String	DropDownList	CPE_CSC	FQ357_002_ITEM_3_15		Nao	producao	2026-10-08
OrdemServico	FQ357_002_ITEM_3_3	FQ357-002 - Item 3.3	String	DropDownList	CPE_CSC	FQ357_002_ITEM_3_3		Nao	producao	2026-10-08
OrdemServico	FQ357_002_ITEM_3_4	FQ357-002 - Item 3.4	String	DropDownList	CPE_CSC	FQ357_002_ITEM_3_4		Nao	producao	2026-10-08
OrdemServico	FQ357_002_ITEM_3_5	FQ357-002 - Item 3.5	String	DropDownList	CPE_CSC	FQ357_002_ITEM_3_5		Nao	producao	2026-10-08
OrdemServico	FQ357_002_ITEM_3_6	FQ357-002 - Item 3.6	String	DropDownList	CPE_CSC	FQ357_002_ITEM_3_6		Nao	producao	2026-10-08
OrdemServico	FQ357_002_ITEM_3_7	FQ357-002 - Item 3.7	String	DropDownList	CPE_CSC	FQ357_002_ITEM_3_7		Nao	producao	2026-10-08
OrdemServico	FQ357_002_ITEM_3_8	FQ357-002 - Item 3.8	String	DropDownList	CPE_CSC	FQ357_002_ITEM_3_8		Nao	producao	2026-10-08
OrdemServico	FQ357_002_ITEM_3_9	FQ357-002 - Item 3.9	String	DropDownList	CPE_CSC	FQ357_002_ITEM_3_9		Nao	producao	2026-10-08
OrdemServico	FQ357_002_ITEM_4_2	FQ357-002 - Item 4.2	String	DropDownList	CPE_CSC	FQ357_002_ITEM_4_2		Nao	producao	2026-10-08
OrdemServico	FQ357_002_ITEM_4_3	FQ357-002 - Item 4.3	String	DropDownList	CPE_CSC	FQ357_002_ITEM_4_3		Nao	producao	2026-10-08
OrdemServico	FQ357_002_ITEM_4_4	FQ357-002 - Item 4.4	String	DropDownList	CPE_CSC	FQ357_002_ITEM_4_4		Nao	producao	2026-10-08
OrdemServico	FQ357_002_ITEM_4_5	FQ357-002 - Item 4.5	String	DropDownList	CPE_CSC	FQ357_002_ITEM_4_5		Nao	producao	2026-10-08
OrdemServico	FQ357_002_ITEM_4_6	FQ357-002 - Item 4.6	String	DropDownList	CPE_CSC	FQ357_002_ITEM_4_6		Nao	producao	2026-10-08
OrdemServico	FQ357_002_ITEM_4_7	FQ357-002 - Item 4.7	String	DropDownList	CPE_CSC	FQ357_002_ITEM_4_7		Nao	producao	2026-10-08
OrdemServico	FQ357_002_ITEM_4_8	FQ357-002 - Item 4.8	String	DropDownList	CPE_CSC	FQ357_002_ITEM_4_8		Nao	producao	2026-10-08
OrdemServico	FQ357_002_ITEM_4_9	FQ357-002 - Item 4.9	String	DropDownList	CPE_CSC	FQ357_002_ITEM_4_9		Nao	producao	2026-10-08
OrdemServico	FQ357_002_ITEM_51	FQ357-002 - Item 5.5.1	String	Memo	CPE_CSC	FQ357_002_ITEM_51		Nao	producao	2026-10-08
OrdemServico	FQ357_002_ITEM_5_1	FQ357-002 - Item 5.1	String	DropDownList	CPE_CSC	FQ357_002_ITEM_5_1		Nao	producao	2026-10-08
OrdemServico	FQ357_002_ITEM_5_2	FQ357-002 - Item 5.2	String	DropDownList	CPE_CSC	FQ357_002_ITEM_5_2		Nao	producao	2026-10-08
OrdemServico	FQ357_002_ITEM_5_3	FQ357-002 - Item 5.3	String	DropDownList	CPE_CSC	FQ357_002_ITEM_5_3		Nao	producao	2026-10-08
OrdemServico	FQ357_002_ITEM_5_4	FQ357-002 - Item 5.4	String	DropDownList	CPE_CSC	FQ357_002_ITEM_5_4		Nao	producao	2026-10-08
OrdemServico	FQ357_002_ITEM_7_1	FQ357-002 - Item 7.1	String	DropDownList	CPE_CSC	FQ357_002_ITEM_7_1		Nao	producao	2026-10-08
OrdemServico	FQ357_002_ITEM_7_2	FQ357-002 - Item 7.2	String	DropDownList	CPE_CSC	FQ357_002_ITEM_7_2		Nao	producao	2026-10-08
OrdemServico	FQ357_002_ITEM_7_3	FQ357-002 - Item 7.3	String	TextBox	CPE_CSC	FQ357_002_ITEM_7_3	50	Nao	producao	2026-10-08
OrdemServico	FQ412_041_ITEM_1	FQ412-041 - Item 1.1	String	DropDownList	CPE_CSC	FQ412_041_ITEM_1		Nao	producao	2026-10-08
OrdemServico	FQ412_041_ITEM_1_2	FQ412-041 - Item 1.2	String	DropDownList	CPE_CSC	FQ412_041_ITEM_1_2		Nao	producao	2026-10-08
OrdemServico	FQ412_041_ITEM_1_3	FQ412-041 - Item 1.3	String	DropDownList	CPE_CSC	FQ412_041_ITEM_1_3		Nao	producao	2026-10-08
OrdemServico	FQ412_041_ITEM_1_4	FQ412-041 - Item 1.4	String	DropDownList	CPE_CSC	FQ412_041_ITEM_1_4		Nao	producao	2026-10-08
OrdemServico	FQ412_041_ITEM_1_5	FQ412-041 - Item 1.5	String	DropDownList	CPE_CSC	FQ412_041_ITEM_1_5		Nao	producao	2026-10-08
OrdemServico	FQ412_041_ITEM_1_6	FQ412-041 - Item 1.6	String	DropDownList	CPE_CSC	FQ412_041_ITEM_1_6		Nao	producao	2026-10-08
OrdemServico	FQ412_041_ITEM_2_1	FQ412-041 - Item 2.1	String	DropDownList	CPE_CSC	FQ412_041_ITEM_2_1		Nao	producao	2026-10-08
OrdemServico	FQ412_041_ITEM_2_2	FQ412-041 - Item 2.2	String	DropDownList	CPE_CSC	FQ412_041_ITEM_2_2		Nao	producao	2026-10-08
OrdemServico	FQ412_041_ITEM_2_3	FQ412-041 - Item 2.3	String	DropDownList	CPE_CSC	FQ412_041_ITEM_2_3		Nao	producao	2026-10-08
OrdemServico	FQ412_041_ITEM_2_4	FQ412-041 - Item 2.4	String	DropDownList	CPE_CSC	FQ412_041_ITEM_2_4		Nao	producao	2026-10-08
OrdemServico	FQ412_041_ITEM_2_5	FQ412-041 - Item 2.5	String	DropDownList	CPE_CSC	FQ412_041_ITEM_2_5		Nao	producao	2026-10-08
OrdemServico	FQ412_041_ITEM_2_6	FQ412-041 - Item 2.6	String	DropDownList	CPE_CSC	FQ412_041_ITEM_2_6		Nao	producao	2026-10-08
OrdemServico	FQ412_041_ITEM_3_1	FQ412-041 - Item 3.1	String	DropDownList	CPE_CSC	FQ412_041_ITEM_3_1		Nao	producao	2026-10-08
OrdemServico	FQ412_041_ITEM_3_2	FQ412-041 - Item 3.2	String	DropDownList	CPE_CSC	FQ412_041_ITEM_3_2		Nao	producao	2026-10-08
OrdemServico	FQ412_041_ITEM_4_1	FQ412-041 - Item 4.1	String	DropDownList	CPE_CSC	FQ412_041_ITEM_4_1		Nao	producao	2026-10-08
OrdemServico	FQ412_041_ITEM_5_1	FQ412-041 - Item 5.1	String	DropDownList	CPE_CSC	FQ412_041_ITEM_5_1		Nao	producao	2026-10-08
OrdemServico	FQ412_042_ITEM_1_1	FQ412-042 - Item 1.1	String	DropDownList	CPE_CSC	FQ412_042_ITEM_1_1		Nao	producao	2026-10-08
OrdemServico	FQ412_042_ITEM_1_2	FQ412-042 - Item 1.2	String	DropDownList	CPE_CSC	FQ412_042_ITEM_1_2		Nao	producao	2026-10-08
OrdemServico	FQ412_042_ITEM_1_3	FQ412-042 - Item 1.3	String	DropDownList	CPE_CSC	FQ412_042_ITEM_1_3		Nao	producao	2026-10-08
OrdemServico	FQ412_042_ITEM_1_4	FQ412-042 - Item 1.4	String	DropDownList	CPE_CSC	FQ412_042_ITEM_1_4		Nao	producao	2026-10-08
OrdemServico	FQ412_042_ITEM_1_5	FQ412-042 - Item 1.5	String	DropDownList	CPE_CSC	FQ412_042_ITEM_1_5		Nao	producao	2026-10-08
OrdemServico	FQ412_042_ITEM_1_6	FQ412-042 - Item 1.6	String	DropDownList	CPE_CSC	FQ412_042_ITEM_1_6		Nao	producao	2026-10-08
OrdemServico	FQ412_042_ITEM_2_1	FQ412-042 - Item 2.1	String	DropDownList	CPE_CSC	FQ412_042_ITEM_2_1		Nao	producao	2026-10-08
OrdemServico	FQ412_042_ITEM_2_2	FQ412-042 - Item 2.2	String	DropDownList	CPE_CSC	FQ412_042_ITEM_2_2		Nao	producao	2026-10-08
OrdemServico	FQ412_042_ITEM_2_3	FQ412-042 - Item 2.3	String	DropDownList	CPE_CSC	FQ412_042_ITEM_2_3		Nao	producao	2026-10-08
OrdemServico	FQ412_042_ITEM_2_4	FQ412-042 - Item 2.4	String	DropDownList	CPE_CSC	FQ412_042_ITEM_2_4		Nao	producao	2026-10-08
OrdemServico	FQ412_042_ITEM_2_5	FQ412-042 - Item 2.5	String	DropDownList	CPE_CSC	FQ412_042_ITEM_2_5		Nao	producao	2026-10-08
OrdemServico	FQ412_042_ITEM_2_6	FQ412-042 - Item 2.6	String	DropDownList	CPE_CSC	FQ412_042_ITEM_2_6		Nao	producao	2026-10-08
OrdemServico	FQ412_042_ITEM_3_01	FQ412-042 - Item 3.01	String	DropDownList	CPE_CSC	FQ412_042_ITEM_3_01		Nao	producao	2026-10-08
OrdemServico	FQ412_042_ITEM_3_02	FQ412-042 - Item 3.02	String	DropDownList	CPE_CSC	FQ412_042_ITEM_3_02		Nao	producao	2026-10-08
OrdemServico	FQ412_042_ITEM_3_03	FQ412-042 - Item 3.03	String	DropDownList	CPE_CSC	FQ412_042_ITEM_3_03		Nao	producao	2026-10-08
OrdemServico	FQ412_042_ITEM_3_1	FQ412-042 - Item 3.1	String	DropDownList	CPE_CSC	FQ412_042_ITEM_3_1		Nao	producao	2026-10-08
OrdemServico	FQ412_042_ITEM_3_10	FQ412-042 - Item 3.10	String	DropDownList	CPE_CSC	FQ412_042_ITEM_3_10		Nao	producao	2026-10-08
OrdemServico	FQ412_042_ITEM_3_11	FQ412-042 - Item 3.11	String	DropDownList	CPE_CSC	FQ412_042_ITEM_3_11		Nao	producao	2026-10-08
OrdemServico	FQ412_042_ITEM_3_12	FQ412-042 - Item 3.12	String	DropDownList	CPE_CSC	FQ412_042_ITEM_3_12		Nao	producao	2026-10-08
OrdemServico	FQ412_042_ITEM_3_13	FQ412-042 - Item 3.13	String	DropDownList	CPE_CSC	FQ412_042_ITEM_3_13		Nao	producao	2026-10-08
OrdemServico	FQ412_042_ITEM_3_14	FQ412-042 - Item 3.14	String	DropDownList	CPE_CSC	FQ412_042_ITEM_3_14		Nao	producao	2026-10-08
OrdemServico	FQ412_042_ITEM_3_15	FQ412-042 - Item 3.15	String	DropDownList	CPE_CSC	FQ412_042_ITEM_3_15		Nao	producao	2026-10-08
OrdemServico	FQ412_042_ITEM_3_2	FQ412-042 - Item 3.2	String	DropDownList	CPE_CSC	FQ412_042_ITEM_3_2		Nao	producao	2026-10-08
OrdemServico	FQ412_042_ITEM_3_3	FQ412-042 - Item 3.3	String	DropDownList	CPE_CSC	FQ412_042_ITEM_3_3		Nao	producao	2026-10-08
OrdemServico	FQ412_042_ITEM_3_4	FQ412-042 - Item 3.4	String	DropDownList	CPE_CSC	FQ412_042_ITEM_3_4		Nao	producao	2026-10-08
OrdemServico	FQ412_042_ITEM_3_5	FQ412-042 - Item 3.5	String	DropDownList	CPE_CSC	FQ412_042_ITEM_3_5		Nao	producao	2026-10-08
OrdemServico	FQ412_042_ITEM_3_6	FQ412-042 - Item 3.6	String	DropDownList	CPE_CSC	FQ412_042_ITEM_3_6		Nao	producao	2026-10-08
OrdemServico	FQ412_042_ITEM_3_7	FQ412-042 - Item 3.7	String	DropDownList	CPE_CSC	FQ412_042_ITEM_3_7		Nao	producao	2026-10-08
OrdemServico	FQ412_042_ITEM_3_8	FQ412-042 - Item 3.8	String	DropDownList	CPE_CSC	FQ412_042_ITEM_3_8		Nao	producao	2026-10-08
OrdemServico	FQ412_042_ITEM_3_9	FQ412-042 - Item 3.9	String	DropDownList	CPE_CSC	FQ412_042_ITEM_3_9		Nao	producao	2026-10-08
OrdemServico	FQ412_042_ITEM_4_1	FQ412-042 - Item 4.1	String	DropDownList	CPE_CSC	FQ412_042_ITEM_4_1		Nao	producao	2026-10-08
OrdemServico	FQ412_042_ITEM_4_2	FQ412-042 - Item 4.2	String	DropDownList	CPE_CSC	FQ412_042_ITEM_4_2		Nao	producao	2026-10-08
OrdemServico	FQ412_042_ITEM_4_3	FQ412-042 - Item 4.3	String	DropDownList	CPE_CSC	FQ412_042_ITEM_4_3		Nao	producao	2026-10-08
OrdemServico	FQ412_042_ITEM_4_4	FQ412-042 - Item 4.4	String	DropDownList	CPE_CSC	FQ412_042_ITEM_4_4		Nao	producao	2026-10-08
OrdemServico	FQ412_042_ITEM_4_5	FQ412-042 - Item 4.5	String	DropDownList	CPE_CSC	FQ412_042_ITEM_4_5		Nao	producao	2026-10-08
OrdemServico	FQ412_042_ITEM_4_6	FQ412-042 - Item 4.6	String	DropDownList	CPE_CSC	FQ412_042_ITEM_4_6		Nao	producao	2026-10-08
OrdemServico	FQ412_042_ITEM_4_7	FQ412-042 - Item 4.7	String	DropDownList	CPE_CSC	FQ412_042_ITEM_4_7		Nao	producao	2026-10-08
OrdemServico	FQ412_042_ITEM_4_8	FQ412-042 - Item 4.8	String	DropDownList	CPE_CSC	FQ412_042_ITEM_4_8		Nao	producao	2026-10-08
OrdemServico	FQ412_042_ITEM_4_9	FQ412-042 - Item 4.9	String	DropDownList	CPE_CSC	FQ412_042_ITEM_4_9		Nao	producao	2026-10-08
OrdemServico	FQ412_042_ITEM_5_1	FQ412-042 - Item 5.1	String	DropDownList	CPE_CSC	FQ412_042_ITEM_5_1		Nao	producao	2026-10-08
OrdemServico	FQ412_042_ITEM_5_2	FQ412-042 - Item 5.2	String	DropDownList	CPE_CSC	FQ412_042_ITEM_5_2		Nao	producao	2026-10-08
OrdemServico	FQ412_042_ITEM_5_3	FQ412-042 - Item 5.3	String	DropDownList	CPE_CSC	FQ412_042_ITEM_5_3		Nao	producao	2026-10-08
OrdemServico	FQ412_042_ITEM_5_4	FQ412-042 - Item 5.4	String	DropDownList	CPE_CSC	FQ412_042_ITEM_5_4		Nao	producao	2026-10-08
OrdemServico	FQ412_042_ITEM_5_5	FQ412-042 - Item 5.5	String	Memo	CPE_CSC	FQ412_042_ITEM_5_5	2000	Nao	producao	2026-10-08
OrdemServico	FQ412_042_ITEM_7_1	FQ412-042 - Item 7.1	String	DropDownList	CPE_CSC	FQ412_042_ITEM_7_1		Nao	producao	2026-10-08
OrdemServico	FQ412_042_ITEM_7_2	FQ412-042 - Item 7.2	String	DropDownList	CPE_CSC	FQ412_042_ITEM_7_2		Nao	producao	2026-10-08
OrdemServico	FQ412_042_ITEM_7_3	FQ412-042 - Item 7.3	String	TextBox	CPE_CSC	FQ412_042_ITEM_7_3	50	Nao	producao	2026-10-08
OrdemServico	FUNDAMENTACAO	Fundamentação Legal	String	DropDownList	CPE_CSC	FUNDAMENTACAO		Nao	producao	2026-10-08
OrdemServico	GENERICO_NOVO	Generico novo	String	DropDownList	CPE_CSC	GENERICO_NOVO		Nao	producao	2026-10-08
OrdemServico	GERENCIA_DIVISAO	Divisão	String	DropDownList	CPE_CSC	GERENCIA_DIVISAO		Nao	producao	2026-10-08
OrdemServico	GERENCIA_NEGOCIO	Gerência do Negócio (Sigla)	String	TextBox	CPE_CSC	GERENCIA_NEGOCIO		Nao	producao	2026-10-08
OrdemServico	GESTOR_DO_COLABORADOR	Gestor do Colaborador	String	DropDownList	CPE_CSC	GESTOR_DO_COLABORADOR		Nao	producao	2026-10-08
OrdemServico	GESTOR_DO_CONTRATO	Gestor demandante do contrato.	String	SearchList	CPE_CSC	GESTOR_DO_CONTRATO		Nao	producao	2026-10-08
OrdemServico	GRUPOS_EXTERNOS_DA_BBTS	Grupos Externos da BBTS	String	DropDownList	CPE_CSC	GRUPOS_EXTERNOS_DA_BBTS	2000	Nao	producao	2026-10-08
OrdemServico	HORARIO_JOVEM_APRENDIZ	Horário do Jovem Aprendiz	String	DropDownList	CPE_CSC	HORARIO_JOVEM_APRENDIZ		Nao	producao	2026-10-08
OrdemServico	IDADE_VACIN	Idade	String	DropDownList	CPE_CSC	IDADE_VACIN		Nao	producao	2026-10-08
OrdemServico	INFORMAR_DOCUMENTO	Informe o tipo de documento a ser inserido no Gescon	String	DropDownList	CPE_CSC	INFORMAR_DOCUMENTO		Nao	producao	2026-10-08
OrdemServico	INFORMATIVO_CESEC	Informativo	String	Label	CPE_CSC	INFORMATIVO_CESEC	300	Nao	producao	2026-10-08
OrdemServico	INICIO_LIC_MATERNIDADE_CID	Inicio licença maternidade cidadã	DateTime	DatePicker	CPE_CSC	INICIO_LIC_MATERNIDADE_CID		Nao	producao	2026-10-08
OrdemServico	INICIO_MATERNIDADE	Inicio maternidade	DateTime	DatePicker	CPE_CSC	INICIO_MATERNIDADE		Nao	producao	2026-10-08
OrdemServico	INIC_LIC_AMAMENTACAO	Inicio licença amamentação	DateTime	DatePicker	CPE_CSC	INIC_LIC_AMAMENTACAO		Nao	producao	2026-10-08
OrdemServico	INSS_ALIQUOTA	INSS - Alíquota	String	TextBox	CPE_CSC	INSS_ALIQUOTA		Nao	producao	2026-10-08
OrdemServico	INSS_BASE_LEGAL	INSS - Base Legal	String	Memo	CPE_CSC	INSS_BASE_LEGAL	2000	Nao	producao	2026-10-08
OrdemServico	INSS_RETENCAO	INSS - Retenção de imposto?	String	DropDownList	CPE_CSC	INSS_RETENCAO		Nao	producao	2026-10-08
OrdemServico	INSTRUCAO_FORNECEDOR	Instruções para o Fornecedor	String	Memo	CPE_CSC	INSTRUCAO_FORNECEDOR	2000	Nao	producao	2026-10-08
OrdemServico	IRRF_ALIQUOTA	IRRF - Alíquota	String	TextBox	CPE_CSC	IRRF_ALIQUOTA		Nao	producao	2026-10-08
OrdemServico	IRRF_BASE_LEGAL	IRRF - Base Legal	String	Memo	CPE_CSC	IRRF_BASE_LEGAL	2000	Nao	producao	2026-10-08
OrdemServico	IRRF_RETENCAO	IRRF - Retenção de Imposto?	String	DropDownList	CPE_CSC	IRRF_RETENCAO		Nao	producao	2026-10-08
OrdemServico	IR_LANCAMENTO_ERP	IR lançamento ERP	String	TextBox	CPE_CSC	IR_LANCAMENTO_ERP		Nao	producao	2026-10-08
OrdemServico	ISSQN_RENTENCAO	ISSQN - Rentenção de Imposto?	String	DropDownList	CPE_CSC	ISSQN_RENTENCAO		Nao	producao	2026-10-08
OrdemServico	ISS_BASE_CALCULO_ERP	ISS Base de Cálculo - ERP	String	TextBox	CPE_CSC	ISS_BASE_CALCULO_ERP		Nao	producao	2026-10-08
OrdemServico	ITEM_ERP	Item - ERP	String	TextBox	CPE_CSC	ITEM_ERP		Nao	producao	2026-10-08
OrdemServico	JORNADA1	Jornada de Trabalho 1	String	TextBox	CPE_CSC	JORNADA1		Nao	producao	2026-10-08
OrdemServico	JORNADA2	Jornada de Trabalho 2	String	TextBox	CPE_CSC	JORNADA2		Nao	producao	2026-10-08
OrdemServico	JORNADA3	Jornada de Trabalho 3	String	TextBox	CPE_CSC	JORNADA3		Nao	producao	2026-10-08
OrdemServico	JORNADA4	Jornada de Trabalho 4	String	TextBox	CPE_CSC	JORNADA4		Nao	producao	2026-10-08
OrdemServico	JURIDICA_FISICA	Pessoa Jurídica ou Pessoa Física	String	DropDownList	CPE_CSC	JURIDICA_FISICA		Nao	producao	2026-10-08
OrdemServico	JUSTIFICATIVA	Justificativa	String	TextBox	CPE_CSC	JUSTIFICATIVA		Nao	producao	2026-10-08
OrdemServico	JUSTIFICATIVA1	Justificativa1	String	Memo	CPE_CSC	JUSTIFICATIVA		Nao	producao	2026-10-08
OrdemServico	JUSTIFIQUE_RAZAO	Ações implementadas	String	Memo	CPE_CSC	JUSTIFIQUE_RAZAO	2000	Nao	producao	2026-10-08
OrdemServico	LABEL55	LABEL55	String	Label	CPE_CSC	LABEL55	800	Nao	producao	2026-10-08
OrdemServico	LABEL56	LABEL56	String	Label	CPE_CSC	LABEL56	800	Nao	producao	2026-10-08
OrdemServico	LABEL57	LABEL57	String	Label	CPE_CSC	LABEL57	1500	Nao	producao	2026-10-08
OrdemServico	LINK_LAUDO_CPE_CSC	Link Laudo	String	TextBox	CPE_CSC	LINK_LAUDO_CPE_CSC		Nao	producao	2026-10-08
OrdemServico	LISTACONTROLADAOUCANCELADA	Lista Controlada ou Cancelada	String	DropDownList	CPE_CSC	LISTACONTROLADAOUCANCELADA		Nao	producao	2026-10-08
OrdemServico	LISTA_DE_SELECAO_BLOQUEIO_DE_APARELHO_	Lista de seleção bloqueio de aparelho_	String	DropDownList	CPE_CSC	LISTA_DE_SELECAO_BLOQUEIO_DE_APARELHO_		Nao	producao	2026-10-08
OrdemServico	LISTA_DE_SELECAO_TROCA_DE_APARELHO	Local de devolução	String	DropDownList	CPE_CSC	LISTA_DE_SELECAO_TROCA_DE_APARELHO		Nao	producao	2026-10-08
OrdemServico	LISTA_GRUPOS_EXTERNOS_BBTS	Lista - Grupos Externos BBTS	String	DropDownList	CPE_CSC	LISTA_GRUPOS_EXTERNOS_BBTS	2000	Nao	producao	2026-10-08
OrdemServico	LISTA_ITENS_PESQ_MERC	Lista de itens	String	DropDownList	CPE_CSC	LISTA_ITENS_PESQ_MERC		Nao	producao	2026-10-08
OrdemServico	LISTA_LOCAIS_BBTS	Lista - Locais de acesso BBTS	String	DropDownList	CPE_CSC	LISTA_LOCAIS_BBTS	2000	Nao	producao	2026-10-08
OrdemServico	LISTA_LOCAIS_DE_ACESSO_BRASILIA	Lista - Locais de acesso Brasilia	String	DropDownList	CPE_CSC	LISTA_LOCAIS_DE_ACESSO_BRASILIA	2000	Nao	producao	2026-10-08
OrdemServico	LISTA_PERFIS_ACESSO	Lista - Perfil de acesso	String	DropDownList	CPE_CSC	LISTA_PERFIS_ACESSO		Nao	producao	2026-10-08
OrdemServico	LISTA_VALOR_REF_UNIT	Valor referencial do Projeto Basico	String	Memo	CPE_CSC	LISTA_VALOR_REF_UNIT	2000	Nao	producao	2026-10-08
OrdemServico	LOCALIDADE_CIPA	Localidade CIPA	String	TextBox	CPE_CSC	LOCALIDADE_CIPA		Nao	producao	2026-10-08
OrdemServico	LOCALIDADE_FAVORECIDO	Localidade:	String	TextBox	CPE_CSC	LOCALIDADE_FAVORECIDO		Nao	producao	2026-10-08
OrdemServico	LOCAL_FORNECEDOR	Local Fornecedor	String	DropDownList	CPE_CSC	LOCAL_FORNECEDOR		Nao	producao	2026-10-08
OrdemServico	LOC_IMOVEL	Localização:	String	DropDownList	CPE_CSC	LOC_IMOVEL		Nao	producao	2026-10-08
OrdemServico	M2	M2	Integer	TextBox	CPE_CSC	M2	1000	Nao	producao	2026-10-08
OrdemServico	MATRICULA_2	Matrícula 2	Decimal	TextBox	CPE_CSC	MATRICULA_2		Nao	producao	2026-10-08
OrdemServico	MATRICULA_4	Matrícula 4	Decimal	TextBox	CPE_CSC	MATRICULA_4		Nao	producao	2026-10-08
OrdemServico	MATRICULA_FAVORECIDO_REEMBOLSO	Matricula	String	TextBox	CPE_CSC	MATRICULA_FAVORECIDO_REEMBOLSO		Nao	producao	2026-10-08
OrdemServico	MEMO1	Aprovador	String	Memo	CPE_CSC	MEMO1	1800	Nao	producao	2026-10-08
OrdemServico	MEMO4	Memo4	String	Memo	CPE_CSC	MEMO4	1700	Nao	producao	2026-10-08
OrdemServico	MESANOREF	Mês e ano referência	String	TextBox	CPE_CSC	MESANOREF		Nao	producao	2026-10-08
OrdemServico	MES_ANO_AUTOMATICO	Mês/Ano Automatico	String	DropDownList	CPE_CSC	MES_ANO_AUTOMATICO		Nao	producao	2026-10-08
OrdemServico	MES_REFERENCIA	Mês referência	String	DropDownList	CPE_CSC	MES_REFERENCIA	2	Nao	producao	2026-10-08
OrdemServico	MOTIVO_APORTE	Motivo do Aporte	String	DropDownList	CPE_CSC	MOTIVO_APORTE		Nao	producao	2026-10-08
OrdemServico	MOTIVO_ATUAL_CADAS_FORN	Motivo da Atualização	String	DropDownList	CPE_CSC	MOTIVO_ATUAL_CADAS_FORN		Nao	producao	2026-10-08
OrdemServico	MOTIVO_DO_CADASTRO_DE_CLIENTE	Motivo do cadastro de cliente	String	DropDownList	CPE_CSC	MOTIVO_DO_CADASTRO_DE_CLIENTE		Nao	producao	2026-10-08
OrdemServico	MOTIVO_EXONERACAO_BRIGADISTA	Motivo da exoneração da função de Brigadista Voluntário de Incêndio:	String	DropDownList	CPE_CSC	MOTIVO_EXONERACAO_BRIGADISTA		Nao	producao	2026-10-08
OrdemServico	MOTIVO_GERAL	Motivo Genérico	String	TextBox	CPE_CSC	MOTIVO_GERAL		Nao	producao	2026-10-08
OrdemServico	MOTIVO_REPROV_CHATBOT	Motivo Reprovação Chatbot	String	TextBox	CPE_CSC	MOTIVO_REPROV_CHATBOT		Nao	producao	2026-10-08
OrdemServico	MOTIVO_VALIDA	Motivo	String	DropDownList	CPE_CSC	MOTIVO_VALIDA		Nao	producao	2026-10-08
OrdemServico	MULTA_PARCELADA	Multa Parcelada	String	DropDownList	CPE_CSC	MULTA_PARCELADA		Nao	producao	2026-10-08
OrdemServico	NOMEDEPENDENTE	Nome do dependente	String	TextBox	CPE_CSC	NOMEDEPENDENTE		Nao	producao	2026-10-08
OrdemServico	NOME_APROVADOR	Nome aprovador	String	TextBox	CPE_CSC	NOME_APROVADOR		Nao	producao	2026-10-08
OrdemServico	NOME_BENEFICIARIO	Nome beneficiario	String	TextBox	CPE_CSC	NOME_BENEFICIARIO		Nao	producao	2026-10-08
OrdemServico	NOME_CONTRATO	Nome contrato	String	TextBox	CPE_CSC	NOME_CONTRATO		Nao	producao	2026-10-08
OrdemServico	NOME_DO_COLABORADOR	Nome do colaborador	String	DropDownList	CPE_CSC	NOME_DO_COLABORADOR		Nao	producao	2026-10-08
OrdemServico	NOME_SITE_LOCAL_FORNECEDOR	Nome do site/local do Fornecedor	String	TextBox	CPE_CSC	NOME_SITE_LOCAL_FORNECEDOR		Nao	producao	2026-10-08
OrdemServico	NOTA_EMITIDA_BRASILIA	Prestador estabelecido DENTRO ou FORA do Distrito Federal?	String	DropDownList	CPE_CSC	NOTA_EMITIDA_BRASILIA		Nao	producao	2026-10-08
OrdemServico	NUMEROCONTROLEDISCIPLINAR	Número do Controle Disciplinar	Integer	TextBox	CPE_CSC	NUMEROCONTROLEDISCIPLINAR		Nao	producao	2026-10-08
OrdemServico	NUMEROMEMORANDO	Número memorando	Integer	TextBox	CPE_CSC	NUMEROMEMORANDO		Nao	producao	2026-10-08
OrdemServico	NUMERO_DA_NT	Número da NT	String	TextBox	CPE_CSC	NUMERO_DA_NT		Nao	producao	2026-10-08
OrdemServico	NUMERO_DGCO	Número DGCO	String	TextBox	CPE_CSC	NUMERO_DGCO		Nao	producao	2026-10-08
OrdemServico	NUMERO_FLOAT1	NUMERO_FLOAT1	Decimal	TextBox	CPE_CSC	NUMERO_FLOAT1		Nao	producao	2026-10-08
OrdemServico	NUMERO_FLOAT2	NUMERO_FLOAT2	Decimal	TextBox	CPE_CSC	NUMERO_FLOAT2		Nao	producao	2026-10-08
OrdemServico	NUMERO_FLOAT3	NUMERO_FLOAT3	Decimal	TextBox	CPE_CSC	NUMERO_FLOAT3		Nao	producao	2026-10-08
OrdemServico	NUMERO_FLOAT4	NUMERO_FLOAT4	Decimal	TextBox	CPE_CSC	NUMERO_FLOAT4		Nao	producao	2026-10-08
OrdemServico	NUMERO_FLOAT5	NUMERO_FLOAT5	Decimal	TextBox	CPE_CSC	NUMERO_FLOAT5		Nao	producao	2026-10-08
OrdemServico	NUMERO_FLOAT6	NUMERO_FLOAT6	Decimal	TextBox	CPE_CSC	NUMERO_FLOAT6		Nao	producao	2026-10-08
OrdemServico	NUMERO_LINHA	Número da linha	String	TextBox	CPE_CSC	NUMERO_LINHA		Nao	producao	2026-10-08
OrdemServico	NUMERO_NF_CPE_CSC	Número da Nota Fiscal	String	TextBox	CPE_CSC	NUMERO_NF_CPE_CSC		Nao	producao	2026-10-08
OrdemServico	NUMERO_PIS	Número do PIS	String	TextBox	CPE_CSC	NUMERO_PIS		Nao	producao	2026-10-08
OrdemServico	NUMERO_PROTOCOLO_OPERADORA	Numero protocolo operadora	String	TextBox	CPE_CSC	NUMERO_PROTOCOLO_OPERADORA		Nao	producao	2026-10-08
OrdemServico	NUMERO_RC	Número da RC	String	TextBox	CPE_CSC	NUMERO_RC		Nao	producao	2026-10-08
OrdemServico	NUMERO_RI	Numero RI	String	TextBox	CPE_CSC	NUMERO_RI		Nao	producao	2026-10-08
OrdemServico	NUMERO_TELEFONE	Numero de telefone	String	TextBox	CPE_CSC	NUMERO_TELEFONE		Nao	producao	2026-10-08
OrdemServico	NUM_CONTA	NUM_CONTA	String	TextBox	CPE_CSC	NUM_CONTA		Nao	producao	2026-10-08
OrdemServico	NUM_DGCO	DGCO	Integer	TextBox	CPE_CSC	NUM_DGCO		Nao	producao	2026-10-08
OrdemServico	NUM_PARCELAS	Número de Parcelas	String	DropDownList	CPE_CSC	NUM_PARCELAS		Nao	producao	2026-10-08
OrdemServico	OBJETO_CONTRATO	Objeto do contrato	String	Memo	CPE_CSC	OBJETO_CONTRATO	1999	Nao	producao	2026-10-08
OrdemServico	OBJETO_CONTRATO_RESUMIDO	Objeto Resumido do Contrato	String	Memo	CPE_CSC	OBJETO_CONTRATO_RESUMIDO	2000	Nao	producao	2026-10-08
OrdemServico	OBS10	Observação10	String	Memo	CPE_CSC	OBS10	2000	Nao	producao	2026-10-08
OrdemServico	OBS11	Observação11	String	Memo	CPE_CSC	OBS11	2000	Nao	producao	2026-10-08
OrdemServico	OBS12	Observação12	String	Memo	CPE_CSC	OBS12	2000	Nao	producao	2026-10-08
OrdemServico	OBS20	Observação20	String	Memo	CPE_CSC	OBS20	4000	Nao	producao	2026-10-08
OrdemServico	OBS21	Observação21	String	Memo	CPE_CSC	OBS21	4000	Nao	producao	2026-10-08
OrdemServico	OBS22	Observação22	String	Memo	CPE_CSC	OBS22	4000	Nao	producao	2026-10-08
OrdemServico	OBS23	Observação23	String	Memo	CPE_CSC	OBS23	4000	Nao	producao	2026-10-08
OrdemServico	OBS24	Observação24	String	Memo	CPE_CSC	OBS24	2000	Nao	producao	2026-10-08
OrdemServico	OBS30	Observação30	String	Memo	CPE_CSC	OBS30	900	Nao	producao	2026-10-08
OrdemServico	OBS31	Observação31	String	Memo	CPE_CSC	OBS31	900	Nao	producao	2026-10-08
OrdemServico	OBS32	Observação32	String	Label	CPE_CSC	OBS32	900	Nao	producao	2026-10-08
OrdemServico	OBS39	Observação39	String	Label	CPE_CSC	OBS39	900	Nao	producao	2026-10-08
OrdemServico	OBS41	Observação41	String	Memo	CPE_CSC	OBS41	900	Nao	producao	2026-10-08
OrdemServico	OBS42	Observação42	String	Memo	CPE_CSC	OBS42	900	Nao	producao	2026-10-08
OrdemServico	OBS43	Observação43	String	Memo	CPE_CSC	OBS43	900	Nao	producao	2026-10-08
OrdemServico	OBS44	Observação44	String	Memo	CPE_CSC	OBS44	900	Nao	producao	2026-10-08
OrdemServico	OBS45	Observação45	String	Memo	CPE_CSC	OBS45	900	Nao	producao	2026-10-08
OrdemServico	OBS6	Observação6	String	Memo	CPE_CSC	OBS6	2000	Nao	producao	2026-10-08
OrdemServico	OBS7	Informe	String	Memo	CPE_CSC	OBS7	2000	Nao	producao	2026-10-08
OrdemServico	OBS8	Observação8	String	Memo	CPE_CSC	OBS8	200	Nao	producao	2026-10-08
OrdemServico	OBS9	Observação9	String	Memo	CPE_CSC	OBS9	100	Nao	producao	2026-10-08
OrdemServico	OBSERVACAO	.	String	TextBox	CPE_CSC	OBSERVACAO	2000	Nao	producao	2026-10-08
OrdemServico	OBS_DEDUCAO_INSS	Observação para Dedução de INSS	String	Memo	CPE_CSC	OBS_DEDUCAO_INSS		Nao	producao	2026-10-08
OrdemServico	OBS___	OBS___	String	TextBox	CPE_CSC	OBS___	2000	Nao	producao	2026-10-08
OrdemServico	ODOMETRO_ATUAL	Odômetro atual	String	TextBox	CPE_CSC	ODOMETRO_ATUAL		Nao	producao	2026-10-08
OrdemServico	OPCOES_ATENDIMENTO	Selecione um canal de atendimento	String	DropDownList	CPE_CSC	OPCOES_ATENDIMENTO		Nao	producao	2026-10-08
OrdemServico	OPERADORA TELEFONIA	OPeradora de telefonia atual	String	DropDownList	CPE_CSC	OPERADORA_TELEFONIA		Nao	producao	2026-10-08
OrdemServico	OPERADORA_CONSULTA_LINHA_CHIP	Consulta linha e chip	String	DropDownList	CPE_CSC	OPERADORA_CONSULTA_LINHA_CHIP		Nao	producao	2026-10-08
OrdemServico	ORDEM_DE_SERVICO	Ordem de Serviço	String	TextBox	CPE_CSC	ORDEM_DE_SERVICO		Nao	producao	2026-10-08
OrdemServico	ORGANIZACOES_ERP	Organizações - ERP	String	TextBox	CPE_CSC	ORGANIZACOES_ERP		Nao	producao	2026-10-08
OrdemServico	OUTROS_ASSUNTOS	Outros assuntos	String	TextBox	CPE_CSC	OUTROS_ASSUNTOS		Nao	producao	2026-10-08
OrdemServico	PAHL_HOSPEDAGENS	Hospedagens	Boolean	CheckBox	CPE_CSC	PAHL_HOSPEDAGENS		Nao	producao	2026-10-08
OrdemServico	PAHL_LOCACOES	Locações	Boolean	CheckBox	CPE_CSC	PAHL_LOCACOES		Nao	producao	2026-10-08
OrdemServico	PAHL_NUM_ARGO	Número da OS Argo	String	TextBox	CPE_CSC	PAHL_NUM_ARGO		Nao	producao	2026-10-08
OrdemServico	PAHL_PASSAGENS	Passagens Aéreas	Boolean	CheckBox	CPE_CSC	PAHL_PASSAGENS		Nao	producao	2026-10-08
OrdemServico	PAHL_VOUCHER_CARRO	Voucher de Locação de Carro	String	TextBox	CPE_CSC	PAHL_VOUCHER_CARRO		Nao	producao	2026-10-08
OrdemServico	PAHL_VOUCHER_CARRO_A	Voucher de Locação de Carro	String	TextBox	CPE_CSC	PAHL_VOUCHER_CARRO_A		Nao	producao	2026-10-08
OrdemServico	PAH_DATA_ENTRADA	Data de Entrada	DateTime	DatePicker	CPE_CSC	PAH_DATA_ENTRADA		Nao	producao	2026-10-08
OrdemServico	PAH_DATA_ENTRADA_A	Data de Entrada	DateTime	DatePicker	CPE_CSC	PAH_DATA_ENTRADA_A		Nao	producao	2026-10-08
OrdemServico	PAH_DATA_SAIDA	Data de Saída	DateTime	DatePicker	CPE_CSC	PAH_DATA_SAIDA		Nao	producao	2026-10-08
OrdemServico	PAH_DATA_SAIDA_A	Data de Saída	DateTime	DatePicker	CPE_CSC	PAH_DATA_SAIDA_A		Nao	producao	2026-10-08
OrdemServico	PAH_EVENTO_HOTEL	Evento no Hotel?	String	DropDownList	CPE_CSC	PAH_EVENTO_HOTEL		Nao	producao	2026-10-08
OrdemServico	PAH_EVENTO_HOTEL_A	Evento no Hotel?	String	DropDownList	CPE_CSC	PAH_EVENTO_HOTEL_A		Nao	producao	2026-10-08
OrdemServico	PAH_HOTEL_EVENTO	Hotel do Evento	String	TextBox	CPE_CSC	PAH_HOTEL_EVENTO		Nao	producao	2026-10-08
OrdemServico	PAH_HOTEL_EVENTO_A	Hotel do Evento	String	TextBox	CPE_CSC	PAH_HOTEL_EVENTO_A		Nao	producao	2026-10-08
OrdemServico	PAH_LOCACAO_CARRO	Locações de Carro	Boolean	CheckBox	CPE_CSC	PAH_LOCACAO_CARRO		Nao	producao	2026-10-08
OrdemServico	PAH_LOCACAO_CARRO_A	Locações de Carro	Boolean	CheckBox	CPE_CSC	PAH_LOCACAO_CARRO_A		Nao	producao	2026-10-08
OrdemServico	PAH_LOCALIZADOR_AEREO	Localizador Aéreo	String	TextBox	CPE_CSC	PAH_LOCALIZADOR_AEREO		Nao	producao	2026-10-08
OrdemServico	PAH_MOTIVO_SOL	Motivo da Solicitação	String	DropDownList	CPE_CSC	PAH_MOTIVO_SOL		Nao	producao	2026-10-08
OrdemServico	PAH_TIPO_MOVIMENTO	Tipo Movimento	String	DropDownList	CPE_CSC	PAH_TIPO_MOVIMENTO		Nao	producao	2026-10-08
OrdemServico	PAH_TIPO_SOLICITACAO	Solicitação	String	DropDownList	CPE_CSC	PAH_TIPO_SOLICITACAO		Nao	producao	2026-10-08
OrdemServico	PAH_VOUCHER_HOSPEDAGEM	Voucher de Hospedagem	String	TextBox	CPE_CSC	PAH_VOUCHER_HOSPEDAGEM		Nao	producao	2026-10-08
OrdemServico	PAH_VOUCHER_HOSPEDAGEM_A	Voucher de Hospedagem	String	TextBox	CPE_CSC	PAH_VOUCHER_HOSPEDAGEM_A		Nao	producao	2026-10-08
OrdemServico	PARECER_TRIBUTARIO_1	Parecer Tributário	String	Memo	CPE_CSC	PARECER_TRIBUTARIO_1	2000	Nao	producao	2026-10-08
OrdemServico	PARECER_TRIBUTARIO_2	Parecer Tributário 2	String	Memo	CPE_CSC	PARECER_TRIBUTARIO_2	2000	Nao	producao	2026-10-08
OrdemServico	PARECER_TRIBUTARIO_RI	Descrição do Serviço no RI	String	TextBox	CPE_CSC	PARECER_TRIBUTARIO_RI		Nao	producao	2026-10-08
OrdemServico	PEDIDO_ORDEM_DE_CLASSE	Tipo de pedido	String	DropDownList	CPE_CSC	PEDIDO_ORDEM_DE_CLASSE		Nao	producao	2026-10-08
OrdemServico	PERIODO_DE_VALIDADE	Data Fim da ARP	DateTime	DatePicker	CPE_CSC	PERIODO_DE_VALIDADE		Nao	producao	2026-10-08
OrdemServico	PIS_ALIQUOTA	PIS - Alíquota	String	TextBox	CPE_CSC	PIS_ALIQUOTA		Nao	producao	2026-10-08
OrdemServico	PIS_BASE_LEGAL	PIS - Base Legal	String	Memo	CPE_CSC	PIS_BASE_LEGAL	2000	Nao	producao	2026-10-08
OrdemServico	PIS_RETENCAO_IMPOSTO	PIS - Retenção de Imposto?	String	DropDownList	CPE_CSC	PIS_RETENCAO_IMPOSTO		Nao	producao	2026-10-08
OrdemServico	PIX_NUMERO	Número do PIX	String	TextBox	CPE_CSC	PIX_NUMERO		Nao	producao	2026-10-08
OrdemServico	PIX_TIPO	Tipo PIX	String	TextBox	CPE_CSC	PIX_TIPO		Nao	producao	2026-10-08
OrdemServico	PLACA	Placa do carro	String	TextBox	CPE_CSC	PLACA	80	Nao	producao	2026-10-08
OrdemServico	PORCENTAGEM_PREVIDENCIAL	Porcentagem previdêncial	Decimal	TextBox	CPE_CSC	PORCENTAGEM_PREVIDENCIAL		Nao	producao	2026-10-08
OrdemServico	POSSUI_DGCO	Possui DGCO?	String	DropDownList	CPE_CSC	POSSUI_DGCO		Nao	producao	2026-10-08
OrdemServico	POSSUI_NUM_LICIT	Possui número de licitação?	String	DropDownList	CPE_CSC	POSSUI_NUM_LICIT		Nao	producao	2026-10-08
OrdemServico	PRESIDENTE_CIPA	Presidente CIPA	String	DropDownList	CPE_CSC	PRESIDENTE_CIPA		Nao	producao	2026-10-08
OrdemServico	PRESTADORA_DE_SERVICOS	Prestadora de Serviços	String	TextBox	CPE_CSC	PRESTADORA_DE_SERVICOS		Nao	producao	2026-10-08
OrdemServico	PRESTADOR_PARECER_TRIBUTARIO	Prestador	String	TextBox	CPE_CSC	PRESTADOR_PARECER_TRIBUTARIO		Nao	producao	2026-10-08
OrdemServico	PROBLEMAS_LINHA_CHIP	Problemas na linha ou chip	String	DropDownList	CPE_CSC	PROBLEMAS_LINHA_CHIP		Nao	producao	2026-10-08
OrdemServico	PROCESSO_MEMORANDO	Processo Memorando	String	TextBox	CPE_CSC	PROCESSO_MEMORANDO		Nao	producao	2026-10-08
OrdemServico	PUBLICAMENTE_EXPOSTO	Publicamente exposto	String	DropDownList	CPE_CSC	PUBLICAMENTE_EXPOSTO		Nao	producao	2026-10-08
OrdemServico	QTD_PESQUISA	Quantidade de Pesquisas	String	DropDownList	CPE_CSC	QTD_PESQUISA		Nao	producao	2026-10-08
OrdemServico	QUANTIDADE_ERP	Quantidade - ERP	String	TextBox	CPE_CSC	QUANTIDADE_ERP		Nao	producao	2026-10-08
OrdemServico	QUANTIDADE_ESTIMADA	Quantidade estimada	String	DropDownList	CPE_CSC	QUANTIDADE_ESTIMADA		Nao	producao	2026-10-08
OrdemServico	RAZAO_DESIST_BRIGADA	Desistência de participação na Brigada de Incêndio em razão de:	String	DropDownList	CPE_CSC	RAZAO_DESIST_BRIGADA		Nao	producao	2026-10-08
OrdemServico	RCC_TIPO_SOLICITACAO	Tipo de Solicitação	String	DropDownList	CPE_CSC	RCC_TIPO_SOLICITACAO		Nao	producao	2026-10-08
OrdemServico	RECLAMADAS_MEMORANDO	Reclamadas memorando	String	TextBox	CPE_CSC	RECLAMADAS_MEMORANDO		Nao	producao	2026-10-08
OrdemServico	RECLAMANTE_MEMORANDO	Reclamante memorando	String	TextBox	CPE_CSC	RECLAMANTE_MEMORANDO		Nao	producao	2026-10-08
OrdemServico	REF_MEMORANDO	REF memorando	String	TextBox	CPE_CSC	REF_MEMORANDO		Nao	producao	2026-10-08
OrdemServico	REGIME_TRIBU	Regime de tributação	String	DropDownList	CPE_CSC	REGIME_TRIBU		Nao	producao	2026-10-08
OrdemServico	RENOV_ALUGUEL	Renovação de aluguel?	String	DropDownList	CPE_CSC	RENOV_ALUGUEL		Nao	producao	2026-10-08
OrdemServico	RESERVA_DA_SALA_01	Reserva da sala 01	String	DropDownList	CPE_CSC	RESERVA_DA_SALA_01		Nao	producao	2026-10-08
OrdemServico	RESERVA_DA_SALA_02	Reserva da sala 02	String	DropDownList	CPE_CSC	RESERVA_DA_SALA_02		Nao	producao	2026-10-08
OrdemServico	RESERVA_DA_SALA_03	Reserva da sala 03	String	DropDownList	CPE_CSC	RESERVA_DA_SALA_03		Nao	producao	2026-10-08
OrdemServico	RESERVA_DA_SALA_04	Reserva da sala 04	String	DropDownList	CPE_CSC	RESERVA_DA_SALA_04		Nao	producao	2026-10-08
OrdemServico	RESPONSAVEL_INFORMACAO	Responsável pela Informação	String	DropDownList	CPE_CSC	RESPONSAVEL_INFORMACAO		Nao	producao	2026-10-08
OrdemServico	RESPONSAVEL_PROCESSO	Responsável pela Condução do Processo	String	DropDownList	CPE_CSC	RESPONSAVEL_PROCESSO		Nao	producao	2026-10-08
OrdemServico	RESPONSAVEL_TAREFA_INICIAL	Responsavel pela Tarefa Inicial	String	DropDownList	CPE_CSC	RESPONSAVEL_TAREFA_INICIAL		Nao	producao	2026-10-08
OrdemServico	RESTRICAO_DO_ATESTE_ERP	Restrição do Ateste - ERP	String	TextBox	CPE_CSC	RESTRICAO_DO_ATESTE_ERP		Nao	producao	2026-10-08
OrdemServico	RESULTADO_APROVACAO	Resultado da aprovação.	String	TextBox	CPE_CSC	RESULTADO_APROVACAO		Nao	producao	2026-10-08
OrdemServico	RESULTADO_VALIDACAO	Resultado da validação de uma OS	String	TextBox	CPE_CSC	RESULTADO_VALIDACAO		Nao	producao	2026-10-08
OrdemServico	RG	RG	String	TextBox	CPE_CSC	RG		Nao	producao	2026-10-08
OrdemServico	RZ_ALIENACAO	Razão Alienação	String	DropDownList	CPE_CSC	RZ_ALIENACAO		Nao	producao	2026-10-08
OrdemServico	SEDEX	Número do Sedex/AR	String	TextBox	CPE_CSC	SEDEX		Nao	producao	2026-10-08
OrdemServico	SEGURANCA_IMOVEL	Necessidade de Segurança:	String	DropDownList	CPE_CSC	SEGURANCA_IMOVEL		Nao	producao	2026-10-08
OrdemServico	SERV_ART_29_LEI_13303	Serviços do art. 29 da Lei 13.303/2016	String	DropDownList	CPE_CSC	SERV_ART_29_LEI_13303		Nao	producao	2026-10-08
OrdemServico	SEXO_M_F	Sexo	String	DropDownList	CPE_CSC	SEXO_M_F		Nao	producao	2026-10-08
OrdemServico	SIMPLES_OU_NORMAL	Simples Nacional ou Regime Normal?	String	DropDownList	CPE_CSC	SIMPLES_OU_NORMAL		Nao	producao	2026-10-08
OrdemServico	SIM_NAO1	Sim ou Não	String	DropDownList	CPE_CSC	SIM_NAO1		Nao	producao	2026-10-08
OrdemServico	SIM_NAO10	Sim ou Não	String	DropDownList	CPE_CSC	SIM_NAO10		Nao	producao	2026-10-08
OrdemServico	SIM_NAO2	Sim ou Não	String	DropDownList	CPE_CSC	SIM_NAO2		Nao	producao	2026-10-08
OrdemServico	SIM_NAO200	Sim ou Não	String	DropDownList	CPE_CSC	SIM_NAO200		Nao	producao	2026-10-08
OrdemServico	SIM_NAO3	Sim ou Não	String	DropDownList	CPE_CSC	SIM_NAO3		Nao	producao	2026-10-08
OrdemServico	SIM_NAO4	Sim ou Não	String	DropDownList	CPE_CSC	SIM_NAO4		Nao	producao	2026-10-08
OrdemServico	SIM_NAO5	Sim ou Não	String	DropDownList	CPE_CSC	SIM_NAO5		Nao	producao	2026-10-08
OrdemServico	SIM_NAO6	Sim ou Não	String	DropDownList	CPE_CSC	SIM_NAO6		Nao	producao	2026-10-08
OrdemServico	SIM_NAO7	Sim ou Não	String	DropDownList	CPE_CSC	SIM_NAO7		Nao	producao	2026-10-08
OrdemServico	SIM_NAO_DEDUCAO_INSS_CONSULTA_FISCO	Dedução INSS	String	DropDownList	CPE_CSC	SIM_NAO_DEDUCAO_INSS_CONSULTA_FISCO		Nao	producao	2026-10-08
OrdemServico	SIM_NAO_FAT	Sim ou Nao	String	DropDownList	CPE_CSC	SIM_NAO_FAT	50	Nao	producao	2026-10-08
OrdemServico	SIM_OU_NAO_NF	Sim ou Nao	String	DropDownList	CPE_CSC	SIM_OU_NAO_NF	50	Nao	producao	2026-10-08
OrdemServico	SOLUC_IMOVEL	Solução para Locação do Imovel	String	Memo	CPE_CSC	SOLUC_IMOVEL	1000	Nao	producao	2026-10-08
OrdemServico	SUBPROCESSO_SUPRAVIZIO	Selecione o Subprocesso	String	TextBox	CPE_CSC	SUBPROCESSO_SUPRAVIZIO		Nao	producao	2026-10-08
OrdemServico	TABELA_DADOS_CONTRATOS_C	Tabela de Dados Contratuais	String	Memo	CPE_CSC	TABELA_DADOS_CONTRATOS_C	2000	Nao	producao	2026-10-08
OrdemServico	TABELA_HTML_INFO_FATURAMENTO	Tabela HTML de informações de faturamento	String	Memo	CPE_CSC	TABELA_HTML_INFO_FATURAMENTO	2000	Nao	producao	2026-10-08
OrdemServico	TAMANHO	Tamanho	String	Memo	CPE_CSC	TAMANHO		Nao	producao	2026-10-08
OrdemServico	TELEFONE_ATUALIZADO	Telefone2	String	TextBox	CPE_CSC	TELEFONE_ATUALIZADO		Nao	producao	2026-10-08
OrdemServico	TERCEIRIZADOS_LISTA	Lista de Terceirizados/Temporários	String	DropDownList	CPE_CSC	TERCEIRIZADOS_LISTA		Nao	producao	2026-10-08
OrdemServico	TESTE_ESS	TESTE ESS RESUMIDA	String	TextBox	CPE_CSC	TESTE_ESS	50	Nao	producao	2026-10-08
OrdemServico	TEXT	TEXT	String	TextBox	CPE_CSC	TEXT	1000	Nao	producao	2026-10-08
OrdemServico	TEXT2	TEXT2	String	TextBox	CPE_CSC	TEXT2		Nao	producao	2026-10-08
OrdemServico	TEXT_1	TEXT_1	String	TextBox	CPE_CSC	TEXT_1	1000	Nao	producao	2026-10-08
OrdemServico	TE_BAIRRO_ENTREGA	Bairro	String	TextBox	CPE_CSC	TE_BAIRRO_ENTREGA		Nao	producao	2026-10-08
OrdemServico	TE_CARGA_HORARIA	Carga horária	String	TextBox	CPE_CSC	TE_CARGA_HORARIA		Nao	producao	2026-10-08
OrdemServico	TE_CARGO	Cargo	String	TextBox	CPE_CSC	TE_CARGO		Nao	producao	2026-10-08
OrdemServico	TE_CEP_ENTREGA	CEP	String	TextBox	CPE_CSC	TE_CEP_ENTREGA		Nao	producao	2026-10-08
OrdemServico	TE_CNPJ_FORNECEDOR	CNPJ do fornecedor (Apenas números)	String	TextBox	CPE_CSC	TE_CNPJ_FORNECEDOR		Nao	producao	2026-10-08
OrdemServico	TE_CONTEUDO_PROG	Conteúdo programático	String	Memo	CPE_CSC	TE_CONTEUDO_PROG	2000	Nao	producao	2026-10-08
OrdemServico	TE_CURSO	Nome do curso/ evento	String	TextBox	CPE_CSC	TE_CURSO		Nao	producao	2026-10-08
OrdemServico	TE_CURSO_UNIBBTS	O curso existe na UNIBBTS?	String	DropDownList	CPE_CSC	TE_CURSO_UNIBBTS		Nao	producao	2026-10-08
OrdemServico	TE_CURSO_UNIBBTS_REALIZA	O curso da UNIBBTS foi realizado?	String	DropDownList	CPE_CSC	TE_CURSO_UNIBBTS_REALIZA		Nao	producao	2026-10-08
OrdemServico	TE_DIREX	Diretoria	String	TextBox	CPE_CSC	TE_DIREX		Nao	producao	2026-10-08
OrdemServico	TE_DT_FIM	Data final	DateTime	DatePicker	CPE_CSC	TE_DT_FIM		Nao	producao	2026-10-08
OrdemServico	TE_DT_INICIO	Data inicial	DateTime	DatePicker	CPE_CSC	TE_DT_INICIO		Nao	producao	2026-10-08
OrdemServico	TE_EM_CONFORMIDADE	Insumos em conformidade	String	DropDownList	CPE_CSC	TE_EM_CONFORMIDADE		Nao	producao	2026-10-08
OrdemServico	TE_ENDERECO_ENTREGA	Endereço para Entrega	String	TextBox	CPE_CSC	TE_ENDERECO_ENTREGA		Nao	producao	2026-10-08
OrdemServico	TE_FORNECEDOR_CAD	Fornecedor	String	DropDownList	CPE_CSC	TE_FORNECEDOR_CAD		Nao	producao	2026-10-08
OrdemServico	TE_FUNCAO	Função	String	TextBox	CPE_CSC	TE_FUNCAO		Nao	producao	2026-10-08
OrdemServico	TE_GEREX	Gerência Executiva	String	TextBox	CPE_CSC	TE_GEREX		Nao	producao	2026-10-08
OrdemServico	TE_HORARIO_REALIZA	Horário de realização do curso	String	TextBox	CPE_CSC	TE_HORARIO_REALIZA		Nao	producao	2026-10-08
OrdemServico	TE_INCONFORMIDADE	Inconformidade	String	Memo	CPE_CSC	TE_INCONFORMIDADE	2000	Nao	producao	2026-10-08
OrdemServico	TE_JUSTIFICATIVA	Justificativa para solicitação do reembolso (Inserir o motivo da realização, escolha do fornecedor e capacitação agregada para a atividade e para BBTS)	String	Memo	CPE_CSC	TE_JUSTIFICATIVA	2000	Nao	producao	2026-10-08
OrdemServico	TE_MATRICULA	Matrícula	String	TextBox	CPE_CSC	TE_MATRICULA		Nao	producao	2026-10-08
OrdemServico	TE_MODALIDADE_CONTRATACAO	Modalidade de contratação	String	DropDownList	CPE_CSC	TE_MODALIDADE_CONTRATACAO		Nao	producao	2026-10-08
OrdemServico	TE_MUNICIPIO_ENTREGA	Município	String	TextBox	CPE_CSC	TE_MUNICIPIO_ENTREGA		Nao	producao	2026-10-08
OrdemServico	TE_NOME_EMPREGADO	Nome do empregado	String	DropDownList	CPE_CSC	TE_NOME_EMPREGADO		Nao	producao	2026-10-08
OrdemServico	TE_NOME_FORNECEDOR	Nome do fornecedor	String	TextBox	CPE_CSC	TE_NOME_FORNECEDOR		Nao	producao	2026-10-08
OrdemServico	TE_PAGAMENTO	Condição de Pagamento	String	TextBox	CPE_CSC	TE_PAGAMENTO		Nao	producao	2026-10-08
OrdemServico	TE_TERMO_CIENCIA	Termo de Ciência: Estou ciente que estou solicitando a contratação de treinamento externo com menos de 25 dias para data de realização do treinamento.	Boolean	CheckBox	CPE_CSC	TE_TERMO_CIENCIA		Nao	producao	2026-10-08
OrdemServico	TE_TERMO_CIENCIA_25DIAS_G	Termo de Ciência: Estou ciente que estou solicitando a contratação de treinamento externo com menos de 25 dias para data de realização do treinamento.	String	DropDownList	CPE_CSC	TE_TERMO_CIENCIA_25DIAS_G		Nao	producao	2026-10-08
OrdemServico	TE_TERMO_CIENCIA_GESTOR	Termo de Ciência: O gestor aprovador garantirá que todos os participantes realizarão os cursos similares na UniBBTS até a data de início do curso solicitado neste chamdo.	String	DropDownList	CPE_CSC	TE_TERMO_CIENCIA_GESTOR		Nao	producao	2026-10-08
OrdemServico	TE_TIPO_TURMA	Tipo Turma	String	DropDownList	CPE_CSC	TE_TIPO_TURMA		Nao	producao	2026-10-08
OrdemServico	TE_UF_ENTREGA	UF	String	TextBox	CPE_CSC	TE_UF_ENTREGA		Nao	producao	2026-10-08
OrdemServico	TE_UOR	UOR	String	TextBox	CPE_CSC	TE_UOR		Nao	producao	2026-10-08
OrdemServico	TE_VALOR_CONTRATACAO	Valor da contratação	Decimal	TextBox	CPE_CSC	TE_VALOR_CONTRATACAO		Nao	producao	2026-10-08
OrdemServico	TE_VALOR_REEMBOLSO	Valor para reembolso	Decimal	TextBox	CPE_CSC	TE_VALOR_REEMBOLSO		Nao	producao	2026-10-08
OrdemServico	TE_VALOR_UNITARIO	Valor unitário	Decimal	TextBox	CPE_CSC	TE_VALOR_UNITARIO		Nao	producao	2026-10-08
OrdemServico	TIPOS_ELEMENTOS_PEOPLE	Tipos de Elementos People	String	DropDownList	CPE_CSC	TIPOS_ELEMENTOS_PEOPLE		Nao	producao	2026-10-08
OrdemServico	TIPO_ASSINATURA	Tipo Assinatura	String	DropDownList	CPE_CSC	TIPO_ASSINATURA		Nao	producao	2026-10-08
OrdemServico	TIPO_ATIVIDADE	Tipo de Atividade - informe	String	DropDownList	CPE_CSC	TIPO_ATIVIDADE		Nao	producao	2026-10-08
OrdemServico	TIPO_CADASTRO_FORNECEDOR	Tipo de Cadastro de Fornecedor	String	DropDownList	CPE_CSC	TIPO_CADASTRO_FORNECEDOR		Nao	producao	2026-10-08
OrdemServico	TIPO_CONSULTA_LINHA_CHIP	Tipo de atendimento para consultar linha/chip	String	DropDownList	CPE_CSC	TIPO_CONSULTA_LINHA_CHIP		Nao	producao	2026-10-08
OrdemServico	TIPO_CONTRIBUINTE_CONSULTA_FISCO	Tipo de Contribuinte	String	TextBox	CPE_CSC	TIPO_CONTRIBUINTE_CONSULTA_FISCO		Nao	producao	2026-10-08
OrdemServico	TIPO_DA_DEMANDA	Tipo da demanda	String	DropDownList	CPE_CSC	TIPO_DA_DEMANDA		Nao	producao	2026-10-08
OrdemServico	TIPO_DE_ FORNECEDOR	Tipo de Fornecedor	String	DropDownList	CPE_CSC	TIPO_DE__FORNECEDOR		Nao	producao	2026-10-08
OrdemServico	TIPO_DE_CONTA_BANCO	TIPO_DE_CONTA_BANCO	String	DropDownList	CPE_CSC	TIPO_DE_CONTA_BANCO		Nao	producao	2026-10-08
OrdemServico	TIPO_DE_CONTRIBUINTE_PARECER	Tipo de Contribuinte Parecer	String	TextBox	CPE_CSC	TIPO_DE_CONTRIBUINTE_PARECER		Nao	producao	2026-10-08
OrdemServico	TIPO_DE_FRETE_ERP	Tipo de Frete - ERP	String	TextBox	CPE_CSC	TIPO_DE_FRETE_ERP		Nao	producao	2026-10-08
OrdemServico	TIPO_DE_NOTA_FISCAL_ERP	Tipo de Nota Fiscal - ERP	String	TextBox	CPE_CSC	TIPO_DE_NOTA_FISCAL_ERP		Nao	producao	2026-10-08
OrdemServico	TIPO_DE_NOTA_FISCAL_PARECER	Tipo de Nota Fiscal	String	DropDownList	CPE_CSC	TIPO_DE_NOTA_FISCAL_PARECER		Nao	producao	2026-10-08
OrdemServico	TIPO_FORNECEDOR	Tipo de Fornecedor	String	DropDownList	CPE_CSC	TIPO_FORNECEDOR		Nao	producao	2026-10-08
OrdemServico	TIPO_MAUTENCAO	Tipo de Manutenção:	String	DropDownList	CPE_CSC	TIPO_MAUTENCAO		Nao	producao	2026-10-08
OrdemServico	TIPO_MULTA	Tipo de Multa	String	DropDownList	CPE_CSC	TIPO_MULTA		Nao	producao	2026-10-08
OrdemServico	TIPO_NOTA_ERP	Tipo de Nota no ERP	String	TextBox	CPE_CSC	TIPO_NOTA_ERP		Nao	producao	2026-10-08
OrdemServico	TIPO_OC_CSC	Tipo de OC	String	DropDownList	CPE_CSC	TIPO_OC_CSC		Nao	producao	2026-10-08
OrdemServico	TIPO_OPERACAO	Tipo de Operação	String	DropDownList	CPE_CSC	TIPO_OPERACAO		Nao	producao	2026-10-08
OrdemServico	TIPO_OPERACAO_PDPEP	Tipo Operação PDPEP	String	DropDownList	CPE_CSC	TIPO_OPERACAO_PDPEP		Nao	producao	2026-10-08
OrdemServico	TIPO_PEDIDO_CHIP	Tipo de Pedido	String	DropDownList	CPE_CSC	TIPO_PEDIDO_CHIP		Nao	producao	2026-10-08
OrdemServico	TIPO_SANGUINEO	Tipo sanguineo	String	TextBox	CPE_CSC	TIPO_SANGUINEO		Nao	producao	2026-10-08
OrdemServico	TIPO_SOLICITACAO_OC	Tipo de Solicitação	String	DropDownList	CPE_CSC	TIPO_SOLICITACAO_OC		Nao	producao	2026-10-08
OrdemServico	TIPO_SOLICITACAO_TELEFONIA	Tipo da solicitação	String	DropDownList	CPE_CSC	TIPO_SOLICITACAO_TELEFONIA		Nao	producao	2026-10-08
OrdemServico	TIPO_SOL_COMPROVA_PAGO_F	Tipo de solicitação em comprovantes de valores pagos a fornecedores	String	DropDownList	CPE_CSC	TIPO_SOL_COMPROVA_PAGO_F		Nao	producao	2026-10-08
OrdemServico	TITULO_PROPOSTA	Titulo da Proposta	String	TextBox	CPE_CSC	TITULO_PROPOSTA		Nao	producao	2026-10-08
OrdemServico	UNIDADES_BBTS	Unidades BBTS	String	DropDownList	CPE_CSC	UNIDADES_BBTS		Nao	producao	2026-10-08
OrdemServico	UNIDADE_CHAVES	UNIDADE_CHAVES	String	DropDownList	CPE_CSC	UNIDADE_CHAVES		Nao	producao	2026-10-08
OrdemServico	UNIDADE_DE_NEGOCIO_PE	UNIDADE_DE_NEGOCIO_PE	String	DropDownList	CPE_CSC	UNIDADE_DE_NEGOCIO_PE		Nao	producao	2026-10-08
OrdemServico	UNIDADE_MEDIDA_ERP	Unidade de Medida - ERP	String	TextBox	CPE_CSC	UNIDADE_MEDIDA_ERP		Nao	producao	2026-10-08
OrdemServico	UNIDADE_NEGOCIO2	Unidade de Negócio	String	DropDownList	CPE_CSC	UNIDADE_NEGOCIO2		Nao	producao	2026-10-08
OrdemServico	UNIDADE_ORGANIZACIONAL	Unidade Organizacional	String	TextBox	CPE_CSC	UNIDADE_ORGANIZACIONAL		Nao	producao	2026-10-08
OrdemServico	UNITARIO_OU_LOTE	A pesquisa de mercado realizada é individual por item unitário ou serviço/aquisição por lote?	String	DropDownList	CPE_CSC	UNITARIO_OU_LOTE		Nao	producao	2026-10-08
OrdemServico	UOR_PAGADORA	UOR Pagadora	String	TextBox	CPE_CSC	UOR_PAGADORA		Nao	producao	2026-10-08
OrdemServico	URL2	URL2	String	TextBox	CPE_CSC	URL2		Nao	producao	2026-10-08
OrdemServico	URL3	Endereço da Página WEB	String	TextBox	CPE_CSC	URL3		Nao	producao	2026-10-08
OrdemServico	URL_RELATORIO	URL Relátorio Qualidade	String	TextBox	CPE_CSC	URL_RELATORIO		Nao	producao	2026-10-08
OrdemServico	VALIDA_ATESTADO	Validação Atestado	String	DropDownList	CPE_CSC	VALIDA_ATESTADO		Nao	producao	2026-10-08
OrdemServico	VALORNOTAFISCAL	Valor da Nota Fiscal	Decimal	TextBox	CPE_CSC	VALORNOTAFISCAL		Nao	producao	2026-10-08
OrdemServico	VALORTOTSEMCOMPROV	Valor total sem necessidade de comprovação	Decimal	TextBox	CPE_CSC	VALORTOTSEMCOMPROV		Nao	producao	2026-10-08
OrdemServico	VALOR_APROVADO_ARP	Valor Aprovado da Nota Técnica	Decimal	TextBox	CPE_CSC	VALOR_APROVADO_ARP		Nao	producao	2026-10-08
OrdemServico	VALOR_CLASSIFICACAO	Valor da classificação	Decimal	TextBox	CPE_CSC	VALOR_CLASSIFICACAO		Nao	producao	2026-10-08
OrdemServico	VALOR_DISPONIVEL_NT	Valor Disponível na Nota Técnica	String	TextBox	CPE_CSC	VALOR_DISPONIVEL_NT		Nao	producao	2026-10-08
OrdemServico	VALOR_PAGAMENTO_RCC	Valor Pagamento RCC	Decimal	TextBox	CPE_CSC	VALOR_PAGAMENTO_RCC		Nao	producao	2026-10-08
OrdemServico	VALOR_PAGAMENTO_RI	Valor de pagamento do RI	String	TextBox	CPE_CSC	VALOR_PAGAMENTO_RI		Nao	producao	2026-10-08
OrdemServico	VALOR_PAGAMENTO_RI_DEC	Valor de pagamento do RI	Decimal	TextBox	CPE_CSC	VALOR_PAGAMENTO_RI_DEC		Nao	producao	2026-10-08
OrdemServico	VALOR_REMUNERACAO_DEC	Valor da Remuneração	Decimal	TextBox	CPE_CSC	VALOR_REMUNERACAO_DEC	13	Nao	producao	2026-10-08
OrdemServico	VALOR_TOTAL_DISPONIVEL_OC	Valor total Disponivel na OC	Decimal	TextBox	CPE_CSC	VALOR_TOTAL_DISPONIVEL_OC		Nao	producao	2026-10-08
OrdemServico	VALOR_TOTAL_GUIAS	Valor total das guias	Decimal	TextBox	CPE_CSC	VALOR_TOTAL_GUIAS		Nao	producao	2026-10-08
OrdemServico	VALOR_TOTAL_LIBERADO_ARP	Valor Total Liberado da Nota Técnica	Decimal	TextBox	CPE_CSC	VALOR_TOTAL_LIBERADO_ARP		Nao	producao	2026-10-08
OrdemServico	VALOR_TOTAL_OC	Valor Total OC	String	TextBox	CPE_CSC	VALOR_TOTAL_OC		Nao	producao	2026-10-08
OrdemServico	VALOR_TOTAL_UTILIZADO_ARP	Valor Total Utilizado	Decimal	TextBox	CPE_CSC	VALOR_TOTAL_UTILIZADO_ARP		Nao	producao	2026-10-08
OrdemServico	VALOR_TOT_PREST_CONTAS	Valor total a prestar contas	Decimal	TextBox	CPE_CSC	VALOR_TOT_PREST_CONTAS		Nao	producao	2026-10-08
OrdemServico	VALOR_UTILIZADO	Valor Utilizado	String	TextBox	CPE_CSC	VALOR_UTILIZADO		Nao	producao	2026-10-08
OrdemServico	VALOR_UTILIZADO_DESLOCAMENTO	Valor Utilizado	Decimal	TextBox	CPE_CSC	VALOR_UTILIZADO_DESLOCAMENTO		Nao	producao	2026-10-08
OrdemServico	VEICULO	Veículo	String	TextBox	CPE_CSC	VEICULO		Nao	producao	2026-10-08
OrdemServico	VEICULO_PLACA	Placa do Veículo	String	TextBox	CPE_CSC	VEICULO_PLACA		Nao	producao	2026-10-08
OrdemServico	VICE_PRESIDENTE_CIPA	Vice Presidente CIPA	String	DropDownList	CPE_CSC	VICE_PRESIDENTE_CIPA		Nao	producao	2026-10-08
OrdemServico	VINCULO_AUX_FUNERAL	Vínculo	String	DropDownList	CPE_CSC	VINCULO_AUX_FUNERAL		Nao	producao	2026-10-08
OrdemServico	VINCULO_AUX_FUNERAL_BENEFICIARIO	Vínculo do Benefíciário	String	DropDownList	CPE_CSC	VINCULO_AUX_FUNERAL_BENEFICIARIO		Nao	producao	2026-10-08
OrdemServico	CAMPO_TXT	Campo Texto	String	TextBox	CPE_DADOS	CAMPO_TXT	500	Nao	producao	2026-10-08
OrdemServico	CRM	CRM	String	TextBox	CPE_DADOS	CRM		Nao	producao	2026-10-08
OrdemServico	DOC_ASSINADO	Documento Assinado	String	TextBox	CPE_DADOS	DOC_ASSINADO		Nao	producao	2026-10-08
OrdemServico	LISTA_EMPRESA_ESCOLHIDA	Empresa Escolhida	String	DropDownList	CPE_DADOS	LISTA_EMPRESA_ESCOLHIDA		Nao	producao	2026-10-08
OrdemServico	LISTA_EMPRESA_PS	Lista de Empresas Posto de Serviços	String	DropDownList	CPE_DADOS	LISTA_EMPRESA_PS		Nao	producao	2026-10-08
OrdemServico	LOCAL_GESTAOFISCAL	Local	String	DropDownList	CPE_DADOS	LOCAL_GESTAOFISCAL		Nao	producao	2026-10-08
OrdemServico	LOG_API	LOG API	String	Memo	CPE_DADOS	LOG_API	2000	Nao	producao	2026-10-08
OrdemServico	NOVAOPERADORA	NOVA OPERADORA	String	DropDownList	CPE_DADOS	NOVAOPERADORA		Nao	producao	2026-10-08
OrdemServico	NOVO_VALOR15	NOVO_VALOR15	Decimal	TextBox	CPE_DADOS	NOVO_VALOR15		Nao	producao	2026-10-08
OrdemServico	OPCAO_CADASTRAR	Cadastrar	String	DropDownList	CPE_DADOS	OPCAO_CADASTRAR		Nao	producao	2026-10-08
OrdemServico	OPCAO_USUARIO	Usuário	String	DropDownList	CPE_DADOS	OPCAO_USUARIO		Nao	producao	2026-10-08
OrdemServico	RESULTADO_VALIDACAO_01	Resultado IA - validação 01	String	TextBox	CPE_DADOS	RESULTADO_VALIDACAO_01		Nao	producao	2026-10-08
OrdemServico	SELECIONA_PLANO	Possui plano de saúde?	String	DropDownList	CPE_DADOS	SELECIONA_PLANO		Nao	producao	2026-10-08
OrdemServico	TIC_ANO_RECOMENDA	Ano	String	DropDownList	CPE_DEMANDA_TIC	TIC_ANO_RECOMENDA		Nao	producao	2026-10-08
OrdemServico	TIC_CATEG	Categorização	String	DropDownList	CPE_DEMANDA_TIC	TIC_CATEG		Nao	producao	2026-10-08
OrdemServico	TIC_CLIENTE	Cliente	String	TextBox	CPE_DEMANDA_TIC	TIC_CLIENTE		Nao	producao	2026-10-08
OrdemServico	TIC_CLIENTEID	ClienteID	String	TextBox	CPE_DEMANDA_TIC	TIC_CLIENTEID		Nao	producao	2026-10-08
OrdemServico	TIC_DESCRICAO	Descrição	String	Memo	CPE_DEMANDA_TIC	TIC_DESCRICAO	2000	Nao	producao	2026-10-08
OrdemServico	TIC_INSTRUCAO_HOMOL	Instrução Homologação	String	Memo	CPE_DEMANDA_TIC	TIC_INSTRUCAO_HOMOL	2000	Nao	producao	2026-10-08
OrdemServico	TIC_JUSTIFICATIVA	Justificativa	String	Memo	CPE_DEMANDA_TIC	TIC_JUSTIFICATIVA	2000	Nao	producao	2026-10-08
OrdemServico	TIC_NUMERO_RECOMENDA	Número	String	TextBox	CPE_DEMANDA_TIC	TIC_NUMERO_RECOMENDA		Nao	producao	2026-10-08
OrdemServico	TIC_ORIGEM_RECOMENDA	Origem	String	DropDownList	CPE_DEMANDA_TIC	TIC_ORIGEM_RECOMENDA		Nao	producao	2026-10-08
OrdemServico	TIC_PRAZO_RECOMENDA	Prazo para Vigorar	DateTime	DatePicker	CPE_DEMANDA_TIC	TIC_PRAZO_RECOMENDA		Nao	producao	2026-10-08
OrdemServico	ACOMPANHANDO_GRUPO_A	Estará acompanhando Presidente / Direto / Conselheiro	String	DropDownList	CPE_DESLOCAMENTO	ACOMPANHANDO_GRUPO_A		Nao	producao	2026-10-08
OrdemServico	CAMPO_VALIDACAO_DIARIA	Campo de de validação	String	TextBox	CPE_DESLOCAMENTO	CAMPO_VALIDACAO_DIARIA		Nao	producao	2026-10-08
OrdemServico	CAMPO_VALIDACAO_DIARIA_GERED	Campo de de validação	String	TextBox	CPE_DESLOCAMENTO	CAMPO_VALIDACAO_DIARIA_GERED		Nao	producao	2026-10-08
OrdemServico	CAMPO_VALIDACAO_DOLAR	Campo de Validação Dolar	String	TextBox	CPE_DESLOCAMENTO	CAMPO_VALIDACAO_DOLAR		Nao	producao	2026-10-08
OrdemServico	CARGO_DESLOCAMENTO	Cargo	String	TextBox	CPE_DESLOCAMENTO	CARGO_DESLOCAMENTO		Nao	producao	2026-10-08
OrdemServico	CIDADE_DESTINO	Cidade de Destino	String	DropDownList	CPE_DESLOCAMENTO	CIDADE_DESTINO		Nao	producao	2026-10-08
OrdemServico	CIDADE_DESTINO_INTERNACIONAL	Cidade/País de Destino	String	TextBox	CPE_DESLOCAMENTO	CIDADE_DESTINO_INTERNACIONAL		Nao	producao	2026-10-08
OrdemServico	CIDADE_ORIGEM	Cidade de Origem	String	DropDownList	CPE_DESLOCAMENTO	CIDADE_ORIGEM		Nao	producao	2026-10-08
OrdemServico	COTACAO_DOLAR	Cotação do Dólar americano (USD)	String	TextBox	CPE_DESLOCAMENTO	COTACAO_DOLAR		Nao	producao	2026-10-08
OrdemServico	DESCRICAO_DESPESAS	Descrição de outras despesas	String	TextBox	CPE_DESLOCAMENTO	DESCRICAO_DESPESAS	500	Nao	producao	2026-10-08
OrdemServico	DESCRICAO_DESPESAS_GERED	Descrição de outras despesas	String	TextBox	CPE_DESLOCAMENTO	DESCRICAO_DESPESAS_GERED		Nao	producao	2026-10-08
OrdemServico	DESC_COLABORADOR_DESLOCAMENTO	Tipo de Colaborador	String	TextBox	CPE_DESLOCAMENTO	DESC_COLABORADOR_DESLOCAMENTO		Nao	producao	2026-10-08
OrdemServico	DIARIA_AUTORIZADO_INTERNACIONAL	Valor Diária Autorizado US$	String	TextBox	CPE_DESLOCAMENTO	DIARIA_AUTORIZADO_INTERNACIONAL		Nao	producao	2026-10-08
OrdemServico	DIARIA_COTACAO_REAL	Diária em Real	String	TextBox	CPE_DESLOCAMENTO	DIARIA_COTACAO_REAL		Nao	producao	2026-10-08
OrdemServico	FAVORECIDO_DESLOCAMENTO	Favorecido	String	DropDownList	CPE_DESLOCAMENTO	FAVORECIDO_DESLOCAMENTO		Nao	producao	2026-10-08
OrdemServico	FUNCAO_DESLOCAMENTO	Função	String	TextBox	CPE_DESLOCAMENTO	FUNCAO_DESLOCAMENTO		Nao	producao	2026-10-08
OrdemServico	LISTA_INVIABILIDADE	Lista de Motivos que inviabilizam a videoconferência	String	DropDownList	CPE_DESLOCAMENTO	LISTA_INVIABILIDADE		Nao	producao	2026-10-08
OrdemServico	MATRICULA_DESLOCAMENTO	Matrícula	Integer	TextBox	CPE_DESLOCAMENTO	MATRICULA_DESLOCAMENTO		Nao	producao	2026-10-08
OrdemServico	MEIO_LOCOMOCAO	Meio de locomoção principal	String	DropDownList	CPE_DESLOCAMENTO	MEIO_LOCOMOCAO		Nao	producao	2026-10-08
OrdemServico	MEIO_LOCOMOCAO_GERED	Meio de locomoção principal	String	DropDownList	CPE_DESLOCAMENTO	MEIO_LOCOMOCAO_GERED		Nao	producao	2026-10-08
OrdemServico	NUM_ABERTURA_CHAMADO	N° da Abertura de Chamado do Deslocamento a Serviço de Quem Está Acompanhando	String	TextBox	CPE_DESLOCAMENTO	NUM_ABERTURA_CHAMADO		Nao	producao	2026-10-08
OrdemServico	OBJETIVO_VIAGEM	Objetivo / Informações Adicionais:	String	TextBox	CPE_DESLOCAMENTO	OBJETIVO_VIAGEM		Nao	producao	2026-10-08
OrdemServico	ODOMETRO	Odômetro atual	String	TextBox	CPE_DESLOCAMENTO	ODOMETRO		Nao	producao	2026-10-08
OrdemServico	PAIS	País	String	DropDownList	CPE_DESLOCAMENTO	PAIS		Nao	producao	2026-10-08
OrdemServico	PARCELA_COMPLEMENTAR	Parcela Complementar de hospedagem	Decimal	TextBox	CPE_DESLOCAMENTO	PARCELA_COMPLEMENTAR		Nao	producao	2026-10-08
OrdemServico	PREVISAO_DISTANCIA_KM	Previsão de distancia em KM	Decimal	TextBox	CPE_DESLOCAMENTO	PREVISAO_DISTANCIA_KM		Nao	producao	2026-10-08
OrdemServico	PREVISAO_DISTANCIA_KM_GERED	Previsão de distancia em KM	Decimal	TextBox	CPE_DESLOCAMENTO	PREVISAO_DISTANCIA_KM_GERED		Nao	producao	2026-10-08
OrdemServico	QTD_REFEICAO_INTEGRAL	Quantidade de Refeições Integrais	Integer	TextBox	CPE_DESLOCAMENTO	QTD_REFEICAO_INTEGRAL		Nao	producao	2026-10-08
OrdemServico	QTD_REFEICAO_INTEGRAL_GERED	Quantidade de Refeições Integrais	Integer	TextBox	CPE_DESLOCAMENTO	QTD_REFEICAO_INTEGRAL_GERED		Nao	producao	2026-10-08
OrdemServico	QTD_REFEICAO_REDUZIDA	Quantidade de refeições reduzidas	Integer	TextBox	CPE_DESLOCAMENTO	QTD_REFEICAO_REDUZIDA		Nao	producao	2026-10-08
OrdemServico	QTD_REFEICAO_REDUZIDA_GERED	Quantidade de refeições reduzidas	Integer	TextBox	CPE_DESLOCAMENTO	QTD_REFEICAO_REDUZIDA_GERED		Nao	producao	2026-10-08
OrdemServico	QUANTIDADE_DIARIA	Quantidade de Diárias	Integer	TextBox	CPE_DESLOCAMENTO	QUANTIDADE_DIARIA		Nao	producao	2026-10-08
OrdemServico	QUANTIDADE_DIARIA_GERED	Quantidade de Diárias	Integer	TextBox	CPE_DESLOCAMENTO	QUANTIDADE_DIARIA_GERED		Nao	producao	2026-10-08
OrdemServico	RETORNO_DIA	Retorno dia	DateTime	DatePicker	CPE_DESLOCAMENTO	RETORNO_DIA		Nao	producao	2026-10-08
OrdemServico	RETORNO_HORA	Horário do Retorno	String	TextBox	CPE_DESLOCAMENTO	RETORNO_HORA		Nao	producao	2026-10-08
OrdemServico	RETORNO_HORA_GERED	Horário do Retorno	String	TextBox	CPE_DESLOCAMENTO	RETORNO_HORA_GERED		Nao	producao	2026-10-08
OrdemServico	SAIDA	Saída dia	DateTime	DatePicker	CPE_DESLOCAMENTO	SAIDA		Nao	producao	2026-10-08
OrdemServico	SAIDA_HORA	Horário da Saída	String	TextBox	CPE_DESLOCAMENTO	SAIDA_HORA		Nao	producao	2026-10-08
OrdemServico	SAIDA_HORA_GERED	Horário da Saída	String	TextBox	CPE_DESLOCAMENTO	SAIDA_HORA_GERED		Nao	producao	2026-10-08
OrdemServico	SIM_NAO_REFEICAO	Sim ou Não Refeição	String	DropDownList	CPE_DESLOCAMENTO	SIM_NAO_REFEICAO		Nao	producao	2026-10-08
OrdemServico	SIM_NAO_REFEICAO_GERED	Sim ou Não Refeição	String	DropDownList	CPE_DESLOCAMENTO	SIM_NAO_REFEICAO_GERED		Nao	producao	2026-10-08
OrdemServico	TIPO_DESLOCAMENTO	Tipo de Deslocamento	String	DropDownList	CPE_DESLOCAMENTO	TIPO_DESLOCAMENTO		Nao	producao	2026-10-08
OrdemServico	TIPO_DESTINO	Tipo da localidade de destino	String	DropDownList	CPE_DESLOCAMENTO	TIPO_DESTINO		Nao	producao	2026-10-08
OrdemServico	TIPO_HOSPEDAGEM	Tipo de Hospedagem	String	DropDownList	CPE_DESLOCAMENTO	TIPO_HOSPEDAGEM		Nao	producao	2026-10-08
OrdemServico	TIPO_HOSPEDAGEM_GERED	Tipo de Hospedagem	String	DropDownList	CPE_DESLOCAMENTO	TIPO_HOSPEDAGEM_GERED		Nao	producao	2026-10-08
OrdemServico	TOTAL_COMPLEMENTAR	Total Parcela Complementar (Não é necessário prestar contas)	Decimal	TextBox	CPE_DESLOCAMENTO	TOTAL_COMPLEMENTAR		Nao	producao	2026-10-08
OrdemServico	VALOR_DESPESAS	Valor de outras despesas R$	Decimal	TextBox	CPE_DESLOCAMENTO	VALOR_DESPESAS		Nao	producao	2026-10-08
OrdemServico	VALOR_DESPESAS_GERED	Valor de outras despesas R$	Decimal	TextBox	CPE_DESLOCAMENTO	VALOR_DESPESAS_GERED		Nao	producao	2026-10-08
OrdemServico	VALOR_DIARIA	Valor da Diaria R$	Decimal	TextBox	CPE_DESLOCAMENTO	VALOR_DIARIA		Nao	producao	2026-10-08
OrdemServico	VALOR_DIARIA_AUTORIZADO	Valor Diária Autorizado	String	TextBox	CPE_DESLOCAMENTO	VALOR_DIARIA_AUTORIZADO		Nao	producao	2026-10-08
OrdemServico	VALOR_DIARIA_AUTORIZADO_GERED	Valor Diária Autorizado	String	TextBox	CPE_DESLOCAMENTO	VALOR_DIARIA_AUTORIZADO_GERED		Nao	producao	2026-10-08
OrdemServico	VALOR_DIARIA_DOLAR	Valor Diária US$	String	TextBox	CPE_DESLOCAMENTO	VALOR_DIARIA_DOLAR		Nao	producao	2026-10-08
OrdemServico	VALOR_DIARIA_GERED	Valor da Diaria R$	Decimal	TextBox	CPE_DESLOCAMENTO	VALOR_DIARIA_GERED		Nao	producao	2026-10-08
OrdemServico	VALOR_DIFERENCA_DESLOCAMENTO	Valor Diferença	Decimal	TextBox	CPE_DESLOCAMENTO	VALOR_DIFERENCA_DESLOCAMENTO		Nao	producao	2026-10-08
OrdemServico	VALOR_DISTANCIA	Valor previsto para percorrer distância R$	String	TextBox	CPE_DESLOCAMENTO	VALOR_DISTANCIA		Nao	producao	2026-10-08
OrdemServico	VALOR_DISTANCIA_GERED	Valor previsto para percorrer distância R$	String	TextBox	CPE_DESLOCAMENTO	VALOR_DISTANCIA_GERED		Nao	producao	2026-10-08
OrdemServico	VALOR_EXTRA	Valor das despesas extras	Decimal	TextBox	CPE_DESLOCAMENTO	VALOR_EXTRA		Nao	producao	2026-10-08
OrdemServico	VALOR_PASSAGEM	Valor R$	Decimal	TextBox	CPE_DESLOCAMENTO	VALOR_PASSAGEM		Nao	producao	2026-10-08
OrdemServico	VALOR_REF_INTEGRAL	Valor Refeição Integral	String	TextBox	CPE_DESLOCAMENTO	VALOR_REF_INTEGRAL		Nao	producao	2026-10-08
OrdemServico	VALOR_REF_INTEGRAL_GERED	Valor Refeição Integral	String	TextBox	CPE_DESLOCAMENTO	VALOR_REF_INTEGRAL_GERED		Nao	producao	2026-10-08
OrdemServico	VALOR_REF_REDUZIDA	Valor Refeição Reduzida	String	TextBox	CPE_DESLOCAMENTO	VALOR_REF_REDUZIDA		Nao	producao	2026-10-08
OrdemServico	VALOR_REF_REDUZIDA_GERED	Valor Refeição Reduzida	String	TextBox	CPE_DESLOCAMENTO	VALOR_REF_REDUZIDA_GERED		Nao	producao	2026-10-08
OrdemServico	VALOR_TOTAL_ADIANTAMENTO	Valor total do adiantamento R$	Decimal	TextBox	CPE_DESLOCAMENTO	VALOR_TOTAL_ADIANTAMENTO		Nao	producao	2026-10-08
OrdemServico	VALOR_TOTAL_ADIANTAMENTO_GERED	Valor total do adiantamento R$	Decimal	TextBox	CPE_DESLOCAMENTO	VALOR_TOTAL_ADIANTAMENTO_GERED		Nao	producao	2026-10-08
OrdemServico	VALOR_TOTAL_DIARIA	Valor total de diárias R$	Decimal	TextBox	CPE_DESLOCAMENTO	VALOR_TOTAL_DIARIA		Nao	producao	2026-10-08
OrdemServico	VALOR_TOTAL_DIARIA_GERED	Valor total de diárias R$	Decimal	TextBox	CPE_DESLOCAMENTO	VALOR_TOTAL_DIARIA_GERED		Nao	producao	2026-10-08
OrdemServico	VIAGEM_LONGA	Viagem de Longa Distância	String	DropDownList	CPE_DESLOCAMENTO	VIAGEM_LONGA		Nao	producao	2026-10-08
OrdemServico	CNPJ_E	CNPJ	String	TextBox	CPE_ECOMERCE	CNPJ_E		Nao	producao	2026-10-08
OrdemServico	CODIGO_DEVO_PROD_EC	Código de Devolução do produto	String	Memo	CPE_ECOMERCE	CODIGO_DEVO_PROD_EC		Nao	producao	2026-10-08
OrdemServico	CODIGO_DEV_PROD_EC	Código de Devolução do produto	String	Memo	CPE_ECOMERCE	CODIGO_DEV_PROD_EC	1999	Nao	producao	2026-10-08
OrdemServico	CODIGO_PIX_EC	Código de Pagamento PIX	String	Memo	CPE_ECOMERCE	CODIGO_PIX_EC		Nao	producao	2026-10-08
OrdemServico	CONDICOES_PG_EC	Condições de pagamento	String	DropDownList	CPE_ECOMERCE	CONDICOES_PG_EC		Nao	producao	2026-10-08
OrdemServico	DATA_DEVOLU_PIX	Data de devolução do pix	DateTime	DatePicker	CPE_ECOMERCE	DATA_DEVOLU_PIX		Nao	producao	2026-10-08
OrdemServico	DATA_DEVO_PROD_EC	Data de devolução do produto	DateTime	DatePicker	CPE_ECOMERCE	DATA_DEVO_PROD_EC		Nao	producao	2026-10-08
OrdemServico	DATA_RECEB_EC	Data de recebimento do produto	DateTime	DatePicker	CPE_ECOMERCE	DATA_RECEB_EC		Nao	producao	2026-10-08
OrdemServico	ENDERECO_RECEBEDOR	Endereço	String	Memo	CPE_ECOMERCE	ENDERECO_RECEBEDOR	1999	Nao	producao	2026-10-08
OrdemServico	NOME_RECEBEDOR	Nome	String	DropDownList	CPE_ECOMERCE	NOME_RECEBEDOR		Nao	producao	2026-10-08
OrdemServico	OBS_N_RECEB_EC	Observações sobre o não recebimento do produto	String	Memo	CPE_ECOMERCE	OBS_N_RECEB_EC	1999	Nao	producao	2026-10-08
OrdemServico	PRAZO_E	Prazo de entrega (em dias)	Integer	TextBox	CPE_ECOMERCE	PRAZO_E	6	Nao	producao	2026-10-08
OrdemServico	PRAZO_PAG_PIX_EC	Prazo de pagamento do PIX (Em horas)	String	TextBox	CPE_ECOMERCE	PRAZO_PAG_PIX_EC		Nao	producao	2026-10-08
OrdemServico	RAZAO_SOCIAL_EC	Razão Social	String	TextBox	CPE_ECOMERCE	RAZAO_SOCIAL_EC		Nao	producao	2026-10-08
OrdemServico	TEL_RECEBEDOR	Telefone	String	TextBox	CPE_ECOMERCE	TEL_RECEBEDOR		Nao	producao	2026-10-08
OrdemServico	VALOR_E	Valor	Decimal	TextBox	CPE_ECOMERCE	VALOR_E		Nao	producao	2026-10-08
OrdemServico	CONVENIADA	Conveniada	String	DropDownList	CPE_ERP_PO	CONVENIADA	200	Nao	producao	2026-10-08
OrdemServico	NUMERO_FORNECEDOR	Numero do Fornecedor	String	TextBox	CPE_ERP_PO	NUMERO_FORNECEDOR	9	Nao	producao	2026-10-08
OrdemServico	TP_PARTE_RELACIONADA	Tipo de Parte Relacionada	String	DropDownList	CPE_ERP_PO	TP_PARTE_RELACIONADA		Nao	producao	2026-10-08
OrdemServico	ACEITE_RISCO	Aceite - Risco Cliente	Boolean	CheckBox	CPE_FINANCEIRO	ACEITE_RISCO		Nao	producao	2026-10-08
OrdemServico	ANALISE_CCL	Análise CCL - Qualificação Financeira	String	Memo	CPE_FINANCEIRO	ANALISE_CCL		Nao	producao	2026-10-08
OrdemServico	ANALISE_EPP	Análise EPP - Qualificação Financeira	String	Memo	CPE_FINANCEIRO	ANALISE_EPP		Nao	producao	2026-10-08
OrdemServico	ANALISE_INDICADORES	Análise dos Indicadores - Qualificação Financeira	String	Memo	CPE_FINANCEIRO	ANALISE_INDICADORES		Nao	producao	2026-10-08
OrdemServico	ANALISE_INDICADORES_RISCO	Análise dos Indicadores - Risco Cliente	String	Memo	CPE_FINANCEIRO	ANALISE_INDICADORES_RISCO		Nao	producao	2026-10-08
OrdemServico	ANALISE_PL	Análise PL - Qualificação Financeira	String	Memo	CPE_FINANCEIRO	ANALISE_PL		Nao	producao	2026-10-08
OrdemServico	CHAVE_CONTABIL	Chave Contábil	String	TextBox	CPE_FINANCEIRO	CHAVE_CONTABIL		Nao	producao	2026-10-08
OrdemServico	CNPJ_FORN_QUALIF	CNPJ do Fornecedor - Qualificação Financeira	String	TextBox	CPE_FINANCEIRO	CNPJ_FORN_QUALIF		Nao	producao	2026-10-08
OrdemServico	CNPJ_RISCO	CNPJ - Risco Cliente	String	TextBox	CPE_FINANCEIRO	CNPJ_RISCO		Nao	producao	2026-10-08
OrdemServico	CONTA_CONTABIL1	Conta Contábil	String	TextBox	CPE_FINANCEIRO	CONTA_CONTABIL1		Nao	producao	2026-10-08
OrdemServico	CONTA_CONTABIL4	Conta Contábil	String	TextBox	CPE_FINANCEIRO	CONTA_CONTABIL4		Nao	producao	2026-10-08
OrdemServico	CONTA_POSTO	Selecione a Conta	String	DropDownList	CPE_FINANCEIRO	CONTA_POSTO		Nao	producao	2026-10-08
OrdemServico	DESCRICAO_QUALIF	Descrição - Qualificação Financeira	String	Memo	CPE_FINANCEIRO	DESCRICAO_QUALIF		Nao	producao	2026-10-08
OrdemServico	DESTINACAO_PRODUTO_DITRI	Destinação do Produto	String	DropDownList	CPE_FINANCEIRO	DESTINACAO_PRODUTO_DITRI		Nao	producao	2026-10-08
OrdemServico	DESTNFSE_FAT	Destinatário NFSe	String	TextBox	CPE_FINANCEIRO	DESTNFSE_FAT		Nao	producao	2026-10-08
OrdemServico	DGCO_BB	DGCO	String	TextBox	CPE_FINANCEIRO	DGCO_BB		Nao	producao	2026-10-08
OrdemServico	DTVENC_FAT	Data de Vencimento	DateTime	DatePicker	CPE_FINANCEIRO	DTVENC_FAT		Nao	producao	2026-10-08
OrdemServico	GEREX_FAT	2º Gerex Aprovador	String	DropDownList	CPE_FINANCEIRO	GEREX_FAT		Nao	producao	2026-10-08
OrdemServico	IRREGULARIDADES1	Irregularidades	String	Memo	CPE_FINANCEIRO	IRREGULARIDADES1	700	Nao	producao	2026-10-08
OrdemServico	IRREGULARIDADES2	Irregularidades 2	String	Memo	CPE_FINANCEIRO	IRREGULARIDADES2	700	Nao	producao	2026-10-08
OrdemServico	NAO_SIM	A solicitação deste remanejamento de orçamento foi elaborada por meio de nota técnica, e a mesma já está devidamente aprovada?	String	DropDownList	CPE_FINANCEIRO	NAO_SIM	50	Nao	producao	2026-10-08
OrdemServico	NATUREZA_TRANSACAO	Natureza da Transação	String	TextBox	CPE_FINANCEIRO	NATUREZA_TRANSACAO		Nao	producao	2026-10-08
OrdemServico	OBJETO_QUALIF	Objeto - Qualificação Financeira	String	Memo	CPE_FINANCEIRO	OBJETO_QUALIF	2000	Nao	producao	2026-10-08
OrdemServico	OKS_FAT	Contrato OKS	String	TextBox	CPE_FINANCEIRO	OKS_FAT		Nao	producao	2026-10-08
OrdemServico	PARECER_QUALIF	Parecer - Qualificação Financeira	String	Memo	CPE_FINANCEIRO	PARECER_QUALIF	2000	Nao	producao	2026-10-08
OrdemServico	PARECER_RISCO	Parecer - Risco Cliente	String	Memo	CPE_FINANCEIRO	PARECER_RISCO		Nao	producao	2026-10-08
OrdemServico	PARECER_TRIBUTARIO_3	Parecer Tributário	String	Memo	CPE_FINANCEIRO	PARECER_TRIBUTARIO_3	2000	Nao	producao	2026-10-08
OrdemServico	PENDENCIA	Pendência	String	TextBox	CPE_FINANCEIRO	PENDENCIA		Nao	producao	2026-10-08
OrdemServico	PRAZO_CONTRATACAO_QUALIF	Prazo da Contratação - Qualificação Financeira	String	TextBox	CPE_FINANCEIRO	PRAZO_CONTRATACAO_QUALIF		Nao	producao	2026-10-08
OrdemServico	PRODUTO_FAT	Produto Faturado	String	TextBox	CPE_FINANCEIRO	PRODUTO_FAT		Nao	producao	2026-10-08
OrdemServico	RAZAO_SOCIAL_QUALIF	Razão Social - Qualificação Financeira	String	TextBox	CPE_FINANCEIRO	RAZAO_SOCIAL_QUALIF		Nao	producao	2026-10-08
OrdemServico	RAZAO_SOCIAL_RISCO	Razão Social - Risco Cliente	String	TextBox	CPE_FINANCEIRO	RAZAO_SOCIAL_RISCO		Nao	producao	2026-10-08
OrdemServico	RESULTADO_QUALIF	Resultado - Qualificação Financeira	String	DropDownList	CPE_FINANCEIRO	RESULTADO_QUALIF		Nao	producao	2026-10-08
OrdemServico	SALDO_TOTAL	Saldo Total	String	TextBox	CPE_FINANCEIRO	SALDO_TOTAL		Nao	producao	2026-10-08
OrdemServico	TESTEMUNHA_CEMAN	Testemunha	String	DropDownList	CPE_FINANCEIRO	TESTEMUNHA_CEMAN		Nao	producao	2026-10-08
OrdemServico	TESTEMUNHA_CEMAN1	TESTEMUNHA_CEMAN1	String	DropDownList	CPE_FINANCEIRO	TESTEMUNHA_CEMAN1		Nao	producao	2026-10-08
OrdemServico	UOR5	UOR	String	TextBox	CPE_FINANCEIRO	UOR5		Nao	producao	2026-10-08
OrdemServico	VALOR_QUALIF	Valor da Proposta - Qualificação Financeira	Decimal	TextBox	CPE_FINANCEIRO	VALOR_QUALIF		Nao	producao	2026-10-08
OrdemServico	VLFAT_FAT	Faturamento Total - R$	Decimal	TextBox	CPE_FINANCEIRO	VLFAT_FAT		Nao	producao	2026-10-08
OrdemServico	VLREBATE_FAT	Rebate, Glosa ou Multa Total - R$	Decimal	TextBox	CPE_FINANCEIRO	VLREBATE_FAT		Nao	producao	2026-10-08
OrdemServico	ALCADA	ALCADA	String	TextBox	CPE_HOMOLOGACAO	ALCADA		Nao	producao	2026-10-08
OrdemServico	BASE_TR	Base TR	String	DropDownList	CPE_HOMOLOGACAO	BASE_TR		Nao	producao	2026-10-08
OrdemServico	CATCNH	Categoria da CNH	String	DropDownList	CPE_HOMOLOGACAO	CATCNH		Nao	producao	2026-10-08
OrdemServico	CATCNH2	Categoria da CNH	String	DropDownList	CPE_HOMOLOGACAO	CATCNH2		Nao	producao	2026-10-08
OrdemServico	CAT_FAVORECIDO	CAT	String	DropDownList	CPE_HOMOLOGACAO	CAT_FAVORECIDO		Nao	producao	2026-10-08
OrdemServico	CLASSIFICACAO_RELACIONAMENTO_DOCS	Classificação do Relacionamento	String	DropDownList	CPE_HOMOLOGACAO	CLASSIFICACAO_RELACIONAMENTO_DOCS	900	Nao	producao	2026-10-08
OrdemServico	COMBOBOX10	Combo Box	String	DropDownList	CPE_HOMOLOGACAO	COMBOBOX10	900	Nao	producao	2026-10-08
OrdemServico	CUSTO_TOT_DESLOC	Custo total do deslocamento	Decimal	TextBox	CPE_HOMOLOGACAO	CUSTO_TOT_DESLOC		Nao	producao	2026-10-08
OrdemServico	DIAS	Dias	Integer	TextBox	CPE_HOMOLOGACAO	DIAS		Nao	producao	2026-10-08
OrdemServico	FQ415_066_ITEM31	FQ415-066 Item 3.1	String	DropDownList	CPE_HOMOLOGACAO	FQ415_066_ITEM31		Nao	producao	2026-10-08
OrdemServico	FQ415_066_ITEM32	FQ415-066 Item 3.2	String	DropDownList	CPE_HOMOLOGACAO	FQ415_066_ITEM32		Nao	producao	2026-10-08
OrdemServico	FQ415_066_ITEM321	FQ415-066 Item 3.2.1	String	DropDownList	CPE_HOMOLOGACAO	FQ415_066_ITEM321		Nao	producao	2026-10-08
OrdemServico	FQ415_066_ITEM322	FQ415-066 Item 3.2.2	String	DropDownList	CPE_HOMOLOGACAO	FQ415_066_ITEM322		Nao	producao	2026-10-08
OrdemServico	FQ415_066_ITEM33	FQ415-066 Item 3.3	String	DropDownList	CPE_HOMOLOGACAO	FQ415_066_ITEM33		Nao	producao	2026-10-08
OrdemServico	FQ415_066_ITEM331	FQ415-066 Item 3.3.1	String	DropDownList	CPE_HOMOLOGACAO	FQ415_066_ITEM331		Nao	producao	2026-10-08
OrdemServico	LABEL101	LABEL101	String	Label	CPE_HOMOLOGACAO	LABEL101	1300	Nao	producao	2026-10-08
OrdemServico	LABEL60	Label	String	Label	CPE_HOMOLOGACAO	LABEL60	1500	Nao	producao	2026-10-08
OrdemServico	LABEL61	Label 61	String	Label	CPE_HOMOLOGACAO	LABEL61	1500	Nao	producao	2026-10-08
OrdemServico	LABEL62	Label 62	String	Label	CPE_HOMOLOGACAO	LABEL62	1000	Nao	producao	2026-10-08
OrdemServico	LABEL63	Label 63	String	Label	CPE_HOMOLOGACAO	LABEL63	1000	Nao	producao	2026-10-08
OrdemServico	LABEL65	Label 65	String	Label	CPE_HOMOLOGACAO	LABEL65	1200	Nao	producao	2026-10-08
OrdemServico	LABEL66	Label 66	String	Label	CPE_HOMOLOGACAO	LABEL66	1200	Nao	producao	2026-10-08
OrdemServico	LABEL67	Label67	String	Label	CPE_HOMOLOGACAO	LABEL67	1500	Nao	producao	2026-10-08
OrdemServico	LABEL69	Label 69	String	Label	CPE_HOMOLOGACAO	LABEL69	1400	Nao	producao	2026-10-08
OrdemServico	LABEL70	Label 70	String	Label	CPE_HOMOLOGACAO	LABEL70	1200	Nao	producao	2026-10-08
OrdemServico	LABEL90	LABEL90	String	Label	CPE_HOMOLOGACAO	LABEL90	1300	Nao	producao	2026-10-08
OrdemServico	LABEL99	LABEL99	String	Label	CPE_HOMOLOGACAO	LABEL99	1300	Nao	producao	2026-10-08
OrdemServico	LOCAL DE ATUACAO	LOCAL DE ATUACAO	String	DropDownList	CPE_HOMOLOGACAO	LOCAL_DE_ATUACAO		Nao	producao	2026-10-08
OrdemServico	MODELO_TIPO	Modelo/Tipo	String	TextBox	CPE_HOMOLOGACAO	MODELO_TIPO		Nao	producao	2026-10-08
OrdemServico	NCNH	Número CNH	String	TextBox	CPE_HOMOLOGACAO	NCNH		Nao	producao	2026-10-08
OrdemServico	NCNH2	Número CNH	String	TextBox	CPE_HOMOLOGACAO	NCNH2		Nao	producao	2026-10-08
OrdemServico	NN_FORMACONTRATACAO	Forma de Contratação	String	DropDownList	CPE_HOMOLOGACAO	NN_FORMACONTRATACAO		Nao	producao	2026-10-08
OrdemServico	PRAZO_ADITAMENTO	Prazo	String	DropDownList	CPE_HOMOLOGACAO	PRAZO_ADITAMENTO		Nao	producao	2026-10-08
OrdemServico	SUPERVEIC	Superintendência	String	DropDownList	CPE_HOMOLOGACAO	SUPERVEIC		Nao	producao	2026-10-08
OrdemServico	TIPO_SOL	Tipo de Solicitação	String	DropDownList	CPE_HOMOLOGACAO	TIPO_SOL		Nao	producao	2026-10-08
OrdemServico	TIP_SOLDR	Tipo de Solicitação	String	DropDownList	CPE_HOMOLOGACAO	TIP_SOLDR		Nao	producao	2026-10-08
OrdemServico	VALIDCNH	Validade CNH	String	TextBox	CPE_HOMOLOGACAO	VALIDCNH		Nao	producao	2026-10-08
OrdemServico	VALIDCNH2	Validade CNH	String	TextBox	CPE_HOMOLOGACAO	VALIDCNH2		Nao	producao	2026-10-08
OrdemServico	COMBOBOX_LT	COMBOBOX Lista de Treinamento	String	DropDownList	CPE_MOVIMENTACAO_PESSOA	COMBOBOX_LT		Nao	producao	2026-10-08
OrdemServico	DATA_ASSINATURA_TERMO	Data de assinatura do termo	DateTime	DatePicker	CPE_MOVIMENTACAO_PESSOA	DATA_ASSINATURA_TERMO		Nao	producao	2026-10-08
OrdemServico	DATA_FIM_PREVIST	Data fim previsto	DateTime	DatePicker	CPE_MOVIMENTACAO_PESSOA	DATA_FIM_PREVIST		Nao	producao	2026-10-08
OrdemServico	DATA_INI_FERIAS	Data inicio previsto	DateTime	DatePicker	CPE_MOVIMENTACAO_PESSOA	DATA_INI_FERIAS		Nao	producao	2026-10-08
OrdemServico	DUR_PERIODO_TEXT	Dias período	String	TextBox	CPE_MOVIMENTACAO_PESSOA	DUR_PERIODO_TEXT	2	Nao	producao	2026-10-08
OrdemServico	HOSPEDA	Hospedagem/Pecúnia	String	DropDownList	CPE_MOVIMENTACAO_PESSOA	HOSPEDA		Nao	producao	2026-10-08
OrdemServico	LABEL_GRANDE	Label Grande	String	Label	CPE_MOVIMENTACAO_PESSOA	LABEL_GRANDE	2000	Nao	producao	2026-10-08
OrdemServico	LISTA_CRONOGRAMAS	Lista de Cronogramas	String	DropDownList	CPE_MOVIMENTACAO_PESSOA	LISTA_CRONOGRAMAS		Nao	producao	2026-10-08
OrdemServico	MP_DT_FIM_SUBST	Data Fim Substituição	DateTime	DatePicker	CPE_MOVIMENTACAO_PESSOA	MP_DT_FIM_SUBST		Nao	producao	2026-10-08
OrdemServico	MP_DT_INICIO_SUBST	Data Início Substituição	DateTime	DatePicker	CPE_MOVIMENTACAO_PESSOA	MP_DT_INICIO_SUBST		Nao	producao	2026-10-08
OrdemServico	MP_EST_CARGO	Cargo	String	TextBox	CPE_MOVIMENTACAO_PESSOA	MP_EST_CARGO		Nao	producao	2026-10-08
OrdemServico	MP_EST_DT_INICIO	Data Início do Contrato	DateTime	DatePicker	CPE_MOVIMENTACAO_PESSOA	MP_EST_DT_INICIO		Nao	producao	2026-10-08
OrdemServico	MP_EST_DT_VIGENCIA	Vigência	DateTime	DatePicker	CPE_MOVIMENTACAO_PESSOA	MP_EST_DT_VIGENCIA		Nao	producao	2026-10-08
OrdemServico	MP_EST_FAIXA	Faixa	String	TextBox	CPE_MOVIMENTACAO_PESSOA	MP_EST_FAIXA		Nao	producao	2026-10-08
OrdemServico	MP_EST_GESTOR_POSICAO	Reportar-se posição	String	TextBox	CPE_MOVIMENTACAO_PESSOA	MP_EST_GESTOR_POSICAO		Nao	producao	2026-10-08
OrdemServico	MP_EST_MATRICULA	Matrícula	String	TextBox	CPE_MOVIMENTACAO_PESSOA	MP_EST_MATRICULA		Nao	producao	2026-10-08
OrdemServico	MP_EST_NOME	Nome	String	TextBox	CPE_MOVIMENTACAO_PESSOA	MP_EST_NOME		Nao	producao	2026-10-08
OrdemServico	MP_EST_PLANO_SAL	Plano Salarial	String	TextBox	CPE_MOVIMENTACAO_PESSOA	MP_EST_PLANO_SAL		Nao	producao	2026-10-08
OrdemServico	MP_EST_SINDICATO	Sindicato	String	TextBox	CPE_MOVIMENTACAO_PESSOA	MP_EST_SINDICATO		Nao	producao	2026-10-08
OrdemServico	MP_EST_STEP	Step	Integer	TextBox	CPE_MOVIMENTACAO_PESSOA	MP_EST_STEP		Nao	producao	2026-10-08
OrdemServico	MP_FUNCIONARIO_SUBSTITUIDO	Funcionário a ser substituído	String	DropDownList	CPE_MOVIMENTACAO_PESSOA	MP_FUNCIONARIO_SUBSTITUIDO		Nao	producao	2026-10-08
OrdemServico	MP_FUNCIONARIO_SUBSTITUTO	Funcionário Substituto	String	DropDownList	CPE_MOVIMENTACAO_PESSOA	MP_FUNCIONARIO_SUBSTITUTO		Nao	producao	2026-10-08
OrdemServico	MP_MATRICULA_SUBSTITUIDO	Matrícula do Substituído	String	TextBox	CPE_MOVIMENTACAO_PESSOA	MP_MATRICULA_SUBSTITUIDO		Nao	producao	2026-10-08
OrdemServico	MP_MATRICULA_SUBSTITUTO	Matrícula do Substituto	String	TextBox	CPE_MOVIMENTACAO_PESSOA	MP_MATRICULA_SUBSTITUTO		Nao	producao	2026-10-08
OrdemServico	MP_MOTIVO_SUBST	Motivo da Substituição	String	DropDownList	CPE_MOVIMENTACAO_PESSOA	MP_MOTIVO_SUBST		Nao	producao	2026-10-08
OrdemServico	MP_NOME_SUBSTITUIDO	Nome do Substituído	String	TextBox	CPE_MOVIMENTACAO_PESSOA	MP_NOME_SUBSTITUIDO		Nao	producao	2026-10-08
OrdemServico	MP_NOME_SUBSTITUTO	Nome do Substituto	String	TextBox	CPE_MOVIMENTACAO_PESSOA	MP_NOME_SUBSTITUTO		Nao	producao	2026-10-08
OrdemServico	MP_OBSERVACAO	Observação	String	Memo	CPE_MOVIMENTACAO_PESSOA	MP_OBSERVACAO		Nao	producao	2026-10-08
OrdemServico	MP_TOTAL_DIAS_SUBST	Total de Dias	Integer	TextBox	CPE_MOVIMENTACAO_PESSOA	MP_TOTAL_DIAS_SUBST		Nao	producao	2026-10-08
OrdemServico	MP_USUARIO_REDE_SUBSTITUIDO	Usuário de rede Substiuído	String	TextBox	CPE_MOVIMENTACAO_PESSOA	MP_USUARIO_REDE_SUBSTITUIDO		Nao	producao	2026-10-08
OrdemServico	MP_USUARIO_REDE_SUBSTITUTO	Usuário de rede Substituto	String	TextBox	CPE_MOVIMENTACAO_PESSOA	MP_USUARIO_REDE_SUBSTITUTO		Nao	producao	2026-10-08
OrdemServico	QUAL_EMPRESA	Qual empresa?	String	DropDownList	CPE_MOVIMENTACAO_PESSOA	QUAL_EMPRESA		Nao	producao	2026-10-08
OrdemServico	TIPO_VEICULO	Tipo do Veículo	String	DropDownList	CPE_MOVIMENTACAO_PESSOA	TIPO_VEICULO		Nao	producao	2026-10-08
OrdemServico	VALOR_AUTORIZADO	Valor Autorizado	Decimal	TextBox	CPE_MOVIMENTACAO_PESSOA	VALOR_AUTORIZADO		Nao	producao	2026-10-08
OrdemServico	AJUSTE_REDACIONAL	Ajuste Redacional de Contratos	Boolean	CheckBox	CPE_NEGOCIOS	AJUSTE_REDACIONAL		Nao	producao	2026-10-08
OrdemServico	APLICACAO1	Aplicação	String	DropDownList	CPE_NEGOCIOS	APLICACAO1		Nao	producao	2026-10-08
OrdemServico	CANALDEVENDA1	Combo Box	String	DropDownList	CPE_NEGOCIOS	CANALDEVENDA1	900	Nao	producao	2026-10-08
OrdemServico	CONFIRMAR_CARREGAR_ARQUIVO	Carregar arquivo	Boolean	CheckBox	CPE_NEGOCIOS	CONFIRMAR_CARREGAR_ARQUIVO		Nao	producao	2026-10-08
OrdemServico	DE_ACORDO	De acordo	Boolean	CheckBox	CPE_NEGOCIOS	DE_ACORDO		Nao	producao	2026-10-08
OrdemServico	GESTOR_COLABORADOR	Gestor do Colaborador	String	DropDownList	CPE_NEGOCIOS	GESTOR_COLABORADOR		Nao	producao	2026-10-08
OrdemServico	INDIQUE_SERVICO_AVALIADO	Indique o subprocesso avaliado	String	DropDownList	CPE_NEGOCIOS	INDIQUE_SERVICO_AVALIADO		Nao	producao	2026-10-08
OrdemServico	INDIQUE_SERVICO_AVALIADO2	Indique o serviço avaliado	String	TextBox	CPE_NEGOCIOS	INDIQUE_SERVICO_AVALIADO2		Nao	producao	2026-10-08
OrdemServico	NN_AREA_RELACIONAMENTO	Area de Relacionamento BB	String	DropDownList	CPE_NEGOCIOS	NN_AREA_RELACIONAMENTO		Nao	producao	2026-10-08
OrdemServico	NN_BENEFICIO_FISCAL	Qual benefício fiscal?	String	TextBox	CPE_NEGOCIOS	NN_BENEFICIO_FISCAL		Nao	producao	2026-10-08
OrdemServico	NN_CANCELA	Cancela chamado?	String	DropDownList	CPE_NEGOCIOS	NN_CANCELA		Nao	producao	2026-10-08
OrdemServico	NN_DATAPICKER	Data picker NN	DateTime	DatePicker	CPE_NEGOCIOS	NN_DATAPICKER		Nao	producao	2026-10-08
OrdemServico	NN_DATAPICKER1	Data picker NN	DateTime	DatePicker	CPE_NEGOCIOS	NN_DATAPICKER1		Nao	producao	2026-10-08
OrdemServico	NN_ETAPA	% da Etapa	String	DropDownList	CPE_NEGOCIOS	NN_ETAPA		Nao	producao	2026-10-08
OrdemServico	NN_FAIXA	Faixa estimada de faturamento	String	DropDownList	CPE_NEGOCIOS	NN_FAIXA		Nao	producao	2026-10-08
OrdemServico	NN_FORMA_PAGAMENTO	Forma de pagamento	String	DropDownList	CPE_NEGOCIOS	NN_FORMA_PAGAMENTO		Nao	producao	2026-10-08
OrdemServico	NN_LINHA_NEGOCIO	Linha de Negócio	String	DropDownList	CPE_NEGOCIOS	NN_LINHA_NEGOCIO		Nao	producao	2026-10-08
OrdemServico	NN_LOCAL	Local	String	TextBox	CPE_NEGOCIOS	NN_LOCAL		Nao	producao	2026-10-08
OrdemServico	NN_LOCAL_FATURAMENTO	Local de Faturamento	String	TextBox	CPE_NEGOCIOS	NN_LOCAL_FATURAMENTO		Nao	producao	2026-10-08
OrdemServico	NN_MOTIVO_CANCELAMENTO	Motivo do cancelamento(após a seleção de um motivo, o chamado será cancelado automaticamente)	String	DropDownList	CPE_NEGOCIOS	NN_MOTIVO_CANCELAMENTO		Nao	producao	2026-10-08
OrdemServico	NN_NUMERO_NDA	Número NDA	String	TextBox	CPE_NEGOCIOS	NN_NUMERO_NDA		Nao	producao	2026-10-08
OrdemServico	NN_OBS	Observação	String	Memo	CPE_NEGOCIOS	NN_OBS	2000	Nao	producao	2026-10-08
OrdemServico	NN_PAIS	País	String	TextBox	CPE_NEGOCIOS	NN_PAIS		Nao	producao	2026-10-08
OrdemServico	NN_POC	Teve POC	String	DropDownList	CPE_NEGOCIOS	NN_POC		Nao	producao	2026-10-08
OrdemServico	NN_PORTFOLIO	Portfólio de soluções do provedor	String	Memo	CPE_NEGOCIOS	NN_PORTFOLIO	2000	Nao	producao	2026-10-08
OrdemServico	NN_PRAZO_ESTIMADO	Prazo estimado do contrato	String	DropDownList	CPE_NEGOCIOS	NN_PRAZO_ESTIMADO		Nao	producao	2026-10-08
OrdemServico	NN_PRODUTO	Produto	String	DropDownList	CPE_NEGOCIOS	NN_PRODUTO		Nao	producao	2026-10-08
OrdemServico	NN_PRODUTO_EXISTENTE	Produtu existente?	String	DropDownList	CPE_NEGOCIOS	NN_PRODUTO_EXISTENTE		Nao	producao	2026-10-08
OrdemServico	NN_SEGMENTO	Segmento de Mercado	String	DropDownList	CPE_NEGOCIOS	NN_SEGMENTO		Nao	producao	2026-10-08
OrdemServico	NN_SIM_NAO	O orçamento enviado pelo fornecedor contempla todos os tributos?	String	DropDownList	CPE_NEGOCIOS	NN_SIM_NAO		Nao	producao	2026-10-08
OrdemServico	NN_STATUS_PROJETO	Status projeto	String	DropDownList	CPE_NEGOCIOS	NN_STATUS_PROJETO		Nao	producao	2026-10-08
OrdemServico	NN_TIPO_CLI	Tipo de cliente	String	DropDownList	CPE_NEGOCIOS	NN_TIPO_CLI		Nao	producao	2026-10-08
OrdemServico	NN_TIPO_CLIENTE	Tipo de Cliente	String	DropDownList	CPE_NEGOCIOS	NN_TIPO_CLIENTE		Nao	producao	2026-10-08
OrdemServico	N_GERENTE_DO_NEGOCIO	Gerência do Negócio	String	TextBox	CPE_NEGOCIOS	N_GERENTE_DO_NEGOCIO		Nao	producao	2026-10-08
OrdemServico	N_GESTOR_NEGOCIO	Gestor Executivo do Negócio	String	TextBox	CPE_NEGOCIOS	N_GESTOR_NEGOCIO		Nao	producao	2026-10-08
OrdemServico	N_GESTOR_PRODUTO	Gestor do Produto	String	DropDownList	CPE_NEGOCIOS	N_GESTOR_PRODUTO		Nao	producao	2026-10-08
OrdemServico	PORCENTAGEM_AMOSTRA	Porcentagem(%) da amostra verificada	String	TextBox	CPE_NEGOCIOS	PORCENTAGEM_AMOSTRA		Nao	producao	2026-10-08
OrdemServico	PREVISTA	Adição/Supressão prevista em Lei	Boolean	CheckBox	CPE_NEGOCIOS	PREVISTA		Nao	producao	2026-10-08
OrdemServico	PROCESSO_MINUTA	Processo Análise da Minuta	String	TextBox	CPE_NEGOCIOS	PROCESSO_MINUTA		Nao	producao	2026-10-08
OrdemServico	PROCESSO_PRECIF	Nº do processo precificação	String	TextBox	CPE_NEGOCIOS	PROCESSO_PRECIF		Nao	producao	2026-10-08
OrdemServico	PRORROGA	Prorrogação de Contratos	Boolean	CheckBox	CPE_NEGOCIOS	PRORROGA		Nao	producao	2026-10-08
OrdemServico	RAZAO_SOCIAL_CLIENTE	Razão Social do Cliente	String	TextBox	CPE_NEGOCIOS	RAZAO_SOCIAL_CLIENTE		Nao	producao	2026-10-08
OrdemServico	REAJUSTE	Reajuste de Contratos	Boolean	CheckBox	CPE_NEGOCIOS	REAJUSTE		Nao	producao	2026-10-08
OrdemServico	RENOVA	Renovação de Contratos	Boolean	CheckBox	CPE_NEGOCIOS	RENOVA		Nao	producao	2026-10-08
OrdemServico	REPACTUA	Repactuação de Contratos	Boolean	CheckBox	CPE_NEGOCIOS	REPACTUA		Nao	producao	2026-10-08
OrdemServico	REVISAO	Revisão de Contratos	Boolean	CheckBox	CPE_NEGOCIOS	REVISAO		Nao	producao	2026-10-08
OrdemServico	SELECIONE_SERVICO	Seleção de Serviço	String	DropDownList	CPE_NEGOCIOS	SELECIONE_SERVICO		Nao	producao	2026-10-08
OrdemServico	TOTAL_DE_OS	Total de OS no período	String	TextBox	CPE_NEGOCIOS	TOTAL_DE_OS		Nao	producao	2026-10-08
OrdemServico	TOTAL_OS_VERIFICADAS	Total de OS verificadas	String	TextBox	CPE_NEGOCIOS	TOTAL_OS_VERIFICADAS		Nao	producao	2026-10-08
OrdemServico	AREA_SOLICITANTE	Área do Solicitante	String	DropDownList	CPE_ORDEM_SERVICO	AREA_SOLICITANTE		Nao	producao	2026-10-08
OrdemServico	BUSCA_COLABORADOR	Colaborador	String	DropDownList	CPE_ORDEM_SERVICO	BUSCA_COLABORADOR		Nao	producao	2026-10-08
OrdemServico	CAMINHO_SUBPROCESSO	Caminho do Subprocesso	String	Memo	CPE_ORDEM_SERVICO	CAMINHO_SUBPROCESSO		Nao	producao	2026-10-08
OrdemServico	CAMPOS	Campos	String	Memo	CPE_ORDEM_SERVICO	CAMPOS		Nao	producao	2026-10-08
OrdemServico	CARGO_MOVIM	Cargo	String	DropDownList	CPE_ORDEM_SERVICO	CARGO_MOVIM		Nao	producao	2026-10-08
OrdemServico	CLASSIFICACAO_PRELIMINAR	Classificação preliminar	String	DropDownList	CPE_ORDEM_SERVICO	CLASSIFICACAO_PRELIMINAR		Nao	producao	2026-10-08
OrdemServico	CLIENTE	Cliente	String	DropDownList	CPE_ORDEM_SERVICO	CLIENTE		Nao	producao	2026-10-08
OrdemServico	CODIGO	Código	String	Memo	CPE_ORDEM_SERVICO	CODIGO	2000	Nao	producao	2026-10-08
OrdemServico	DERIC	Alçada Deric	Boolean	CheckBox	CPE_ORDEM_SERVICO	DERIC		Nao	producao	2026-10-08
OrdemServico	DT_APROV_DIV	Data de Aprovação da Gediv	DateTime	DateTimePicker	CPE_ORDEM_SERVICO	DT_APROV_DIV		Nao	producao	2026-10-08
OrdemServico	ERP	Acesso ERP	Boolean	CheckBox	CPE_ORDEM_SERVICO	ERP		Nao	producao	2026-10-08
OrdemServico	ESPECIFICACAO_DECLARACAO	Especificacao  Declaracao	String	TextBox	CPE_ORDEM_SERVICO	ESPECIFICACAO_DECLARACAO		Nao	producao	2026-10-08
OrdemServico	ESTACESS	Estabelecimento de Acesso	String	TextBox	CPE_ORDEM_SERVICO	ESTACESS		Nao	producao	2026-10-08
OrdemServico	ESTASERV	Estab do Serviço	String	DropDownList	CPE_ORDEM_SERVICO	ESTASERV		Nao	producao	2026-10-08
OrdemServico	FORBEM	Forma de Substituição do Bem	String	DropDownList	CPE_ORDEM_SERVICO	FORBEM	100	Nao	producao	2026-10-08
OrdemServico	FORMABEM	Forma de Substituição do Bem	String	DropDownList	CPE_ORDEM_SERVICO	FORMABEM	300	Nao	producao	2026-10-08
OrdemServico	GEDIV	Alçada Gediv	Boolean	CheckBox	CPE_ORDEM_SERVICO	GEDIV		Nao	producao	2026-10-08
OrdemServico	GER_DIV_RESPONSA	Gerência Divisão Responsável	String	DropDownList	CPE_ORDEM_SERVICO	GER_DIV_RESPONSA		Nao	producao	2026-10-08
OrdemServico	ID_CATEGORIA	Categoria	Integer	TextBox	CPE_ORDEM_SERVICO	ID_CATEGORIA		Nao	producao	2026-10-08
OrdemServico	LABEL5	Texto Informativo	String	Label	CPE_ORDEM_SERVICO	LABEL5	1024	Nao	producao	2026-10-08
OrdemServico	MAKE_BUY	Make or buy	String	DropDownList	CPE_ORDEM_SERVICO	MAKE_BUY		Nao	producao	2026-10-08
OrdemServico	MOTIVO_DERIC	Motivo	String	Memo	CPE_ORDEM_SERVICO	MOTIVO_DERIC	2000	Nao	producao	2026-10-08
OrdemServico	MOTIVO_GEDIV	Motivo	String	Memo	CPE_ORDEM_SERVICO	MOTIVO_GEDIV		Nao	producao	2026-10-08
OrdemServico	NACIONALIDADE	Nacionalidade	String	TextBox	CPE_ORDEM_SERVICO	NACIONALIDADE		Nao	producao	2026-10-08
OrdemServico	NATUREZA_COJUR	Natureza	String	DropDownList	CPE_ORDEM_SERVICO	NATUREZA_COJUR		Nao	producao	2026-10-08
OrdemServico	ORIGEM_AUDITORIA	Origem da Auditoria	String	DropDownList	CPE_ORDEM_SERVICO	ORIGEM_AUDITORIA		Nao	producao	2026-10-08
OrdemServico	OUTROS	Acesso Outros Sistemas	Boolean	CheckBox	CPE_ORDEM_SERVICO	OUTROS		Nao	producao	2026-10-08
OrdemServico	PEC_CAR_FUN	Cargo e exercício de função gratificada	String	DropDownList	CPE_ORDEM_SERVICO	PEC_CAR_FUN		Nao	producao	2026-10-08
OrdemServico	PEC_DATA_DIVULGA_APROVA	Divulgação Aprovados PEC	DateTime	DatePicker	CPE_ORDEM_SERVICO	PEC_DATA_DIVULGA_APROVA		Nao	producao	2026-10-08
OrdemServico	PEC_EDITAL_ID	Id Edital	String	TextBox	CPE_ORDEM_SERVICO	PEC_EDITAL_ID		Nao	producao	2026-10-08
OrdemServico	PEOPLE_AFT	People AFT	Boolean	CheckBox	CPE_ORDEM_SERVICO	PEOPLE_AFT		Nao	producao	2026-10-08
OrdemServico	PEOPLE_AFT_APROV	People AFT	Boolean	CheckBox	CPE_ORDEM_SERVICO	PEOPLE_AFT_APROV		Nao	producao	2026-10-08
OrdemServico	PEOPLE_ESTABELECIMENTOS	People Estabelecimentos	Boolean	CheckBox	CPE_ORDEM_SERVICO	PEOPLE_ESTABELECIMENTOS		Nao	producao	2026-10-08
OrdemServico	PEOPLE_ESTABELECIMENTOS_APROV	People Estabelecimentos	Boolean	CheckBox	CPE_ORDEM_SERVICO	PEOPLE_ESTABELECIMENTOS_APROV		Nao	producao	2026-10-08
OrdemServico	PEOPLE_FOLHA	People Folha e Benefício	Boolean	CheckBox	CPE_ORDEM_SERVICO	PEOPLE_FOLHA		Nao	producao	2026-10-08
OrdemServico	PEOPLE_FOLHA_APROV	People Folha e Benefício	Boolean	CheckBox	CPE_ORDEM_SERVICO	PEOPLE_FOLHA_APROV		Nao	producao	2026-10-08
OrdemServico	PERFIL_ANA	Perfil	String	DropDownList	CPE_ORDEM_SERVICO	PERFIL_ANA		Nao	producao	2026-10-08
OrdemServico	PERFIL_TEC	Perfil	String	DropDownList	CPE_ORDEM_SERVICO	PERFIL_TEC		Nao	producao	2026-10-08
OrdemServico	PRAZO1	Prazo	Boolean	CheckBox	CPE_ORDEM_SERVICO	PRAZO1		Nao	producao	2026-10-08
OrdemServico	QUADRANTE_PRIORIDADE	Quadrante Prioridade	String	TextBox	CPE_ORDEM_SERVICO	QUADRANTE_PRIORIDADE		Nao	producao	2026-10-08
OrdemServico	RECURSO_CGU	Recurso à CGU	String	Memo	CPE_ORDEM_SERVICO	RECURSO_CGU	2000	Nao	producao	2026-10-08
OrdemServico	RESPONSA_APROV_GEDIV	Nome do responsável pela aprovação da divisão	String	TextBox	CPE_ORDEM_SERVICO	RESPONSA_APROV_GEDIV		Nao	producao	2026-10-08
OrdemServico	RESULTADO_ANALISE	Resultado da análise	String	DropDownList	CPE_ORDEM_SERVICO	RESULTADO_ANALISE		Nao	producao	2026-10-08
OrdemServico	SIC_CLASSIFICACAO_RESPOSTA	Classificação da Resposta	String	DropDownList	CPE_ORDEM_SERVICO	SIC_CLASSIFICACAO_RESPOSTA		Nao	producao	2026-10-08
OrdemServico	SIC_ORGAO_CGU	Área Responsável pela resposta à CGU	String	TextBox	CPE_ORDEM_SERVICO	SIC_ORGAO_CGU		Nao	producao	2026-10-08
OrdemServico	SIM_NAO_INFRA	Confirma envolvimento de sua área?	String	DropDownList	CPE_ORDEM_SERVICO	SIM_NAO_INFRA		Nao	producao	2026-10-08
OrdemServico	SIM_NAO_PROC	Confirma envolvimento de sua área?	String	DropDownList	CPE_ORDEM_SERVICO	SIM_NAO_PROC		Nao	producao	2026-10-08
OrdemServico	SIM_NAO_SW	Confirma envolvimento de sua área?	String	DropDownList	CPE_ORDEM_SERVICO	SIM_NAO_SW		Nao	producao	2026-10-08
OrdemServico	SISLOC_PAGAR	SISLOC A PAGAR?	String	DropDownList	CPE_ORDEM_SERVICO	SISLOC_PAGAR		Nao	producao	2026-10-08
OrdemServico	SUBPROCESSO_ATIVO	Subprocesso	String	TextBox	CPE_ORDEM_SERVICO	SUBPROCESSO_ATIVO		Nao	producao	2026-10-08
OrdemServico	TIPO_DEMANDA	Tipo de Demanda	String	DropDownList	CPE_ORDEM_SERVICO	TIPO_DEMANDA		Nao	producao	2026-10-08
OrdemServico	TIPO_DOCUMENTO_CI	Tipo de documento	String	DropDownList	CPE_ORDEM_SERVICO	TIPO_DOCUMENTO_CI		Nao	producao	2026-10-08
OrdemServico	TIPO_DOCUMENTO_DGOV1	Tipo de documento	String	DropDownList	CPE_ORDEM_SERVICO	TIPO_DOCUMENTO_DGOV1		Nao	producao	2026-10-08
OrdemServico	TIPO_PROCESSO_DISCIPLINAR	Tipo de processo disciplinar	String	DropDownList	CPE_ORDEM_SERVICO	TIPO_PROCESSO_DISCIPLINAR		Nao	producao	2026-10-08
OrdemServico	UF_ESTAB	UF_Estabelecimento	String	TextBox	CPE_ORDEM_SERVICO	UF_ESTAB		Nao	producao	2026-10-08
OrdemServico	USUARIO_PADRAO	Usuário Padrão	Boolean	CheckBox	CPE_ORDEM_SERVICO	USUARIO_PADRAO		Nao	producao	2026-10-08
OrdemServico	VALOR_TOTAL_REFEICAO	Valor total previsto para refeições: R$	String	TextBox	CPE_ORDEM_SERVICO	VALOR_TOTAL_REFEICAO		Nao	producao	2026-10-08
OrdemServico	VALOR_TOTAL_REFEICAO_GERED	Valor total previsto para refeições: R$	String	TextBox	CPE_ORDEM_SERVICO	VALOR_TOTAL_REFEICAO_GERED		Nao	producao	2026-10-08
OrdemServico	VPN	Acesso VPN	Boolean	CheckBox	CPE_ORDEM_SERVICO	VPN		Nao	producao	2026-10-08
OrdemServico	WIFI	Acesso Wi-fi	Boolean	CheckBox	CPE_ORDEM_SERVICO	WIFI		Nao	producao	2026-10-08
OrdemServico	OINT_ANALISE_GERIC	Análise preliminar Geric	String	Memo	CPE_OUVINT	OINT_ANALISE_GERIC	2000	Nao	producao	2026-10-08
OrdemServico	OINT_ANALISE_OUV	Análise preliminar Ouvidoria	String	Memo	CPE_OUVINT	OINT_ANALISE_OUV	2000	Nao	producao	2026-10-08
OrdemServico	OINT_ASSUNTO	Assunto	String	DropDownList	CPE_OUVINT	OINT_ASSUNTO	2000	Nao	producao	2026-10-08
OrdemServico	OINT_ASSUNTO_OUTROS	Outros Assuntos	String	Memo	CPE_OUVINT	OINT_ASSUNTO_OUTROS	2000	Nao	producao	2026-10-08
OrdemServico	OINT_ASSUNTO_OUV	Assunto	String	Memo	CPE_OUVINT	OINT_ASSUNTO_OUV	2000	Nao	producao	2026-10-08
OrdemServico	OINT_COMENTARIO_AJUSTES	Comentário para ajustes	String	Memo	CPE_OUVINT	OINT_COMENTARIO_AJUSTES	2000	Nao	producao	2026-10-08
OrdemServico	OINT_COMPLEMENTO	Necessita Complemento	String	DropDownList	CPE_OUVINT	OINT_COMPLEMENTO		Nao	producao	2026-10-08
OrdemServico	OINT_COMUNICADO	Comunicado personalizado	String	Memo	CPE_OUVINT	OINT_COMUNICADO	2000	Nao	producao	2026-10-08
OrdemServico	OINT_COMUNICADO1	Comunicado personalizado	String	Memo	CPE_OUVINT	OINT_COMUNICADO1	2000	Nao	producao	2026-10-08
OrdemServico	OINT_CONCLUSAO_GERIC	Conclusão da análise Geric	String	Memo	CPE_OUVINT	OINT_CONCLUSAO_GERIC	2000	Nao	producao	2026-10-08
OrdemServico	OINT_CONCLUSAO_OUV	Conclusão da análise Ouvidoria	String	Memo	CPE_OUVINT	OINT_CONCLUSAO_OUV	2000	Nao	producao	2026-10-08
OrdemServico	OINT_CONTATO_PREVIO	Contato Prévio	String	Memo	CPE_OUVINT	OINT_CONTATO_PREVIO	2000	Nao	producao	2026-10-08
OrdemServico	OINT_CONTATO_PREVIO_OUV	Contato Prévio	String	Memo	CPE_OUVINT	OINT_CONTATO_PREVIO_OUV	2000	Nao	producao	2026-10-08
OrdemServico	OINT_ENVOLVIDO	Tem conhecimento se há Diretor, Supervisor ou Gerente da BBTS ENVOLVIDO no fato relatado?	String	DropDownList	CPE_OUVINT	OINT_ENVOLVIDO		Nao	producao	2026-10-08
OrdemServico	OINT_ENVOLVIDOS	Pessoas Envolvidas	String	Memo	CPE_OUVINT	OINT_ENVOLVIDOS	2000	Nao	producao	2026-10-08
OrdemServico	OINT_E_MAIL	E-mail	String	TextBox	CPE_OUVINT	OINT_E_MAIL		Nao	producao	2026-10-08
OrdemServico	OINT_FUNCIONARIO_UOR	FUNCIONARIO_UOR	String	DropDownList	CPE_OUVINT	OINT_FUNCIONARIO_UOR		Nao	producao	2026-10-08
OrdemServico	OINT_GATEWAY	Saída do Gateway	String	TextBox	CPE_OUVINT	OINT_GATEWAY		Nao	producao	2026-10-08
OrdemServico	OINT_GESTOR_UOR	Gestor da UOR	String	TextBox	CPE_OUVINT	OINT_GESTOR_UOR		Nao	producao	2026-10-08
OrdemServico	OINT_INFO_COMPLEMENTAR	Informações Complementares	String	Memo	CPE_OUVINT	OINT_INFO_COMPLEMENTAR	2000	Nao	producao	2026-10-08
OrdemServico	OINT_LABEL	Label	String	Label	CPE_OUVINT	OINT_LABEL		Nao	producao	2026-10-08
OrdemServico	OINT_LOCAL	Indique a localidade / gerência onde ocorreu o fato	String	Memo	CPE_OUVINT	OINT_LOCAL	2000	Nao	producao	2026-10-08
OrdemServico	OINT_MANIFESTACAO	Manifestação (máximo 2000 caracteres)	String	Memo	CPE_OUVINT	OINT_MANIFESTACAO	2000	Nao	producao	2026-10-08
OrdemServico	OINT_MANIFESTACAO_OUV	Manifestação	String	Memo	CPE_OUVINT	OINT_MANIFESTACAO_OUV	2000	Nao	producao	2026-10-08
OrdemServico	OINT_MANIFESTACAO_PRORROGADA	Manifestação Prorrogada	String	DropDownList	CPE_OUVINT	OINT_MANIFESTACAO_PRORROGADA		Nao	producao	2026-10-08
OrdemServico	OINT_NOME	Nome	String	TextBox	CPE_OUVINT	OINT_NOME		Nao	producao	2026-10-08
OrdemServico	OINT_POSICAO_GERIC	Posicionamento da Geric	String	DropDownList	CPE_OUVINT	OINT_POSICAO_GERIC		Nao	producao	2026-10-08
OrdemServico	OINT_POSICAO_OUV	Posicionamento da ouvidoria	String	DropDownList	CPE_OUVINT	OINT_POSICAO_OUV		Nao	producao	2026-10-08
OrdemServico	OINT_PRAZO_COMPLEMENTAR	Prazo para resposta	DateTime	DatePicker	CPE_OUVINT	OINT_PRAZO_COMPLEMENTAR		Nao	producao	2026-10-08
OrdemServico	OINT_PRAZO_RESPOSTA	Prazo para resposta	DateTime	DatePicker	CPE_OUVINT	OINT_PRAZO_RESPOSTA		Nao	producao	2026-10-08
OrdemServico	OINT_PRAZO_RESPOSTA_OUV	Prazo para resposta	DateTime	DatePicker	CPE_OUVINT	OINT_PRAZO_RESPOSTA_OUV		Nao	producao	2026-10-08
OrdemServico	OINT_PROTOCOLO	Protocolo gerado pelo site	String	TextBox	CPE_OUVINT	OINT_PROTOCOLO	20	Nao	producao	2026-10-08
OrdemServico	OINT_QUANDO	Quando ocorreu o fato? Informe também se continua ocorrendo	String	Memo	CPE_OUVINT	OINT_QUANDO	2000	Nao	producao	2026-10-08
OrdemServico	OINT_RESPOSTA	Resposta à Ouvidoria	String	Memo	CPE_OUVINT	OINT_RESPOSTA	2000	Nao	producao	2026-10-08
OrdemServico	OINT_SIGILO	Solicita Sigilo?	String	DropDownList	CPE_OUVINT	OINT_SIGILO		Nao	producao	2026-10-08
OrdemServico	OINT_SOBRE	Sobre o fato denunciado, você tem	String	DropDownList	CPE_OUVINT	OINT_SOBRE		Nao	producao	2026-10-08
OrdemServico	OINT_TELEFONE	Telefone	String	TextBox	CPE_OUVINT	OINT_TELEFONE		Nao	producao	2026-10-08
OrdemServico	OINT_TESTEMUNHAS	Existem testemunhas? Em caso positivo, indique-as (Nome; Cargo; Contato)	String	Memo	CPE_OUVINT	OINT_TESTEMUNHAS	2000	Nao	producao	2026-10-08
OrdemServico	OINT_TIPO_DENUNCIA	Tipo de Denúncia	String	DropDownList	CPE_OUVINT	OINT_TIPO_DENUNCIA		Nao	producao	2026-10-08
OrdemServico	OINT_TIPO_MANIF	Tipo de Manifestação	String	DropDownList	CPE_OUVINT	OINT_TIPO_MANIF	100	Nao	producao	2026-10-08
OrdemServico	OINT_UOR	UOR	Integer	DropDownList	CPE_OUVINT	OINT_UOR		Nao	producao	2026-10-08
OrdemServico	AJUSTE_LIMITE	Ajuste Limite	String	TextBox	CPE_PDCI2019	AJUSTE_LIMITE		Nao	producao	2026-10-08
OrdemServico	AVISO_PREVIO	Aviso Prévio	String	TextBox	CPE_PDCI2019	AVISO_PREVIO		Nao	producao	2026-10-08
OrdemServico	AVISO_PREVIO_PDCI	Aviso Prévio	String	TextBox	CPE_PDCI2019	AVISO_PREVIO_PDCI		Nao	producao	2026-10-08
OrdemServico	CARGO_PDCI	Cargo	String	TextBox	CPE_PDCI2019	CARGO_PDCI		Nao	producao	2026-10-08
OrdemServico	CHECK_LISTA_CONFIRMADA	A lista de classificação está definida e pronta para avançar a atividade.	Boolean	CheckBox	CPE_PDCI2019	CHECK_LISTA_CONFIRMADA		Nao	producao	2026-10-08
OrdemServico	CHECK_LISTA_EXCEDENTE	A lista de excedendes está definida e os chamdos serão encerrados.	Boolean	CheckBox	CPE_PDCI2019	CHECK_LISTA_EXCEDENTE		Nao	producao	2026-10-08
OrdemServico	DATA_ADMISSAO_PDCI	Data de Admissão	String	TextBox	CPE_PDCI2019	DATA_ADMISSAO_PDCI		Nao	producao	2026-10-08
OrdemServico	DATA_NASCIMENTO_PDCI	Data de Nascimento	String	TextBox	CPE_PDCI2019	DATA_NASCIMENTO_PDCI		Nao	producao	2026-10-08
OrdemServico	DIAS_AVISO_PREVIO	Dias Aviso Prévio	String	TextBox	CPE_PDCI2019	DIAS_AVISO_PREVIO		Nao	producao	2026-10-08
OrdemServico	FERIAS	Férias	String	TextBox	CPE_PDCI2019	FERIAS		Nao	producao	2026-10-08
OrdemServico	FUNCAO_PDCI	Função	String	TextBox	CPE_PDCI2019	FUNCAO_PDCI		Nao	producao	2026-10-08
OrdemServico	IDADE	Idade	String	TextBox	CPE_PDCI2019	IDADE		Nao	producao	2026-10-08
OrdemServico	INDENIZACAO_PECUNIARIA	Indenização Pecuniária	String	TextBox	CPE_PDCI2019	INDENIZACAO_PECUNIARIA		Nao	producao	2026-10-08
OrdemServico	LABEL10	LABEL10	String	Label	CPE_PDCI2019	LABEL10	800	Nao	producao	2026-10-08
OrdemServico	LABEL11	LABEL11	String	Label	CPE_PDCI2019	LABEL11	2000	Nao	producao	2026-10-08
OrdemServico	LABEL12	LABEL12	String	Label	CPE_PDCI2019	LABEL12	2000	Nao	producao	2026-10-08
OrdemServico	LABEL13	LABEL13	String	Label	CPE_PDCI2019	LABEL13		Nao	producao	2026-10-08
OrdemServico	LABEL14	LABEL14	String	Label	CPE_PDCI2019	LABEL14	1200	Nao	producao	2026-10-08
OrdemServico	LABEL15	LABEL15	String	Label	CPE_PDCI2019	LABEL15		Nao	producao	2026-10-08
OrdemServico	LABEL150	LABEL150	String	Label	CPE_PDCI2019	LABEL150	1500	Nao	producao	2026-10-08
OrdemServico	LABEL16	LABEL16	String	Label	CPE_PDCI2019	LABEL16		Nao	producao	2026-10-08
OrdemServico	LABEL17	LABEL17	String	Label	CPE_PDCI2019	LABEL17	700	Nao	producao	2026-10-08
OrdemServico	LABEL19	LABEL19	String	Label	CPE_PDCI2019	LABEL19		Nao	producao	2026-10-08
OrdemServico	LABEL20	LABEL20	String	Label	CPE_PDCI2019	LABEL20	500	Nao	producao	2026-10-08
OrdemServico	LABEL21	LABEL21	String	Label	CPE_PDCI2019	LABEL21	500	Nao	producao	2026-10-08
OrdemServico	LABEL22	LABEL22	String	Label	CPE_PDCI2019	LABEL22	1000	Nao	producao	2026-10-08
OrdemServico	LABEL23	LABEL23	String	Label	CPE_PDCI2019	LABEL23	500	Nao	producao	2026-10-08
OrdemServico	LABEL24	LABEL24	String	Label	CPE_PDCI2019	LABEL24	500	Nao	producao	2026-10-08
OrdemServico	LABEL25	LABEL25	String	Label	CPE_PDCI2019	LABEL25	500	Nao	producao	2026-10-08
OrdemServico	LABEL26	LABEL26	String	Label	CPE_PDCI2019	LABEL26	400	Nao	producao	2026-10-08
OrdemServico	LABEL27	LABEL27	String	Label	CPE_PDCI2019	LABEL27	500	Nao	producao	2026-10-08
OrdemServico	LABEL28	LABEL28	String	Label	CPE_PDCI2019	LABEL28	500	Nao	producao	2026-10-08
OrdemServico	LABEL29	LABEL29	String	Label	CPE_PDCI2019	LABEL29	500	Nao	producao	2026-10-08
OrdemServico	LABEL30	LABEL30	String	Label	CPE_PDCI2019	LABEL30	500	Nao	producao	2026-10-08
OrdemServico	LABEL31	LABEL31	String	Label	CPE_PDCI2019	LABEL31	500	Nao	producao	2026-10-08
OrdemServico	LABEL32	LABEL32	String	Label	CPE_PDCI2019	LABEL32	500	Nao	producao	2026-10-08
OrdemServico	LABEL33	LABEL33	String	Label	CPE_PDCI2019	LABEL33		Nao	producao	2026-10-08
OrdemServico	LABEL34	LABEL34	String	Label	CPE_PDCI2019	LABEL34		Nao	producao	2026-10-08
OrdemServico	LABEL35	LABEL35	String	Label	CPE_PDCI2019	LABEL35		Nao	producao	2026-10-08
OrdemServico	LABEL36	LABEL36	String	Label	CPE_PDCI2019	LABEL36		Nao	producao	2026-10-08
OrdemServico	LABEL37	LABEL37	String	Label	CPE_PDCI2019	LABEL37		Nao	producao	2026-10-08
OrdemServico	LABEL38	LABEL38	String	Label	CPE_PDCI2019	LABEL38		Nao	producao	2026-10-08
OrdemServico	LABEL39	LABEL39	String	Label	CPE_PDCI2019	LABEL39		Nao	producao	2026-10-08
OrdemServico	LABEL4	LABEL4	String	Label	CPE_PDCI2019	LABEL4	1024	Nao	producao	2026-10-08
OrdemServico	LABEL40	LABEL40	String	Label	CPE_PDCI2019	LABEL40		Nao	producao	2026-10-08
OrdemServico	LABEL41	LABEL41	String	Label	CPE_PDCI2019	LABEL41		Nao	producao	2026-10-08
OrdemServico	LABEL42	LABEL42	String	Label	CPE_PDCI2019	LABEL42		Nao	producao	2026-10-08
OrdemServico	LABEL43	LABEL43	String	Label	CPE_PDCI2019	LABEL43		Nao	producao	2026-10-08
OrdemServico	LABEL44	LABEL44	String	Label	CPE_PDCI2019	LABEL44		Nao	producao	2026-10-08
OrdemServico	LABEL45	LABEL45	String	Label	CPE_PDCI2019	LABEL45		Nao	producao	2026-10-08
OrdemServico	LABEL46	LABEL46	String	Label	CPE_PDCI2019	LABEL46		Nao	producao	2026-10-08
OrdemServico	LABEL47	LABEL47	String	Label	CPE_PDCI2019	LABEL47		Nao	producao	2026-10-08
OrdemServico	LABEL48	LABEL48	String	Label	CPE_PDCI2019	LABEL48		Nao	producao	2026-10-08
OrdemServico	LABEL49	LABEL49	String	Label	CPE_PDCI2019	LABEL49		Nao	producao	2026-10-08
OrdemServico	LABEL50	LABEL50	String	Label	CPE_PDCI2019	LABEL50	1000	Nao	producao	2026-10-08
OrdemServico	LABEL51	LABEL51	String	Label	CPE_PDCI2019	LABEL51	1000	Nao	producao	2026-10-08
OrdemServico	LABEL52	LABEL52	String	Label	CPE_PDCI2019	LABEL52		Nao	producao	2026-10-08
OrdemServico	LABEL53	LABEL53	String	Label	CPE_PDCI2019	LABEL53	1500	Nao	producao	2026-10-08
OrdemServico	LABEL54	LABEL54	String	Label	CPE_PDCI2019	LABEL54	1000	Nao	producao	2026-10-08
OrdemServico	LABEL6	LABEL6	String	Label	CPE_PDCI2019	LABEL6		Nao	producao	2026-10-08
OrdemServico	LABEL7	LABEL7	String	Label	CPE_PDCI2019	LABEL7		Nao	producao	2026-10-08
OrdemServico	LABEL8	LABEL8	String	Label	CPE_PDCI2019	LABEL8		Nao	producao	2026-10-08
OrdemServico	LABEL9	LABEL9	String	Label	CPE_PDCI2019	LABEL9		Nao	producao	2026-10-08
OrdemServico	LIMITE_INFERIOR	Limite Inferior	String	TextBox	CPE_PDCI2019	LIMITE_INFERIOR		Nao	producao	2026-10-08
OrdemServico	LIMITE_SALARIOS	Limite Salários	String	TextBox	CPE_PDCI2019	LIMITE_SALARIOS		Nao	producao	2026-10-08
OrdemServico	LIMITE_SUPERIOR	Limite Superior	String	TextBox	CPE_PDCI2019	LIMITE_SUPERIOR		Nao	producao	2026-10-08
OrdemServico	NOME_FAVORECIDO	Nome do Favorecido	String	DropDownList	CPE_PDCI2019	NOME_FAVORECIDO		Nao	producao	2026-10-08
OrdemServico	PDCI2019_NUMOS	Número do Chamado de Classificação	String	TextBox	CPE_PDCI2019	PDCI2019_NUMOS		Nao	producao	2026-10-08
OrdemServico	PLANO_BBTS_PREV	Plano BBTS Prev	String	TextBox	CPE_PDCI2019	PLANO_BBTS_PREV		Nao	producao	2026-10-08
OrdemServico	PLANO_SAUDE	Plano de Saúde	String	TextBox	CPE_PDCI2019	PLANO_SAUDE		Nao	producao	2026-10-08
OrdemServico	PRAZO_PLANO_SAUDE	Prazo Plano Saúde	String	TextBox	CPE_PDCI2019	PRAZO_PLANO_SAUDE		Nao	producao	2026-10-08
OrdemServico	PUBLICO_ALVO	Público Alvo	String	TextBox	CPE_PDCI2019	PUBLICO_ALVO		Nao	producao	2026-10-08
OrdemServico	QTD_ANO	Quantidade por Ano	String	TextBox	CPE_PDCI2019	QTD_ANO		Nao	producao	2026-10-08
OrdemServico	RECEBIMENTO_DIFERIDO	Recebimento Diferido	String	TextBox	CPE_PDCI2019	RECEBIMENTO_DIFERIDO		Nao	producao	2026-10-08
OrdemServico	RECEBIMENTO_IMEDIATO	Recebimento Imediato	String	TextBox	CPE_PDCI2019	RECEBIMENTO_IMEDIATO		Nao	producao	2026-10-08
OrdemServico	SAL13_RESCISAO	13 Salário	String	TextBox	CPE_PDCI2019	SAL13_RESCISAO		Nao	producao	2026-10-08
OrdemServico	SALARIO_RESCISAO	Salário de Rescisão	String	TextBox	CPE_PDCI2019	SALARIO_RESCISAO		Nao	producao	2026-10-08
OrdemServico	SALARIO_RESCISAO_PDCI	Salário de Rescisão	String	TextBox	CPE_PDCI2019	SALARIO_RESCISAO_PDCI		Nao	producao	2026-10-08
OrdemServico	SALDO_FGTS	Saldo FGTS	String	TextBox	CPE_PDCI2019	SALDO_FGTS		Nao	producao	2026-10-08
OrdemServico	SALDO_FGTS_PDCI	Saldo FGTS	String	TextBox	CPE_PDCI2019	SALDO_FGTS_PDCI		Nao	producao	2026-10-08
OrdemServico	SUB_TOTAL_A	Sub Total A	String	TextBox	CPE_PDCI2019	SUB_TOTAL_A		Nao	producao	2026-10-08
OrdemServico	SUB_TOTAL_B	Sub Total B	String	TextBox	CPE_PDCI2019	SUB_TOTAL_B		Nao	producao	2026-10-08
OrdemServico	SUB_TOTAL_C	Sub total C	String	TextBox	CPE_PDCI2019	SUB_TOTAL_C		Nao	producao	2026-10-08
OrdemServico	SUB_TOTAL_D	Sub total D	String	TextBox	CPE_PDCI2019	SUB_TOTAL_D		Nao	producao	2026-10-08
OrdemServico	TEMPO_EMPRESA	Tempo de Empresa	String	TextBox	CPE_PDCI2019	TEMPO_EMPRESA		Nao	producao	2026-10-08
OrdemServico	TEMPO_EMPRESA_INC	Tempo de Empresa	String	TextBox	CPE_PDCI2019	TEMPO_EMPRESA_INC		Nao	producao	2026-10-08
OrdemServico	TOTAL_DIFERIDO	Total Diferido	String	TextBox	CPE_PDCI2019	TOTAL_DIFERIDO		Nao	producao	2026-10-08
OrdemServico	TOTAL_DIFERIDO_AJUSTADO	Total Diferido Ajustado	String	TextBox	CPE_PDCI2019	TOTAL_DIFERIDO_AJUSTADO		Nao	producao	2026-10-08
OrdemServico	TOTAL_IMEDIATO	Total Imediato	String	TextBox	CPE_PDCI2019	TOTAL_IMEDIATO		Nao	producao	2026-10-08
OrdemServico	TOTAL_INCENTIVOS	Total Incentivos	String	TextBox	CPE_PDCI2019	TOTAL_INCENTIVOS		Nao	producao	2026-10-08
OrdemServico	TOTAL_RECEBER	Total	String	TextBox	CPE_PDCI2019	TOTAL_RECEBER		Nao	producao	2026-10-08
OrdemServico	TOTAL_REC_DIFER_INC	Total Recebimentos Diferido Incentivo	String	TextBox	CPE_PDCI2019	TOTAL_REC_DIFER_INC		Nao	producao	2026-10-08
OrdemServico	TOTAL_REC_IMED_INC	Total Recebimento Imediato Incentivo	String	TextBox	CPE_PDCI2019	TOTAL_REC_IMED_INC		Nao	producao	2026-10-08
OrdemServico	TOTAL_VERBAS_RESCISORIAS	Total de Verbas Rescisórias	String	TextBox	CPE_PDCI2019	TOTAL_VERBAS_RESCISORIAS		Nao	producao	2026-10-08
OrdemServico	VANTAGEM_MUDANCA	Vantagem Mudança	String	TextBox	CPE_PDCI2019	VANTAGEM_MUDANCA		Nao	producao	2026-10-08
OrdemServico	VANTAGEM_PEC	Vantagem PEC	String	TextBox	CPE_PDCI2019	VANTAGEM_PEC		Nao	producao	2026-10-08
OrdemServico	VANTAGEM_REMOCAO	Vantagem Remoção	String	TextBox	CPE_PDCI2019	VANTAGEM_REMOCAO		Nao	producao	2026-10-08
OrdemServico	VERBAS_RESCISORIAS	Total Verbas Rescisórias	String	TextBox	CPE_PDCI2019	VERBAS_RESCISORIAS		Nao	producao	2026-10-08
OrdemServico	MES_DE_REF	Mês de referência	String	DropDownList	CPE_PEC	MES_DE_REF		Nao	producao	2026-10-08
OrdemServico	PEC_CURSO_EXT	Curso Extensão	String	DropDownList	CPE_PEC	PEC_CURSO_EXT		Nao	producao	2026-10-08
OrdemServico	PEC_EXTRA	Pontuação Extra PEC	String	TextBox	CPE_PEC	PEC_EXTRA		Nao	producao	2026-10-08
OrdemServico	PEC_FORMACAO	Formação graduação	String	DropDownList	CPE_PEC	PEC_FORMACAO		Nao	producao	2026-10-08
OrdemServico	PEC_INST_ENSINO	Instituição de Ensino	String	DropDownList	CPE_PEC	PEC_INST_ENSINO		Nao	producao	2026-10-08
OrdemServico	PEC_MESTRADO	Formação Mestrado	String	DropDownList	CPE_PEC	PEC_MESTRADO		Nao	producao	2026-10-08
OrdemServico	PEC_PCD	Pessoa com Deficiência	String	TextBox	CPE_PEC	PEC_PCD		Nao	producao	2026-10-08
OrdemServico	PEC_PPP	Me identifico como  Pessoa Preta ou Parda (A autodeclaração de raça é um ato importante que deve ser feito com consciência e responsabilidade)	Boolean	CheckBox	CPE_PEC	PEC_PPP		Nao	producao	2026-10-08
OrdemServico	PEC_SEXO	Sexo	String	TextBox	CPE_PEC	PEC_SEXO	20	Nao	producao	2026-10-08
OrdemServico	RETORNO_DIA_GERED	Retorno dia	DateTime	DatePicker	CPE_PEC	RETORNO_DIA_GERED		Nao	producao	2026-10-08
OrdemServico	FAVORECIDO_EXT	FAVORECIDO EXTERNO	String	DropDownList	CPE_PENF	FAVORECIDO_EXT		Nao	producao	2026-10-08
OrdemServico	PED_EMP_CLIENTE	Empresa Cliente	String	DropDownList	CPE_PENF	PED_EMP_CLIENTE		Nao	producao	2026-10-08
OrdemServico	PED_FILIAL_BBTS	Filial BBTS	String	DropDownList	CPE_PENF	PED_FILIAL_BBTS		Nao	producao	2026-10-08
OrdemServico	PED_INFORMACOES	Informações Adicionais	String	Memo	CPE_PENF	PED_INFORMACOES		Nao	producao	2026-10-08
OrdemServico	PED_NATOP	Natureza da Operação	String	DropDownList	CPE_PENF	PED_NATOP		Nao	producao	2026-10-08
OrdemServico	PED_PESO_TOTAL	Peso Total do(s) Pacote(s) (Kg)	Decimal	TextBox	CPE_PENF	PED_PESO_TOTAL		Nao	producao	2026-10-08
OrdemServico	PED_QTDE	Quantidade de Pacotes	Integer	TextBox	CPE_PENF	PED_QTDE		Nao	producao	2026-10-08
OrdemServico	PED_TRANSPORTADORA	Transportadora	String	DropDownList	CPE_PENF	PED_TRANSPORTADORA		Nao	producao	2026-10-08
OrdemServico	PED_VALOR_TOTAL	Total da Nota (R$)	Decimal	TextBox	CPE_PENF	PED_VALOR_TOTAL		Nao	producao	2026-10-08
OrdemServico	PENF_EMAIL	E-mails que serão notificados sobre o andamento da ordem de serviço (separados por ponto e vírgula)	String	TextBox	CPE_PENF	PENF_EMAIL		Nao	producao	2026-10-08
OrdemServico	PENF_EMISSAO_NF	Data de Emissão da NF	DateTime	DateTimePicker	CPE_PENF	PENF_EMISSAO_NF		Nao	producao	2026-10-08
OrdemServico	PENF_EMITE_NF	Emitir Nota Fiscal?	String	DropDownList	CPE_PENF	PENF_EMITE_NF	3	Nao	producao	2026-10-08
OrdemServico	PENF_FORNECEDOR	Fornecedor	String	DropDownList	CPE_PENF	PENF_FORNECEDOR		Nao	producao	2026-10-08
OrdemServico	PENF_INFORMACOES	Informações adicionais	String	Memo	CPE_PENF	PENF_INFORMACOES		Nao	producao	2026-10-08
OrdemServico	PENF_INFORMATIVO	Informativo	String	TextBox	CPE_PENF	PENF_INFORMATIVO		Nao	producao	2026-10-08
OrdemServico	PENF_NUM_NF	Número da Nota Fiscal	String	TextBox	CPE_PENF	PENF_NUM_NF		Nao	producao	2026-10-08
OrdemServico	PENF_NUM_RI	Nº RI	Integer	TextBox	CPE_PENF	PENF_NUM_RI		Nao	producao	2026-10-08
OrdemServico	PENF_TERMO	Termo de Ciência: ESTOU CIENTE QUE NÃO PODEREI SOLICITAR A EMISSÃO DA NOTA FISCAL DE SAÍDA PARA MOVIMENTAÇÃO DE PEÇAS, SEM QUE TENHA OCORRIDO A RESPECTIVA ENTRADA DO BEM NO SISTEMA ERP/RI, CONFORME ORIENTAÇÃO DO ITEM 4.3.5.1.4 DA NI 236	Boolean	CheckBox	CPE_PENF	PENF_TERMO		Nao	producao	2026-10-08
OrdemServico	PENF_TIPO_INCLUSAO	Inclusão dos dados da PENF	String	DropDownList	CPE_PENF	PENF_TIPO_INCLUSAO		Nao	producao	2026-10-08
OrdemServico	QUANTIDADE2	QUANTIDADE2	Integer	TextBox	CPE_PENF	QUANTIDADE2		Nao	producao	2026-10-08
OrdemServico	QUANTIDADE3	QUANTIDADE3	Integer	TextBox	CPE_PENF	QUANTIDADE3		Nao	producao	2026-10-08
OrdemServico	QUANTIDADE4	QUANTIDADE4	Integer	TextBox	CPE_PENF	QUANTIDADE4		Nao	producao	2026-10-08
OrdemServico	AFASTAMENTO	Houve afastamento?	String	DropDownList	CPE_PESSOAS	AFASTAMENTO		Nao	producao	2026-10-08
OrdemServico	ATUACAO_SGPS	Atuação	String	DropDownList	CPE_PESSOAS	ATUACAO_SGPS		Nao	producao	2026-10-08
OrdemServico	CAMP_MARCAR	Campo para Marcação	Boolean	CheckBox	CPE_PESSOAS	CAMP_MARCAR		Nao	producao	2026-10-08
OrdemServico	CAMP_MARCAR2	Campo para Marcação	Boolean	CheckBox	CPE_PESSOAS	CAMP_MARCAR2		Nao	producao	2026-10-08
OrdemServico	CHECKBOX1	Checkbox1	Boolean	CheckBox	CPE_PESSOAS	CHECKBOX1		Nao	producao	2026-10-08
OrdemServico	CHECKBOX10	Checkbox10	Boolean	CheckBox	CPE_PESSOAS	CHECKBOX10		Nao	producao	2026-10-08
OrdemServico	CHECKBOX11	Checkbox11	Boolean	CheckBox	CPE_PESSOAS	CHECKBOX11		Nao	producao	2026-10-08
OrdemServico	CHECKBOX12	Checkbox12	Boolean	CheckBox	CPE_PESSOAS	CHECKBOX12		Nao	producao	2026-10-08
OrdemServico	CHECKBOX13	Checkbox13	Boolean	CheckBox	CPE_PESSOAS	CHECKBOX13		Nao	producao	2026-10-08
OrdemServico	CHECKBOX14	Checkbox14	Boolean	CheckBox	CPE_PESSOAS	CHECKBOX14		Nao	producao	2026-10-08
OrdemServico	CHECKBOX15	Checkbox15	Boolean	CheckBox	CPE_PESSOAS	CHECKBOX15		Nao	producao	2026-10-08
OrdemServico	CHECKBOX2	Checkbox2	Boolean	CheckBox	CPE_PESSOAS	CHECKBOX2		Nao	producao	2026-10-08
OrdemServico	CHECKBOX3	Checkbox3	Boolean	CheckBox	CPE_PESSOAS	CHECKBOX3		Nao	producao	2026-10-08
OrdemServico	CHECKBOX4	Checkbox4	Boolean	CheckBox	CPE_PESSOAS	CHECKBOX4		Nao	producao	2026-10-08
OrdemServico	CHECKBOX5	Checkbox5	Boolean	CheckBox	CPE_PESSOAS	CHECKBOX5		Nao	producao	2026-10-08
OrdemServico	CHECKBOX6	Checkbox6	Boolean	CheckBox	CPE_PESSOAS	CHECKBOX6		Nao	producao	2026-10-08
OrdemServico	CHECKBOX7	Checkbox7	Boolean	CheckBox	CPE_PESSOAS	CHECKBOX7		Nao	producao	2026-10-08
OrdemServico	CHECKBOX8	Checkbox8	Boolean	CheckBox	CPE_PESSOAS	CHECKBOX8		Nao	producao	2026-10-08
OrdemServico	CHECKBOX9	Checkbox9	Boolean	CheckBox	CPE_PESSOAS	CHECKBOX9		Nao	producao	2026-10-08
OrdemServico	CIENTEFERIAS	Estou ciente juntamente com  meu gestor que a solicitação de programação está em desacordo com o contido na NI  115 - Férias (Série 1 - Gestão de Pessoas)	Boolean	CheckBox	CPE_PESSOAS	CIENTEFERIAS		Nao	producao	2026-10-08
OrdemServico	CIPA_LOTACAO	Lotação	String	TextBox	CPE_PESSOAS	CIPA_LOTACAO		Nao	producao	2026-10-08
OrdemServico	CODIGOLIBERACAO	Códigoliberacao	String	TextBox	CPE_PESSOAS	CODIGOLIBERACAO		Nao	producao	2026-10-08
OrdemServico	COMBOBOX_CONFIRMA	Confirmo que o reembolso a ser solicitado se refere a Treinamento Externo por Reembolso	Boolean	DropDownList	CPE_PESSOAS	COMBOBOX_CONFIRMA		Nao	producao	2026-10-08
OrdemServico	COMBOBOX_CONFIRMA_CERTIFICACAO	Confirmo que o reembolso a ser solicitado se refere a Reembolso de Certificação	Boolean	CheckBox	CPE_PESSOAS	COMBOBOX_CONFIRMA_CERTIFICACAO		Nao	producao	2026-10-08
OrdemServico	COMBOBOX_CONFIRMA_TREINAMENTO	Confirmo que o reembolso a ser solicitado se refere a Treinamento Externo por Reembolso	Boolean	CheckBox	CPE_PESSOAS	COMBOBOX_CONFIRMA_TREINAMENTO		Nao	producao	2026-10-08
OrdemServico	CONFIRMA_CHECK	Confirmo que conclui e anexei o comprovante de pagamento no SGPS a liberação	Boolean	CheckBox	CPE_PESSOAS	CONFIRMA_CHECK		Nao	producao	2026-10-08
OrdemServico	CORRECAO_NECESSARIA_CLIENTE	Correção necessária	String	TextBox	CPE_PESSOAS	CORRECAO_NECESSARIA_CLIENTE		Nao	producao	2026-10-08
OrdemServico	COUNT_10	Count to 12	Integer	DropDownList	CPE_PESSOAS	COUNT_10		Nao	producao	2026-10-08
OrdemServico	DATA_ATIVIDADE2	Data da atividade	DateTime	DatePicker	CPE_PESSOAS	DATA_ATIVIDADE2		Nao	producao	2026-10-08
OrdemServico	DATA_ATIVIDADE3	Data da atividade	DateTime	DatePicker	CPE_PESSOAS	DATA_ATIVIDADE3		Nao	producao	2026-10-08
OrdemServico	DATA_ATIVIDADE4	Data da atividade	DateTime	DatePicker	CPE_PESSOAS	DATA_ATIVIDADE4		Nao	producao	2026-10-08
OrdemServico	DATA_ATIVIDADE5	Data da atividade	DateTime	DatePicker	CPE_PESSOAS	DATA_ATIVIDADE5		Nao	producao	2026-10-08
OrdemServico	DATA_TRANCAMENTO_IES	DATA TRANCAMENTO	DateTime	DatePicker	CPE_PESSOAS	DATA_TRANCAMENTO_IES		Nao	producao	2026-10-08
OrdemServico	DEACLARACAO_CANCELAMENTO_PEC	Declaro ainda que estou ciente das implicações de meu desligamento do Programa e sujeito-me às sanções disciplinares, penalidades e ressarcimento à BBTS, dos valores à mim reembolsados até a data, devidamente atualizados, conforme previsto na NI 126	Boolean	CheckBox	CPE_PESSOAS	DEACLARACAO_CANCELAMENTO_PEC		Nao	producao	2026-10-08
OrdemServico	DECLARACAO_LICENCA	declaração licenca	Boolean	CheckBox	CPE_PESSOAS	DECLARACAO_LICENCA		Nao	producao	2026-10-08
OrdemServico	DECLARA_SERVICOS	Caso esse chamado seja aberto por terceiros, o funcionário solicitante está ciente e permite o tratamento dos dados fornecidos.	Boolean	CheckBox	CPE_PESSOAS	DECLARA_SERVICOS		Nao	producao	2026-10-08
OrdemServico	DEC_AUX_HOM	declaração auxilio home	Boolean	CheckBox	CPE_PESSOAS	DEC_AUX_HOM		Nao	producao	2026-10-08
OrdemServico	DEC_TRANC_PEC	declaração trancamento	Boolean	CheckBox	CPE_PESSOAS	DEC_TRANC_PEC		Nao	producao	2026-10-08
OrdemServico	DIAS_DE_TRA	DIAS DE TRAB	String	TextBox	CPE_PESSOAS	DIAS_DE_TRA		Nao	producao	2026-10-08
OrdemServico	DIAS_DE_TRAB_N	DIAS DE TRAB	Integer	TextBox	CPE_PESSOAS	DIAS_DE_TRAB_N		Nao	producao	2026-10-08
OrdemServico	DIAS_DE_TRA_GERED	DIAS DE TRAB	String	TextBox	CPE_PESSOAS	DIAS_DE_TRA_GERED	2	Nao	producao	2026-10-08
OrdemServico	DUR_PERIODO	Dias período	Integer	TextBox	CPE_PESSOAS	DUR_PERIODO	3	Nao	producao	2026-10-08
OrdemServico	ELEITOS_SUPLENTES	Eleitos Suplentes	String	TextBox	CPE_PESSOAS	ELEITOS_SUPLENTES		Nao	producao	2026-10-08
OrdemServico	ELEITOS_TITULARES	Eleitos Titulares	String	TextBox	CPE_PESSOAS	ELEITOS_TITULARES		Nao	producao	2026-10-08
OrdemServico	ENVIO_APROVA	Enviar para aprovação?	String	DropDownList	CPE_PESSOAS	ENVIO_APROVA		Nao	producao	2026-10-08
OrdemServico	ENVIO_CSC	Enviar para CSC?	String	DropDownList	CPE_PESSOAS	ENVIO_CSC		Nao	producao	2026-10-08
OrdemServico	FILIAL	Filial	String	TextBox	CPE_PESSOAS	FILIAL		Nao	producao	2026-10-08
OrdemServico	FISCAL_ADM_SGPS	Fiscal Administrativo	String	DropDownList	CPE_PESSOAS	FISCAL_ADM_SGPS		Nao	producao	2026-10-08
OrdemServico	FISCAL_SERVI_SGPS	Fiscal de Serviço	String	DropDownList	CPE_PESSOAS	FISCAL_SERVI_SGPS		Nao	producao	2026-10-08
OrdemServico	GESTOR	Gestor	String	DropDownList	CPE_PESSOAS	GESTOR		Nao	producao	2026-10-08
OrdemServico	GESTOR_DO_GESTOR	Gestor do Gestor do Empregado	String	DropDownList	CPE_PESSOAS	GESTOR_DO_GESTOR		Nao	producao	2026-10-08
OrdemServico	GESTOR_LOCALIDADE	Gestor da Localidade	String	DropDownList	CPE_PESSOAS	GESTOR_LOCALIDADE		Nao	producao	2026-10-08
OrdemServico	GESTOR_PADRAO	Gestor Padrão	Boolean	CheckBox	CPE_PESSOAS	GESTOR_PADRAO		Nao	producao	2026-10-08
OrdemServico	GESTOR_PESSOA	Gestor da área de Pessoas	String	DropDownList	CPE_PESSOAS	GESTOR_PESSOA		Nao	producao	2026-10-08
OrdemServico	GESTOR_SOLICITA	Gestor da área do Solicitante	String	DropDownList	CPE_PESSOAS	GESTOR_SOLICITA		Nao	producao	2026-10-08
OrdemServico	GESTOR_SOLICITA1	Gestor da área do Solicitante	String	TextBox	CPE_PESSOAS	GESTOR_SOLICITA1		Nao	producao	2026-10-08
OrdemServico	ID_ISS_RETIDO	ID do ISS retido	String	TextBox	CPE_PESSOAS	ID_ISS_RETIDO		Nao	producao	2026-10-08
OrdemServico	INDICADOS_SUPLENTES	Indicados Suplentes	String	TextBox	CPE_PESSOAS	INDICADOS_SUPLENTES		Nao	producao	2026-10-08
OrdemServico	INDICADOS_TITULARES	Indicados Titulares	String	TextBox	CPE_PESSOAS	INDICADOS_TITULARES		Nao	producao	2026-10-08
OrdemServico	KM_VEICULO	Quilometragem do veículo	String	TextBox	CPE_PESSOAS	KM_VEICULO		Nao	producao	2026-10-08
OrdemServico	LABEL_PROV	Texto Informativo	String	Label	CPE_PESSOAS	LABEL_PROV	2000	Nao	producao	2026-10-08
OrdemServico	LISTA MODELO DE PAGAMENTO	Lista modelo de pagamento	String	DropDownList	CPE_PESSOAS	LISTA_MODELO_DE_PAGAMENTO		Nao	producao	2026-10-08
OrdemServico	LISTA TRIBUTOS	LISTA_TRIBUTOS	String	DropDownList	CPE_PESSOAS	LISTA_TRIBUTOS		Nao	producao	2026-10-08
OrdemServico	LISTALIBERACAOSGPS	Lista de liberação SGPS	String	DropDownList	CPE_PESSOAS	LISTALIBERACAOSGPS		Nao	producao	2026-10-08
OrdemServico	LISTA_FOLHA_COMPLEMENTAR	Lista Folha Complementar	String	DropDownList	CPE_PESSOAS	LISTA_FOLHA_COMPLEMENTAR		Nao	producao	2026-10-08
OrdemServico	LISTA_PAGAMENTOS	Lista de solicitação de pagamentos	String	DropDownList	CPE_PESSOAS	LISTA_PAGAMENTOS		Nao	producao	2026-10-08
OrdemServico	LISTA_PAGAMENTOS_3	Lista de solicitação de pagamentos	String	DropDownList	CPE_PESSOAS	LISTA_PAGAMENTOS_3		Nao	producao	2026-10-08
OrdemServico	LOCALCADASTROFORNECEDOR	Local cadastro fornecedor	String	TextBox	CPE_PESSOAS	LOCALCADASTROFORNECEDOR		Nao	producao	2026-10-08
OrdemServico	LOCALIDADE_RI	Localidade RI	String	TextBox	CPE_PESSOAS	LOCALIDADE_RI		Nao	producao	2026-10-08
OrdemServico	MANDATO_ENCERRAR	Mandato a Encerrar (0000/0000)	String	TextBox	CPE_PESSOAS	MANDATO_ENCERRAR		Nao	producao	2026-10-08
OrdemServico	MANDATO_PROCESSO	Mandato do Processo  (0000/0000)	String	TextBox	CPE_PESSOAS	MANDATO_PROCESSO		Nao	producao	2026-10-08
OrdemServico	MESANO_1	MESANO	String	TextBox	CPE_PESSOAS	MESANO_1		Nao	producao	2026-10-08
OrdemServico	MES_ANO	MES_ANO	String	TextBox	CPE_PESSOAS	MES_ANO		Nao	producao	2026-10-08
OrdemServico	NOME_NOME	Campo para Nome	String	TextBox	CPE_PESSOAS	NOME_NOME	100	Nao	producao	2026-10-08
OrdemServico	NUMERO_NF	Número da Nota Fiscal	String	TextBox	CPE_PESSOAS	NUMERO_NF		Nao	producao	2026-10-08
OrdemServico	OPCAO_DE_CONFIRMACA1	Campo confirma uma afirmação	Boolean	CheckBox	CPE_PESSOAS	OPCAO_DE_CONFIRMACA1		Nao	producao	2026-10-08
OrdemServico	PEC_AREA_NEGOCIO	Área ou Negócio de Atuação	String	DropDownList	CPE_PESSOAS	PEC_AREA_NEGOCIO		Nao	producao	2026-10-08
OrdemServico	PEC_NOTA1_GDP	Primeira Nota da Avaliação de Desempenho (GDP)	String	TextBox	CPE_PESSOAS	PEC_NOTA1_GDP		Nao	producao	2026-10-08
OrdemServico	PEC_NOTA2_GDP	Segunda Nota da Avaliação de Desempenho (GDP)	String	TextBox	CPE_PESSOAS	PEC_NOTA2_GDP		Nao	producao	2026-10-08
OrdemServico	PEC_NOTA_GDP	Nota da Avaliação de Desempenho (GDP)	String	TextBox	CPE_PESSOAS	PEC_NOTA_GDP		Nao	producao	2026-10-08
OrdemServico	PESSOAS_CHECKBOX1	Checkbox1	Boolean	CheckBox	CPE_PESSOAS	PESSOAS_CHECKBOX1		Nao	producao	2026-10-08
OrdemServico	PESSOAS_CHECKBOX2	Checkbox2	Boolean	CheckBox	CPE_PESSOAS	PESSOAS_CHECKBOX2		Nao	producao	2026-10-08
OrdemServico	PESSOAS_CHECKBOX3	Checkbox3	Boolean	CheckBox	CPE_PESSOAS	PESSOAS_CHECKBOX3		Nao	producao	2026-10-08
OrdemServico	PESSOA_FAVORECIDO	Favorecido	String	TextBox	CPE_PESSOAS	PESSOA_FAVORECIDO		Nao	producao	2026-10-08
OrdemServico	PESSOA_TESTE	Pessoa_teste	Integer	DropDownList	CPE_PESSOAS	PESSOA_TESTE		Nao	producao	2026-10-08
OrdemServico	PS_AVALCOMPORTA	Avaliação Comportamental	Boolean	CheckBox	CPE_PESSOAS	PS_AVALCOMPORTA		Nao	producao	2026-10-08
OrdemServico	PS_AVALCOMPORTAF3	Avaliação Comportamental	Boolean	CheckBox	CPE_PESSOAS	PS_AVALCOMPORTAF3		Nao	producao	2026-10-08
OrdemServico	PS_AVALCURRI	Análise curricular	Boolean	CheckBox	CPE_PESSOAS	PS_AVALCURRI		Nao	producao	2026-10-08
OrdemServico	PS_AVALENTREVISTA	Entrevista individual	Boolean	CheckBox	CPE_PESSOAS	PS_AVALENTREVISTA		Nao	producao	2026-10-08
OrdemServico	PS_AVALENTREVISTAF3	Entrevista individual	Boolean	CheckBox	CPE_PESSOAS	PS_AVALENTREVISTAF3		Nao	producao	2026-10-08
OrdemServico	PS_AVALPROT	Protótipo/Solução	Boolean	CheckBox	CPE_PESSOAS	PS_AVALPROT		Nao	producao	2026-10-08
OrdemServico	PS_AVALPROVA	Prova/Questionário	Boolean	CheckBox	CPE_PESSOAS	PS_AVALPROVA		Nao	producao	2026-10-08
OrdemServico	PS_AVALREDACAO	Redação	Boolean	CheckBox	CPE_PESSOAS	PS_AVALREDACAO		Nao	producao	2026-10-08
OrdemServico	PS_AVALTRABAPRES	Elaboração de um trabalho a ser apresentado	Boolean	CheckBox	CPE_PESSOAS	PS_AVALTRABAPRES		Nao	producao	2026-10-08
OrdemServico	PS_AVALVIDEO	Vídeo	Boolean	CheckBox	CPE_PESSOAS	PS_AVALVIDEO		Nao	producao	2026-10-08
OrdemServico	PS_BANCOTALENTOS	Terá indicação para o Banco de Talentos?	Boolean	CheckBox	CPE_PESSOAS	PS_BANCOTALENTOS		Nao	producao	2026-10-08
OrdemServico	PS_CERTIFICACOES	Certificações	Boolean	CheckBox	CPE_PESSOAS	PS_CERTIFICACOES		Nao	producao	2026-10-08
OrdemServico	PS_COMPET_NEGOCIO	Competências relacionadas ao negócio/entrega	String	Memo	CPE_PESSOAS	PS_COMPET_NEGOCIO	2000	Nao	producao	2026-10-08
OrdemServico	PS_COMPET_PESSOAL	Competências de Relacionamento com Pessoas	String	Memo	CPE_PESSOAS	PS_COMPET_PESSOAL	2000	Nao	producao	2026-10-08
OrdemServico	PS_COMPET_TECNICA	Competências técnicas	String	Memo	CPE_PESSOAS	PS_COMPET_TECNICA	2000	Nao	producao	2026-10-08
OrdemServico	PS_CONSELHOPROF	Conselho Profissional	Boolean	CheckBox	CPE_PESSOAS	PS_CONSELHOPROF		Nao	producao	2026-10-08
OrdemServico	PS_CURSOSUNIBBTS	Cursos Portal UniBBTS/Alura	Boolean	CheckBox	CPE_PESSOAS	PS_CURSOSUNIBBTS		Nao	producao	2026-10-08
OrdemServico	PS_DESEMPATE1	Critérios de Desempate	String	Memo	CPE_PESSOAS	PS_DESEMPATE1	2000	Nao	producao	2026-10-08
OrdemServico	PS_DESEMPATE2	Critérios de Desempate	String	Memo	CPE_PESSOAS	PS_DESEMPATE2	2000	Nao	producao	2026-10-08
OrdemServico	PS_DTDIVULG	Data Divulgação Hotsite GEPES	DateTime	DatePicker	CPE_PESSOAS	PS_DTDIVULG		Nao	producao	2026-10-08
OrdemServico	PS_DTDIVULGAF1	Data Divulgação Resultado	DateTime	DatePicker	CPE_PESSOAS	PS_DTDIVULGAF1		Nao	producao	2026-10-08
OrdemServico	PS_DTDIVULGAF2	Data Divulgação Resultado	DateTime	DatePicker	CPE_PESSOAS	PS_DTDIVULGAF2		Nao	producao	2026-10-08
OrdemServico	PS_DTDIVULGAFINAL	Data Divulgação Final	DateTime	DatePicker	CPE_PESSOAS	PS_DTDIVULGAFINAL		Nao	producao	2026-10-08
OrdemServico	PS_DTDIVULGPREF1	Data Divulgação Preliminar	DateTime	DatePicker	CPE_PESSOAS	PS_DTDIVULGPREF1		Nao	producao	2026-10-08
OrdemServico	PS_DTFIMF1	Até:	DateTime	DatePicker	CPE_PESSOAS	PS_DTFIMF1		Nao	producao	2026-10-08
OrdemServico	PS_DTFIMF2	Até:	DateTime	DatePicker	CPE_PESSOAS	PS_DTFIMF2		Nao	producao	2026-10-08
OrdemServico	PS_DTFIMF3	Até:	DateTime	DatePicker	CPE_PESSOAS	PS_DTFIMF3		Nao	producao	2026-10-08
OrdemServico	PS_DTINICIOF1	Data envio prevista - De:	DateTime	DatePicker	CPE_PESSOAS	PS_DTINICIOF1		Nao	producao	2026-10-08
OrdemServico	PS_DTINICIOF2	Data prevista - De:	DateTime	DatePicker	CPE_PESSOAS	PS_DTINICIOF2		Nao	producao	2026-10-08
OrdemServico	PS_DTINICIOF3	Data prevista - De:	DateTime	DatePicker	CPE_PESSOAS	PS_DTINICIOF3		Nao	producao	2026-10-08
OrdemServico	PS_DTINSCR_ATE	Data Inscrição até:	DateTime	DatePicker	CPE_PESSOAS	PS_DTINSCR_ATE		Nao	producao	2026-10-08
OrdemServico	PS_DTINSCR_DE	Data Inscrição de:	DateTime	DatePicker	CPE_PESSOAS	PS_DTINSCR_DE		Nao	producao	2026-10-08
OrdemServico	PS_DTRECURSOFIMF1	Data recurso Fim	DateTime	DatePicker	CPE_PESSOAS	PS_DTRECURSOFIMF1		Nao	producao	2026-10-08
OrdemServico	PS_DTRECURSOINIF1	Data recurso Inicio	DateTime	DatePicker	CPE_PESSOAS	PS_DTRECURSOINIF1		Nao	producao	2026-10-08
OrdemServico	PS_ESCOLARIDADEGRAD	Nível de escolaridade - Graduação	Boolean	CheckBox	CPE_PESSOAS	PS_ESCOLARIDADEGRAD		Nao	producao	2026-10-08
OrdemServico	PS_ESCOLARIDADEPOSGRADU	Nível de escolaridade - Pós-Graduação/Mestrado/Doutorado	Boolean	CheckBox	CPE_PESSOAS	PS_ESCOLARIDADEPOSGRADU		Nao	producao	2026-10-08
OrdemServico	PS_EXPERIAREA	Experiência em determinada área	Boolean	CheckBox	CPE_PESSOAS	PS_EXPERIAREA		Nao	producao	2026-10-08
OrdemServico	PS_FUNCAO_EXEC	Função exercida	Boolean	CheckBox	CPE_PESSOAS	PS_FUNCAO_EXEC		Nao	producao	2026-10-08
OrdemServico	PS_INFORMF1	Informações da Fase1	String	Memo	CPE_PESSOAS	PS_INFORMF1	2000	Nao	producao	2026-10-08
OrdemServico	PS_INFORMF2	Informações da Fase2	String	Memo	CPE_PESSOAS	PS_INFORMF2	2000	Nao	producao	2026-10-08
OrdemServico	PS_INFORMF3	Informações da Fase3	String	Memo	CPE_PESSOAS	PS_INFORMF3	2000	Nao	producao	2026-10-08
OrdemServico	PS_INFORMINSCR	Informações da Inscrição	String	Memo	CPE_PESSOAS	PS_INFORMINSCR	2000	Nao	producao	2026-10-08
OrdemServico	PS_LABEL1	Texto Informativo	String	Label	CPE_PESSOAS	PS_LABEL1	2000	Nao	producao	2026-10-08
OrdemServico	PS_LABEL2	Texto Informativo	String	Label	CPE_PESSOAS	PS_LABEL2	2000	Nao	producao	2026-10-08
OrdemServico	PS_LABEL3	Texto Informativo	String	Label	CPE_PESSOAS	PS_LABEL3	2000	Nao	producao	2026-10-08
OrdemServico	PS_LABEL4	Texto Informativo	String	Label	CPE_PESSOAS	PS_LABEL4	2000	Nao	producao	2026-10-08
OrdemServico	PS_LABEL5	Texto Informativo	String	Label	CPE_PESSOAS	PS_LABEL5	2000	Nao	producao	2026-10-08
OrdemServico	PS_LABEL6	Texto Informativo	String	Label	CPE_PESSOAS	PS_LABEL6	2000	Nao	producao	2026-10-08
OrdemServico	PS_LABEL7	Texto Informativo	String	Label	CPE_PESSOAS	PS_LABEL7	2000	Nao	producao	2026-10-08
OrdemServico	PS_QTDAPROVF1	Quantidade de aprovados para próxima fase	String	TextBox	CPE_PESSOAS	PS_QTDAPROVF1		Nao	producao	2026-10-08
OrdemServico	PS_QTDAPROVF2	Quantidade de aprovados para próxima fase	String	TextBox	CPE_PESSOAS	PS_QTDAPROVF2		Nao	producao	2026-10-08
OrdemServico	PS_QTD_BANCOTALENTOS	Quantidade	String	TextBox	CPE_PESSOAS	PS_QTD_BANCOTALENTOS		Nao	producao	2026-10-08
OrdemServico	PS_RECURSOF1	Durante essa fase do processo seletivo, os candidatos terão a oportunidade de solicitar recursos, se necessário?	Boolean	CheckBox	CPE_PESSOAS	PS_RECURSOF1		Nao	producao	2026-10-08
OrdemServico	PS_TEMPOEMP	Tempo de empresa	Boolean	CheckBox	CPE_PESSOAS	PS_TEMPOEMP		Nao	producao	2026-10-08
OrdemServico	PS_TIPOFASE	Tipo Fase	String	DropDownList	CPE_PESSOAS	PS_TIPOFASE		Nao	producao	2026-10-08
OrdemServico	PS_TITULO	Título Processo Seletivo	String	TextBox	CPE_PESSOAS	PS_TITULO		Nao	producao	2026-10-08
OrdemServico	PS_VIDEOF2	Vídeo	Boolean	CheckBox	CPE_PESSOAS	PS_VIDEOF2		Nao	producao	2026-10-08
OrdemServico	QNT_ANEXO	Quantidade de Anexos	String	Memo	CPE_PESSOAS	QNT_ANEXO		Nao	producao	2026-10-08
OrdemServico	QT_NOTAS_FISCAIS	Quantidade Notas Fiscais	String	TextBox	CPE_PESSOAS	QT_NOTAS_FISCAIS		Nao	producao	2026-10-08
OrdemServico	REG_POLICIAL	Registro Policial/Boletim de Ocorrência	String	DropDownList	CPE_PESSOAS	REG_POLICIAL		Nao	producao	2026-10-08
OrdemServico	REPLICAR_PESQUISA_MERCADO	Replicar Itens da Pesquisa de Mercado 1 para as demais Pesquisas de Mercado?	Boolean	CheckBox	CPE_PESSOAS	REPLICAR_PESQUISA_MERCADO		Nao	producao	2026-10-08
OrdemServico	SC_CARGO	Cargo/Perfil	String	DropDownList	CPE_PESSOAS	SC_CARGO		Nao	producao	2026-10-08
OrdemServico	SC_LOCALIDADE_ATUACAO	Localidade Atuação	String	DropDownList	CPE_PESSOAS	SC_LOCALIDADE_ATUACAO		Nao	producao	2026-10-08
OrdemServico	SC_MACROPOLO	Macropolo	String	DropDownList	CPE_PESSOAS	SC_MACROPOLO		Nao	producao	2026-10-08
OrdemServico	SC_UF	UF	String	DropDownList	CPE_PESSOAS	SC_UF		Nao	producao	2026-10-08
OrdemServico	SGPS_TIPO_SOL	Tipo Solicitação	String	DropDownList	CPE_PESSOAS	SGPS_TIPO_SOL		Nao	producao	2026-10-08
OrdemServico	TIPO_AT	Tipo de Acidente de Trabalho	String	DropDownList	CPE_PESSOAS	TIPO_AT		Nao	producao	2026-10-08
OrdemServico	TIPO_CAT	Tipo de CAT	String	DropDownList	CPE_PESSOAS	TIPO_CAT		Nao	producao	2026-10-08
OrdemServico	TIPO_DE_SANGUE	Tipo Sanguineo	String	DropDownList	CPE_PESSOAS	TIPO_DE_SANGUE		Nao	producao	2026-10-08
OrdemServico	TIPO_EXCLUSAO	Tipo Exclusão Reembolso Plano de Saúde	String	DropDownList	CPE_PESSOAS	TIPO_EXCLUSAO		Nao	producao	2026-10-08
OrdemServico	TIPO_SERV	Tipo de serviço	String	DropDownList	CPE_PESSOAS	TIPO_SERV		Nao	producao	2026-10-08
OrdemServico	TIPO_SOLICITA	Tipo de solicitação	String	DropDownList	CPE_PESSOAS	TIPO_SOLICITA		Nao	producao	2026-10-08
OrdemServico	TIPO_TREINAMENTO	Tipo de treinamento	String	DropDownList	CPE_PESSOAS	TIPO_TREINAMENTO		Nao	producao	2026-10-08
OrdemServico	TOTAL_ELEITOS	Total Eleitos	String	TextBox	CPE_PESSOAS	TOTAL_ELEITOS		Nao	producao	2026-10-08
OrdemServico	TOTAL_INDICADOS	Total Indicados	String	TextBox	CPE_PESSOAS	TOTAL_INDICADOS		Nao	producao	2026-10-08
OrdemServico	TOTAL_MEMBROS	Total de Membros	String	TextBox	CPE_PESSOAS	TOTAL_MEMBROS		Nao	producao	2026-10-08
OrdemServico	VALOR FAT LIQUIDO	VALOR FAT LIQUIDO	String	TextBox	CPE_PESSOAS	VALOR_FAT_LIQUIDO		Nao	producao	2026-10-08
OrdemServico	VALORDAPROVISAO	Valor da provisão	String	TextBox	CPE_PESSOAS	VALORDAPROVISAO		Nao	producao	2026-10-08
OrdemServico	VALOR_DA_GLOSA	Valor da Glosa	String	TextBox	CPE_PESSOAS	VALOR_DA_GLOSA		Nao	producao	2026-10-08
OrdemServico	VALOR_DA_MULTA	Valor da Multa	Decimal	TextBox	CPE_PESSOAS	VALOR_DA_MULTA		Nao	producao	2026-10-08
OrdemServico	VALOR_FATURAMENTO_FECHADO	Valor do Faturamento Fechado	Decimal	TextBox	CPE_PESSOAS	VALOR_FATURAMENTO_FECHADO		Nao	producao	2026-10-08
OrdemServico	VALOR_GLOSA_ACIONADA	Valor da Glosa Acionada	Decimal	TextBox	CPE_PESSOAS	VALOR_GLOSA_ACIONADA		Nao	producao	2026-10-08
OrdemServico	VALOR_TOTAL	Valor Total	Integer	TextBox	CPE_PESSOAS	VALOR_TOTAL		Nao	producao	2026-10-08
OrdemServico	VALOR_TOTAL_LANCAMENTO	Valor Total Lançamento	Decimal	TextBox	CPE_PESSOAS	VALOR_TOTAL_LANCAMENTO		Nao	producao	2026-10-08
OrdemServico	VALOR_TOTAL_PROVISAO	Valor total da provisão	String	TextBox	CPE_PESSOAS	VALOR_TOTAL_PROVISAO		Nao	producao	2026-10-08
OrdemServico	VALOR_TOTAL_SOL	Valor Total Solicitado	Decimal	TextBox	CPE_PESSOAS	VALOR_TOTAL_SOL		Nao	producao	2026-10-08
OrdemServico	COMBOBOX_23_XXIII	Combobox XXIII	String	DropDownList	CPE_PORTIFOLIO	COMBOBOX_23_XXIII		Nao	producao	2026-10-08
OrdemServico	DATA_PM	Data Pesquisa Mercado	DateTime	DatePicker	CPE_PORTIFOLIO	DATA_PM		Nao	producao	2026-10-08
OrdemServico	PORTIFOLIO	PORTIFOLIO	String	DropDownList	CPE_PORTIFOLIO	PORTIFOLIO		Nao	producao	2026-10-08
OrdemServico	UOR_DESTINO	UOR de Destino	String	DropDownList	CPE_PORTIFOLIO	UOR_DESTINO		Nao	producao	2026-10-08
OrdemServico	UOR_ORIGEM	UOR de Origem	String	DropDownList	CPE_PORTIFOLIO	UOR_ORIGEM		Nao	producao	2026-10-08
OrdemServico	EXECUTAR_NOVAMENTE	Executa solicitação novamente?	String	DropDownList	CPE_PRJ_BB	EXECUTAR_NOVAMENTE		Nao	producao	2026-10-08
OrdemServico	OBS_ANALISE	Observação da análise	String	Memo	CPE_PRJ_BB	OBS_ANALISE		Nao	producao	2026-10-08
OrdemServico	PRJ_AGQTDE_CAIXA	Quantidade de caixas	Integer	TextBox	CPE_PRJ_BB	PRJ_AGQTDE_CAIXA		Nao	producao	2026-10-08
OrdemServico	PRJ_AG_NUMCAIXA	Número da caixa	String	TextBox	CPE_PRJ_BB	PRJ_AG_NUMCAIXA		Nao	producao	2026-10-08
OrdemServico	PRJ_ALTERAR_TAMANHO	Alterar Tamanho	String	DropDownList	CPE_PRJ_BB	PRJ_ALTERAR_TAMANHO		Nao	producao	2026-10-08
OrdemServico	PRJ_APROVADO	Aprovado?	String	DropDownList	CPE_PRJ_BB	PRJ_APROVADO		Nao	producao	2026-10-08
OrdemServico	PRJ_AR	Necessidade de Aviso de Recebimento	String	DropDownList	CPE_PRJ_BB	PRJ_AR		Nao	producao	2026-10-08
OrdemServico	PRJ_AREA_REGUL	Área Regul	String	DropDownList	CPE_PRJ_BB	PRJ_AREA_REGUL		Nao	producao	2026-10-08
OrdemServico	PRJ_AREA_SCR	SCR	String	TextBox	CPE_PRJ_BB	PRJ_AREA_SCR		Nao	producao	2026-10-08
OrdemServico	PRJ_ASSUNTO	Assunto	String	Memo	CPE_PRJ_BB	PRJ_ASSUNTO		Nao	producao	2026-10-08
OrdemServico	PRJ_AVISO	Aviso	String	Label	CPE_PRJ_BB	PRJ_AVISO	1000	Nao	producao	2026-10-08
OrdemServico	PRJ_BAIRRO	Bairro	String	TextBox	CPE_PRJ_BB	PRJ_BAIRRO		Nao	producao	2026-10-08
OrdemServico	PRJ_CARGO	Cargo	String	TextBox	CPE_PRJ_BB	PRJ_CARGO		Nao	producao	2026-10-08
OrdemServico	PRJ_CATEGORIA_NCM	Categoria NCM	String	DropDownList	CPE_PRJ_BB	PRJ_CATEGORIA_NCM		Nao	producao	2026-10-08
OrdemServico	PRJ_CEP	Código Postal	String	TextBox	CPE_PRJ_BB	PRJ_CEP		Nao	producao	2026-10-08
OrdemServico	PRJ_CIDADE	Cidade	String	DropDownList	CPE_PRJ_BB	PRJ_CIDADE		Nao	producao	2026-10-08
OrdemServico	PRJ_CLASSE	Classe	String	DropDownList	CPE_PRJ_BB	PRJ_CLASSE		Nao	producao	2026-10-08
OrdemServico	PRJ_CNPJ_UNID	CNPJ da unidade	String	TextBox	CPE_PRJ_BB	PRJ_CNPJ_UNID		Nao	producao	2026-10-08
OrdemServico	PRJ_CODIGO_ERP	Código no ERP	String	TextBox	CPE_PRJ_BB	PRJ_CODIGO_ERP		Nao	producao	2026-10-08
OrdemServico	PRJ_CODIGO_ITEM	Código do Item	String	TextBox	CPE_PRJ_BB	PRJ_CODIGO_ITEM		Nao	producao	2026-10-08
OrdemServico	PRJ_CODIGO_LOCAL_POSTAL	Código Postal	String	TextBox	CPE_PRJ_BB	PRJ_CODIGO_LOCAL_POSTAL		Nao	producao	2026-10-08
OrdemServico	PRJ_COD_BASE_INST	Código da Base Instalada	String	TextBox	CPE_PRJ_BB	PRJ_COD_BASE_INST		Nao	producao	2026-10-08
OrdemServico	PRJ_COD_LOCAL	Código do Local	Integer	TextBox	CPE_PRJ_BB	PRJ_COD_LOCAL		Nao	producao	2026-10-08
OrdemServico	PRJ_COD_LOCAL_LISTA	Código do Local	String	DropDownList	CPE_PRJ_BB	PRJ_COD_LOCAL_LISTA		Nao	producao	2026-10-08
OrdemServico	PRJ_COD_MUNICIPIO	Código Município	Integer	DropDownList	CPE_PRJ_BB	PRJ_COD_MUNICIPIO		Nao	producao	2026-10-08
OrdemServico	PRJ_COD_POSTAL_LISTA	Código Postal	String	DropDownList	CPE_PRJ_BB	PRJ_COD_POSTAL_LISTA		Nao	producao	2026-10-08
OrdemServico	PRJ_COD_TIPO_ESTAB	Cód Tipo Estab	String	DropDownList	CPE_PRJ_BB	PRJ_COD_TIPO_ESTAB		Nao	producao	2026-10-08
OrdemServico	PRJ_COLABORADOR_BBTS	Colaborador BBTS	Integer	DropDownList	CPE_PRJ_BB	PRJ_COLABORADOR_BBTS		Nao	producao	2026-10-08
OrdemServico	PRJ_COMPLEMENTO	Complemento	String	TextBox	CPE_PRJ_BB	PRJ_COMPLEMENTO		Nao	producao	2026-10-08
OrdemServico	PRJ_COMPLEMENTO2	Complemento 2	String	TextBox	CPE_PRJ_BB	PRJ_COMPLEMENTO2		Nao	producao	2026-10-08
OrdemServico	PRJ_CONF_BEM	Configuração do Bem	Integer	TextBox	CPE_PRJ_BB	PRJ_CONF_BEM		Nao	producao	2026-10-08
OrdemServico	PRJ_CONTATO	Contato do solicitante ou da área solicitante	String	TextBox	CPE_PRJ_BB	PRJ_CONTATO		Nao	producao	2026-10-08
OrdemServico	PRJ_COR	Cor	String	DropDownList	CPE_PRJ_BB	PRJ_COR		Nao	producao	2026-10-08
OrdemServico	PRJ_DATA_ADMISSAO	Data de Admissão	DateTime	DatePicker	CPE_PRJ_BB	PRJ_DATA_ADMISSAO		Nao	producao	2026-10-08
OrdemServico	PRJ_DATA_ASS_ATA	Data de assinatura da Ata	DateTime	DatePicker	CPE_PRJ_BB	PRJ_DATA_ASS_ATA		Nao	producao	2026-10-08
OrdemServico	PRJ_DATA_EFETIVA	Data Efetiva	DateTime	DatePicker	CPE_PRJ_BB	PRJ_DATA_EFETIVA		Nao	producao	2026-10-08
OrdemServico	PRJ_DATA_EXPURGO	Data do expurgo	DateTime	DatePicker	CPE_PRJ_BB	PRJ_DATA_EXPURGO		Nao	producao	2026-10-08
OrdemServico	PRJ_DATA_FIM	Data de fim do acesso	DateTime	DatePicker	CPE_PRJ_BB	PRJ_DATA_FIM		Nao	producao	2026-10-08
OrdemServico	PRJ_DATA_INICIO	Data de início do acesso	DateTime	DatePicker	CPE_PRJ_BB	PRJ_DATA_INICIO		Nao	producao	2026-10-08
OrdemServico	PRJ_DATA_NASCIMENTO	Data de Nascimento	DateTime	DatePicker	CPE_PRJ_BB	PRJ_DATA_NASCIMENTO		Nao	producao	2026-10-08
OrdemServico	PRJ_DECRICAO_SCR	Descrição SCR	String	TextBox	CPE_PRJ_BB	PRJ_DECRICAO_SCR		Nao	producao	2026-10-08
OrdemServico	PRJ_DESCRICAO	Descrição Detalhada	String	Memo	CPE_PRJ_BB	PRJ_DESCRICAO		Nao	producao	2026-10-08
OrdemServico	PRJ_DESCRICAO_BANCO	Descrição Banco	String	TextBox	CPE_PRJ_BB	PRJ_DESCRICAO_BANCO		Nao	producao	2026-10-08
OrdemServico	PRJ_DESCRICAO_ERP	Descrição  no ERP	String	Memo	CPE_PRJ_BB	PRJ_DESCRICAO_ERP		Nao	producao	2026-10-08
OrdemServico	PRJ_DESC_CURTA	Descrição Curta	String	TextBox	CPE_PRJ_BB	PRJ_DESC_CURTA		Nao	producao	2026-10-08
OrdemServico	PRJ_DESC_ITEM	Descrição do Item	String	TextBox	CPE_PRJ_BB	PRJ_DESC_ITEM		Nao	producao	2026-10-08
OrdemServico	PRJ_DESC_LONGA	Descrição Longa	String	TextBox	CPE_PRJ_BB	PRJ_DESC_LONGA		Nao	producao	2026-10-08
OrdemServico	PRJ_DESC_QTD_PEDIDO	Descrição da quantidades de pedidos	String	TextBox	CPE_PRJ_BB	PRJ_DESC_QTD_PEDIDO		Nao	producao	2026-10-08
OrdemServico	PRJ_DGCO	DGCO da OC Master	String	TextBox	CPE_PRJ_BB	PRJ_DGCO		Nao	producao	2026-10-08
OrdemServico	PRJ_EMAIL	E-mail	String	TextBox	CPE_PRJ_BB	PRJ_EMAIL		Nao	producao	2026-10-08
OrdemServico	PRJ_EMPRESA	Empresa	Integer	DropDownList	CPE_PRJ_BB	PRJ_EMPRESA		Nao	producao	2026-10-08
OrdemServico	PRJ_ENDERECO	Endereço	String	TextBox	CPE_PRJ_BB	PRJ_ENDERECO		Nao	producao	2026-10-08
OrdemServico	PRJ_ESPECIFICACAO	Especificação	String	Memo	CPE_PRJ_BB	PRJ_ESPECIFICACAO		Nao	producao	2026-10-08
OrdemServico	PRJ_ESP_CHAVE	Especificar	String	Memo	CPE_PRJ_BB	PRJ_ESP_CHAVE	2000	Nao	producao	2026-10-08
OrdemServico	PRJ_ESP_MAT_ENV	Especificação de material enviado	String	Memo	CPE_PRJ_BB	PRJ_ESP_MAT_ENV	2000	Nao	producao	2026-10-08
OrdemServico	PRJ_ESTABELECIMENTO_DEST	Estabelecimento do Destinatário	String	DropDownList	CPE_PRJ_BB	PRJ_ESTABELECIMENTO_DEST		Nao	producao	2026-10-08
OrdemServico	PRJ_ESTADO	Estado	String	DropDownList	CPE_PRJ_BB	PRJ_ESTADO		Nao	producao	2026-10-08
OrdemServico	PRJ_EST_SCR	Sigla do Estado do SCR	String	TextBox	CPE_PRJ_BB	PRJ_EST_SCR		Nao	producao	2026-10-08
OrdemServico	PRJ_EXECUTAR_SOL_NOVAMT	Executa solicitação novamente?	String	DropDownList	CPE_PRJ_BB	PRJ_EXECUTAR_SOL_NOVAMT		Nao	producao	2026-10-08
OrdemServico	PRJ_FAM_REPARO	Família de Reparo	String	DropDownList	CPE_PRJ_BB	PRJ_FAM_REPARO		Nao	producao	2026-10-08
OrdemServico	PRJ_FINALIDADE_PAGAMENTO	Finalidade do Pagamento	String	Memo	CPE_PRJ_BB	PRJ_FINALIDADE_PAGAMENTO	2000	Nao	producao	2026-10-08
OrdemServico	PRJ_FIN_COPIA	Finalidade da Cópia	String	Memo	CPE_PRJ_BB	PRJ_FIN_COPIA	2000	Nao	producao	2026-10-08
OrdemServico	PRJ_FORMA_PAGAMENTO	Forma de Pagamento	String	DropDownList	CPE_PRJ_BB	PRJ_FORMA_PAGAMENTO		Nao	producao	2026-10-08
OrdemServico	PRJ_FRENTE_VERSO	Frente/Verso	String	DropDownList	CPE_PRJ_BB	PRJ_FRENTE_VERSO		Nao	producao	2026-10-08
OrdemServico	PRJ_FUNCAO	Função	String	TextBox	CPE_PRJ_BB	PRJ_FUNCAO		Nao	producao	2026-10-08
OrdemServico	PRJ_ID_AG_BANCARIA	ID Agência Bancária	String	TextBox	CPE_PRJ_BB	PRJ_ID_AG_BANCARIA		Nao	producao	2026-10-08
OrdemServico	PRJ_ID_BANCO	ID Banco	String	TextBox	CPE_PRJ_BB	PRJ_ID_BANCO		Nao	producao	2026-10-08
OrdemServico	PRJ_ID_BANCO_ORIGEM	ID Banco De Origem	String	DropDownList	CPE_PRJ_BB	PRJ_ID_BANCO_ORIGEM		Nao	producao	2026-10-08
OrdemServico	PRJ_ID_ESTABELEC_CAMPO	ID Estabelecimento	Integer	TextBox	CPE_PRJ_BB	PRJ_ID_ESTABELEC_CAMPO		Nao	producao	2026-10-08
OrdemServico	PRJ_ID_ESTABELEC_LISTA	ID Estabelecimento	Integer	DropDownList	CPE_PRJ_BB	PRJ_ID_ESTABELEC_LISTA		Nao	producao	2026-10-08
OrdemServico	PRJ_INFORMATICO	Informativo	String	Label	CPE_PRJ_BB	PRJ_INFORMATICO		Nao	producao	2026-10-08
OrdemServico	PRJ_INFO_ADIC	Informações adicionais	String	Memo	CPE_PRJ_BB	PRJ_INFO_ADIC	2000	Nao	producao	2026-10-08
OrdemServico	PRJ_LABEL_1	Informativo	String	Label	CPE_PRJ_BB	PRJ_LABEL_1	2000	Nao	producao	2026-10-08
OrdemServico	PRJ_LOCAL_BAIRRO	Bairro	String	TextBox	CPE_PRJ_BB	PRJ_LOCAL_BAIRRO		Nao	producao	2026-10-08
OrdemServico	PRJ_LOCAL_CIDADE	Cidade	String	DropDownList	CPE_PRJ_BB	PRJ_LOCAL_CIDADE		Nao	producao	2026-10-08
OrdemServico	PRJ_LOCAL_CNPJ	Localidade do CNPJ	String	TextBox	CPE_PRJ_BB	PRJ_LOCAL_CNPJ		Nao	producao	2026-10-08
OrdemServico	PRJ_LOCAL_COD_IDIOMA	Código do Idioma	String	DropDownList	CPE_PRJ_BB	PRJ_LOCAL_COD_IDIOMA		Nao	producao	2026-10-08
OrdemServico	PRJ_LOCAL_COMPLEMENTO	Complemento	String	TextBox	CPE_PRJ_BB	PRJ_LOCAL_COMPLEMENTO		Nao	producao	2026-10-08
OrdemServico	PRJ_LOCAL_COMPLEMENTO2	Complemento 2	String	TextBox	CPE_PRJ_BB	PRJ_LOCAL_COMPLEMENTO2		Nao	producao	2026-10-08
OrdemServico	PRJ_LOCAL_DATA_EFETIVA	Data Efetiva	DateTime	DatePicker	CPE_PRJ_BB	PRJ_LOCAL_DATA_EFETIVA		Nao	producao	2026-10-08
OrdemServico	PRJ_LOCAL_DESCRCAO	Descrição	String	Memo	CPE_PRJ_BB	PRJ_LOCAL_DESCRCAO		Nao	producao	2026-10-08
OrdemServico	PRJ_LOCAL_DESC_CURTA	Descrição Curta	String	TextBox	CPE_PRJ_BB	PRJ_LOCAL_DESC_CURTA		Nao	producao	2026-10-08
OrdemServico	PRJ_LOCAL_EDIFICIO	Edifício	String	TextBox	CPE_PRJ_BB	PRJ_LOCAL_EDIFICIO		Nao	producao	2026-10-08
OrdemServico	PRJ_LOCAL_ENTG_RET	Local de Entrega/Retirada	String	Memo	CPE_PRJ_BB	PRJ_LOCAL_ENTG_RET		Nao	producao	2026-10-08
OrdemServico	PRJ_LOCAL_ESTADO	Estado	String	DropDownList	CPE_PRJ_BB	PRJ_LOCAL_ESTADO		Nao	producao	2026-10-08
OrdemServico	PRJ_LOCAL_ID_SET	ID Set	String	DropDownList	CPE_PRJ_BB	PRJ_LOCAL_ID_SET		Nao	producao	2026-10-08
OrdemServico	PRJ_LOCAL_ID_SET_LISTA	ID Set	Integer	DropDownList	CPE_PRJ_BB	PRJ_LOCAL_ID_SET_LISTA		Nao	producao	2026-10-08
OrdemServico	PRJ_LOCAL_LOGRADOURO	Logradouro	String	TextBox	CPE_PRJ_BB	PRJ_LOCAL_LOGRADOURO		Nao	producao	2026-10-08
OrdemServico	PRJ_LOCAL_NUMERO	Número	String	TextBox	CPE_PRJ_BB	PRJ_LOCAL_NUMERO		Nao	producao	2026-10-08
OrdemServico	PRJ_LOCAL_NUMERO_EDIFICIO	Número do Andar	String	TextBox	CPE_PRJ_BB	PRJ_LOCAL_NUMERO_EDIFICIO		Nao	producao	2026-10-08
OrdemServico	PRJ_LOCAL_PAGAMENTO	Local para Pagamento	String	Memo	CPE_PRJ_BB	PRJ_LOCAL_PAGAMENTO	2000	Nao	producao	2026-10-08
OrdemServico	PRJ_LOCAL_PAIS	País	String	DropDownList	CPE_PRJ_BB	PRJ_LOCAL_PAIS		Nao	producao	2026-10-08
OrdemServico	PRJ_LOCAL_SERVICO	Local de realização do serviço	String	Memo	CPE_PRJ_BB	PRJ_LOCAL_SERVICO		Nao	producao	2026-10-08
OrdemServico	PRJ_LOCAL_STATUS	Status	String	DropDownList	CPE_PRJ_BB	PRJ_LOCAL_STATUS		Nao	producao	2026-10-08
OrdemServico	PRJ_LOCAL_TIPO_LOCAL	Tipo de Local	String	DropDownList	CPE_PRJ_BB	PRJ_LOCAL_TIPO_LOCAL		Nao	producao	2026-10-08
OrdemServico	PRJ_LOGRADOURO	Logradouro	String	TextBox	CPE_PRJ_BB	PRJ_LOGRADOURO		Nao	producao	2026-10-08
OrdemServico	PRJ_MATRICULA	Matrícula	Integer	TextBox	CPE_PRJ_BB	PRJ_MATRICULA		Nao	producao	2026-10-08
OrdemServico	PRJ_MATRIZ	Matriz	Boolean	CheckBox	CPE_PRJ_BB	PRJ_MATRIZ		Nao	producao	2026-10-08
OrdemServico	PRJ_MODALIDADE_SEDEX	Modalidade de Sedex	String	TextBox	CPE_PRJ_BB	PRJ_MODALIDADE_SEDEX		Nao	producao	2026-10-08
OrdemServico	PRJ_NOME	Executor do Serviço	String	TextBox	CPE_PRJ_BB	PRJ_NOME		Nao	producao	2026-10-08
OrdemServico	PRJ_NOME_FORNECEDOR	Nome do fornecedor da OC Master	String	TextBox	CPE_PRJ_BB	PRJ_NOME_FORNECEDOR		Nao	producao	2026-10-08
OrdemServico	PRJ_NOME_TRANSPORT	Nome da transportadora	String	TextBox	CPE_PRJ_BB	PRJ_NOME_TRANSPORT		Nao	producao	2026-10-08
OrdemServico	PRJ_NUMERO	Número	Integer	TextBox	CPE_PRJ_BB	PRJ_NUMERO		Nao	producao	2026-10-08
OrdemServico	PRJ_NUMERO_ANDAR	Número do Andar	String	TextBox	CPE_PRJ_BB	PRJ_NUMERO_ANDAR		Nao	producao	2026-10-08
OrdemServico	PRJ_NUMERO_OC	OC Master	Integer	TextBox	CPE_PRJ_BB	PRJ_NUMERO_OC		Nao	producao	2026-10-08
OrdemServico	PRJ_NUM_ATA	Número da Ata	String	TextBox	CPE_PRJ_BB	PRJ_NUM_ATA		Nao	producao	2026-10-08
OrdemServico	PRJ_NUM_ENVELOPES	Número de Envelopes	Integer	TextBox	CPE_PRJ_BB	PRJ_NUM_ENVELOPES		Nao	producao	2026-10-08
OrdemServico	PRJ_NUM_NOTA_TECNICA	Número da Nota Técnica	String	TextBox	CPE_PRJ_BB	PRJ_NUM_NOTA_TECNICA		Nao	producao	2026-10-08
OrdemServico	PRJ_OBJETO	Objeto	String	Memo	CPE_PRJ_BB	PRJ_OBJETO	1999	Nao	producao	2026-10-08
OrdemServico	PRJ_OBS	Observação	String	Memo	CPE_PRJ_BB	PRJ_OBS		Nao	producao	2026-10-08
OrdemServico	PRJ_OBSERVACAO	Observações gerais	String	Memo	CPE_PRJ_BB	PRJ_OBSERVACAO	2000	Nao	producao	2026-10-08
OrdemServico	PRJ_OBS_AGUARDAR_CONF	Observação aguardar confecção	String	Memo	CPE_PRJ_BB	PRJ_OBS_AGUARDAR_CONF		Nao	producao	2026-10-08
OrdemServico	PRJ_OBS_ANALISE	Observação da análise	String	Memo	CPE_PRJ_BB	PRJ_OBS_ANALISE	2000	Nao	producao	2026-10-08
OrdemServico	PRJ_OBS_CONFEC	Observação Confecção	String	Memo	CPE_PRJ_BB	PRJ_OBS_CONFEC	2000	Nao	producao	2026-10-08
OrdemServico	PRJ_OBS_ENTREGA	Observação de entrega	String	Memo	CPE_PRJ_BB	PRJ_OBS_ENTREGA	2000	Nao	producao	2026-10-08
OrdemServico	PRJ_OBS_SERVICO	Observação do serviço	String	Memo	CPE_PRJ_BB	PRJ_OBS_SERVICO	2000	Nao	producao	2026-10-08
OrdemServico	PRJ_OBS_VALIDACAO	Observação Validação	String	Memo	CPE_PRJ_BB	PRJ_OBS_VALIDACAO	2000	Nao	producao	2026-10-08
OrdemServico	PRJ_ORIGEM_ITEM	Origem do Item	String	DropDownList	CPE_PRJ_BB	PRJ_ORIGEM_ITEM		Nao	producao	2026-10-08
OrdemServico	PRJ_PAIS	País	String	DropDownList	CPE_PRJ_BB	PRJ_PAIS		Nao	producao	2026-10-08
OrdemServico	PRJ_PATRIMONIADO	Patrimoniado	String	DropDownList	CPE_PRJ_BB	PRJ_PATRIMONIADO		Nao	producao	2026-10-08
OrdemServico	PRJ_PLANEJADOR	Planejador	String	DropDownList	CPE_PRJ_BB	PRJ_PLANEJADOR		Nao	producao	2026-10-08
OrdemServico	PRJ_QDT_FOLHAS_UNI	Quantidade de Folhas por Unidade	Integer	TextBox	CPE_PRJ_BB	PRJ_QDT_FOLHAS_UNI		Nao	producao	2026-10-08
OrdemServico	PRJ_QTD	Quantidade Solicitada	Integer	TextBox	CPE_PRJ_BB	PRJ_QTD		Nao	producao	2026-10-08
OrdemServico	PRJ_QTD_COPIAS	Número de Cópias (para cada página)	String	TextBox	CPE_PRJ_BB	PRJ_QTD_COPIAS		Nao	producao	2026-10-08
OrdemServico	PRJ_QTD_PAG_ORI	Número de Originais (Quantidade de Páginas)	Integer	TextBox	CPE_PRJ_BB	PRJ_QTD_PAG_ORI		Nao	producao	2026-10-08
OrdemServico	PRJ_RC	ID da RC gerada pelo módulo PO	Integer	TextBox	CPE_PRJ_BB	PRJ_RC		Nao	producao	2026-10-08
OrdemServico	PRJ_RESP_FORNEC	Responsável no fornecedor	String	TextBox	CPE_PRJ_BB	PRJ_RESP_FORNEC		Nao	producao	2026-10-08
OrdemServico	PRJ_SCR	SCR	Integer	DropDownList	CPE_PRJ_BB	PRJ_SCR		Nao	producao	2026-10-08
OrdemServico	PRJ_SCR_DESTINATARIO	SCR / Descrição/ Localidade Destinatário	String	TextBox	CPE_PRJ_BB	PRJ_SCR_DESTINATARIO		Nao	producao	2026-10-08
OrdemServico	PRJ_SCR_REMETENTE	SCR / Descrição/ Localidade Remetente	String	TextBox	CPE_PRJ_BB	PRJ_SCR_REMETENTE		Nao	producao	2026-10-08
OrdemServico	PRJ_SRC_USUARIO	SRC/Descrição/Localidade	String	TextBox	CPE_PRJ_BB	PRJ_SRC_USUARIO		Nao	producao	2026-10-08
OrdemServico	PRJ_STATUS	Status	String	DropDownList	CPE_PRJ_BB	PRJ_STATUS		Nao	producao	2026-10-08
OrdemServico	PRJ_TELEFONE	Telefone	String	TextBox	CPE_PRJ_BB	PRJ_TELEFONE		Nao	producao	2026-10-08
OrdemServico	PRJ_TERMO_COMPROMISSO_1	Termo Compromisso	Boolean	CheckBox	CPE_PRJ_BB	PRJ_TERMO_COMPROMISSO_1		Nao	producao	2026-10-08
OrdemServico	PRJ_TERMO_COMPROMISSO_2	Termo Compromisso	Boolean	CheckBox	CPE_PRJ_BB	PRJ_TERMO_COMPROMISSO_2		Nao	producao	2026-10-08
OrdemServico	PRJ_TIPO_APROVACAO	Tipo de Aprovação	String	DropDownList	CPE_PRJ_BB	PRJ_TIPO_APROVACAO		Nao	producao	2026-10-08
OrdemServico	PRJ_TIPO_CONSREG	Tipo de consulta ou resgate	String	DropDownList	CPE_PRJ_BB	PRJ_TIPO_CONSREG		Nao	producao	2026-10-08
OrdemServico	PRJ_TIPO_DE_ABERTURA	Tipo de Abertura	String	DropDownList	CPE_PRJ_BB	PRJ_TIPO_DE_ABERTURA		Nao	producao	2026-10-08
OrdemServico	PRJ_TIPO_DE_LOCAL	Tipo de Local - Dados	Integer	DropDownList	CPE_PRJ_BB	PRJ_TIPO_DE_LOCAL		Nao	producao	2026-10-08
OrdemServico	PRJ_TIPO_ENCADERNACAO	Tipo de Encadernação	String	DropDownList	CPE_PRJ_BB	PRJ_TIPO_ENCADERNACAO		Nao	producao	2026-10-08
OrdemServico	PRJ_TIPO_INSCRICAO	Tipo Inscrição	Integer	DropDownList	CPE_PRJ_BB	PRJ_TIPO_INSCRICAO		Nao	producao	2026-10-08
OrdemServico	PRJ_TIPO_ITEM	Tipo do Item	String	DropDownList	CPE_PRJ_BB	PRJ_TIPO_ITEM		Nao	producao	2026-10-08
OrdemServico	PRJ_TIPO_LOCAL_ESTABELEC	Tipo de Local	String	DropDownList	CPE_PRJ_BB	PRJ_TIPO_LOCAL_ESTABELEC		Nao	producao	2026-10-08
OrdemServico	PRJ_TIPO_PAPEL	Tipo de Papel	String	DropDownList	CPE_PRJ_BB	PRJ_TIPO_PAPEL		Nao	producao	2026-10-08
OrdemServico	PRJ_TIPO_SERVICO	Tipo de solicitação	String	DropDownList	CPE_PRJ_BB	PRJ_TIPO_SERVICO		Nao	producao	2026-10-08
OrdemServico	PRJ_TIPO_SERVICOV10	Tipo de solicitação	String	DropDownList	CPE_PRJ_BB	PRJ_TIPO_SERVICOV10		Nao	producao	2026-10-08
OrdemServico	PRJ_TIPO_SERV_EXTERNOS	Tipo de Serviço	String	DropDownList	CPE_PRJ_BB	PRJ_TIPO_SERV_EXTERNOS		Nao	producao	2026-10-08
OrdemServico	PRJ_TIPO_SOLICITACAO	Tipo de solicitação	String	DropDownList	CPE_PRJ_BB	PRJ_TIPO_SOLICITACAO		Nao	producao	2026-10-08
OrdemServico	PRJ_T_SOLIC_ESTAC	Tipo de Solicitação	String	DropDownList	CPE_PRJ_BB	PRJ_T_SOLIC_ESTAC		Nao	producao	2026-10-08
OrdemServico	PRJ_UNIDADE	Unidade	Integer	TextBox	CPE_PRJ_BB	PRJ_UNIDADE		Nao	producao	2026-10-08
OrdemServico	PRJ_UNI_MEDIDA	Unidade de Medida	String	DropDownList	CPE_PRJ_BB	PRJ_UNI_MEDIDA		Nao	producao	2026-10-08
OrdemServico	PRJ_VALOR	Valor	Decimal	TextBox	CPE_PRJ_BB	PRJ_VALOR		Nao	producao	2026-10-08
OrdemServico	PRJ_VALOR_ENCAMINHADO	Valor encaminhado	Decimal	TextBox	CPE_PRJ_BB	PRJ_VALOR_ENCAMINHADO		Nao	producao	2026-10-08
OrdemServico	PRJ_VALOR_SER_PAGO	Valor a ser pago	Decimal	TextBox	CPE_PRJ_BB	PRJ_VALOR_SER_PAGO		Nao	producao	2026-10-08
OrdemServico	PRJ_VARIAVEL	Variável	String	TextBox	CPE_PRJ_BB	PRJ_VARIAVEL		Nao	producao	2026-10-08
OrdemServico	PRJ_VIGENCIA_CONTRATO	Data de vigência do contrato	DateTime	DatePicker	CPE_PRJ_BB	PRJ_VIGENCIA_CONTRATO		Nao	producao	2026-10-08
OrdemServico	QTD_POSTAGENS	Quantidade de envios para postagem	Integer	TextBox	CPE_PRJ_BB	QTD_POSTAGENS		Nao	producao	2026-10-08
OrdemServico	TIPO_SERVICO_REPRO	Tipo de Serviço	String	DropDownList	CPE_PRJ_BB	TIPO_SERVICO_REPRO		Nao	producao	2026-10-08
OrdemServico	VALORTOTALPB	Valor Total	Decimal	TextBox	CPE_PRJ_BB	VALORTOTALPB		Nao	producao	2026-10-08
OrdemServico	EMPDIRETORIA	Empregados da Diretoria	String	DropDownList	CPE_RECONHECER	EMPDIRETORIA		Nao	producao	2026-10-08
OrdemServico	EMPGEREXEC	Empregados da Gerência Executiva	String	DropDownList	CPE_RECONHECER	EMPGEREXEC		Nao	producao	2026-10-08
OrdemServico	JUSTIFDIRETORIA	Justificativa da escolha	String	Memo	CPE_RECONHECER	JUSTIFDIRETORIA	2000	Nao	producao	2026-10-08
OrdemServico	JUSTIFGEREXEC	Justificativa da escolha	String	Memo	CPE_RECONHECER	JUSTIFGEREXEC	2000	Nao	producao	2026-10-08
OrdemServico	NIVEL_CERTIFICACAO	NIVEL_CERTIFICACAO	String	DropDownList	CPE_RECONHECER	NIVEL_CERTIFICACAO		Nao	producao	2026-10-08
OrdemServico	UOR1	UOR do indicado 1	String	TextBox	CPE_RECONHECER	UOR1		Nao	producao	2026-10-08
OrdemServico	UOR2	UOR do indicado 2	String	TextBox	CPE_RECONHECER	UOR2		Nao	producao	2026-10-08
OrdemServico	UORDIRETORIA1	UOR da Diretoria do indicado 1	String	TextBox	CPE_RECONHECER	UORDIRETORIA1		Nao	producao	2026-10-08
OrdemServico	UORDIRETORIA2	UOR da Diretoria do indicado 2	String	TextBox	CPE_RECONHECER	UORDIRETORIA2		Nao	producao	2026-10-08
OrdemServico	UOREXECUTIVA1	UOR da Gerência Executiva do indicado 1	String	TextBox	CPE_RECONHECER	UOREXECUTIVA1		Nao	producao	2026-10-08
OrdemServico	UOREXECUTIVA2	UOR da Gerência Executiva do indicado 2	String	TextBox	CPE_RECONHECER	UOREXECUTIVA2		Nao	producao	2026-10-08
OrdemServico	PCMSO_AFAST_DEFERIDO	Afastamento Deferido?	String	DropDownList	CPE_SAUDE_OCUPACIONAL	PCMSO_AFAST_DEFERIDO		Nao	producao	2026-10-08
OrdemServico	PCMSO_AMAMENTACAO_15D	Licença amamentação (15 dias de prorrogação após o término da licença maternidade cidadã )	Boolean	CheckBox	CPE_SAUDE_OCUPACIONAL	PCMSO_AMAMENTACAO_15D		Nao	producao	2026-10-08
OrdemServico	PCMSO_AMAMENTACAO_1H	Licença amamentação (1 hora de abono durante 6 meses após o término da maternidade cidadã)	Boolean	CheckBox	CPE_SAUDE_OCUPACIONAL	PCMSO_AMAMENTACAO_1H		Nao	producao	2026-10-08
OrdemServico	PCMSO_APTO	Apto para o Trabalho?	String	DropDownList	CPE_SAUDE_OCUPACIONAL	PCMSO_APTO		Nao	producao	2026-10-08
OrdemServico	PCMSO_DATA_APOSENT	Data Aposentadoria	DateTime	DatePicker	CPE_SAUDE_OCUPACIONAL	PCMSO_DATA_APOSENT		Nao	producao	2026-10-08
OrdemServico	PCMSO_DATA_AVALIACAO	Data da Avaliação Médica	DateTime	DatePicker	CPE_SAUDE_OCUPACIONAL	PCMSO_DATA_AVALIACAO		Nao	producao	2026-10-08
OrdemServico	PCMSO_DATA_PERICIA	Data da Perícia	DateTime	DatePicker	CPE_SAUDE_OCUPACIONAL	PCMSO_DATA_PERICIA		Nao	producao	2026-10-08
OrdemServico	PCMSO_DATA_RETORNO	Data Retorno	DateTime	DatePicker	CPE_SAUDE_OCUPACIONAL	PCMSO_DATA_RETORNO		Nao	producao	2026-10-08
OrdemServico	PCMSO_DATA_RETORNO_AVALIACAO	Data Retorno	DateTime	DatePicker	CPE_SAUDE_OCUPACIONAL	PCMSO_DATA_RETORNO_AVALIACAO		Nao	producao	2026-10-08
OrdemServico	PCMSO_DATA_RETORNO_PREVISTO	Data Retorno Previsto	DateTime	DatePicker	CPE_SAUDE_OCUPACIONAL	PCMSO_DATA_RETORNO_PREVISTO		Nao	producao	2026-10-08
OrdemServico	PCMSO_DEFERIDO	Benefício Deferido?	String	DropDownList	CPE_SAUDE_OCUPACIONAL	PCMSO_DEFERIDO		Nao	producao	2026-10-08
OrdemServico	PCMSO_DOC_CONFORME	Documentação conforme?	String	DropDownList	CPE_SAUDE_OCUPACIONAL	PCMSO_DOC_CONFORME		Nao	producao	2026-10-08
OrdemServico	PCMSO_EMAIL_PARTICULAR	E-mail Particular	String	TextBox	CPE_SAUDE_OCUPACIONAL	PCMSO_EMAIL_PARTICULAR		Nao	producao	2026-10-08
OrdemServico	PCMSO_ENDERECO_AVALIACAO	Endereço da Avaliação Médica	String	Memo	CPE_SAUDE_OCUPACIONAL	PCMSO_ENDERECO_AVALIACAO		Nao	producao	2026-10-08
OrdemServico	PCMSO_ENDERECO_PERICIA	Endereço da Perícia	String	Memo	CPE_SAUDE_OCUPACIONAL	PCMSO_ENDERECO_PERICIA		Nao	producao	2026-10-08
OrdemServico	PCMSO_HORA_AVALIACAO	Hora da Avaliação Médica	String	TextBox	CPE_SAUDE_OCUPACIONAL	PCMSO_HORA_AVALIACAO		Nao	producao	2026-10-08
OrdemServico	PCMSO_HORA_PERICIA	Hora da Perícia	String	TextBox	CPE_SAUDE_OCUPACIONAL	PCMSO_HORA_PERICIA		Nao	producao	2026-10-08
OrdemServico	PCMSO_LOCAL_AVALIACAO	Local da Avaliação Médica	String	TextBox	CPE_SAUDE_OCUPACIONAL	PCMSO_LOCAL_AVALIACAO		Nao	producao	2026-10-08
OrdemServico	PCMSO_LOCAL_PERICIA	Local da Perícia	String	TextBox	CPE_SAUDE_OCUPACIONAL	PCMSO_LOCAL_PERICIA		Nao	producao	2026-10-08
OrdemServico	PCMSO_MATRICULA	Matrícula	String	TextBox	CPE_SAUDE_OCUPACIONAL	PCMSO_MATRICULA		Nao	producao	2026-10-08
OrdemServico	PCMSO_NOME_CLINICA	Nome da Clínica	String	TextBox	CPE_SAUDE_OCUPACIONAL	PCMSO_NOME_CLINICA		Nao	producao	2026-10-08
OrdemServico	PCMSO_OBSERVACAO_AVALIACAO	Observação	String	Memo	CPE_SAUDE_OCUPACIONAL	PCMSO_OBSERVACAO_AVALIACAO		Nao	producao	2026-10-08
OrdemServico	PCMSO_OBSERVACAO_PERICIA	Observação	String	Memo	CPE_SAUDE_OCUPACIONAL	PCMSO_OBSERVACAO_PERICIA		Nao	producao	2026-10-08
OrdemServico	PCMSO_RECURSO	Solicitará Recursos?	String	DropDownList	CPE_SAUDE_OCUPACIONAL	PCMSO_RECURSO		Nao	producao	2026-10-08
OrdemServico	PCMSO_TELEFONE_PARTICULAR	Telefone particular para contato	String	TextBox	CPE_SAUDE_OCUPACIONAL	PCMSO_TELEFONE_PARTICULAR		Nao	producao	2026-10-08
OrdemServico	CEP_	CEP	String	TextBox	CPE_TIP_SOL01	CEP_		Nao	producao	2026-10-08
OrdemServico	CHECK BOX	Check Box	String	DropDownList	CPE_TIP_SOL01	CHECK_BOX	500	Nao	producao	2026-10-08
OrdemServico	CHECKLIST_APROVADO	CheckList_Aplicado_OC	String	DropDownList	CPE_TIP_SOL01	CHECKLIST_APROVADO		Nao	producao	2026-10-08
OrdemServico	CHECKLIST_APROVADO_2_VEZ	CheckList_Aprovado_2_Vez	String	DropDownList	CPE_TIP_SOL01	CHECKLIST_APROVADO_2_VEZ		Nao	producao	2026-10-08
OrdemServico	CHECKLIST_RESULTADO	CheckList_Resultado	String	TextBox	CPE_TIP_SOL01	CHECKLIST_RESULTADO		Nao	producao	2026-10-08
OrdemServico	CHECKLIST_RESULTADO_2_VEZ	CheckList_Resultado_2_Vez	String	TextBox	CPE_TIP_SOL01	CHECKLIST_RESULTADO_2_VEZ		Nao	producao	2026-10-08
OrdemServico	CONS_NOTA_FISCAL_TIPO_	A nota fiscal é de	String	DropDownList	CPE_TIP_SOL01	CONS_NOTA_FISCAL_TIPO_		Nao	producao	2026-10-08
OrdemServico	CONTRATO_CLIENTE_FORNECEDOR	O contrato é com cliente ou fornecedor?	String	DropDownList	CPE_TIP_SOL01	CONTRATO_CLIENTE_FORNECEDOR		Nao	producao	2026-10-08
OrdemServico	DESTINACAO_PRODUTO_CONS	Destinação do Produto Fisco Tributario	String	DropDownList	CPE_TIP_SOL01	DESTINACAO_PRODUTO_CONS		Nao	producao	2026-10-08
OrdemServico	ENDERECO_	Endereço:	String	Memo	CPE_TIP_SOL01	ENDERECO_		Nao	producao	2026-10-08
OrdemServico	ENVIO_EMAIL_TODOSCOLABORADORES	Envio de Email para os colaboradores	String	DropDownList	CPE_TIP_SOL01	ENVIO_EMAIL_TODOSCOLABORADORES		Nao	producao	2026-10-08
OrdemServico	NOME_UNIDADE	Nome da Unidade ou Localidade	String	TextBox	CPE_TIP_SOL01	NOME_UNIDADE		Nao	producao	2026-10-08
OrdemServico	SERVICO_PRODUTO_CONS	A importação é de serviço ou de Produto	String	DropDownList	CPE_TIP_SOL01	SERVICO_PRODUTO_CONS		Nao	producao	2026-10-08
OrdemServico	TIPO_ATIVIDADE_COMUNICACAO	TIPO DE ATIVIDADE COMUNICAÇÃO	String	DropDownList	CPE_TIP_SOL01	TIPO_ATIVIDADE_COMUNICACAO		Nao	producao	2026-10-08
OrdemServico	TIPO_ATIVIDADE_COMUNICACAO2	TIPO DE ATIVIDADE DE COMUNICACAO2	String	DropDownList	CPE_TIP_SOL01	TIPO_ATIVIDADE_COMUNICACAO2		Nao	producao	2026-10-08
OrdemServico	TIPO_ATIVIDADE_COMUNICACAO4	TIPO DE ATIVIDADE DE COMUNICACAO4	String	DropDownList	CPE_TIP_SOL01	TIPO_ATIVIDADE_COMUNICACAO4		Nao	producao	2026-10-08
OrdemServico	TIPO_UNIDADE	Tipo da Unidade	String	DropDownList	CPE_TIP_SOL01	TIPO_UNIDADE		Nao	producao	2026-10-08
OrdemServico	TIP_SOL001	Tipo de Solicitação	String	DropDownList	CPE_TIP_SOL01	TIP_SOL001		Nao	producao	2026-10-08
OrdemServico	VALOR RESIDUAL TOTAL	Valor Residual Total	String	TextBox	CPE_TIP_SOL01	VALOR_RESIDUAL_TOTAL		Nao	producao	2026-10-08
OrdemServico	VALOR_LIMITE_ATUAL	Valor do limite atual (R$)	String	TextBox	CPE_TIP_SOL01	VALOR_LIMITE_ATUAL		Nao	producao	2026-10-08
OrdemServico	VALOR_NOVO_LIMITE	Valor do novo limitel (R$)	String	TextBox	CPE_TIP_SOL01	VALOR_NOVO_LIMITE		Nao	producao	2026-10-08
OrdemServico	ABRANGENCIA_DOD	Qual a abrangência do projeto?	String	DropDownList	CP_ORDEM_SERVICO	ABRANGENCIA_DOD		Nao	producao	2026-10-08
OrdemServico	ABRANGENCIA_DOD_V2	Qual a abrangência do projeto?	String	DropDownList	CP_ORDEM_SERVICO	ABRANGENCIA_DOD_V2		Nao	producao	2026-10-08
OrdemServico	ACAO_EC	Ação da estratégia corporativa	String	DropDownList	CP_ORDEM_SERVICO	ACAO_EC		Nao	producao	2026-10-08
OrdemServico	ACAO_TOMADA	Ação a ser tomada	String	Memo	CP_ORDEM_SERVICO	ACAO_TOMADA	2000	Nao	producao	2026-10-08
OrdemServico	ACEITE_CONSIG	Li e concordo que em caso de desligamento, incidirá o desconto de até 30% das verbas rescisórias.	Boolean	CheckBox	CP_ORDEM_SERVICO	ACEITE_CONSIG		Nao	producao	2026-10-08
OrdemServico	ACESSO CELULAR	Ligações locais - celular	Boolean	CheckBox	CP_ORDEM_SERVICO	ACESSO_CELULAR		Nao	producao	2026-10-08
OrdemServico	ACESSO DDD	DDD (Interurbano)	Boolean	CheckBox	CP_ORDEM_SERVICO	ACESSO_DDD		Nao	producao	2026-10-08
OrdemServico	ACESSO DDI	DDI (Internacional)	Boolean	CheckBox	CP_ORDEM_SERVICO	ACESSO_DDI		Nao	producao	2026-10-08
OrdemServico	ACESSO FIXO	Ligações locais - fixo	Boolean	CheckBox	CP_ORDEM_SERVICO	ACESSO_FIXO		Nao	producao	2026-10-08
OrdemServico	ACESSO RAMAL	Ramal interno	Boolean	CheckBox	CP_ORDEM_SERVICO	ACESSO_RAMAL		Nao	producao	2026-10-08
OrdemServico	ACESSO TELEFONIA	Acesso a telefonia	Boolean	CheckBox	CP_ORDEM_SERVICO	ACESSO_TELEFONIA		Nao	producao	2026-10-08
OrdemServico	ACOES_IMPLE	Ações a implementar	String	Memo	CP_ORDEM_SERVICO	ACOES_IMPLE	2000	Nao	producao	2026-10-08
OrdemServico	AGENCIA	Agência	String	TextBox	CP_ORDEM_SERVICO	AGENCIA		Nao	producao	2026-10-08
OrdemServico	ALCADA_ESTATUTARIO	Instrumento com a alçada e competência dos representantes estatutários	Boolean	CheckBox	CP_ORDEM_SERVICO	ALCADA_ESTATUTARIO		Nao	producao	2026-10-08
OrdemServico	ALCADA_SUFICIENTE	Alçada de aprovação foi suficiente?	String	DropDownList	CP_ORDEM_SERVICO	ALCADA_SUFICIENTE		Nao	producao	2026-10-08
OrdemServico	ALINHAMENTO_DOD	Alinhado a estratégia da empresa?	String	DropDownList	CP_ORDEM_SERVICO	ALINHAMENTO_DOD		Nao	producao	2026-10-08
OrdemServico	ALINHAMENTO_DOD_V2	A solicitação é para atender uma estratégia corporativa da BBTS?	String	DropDownList	CP_ORDEM_SERVICO	ALINHAMENTO_DOD_V2		Nao	producao	2026-10-08
OrdemServico	ALINHAMENTO_ESTRATEGICO_DOD	Alinhamento Estratégico	String	Memo	CP_ORDEM_SERVICO	ALINHAMENTO_ESTRATEGICO_DOD	2000	Nao	producao	2026-10-08
OrdemServico	ALTERADO_AMIL	Alterado	String	DropDownList	CP_ORDEM_SERVICO	ALTERADO_AMIL		Nao	producao	2026-10-08
OrdemServico	ALTERADO_SAUDE	Alterado	String	DropDownList	CP_ORDEM_SERVICO	ALTERADO_SAUDE		Nao	producao	2026-10-08
OrdemServico	ALT_SCR	Descrição detalhada	String	Memo	CP_ORDEM_SERVICO	ALT_SCR		Nao	producao	2026-10-08
OrdemServico	AMBIENTE	Tipo de Ambiente	String	DropDownList	CP_ORDEM_SERVICO	AMBIENTE		Nao	producao	2026-10-08
OrdemServico	ANALISE_IMPACTO	Análise de Impacto	String	Memo	CP_ORDEM_SERVICO	ANALISE_IMPACTO		Nao	producao	2026-10-08
OrdemServico	ANALISE_SOLICITACAO	Resumo da Análise	String	Memo	CP_ORDEM_SERVICO	ANALISE_SOLICITACAO		Nao	producao	2026-10-08
OrdemServico	ANO	Ano	Integer	TextBox	CP_ORDEM_SERVICO	ANO	4	Nao	producao	2026-10-08
OrdemServico	ANO_FIM	Ano Fim	String	TextBox	CP_ORDEM_SERVICO	ANO_FIM	4	Nao	producao	2026-10-08
OrdemServico	ANO_INICIO	Ano Início	String	TextBox	CP_ORDEM_SERVICO	ANO_INICIO	4	Nao	producao	2026-10-08
OrdemServico	ANS_DIAS	ANS (dias)	String	TextBox	CP_ORDEM_SERVICO	ANS_DIAS	10	Nao	producao	2026-10-08
OrdemServico	ANS_MIN	ANS (minutos)	Integer	TextBox	CP_ORDEM_SERVICO	ANS_MIN	10	Nao	producao	2026-10-08
OrdemServico	APLICACAO	Aplicação que será bloqueada	String	TextBox	CP_ORDEM_SERVICO	APLICACAO		Nao	producao	2026-10-08
OrdemServico	APLIC_NOTES	Aplicativo Notes	String	DropDownList	CP_ORDEM_SERVICO	APLIC_NOTES		Nao	producao	2026-10-08
OrdemServico	AREA_SOL_CAIXA_DEP	Caixa Departamental da Área do Solicitante	String	DropDownList	CP_ORDEM_SERVICO	AREA_SOL_CAIXA_DEP		Nao	producao	2026-10-08
OrdemServico	ARQUIVOS	Arquivos	String	Memo	CP_ORDEM_SERVICO	ARQUIVOS		Nao	producao	2026-10-08
OrdemServico	ARQ_PASTA	Todos os arquivos da pasta	Boolean	CheckBox	CP_ORDEM_SERVICO	ARQ_PASTA		Nao	producao	2026-10-08
OrdemServico	ASSISTENCIA_TECNICA	Assistência Técnica ?	Boolean	CheckBox	CP_ORDEM_SERVICO	ASSISTENCIA_TECNICA		Nao	producao	2026-10-08
OrdemServico	ASSUNTO	Assunto do Email	String	Memo	CP_ORDEM_SERVICO	ASSUNTO	500	Nao	producao	2026-10-08
OrdemServico	ASSUNTO_DGOV	Assunto da deliberação	String	Memo	CP_ORDEM_SERVICO	ASSUNTO_DGOV	2000	Nao	producao	2026-10-08
OrdemServico	ASSUNTO_GUIA	Assunto	String	TextBox	CP_ORDEM_SERVICO	ASSUNTO_GUIA		Nao	producao	2026-10-08
OrdemServico	ATESTADO_LISTA	Lista de atestados	String	Memo	CP_ORDEM_SERVICO	ATESTADO_LISTA		Nao	producao	2026-10-08
OrdemServico	ATESTE_PRE_FATURA	Ateste Pré-fatura	Integer	TextBox	CP_ORDEM_SERVICO	ATESTE_PRE_FATURA		Nao	producao	2026-10-08
OrdemServico	ATIVA_SCR	Descrição detalhada	String	Memo	CP_ORDEM_SERVICO	ATIVA_SCR		Nao	producao	2026-10-08
OrdemServico	ATIVIDADE	Tipo de atividade	String	DropDownList	CP_ORDEM_SERVICO	ATIVIDADE		Nao	producao	2026-10-08
OrdemServico	ATIVIDADES	Atividades	String	Memo	CP_ORDEM_SERVICO	ATIVIDADES	2000	Nao	producao	2026-10-08
OrdemServico	ATIVIDADE_ECONOMICA	Atividade Econômica Princial	String	TextBox	CP_ORDEM_SERVICO	ATIVIDADE_ECONOMICA		Nao	producao	2026-10-08
OrdemServico	ATRASO	Atraso	Integer	TextBox	CP_ORDEM_SERVICO	ATRASO	10	Nao	producao	2026-10-08
OrdemServico	AUDIT	Alçada AUDIT	Boolean	CheckBox	CP_ORDEM_SERVICO	AUDIT1		Nao	producao	2026-10-08
OrdemServico	AUTOR	Autor	String	TextBox	CP_ORDEM_SERVICO	AUTOR		Nao	producao	2026-10-08
OrdemServico	AVISO	Aviso	String	Label	CP_ORDEM_SERVICO	AVISO	2000	Nao	producao	2026-10-08
OrdemServico	BAIRRO	Bairro	String	TextBox	CP_ORDEM_SERVICO	BAIRRO		Nao	producao	2026-10-08
OrdemServico	BANCO	Banco	String	TextBox	CP_ORDEM_SERVICO	BANCO		Nao	producao	2026-10-08
OrdemServico	BASE	Base	String	TextBox	CP_ORDEM_SERVICO	BASE		Nao	producao	2026-10-08
OrdemServico	BEM_LOCALIZADO	Bem Localizado?	String	DropDownList	CP_ORDEM_SERVICO	BEM_LOCALIZADO		Nao	producao	2026-10-08
OrdemServico	CAIXA_DEPARTAMENTAL	Endereço de Email da Caixa Departamental	String	TextBox	CP_ORDEM_SERVICO	CAIXA_DEPARTAMENTAL		Nao	producao	2026-10-08
OrdemServico	CARGO	Cargo	String	TextBox	CP_ORDEM_SERVICO	CARGO		Sim	producao	2026-10-08
OrdemServico	CARGOS_EDITAL	Cargos	String	DropDownList	CP_ORDEM_SERVICO	CARGOS_EDITAL		Nao	producao	2026-10-08
OrdemServico	CARGO_ATUAL	Cargo	String	TextBox	CP_ORDEM_SERVICO	CARGO_ATUAL		Nao	producao	2026-10-08
OrdemServico	CARGO_DOTA	Cargo	String	TextBox	CP_ORDEM_SERVICO	CARGO_DOTA		Nao	producao	2026-10-08
OrdemServico	CARGO_MOV	Cargo	String	DropDownList	CP_ORDEM_SERVICO	CARGO_MOV		Nao	producao	2026-10-08
OrdemServico	CARGO_PRESTA	Cargo	String	TextBox	CP_ORDEM_SERVICO	CARGO_PRESTA	300	Nao	producao	2026-10-08
OrdemServico	CAUSA_RAIZ	Causa Raiz	String	DropDownList	CP_ORDEM_SERVICO	CAUSA_RAIZ		Nao	producao	2026-10-08
OrdemServico	CELULAR	Celular	String	TextBox	CP_ORDEM_SERVICO	CELULAR		Nao	producao	2026-10-08
OrdemServico	CELULAR_DEV	Celular a ser devolvido pelo colaborador?	String	DropDownList	CP_ORDEM_SERVICO	CELULAR_DEV		Nao	producao	2026-10-08
OrdemServico	CENARIO_DOD	Cenário Atual	String	Memo	CP_ORDEM_SERVICO	CENARIO_DOD	2000	Nao	producao	2026-10-08
OrdemServico	CEP	Cep	String	TextBox	CP_ORDEM_SERVICO	CEP	10	Nao	producao	2026-10-08
OrdemServico	CEP1	CEP	String	TextBox	CP_ORDEM_SERVICO	CEP1	10	Nao	producao	2026-10-08
OrdemServico	CHAMADO	Chamado	String	DropDownList	CP_ORDEM_SERVICO	CHAMADO		Nao	producao	2026-10-08
OrdemServico	CHAMADO COBRA	Chamado Cobra	Integer	TextBox	CP_ORDEM_SERVICO	CHAMADO_COBRA	15	Nao	producao	2026-10-08
OrdemServico	CHAMADO COBRA 1	Chamado Cobra	String	TextBox	CP_ORDEM_SERVICO	CHAMADO_COBRA_1	15	Nao	producao	2026-10-08
OrdemServico	CHAMADO PARCEIRO	Chamado Parceiro	String	TextBox	CP_ORDEM_SERVICO	CHAMADO_PARCEIRO	10	Nao	producao	2026-10-08
OrdemServico	CHAMADOS_ABERTOS	Chamados abertos	Integer	TextBox	CP_ORDEM_SERVICO	CHAMADOS_ABERTOS		Nao	producao	2026-10-08
OrdemServico	CHAMADO_MULTIDATA	Número do chamado Multidata	String	TextBox	CP_ORDEM_SERVICO	CHAMADO_MULTIDATA		Nao	producao	2026-10-08
OrdemServico	CHAVE DE ACESSO SISBB	Chave de acesso SISBB	String	TextBox	CP_ORDEM_SERVICO	CHAVE_DE_ACESSO_SISBB		Nao	producao	2026-10-08
OrdemServico	CIDADE	Cidade	String	TextBox	CP_ORDEM_SERVICO	CIDADE	30	Nao	producao	2026-10-08
OrdemServico	CLASSE_USUARIO	Classe do Usuário	String	DropDownList	CP_ORDEM_SERVICO	CLASSE_USUARIO		Nao	producao	2026-10-08
OrdemServico	CLASSIFICACAO_RESPOSTA	Classificação da Resposta	String	DropDownList	CP_ORDEM_SERVICO	CLASSIFICACAO_RESPOSTA		Nao	producao	2026-10-08
OrdemServico	CLASSIFICA_NECESSIDADE	Classifique sua necessidade entre	String	DropDownList	CP_ORDEM_SERVICO	CLASSIFICA_NECESSIDADE		Nao	producao	2026-10-08
OrdemServico	CLAUSULA CONTRATUAL	Cláusula Contratual	String	Memo	CP_ORDEM_SERVICO	CLAUSULA_CONTRATUAL		Nao	producao	2026-10-08
OrdemServico	CLIENTE_INICIAL	Cliente inicial	String	TextBox	CP_ORDEM_SERVICO	CLIENTE_INICIAL		Nao	producao	2026-10-08
OrdemServico	CLIENTE_INICIAL_ID	Cliente inicial	String	TextBox	CP_ORDEM_SERVICO	CLIENTE_INICIAL_ID		Nao	producao	2026-10-08
OrdemServico	CNPJ	CNPJ	String	TextBox	CP_ORDEM_SERVICO	CNPJ		Nao	producao	2026-10-08
OrdemServico	CNPJ_FORNECEDOR	CNPJ	String	TextBox	CP_ORDEM_SERVICO	CNPJ_FORNECEDOR		Nao	producao	2026-10-08
OrdemServico	COAUD	Alçada COAUD	Boolean	CheckBox	CP_ORDEM_SERVICO	COAUD		Nao	producao	2026-10-08
OrdemServico	COD PECA CHAMADO	Código da Peça	String	TextBox	CP_ORDEM_SERVICO	COD_PECA_CHAMADO	11	Nao	producao	2026-10-08
OrdemServico	CODIGO DO EQUIPAMENTO PAI	Código do Equipamento Pai	Integer	TextBox	CP_ORDEM_SERVICO	CODIGO_DO_EQUIPAMENTO_PAI	11	Nao	producao	2026-10-08
OrdemServico	CODIGO_FUNCAO_GRATIFICADA	CODIGOS DAS FUNÇÕES GRATIFICADAS	String	DropDownList	CP_ORDEM_SERVICO	CODIGO_FUNCAO_GRATIFICADA		Nao	producao	2026-10-08
OrdemServico	COLAB_BASA	Colaborador Basa?	String	DropDownList	CP_ORDEM_SERVICO	COLAB_BASA		Nao	producao	2026-10-08
OrdemServico	COMARCA	Comarca	String	TextBox	CP_ORDEM_SERVICO	COMARCA		Nao	producao	2026-10-08
OrdemServico	COMBOBOX	Combo Box	String	DropDownList	CP_ORDEM_SERVICO	COMBOBOX	900	Nao	producao	2026-10-08
OrdemServico	COMBOBOX1	Chamado Aberto?	String	DropDownList	CP_ORDEM_SERVICO	COMBOBOX1	200	Nao	producao	2026-10-08
OrdemServico	COMENTARIO	Comentário	String	Memo	CP_ORDEM_SERVICO	COMENTARIO		Nao	producao	2026-10-08
OrdemServico	COMO_ACESSAR_HOM	Como acessar a solução em Homologação (Link e Acessos)	String	Memo	CP_ORDEM_SERVICO	COMO_ACESSAR_HOM	2000	Nao	producao	2026-10-08
OrdemServico	COMPLEXIDADE	Complexidade	String	DropDownList	CP_ORDEM_SERVICO	COMPLEXIDADE		Nao	producao	2026-10-08
OrdemServico	COMPLEXIDADE_COMPRAS	Complexidade da Tomada de Preços e Concorrência	String	DropDownList	CP_ORDEM_SERVICO	COMPLEXIDADE_COMPRAS		Nao	producao	2026-10-08
OrdemServico	COMUNICA_DOD	Há plano de comunicação para a empresa?	String	DropDownList	CP_ORDEM_SERVICO	COMUNICA_DOD		Nao	producao	2026-10-08
OrdemServico	CONAD	Alçada CONAD	Boolean	CheckBox	CP_ORDEM_SERVICO	CONAD		Nao	producao	2026-10-08
OrdemServico	CONCLUSAO_DOD	Conclusão Final	String	Memo	CP_ORDEM_SERVICO	CONCLUSAO_DOD	2000	Nao	producao	2026-10-08
OrdemServico	CONFIRMA	Estou ciente que a conta bancária não pode ser conjunta, salário e nem poupança.	String	DropDownList	CP_ORDEM_SERVICO	CONFIRMA		Nao	producao	2026-10-08
OrdemServico	CONTA_CORRENTE	Conta Corrente	String	TextBox	CP_ORDEM_SERVICO	CONTA_CORRENTE		Nao	producao	2026-10-08
OrdemServico	CONTA_DOD	Conta Contábil	String	TextBox	CP_ORDEM_SERVICO	CONTA_DOD		Nao	producao	2026-10-08
OrdemServico	CONTRATO_ANTIGO_CONSIG	Número do Contrato Antigo	String	TextBox	CP_ORDEM_SERVICO	CONTRATO_ANTIGO_CONSIG		Nao	producao	2026-10-08
OrdemServico	CONTROLE_NOVOCOLAB	Aprovação necessária?	Boolean	CheckBox	CP_ORDEM_SERVICO	CONTROLE_NOVOCOLAB		Nao	producao	2026-10-08
OrdemServico	CORIS	Alçada CORIS	Boolean	CheckBox	CP_ORDEM_SERVICO	CORIS		Nao	producao	2026-10-08
OrdemServico	CORREIO	Acesso Correio	Boolean	CheckBox	CP_ORDEM_SERVICO	CORREIO		Nao	producao	2026-10-08
OrdemServico	COR_VEICULO	Cor do Veículo	String	TextBox	CP_ORDEM_SERVICO	COR_VEICULO		Nao	producao	2026-10-08
OrdemServico	CPF	CPF	String	TextBox	CP_ORDEM_SERVICO	CPF	15	Nao	producao	2026-10-08
OrdemServico	CPF_ADMISSIONAL	CPF	String	TextBox	CP_ORDEM_SERVICO	CPF_ADMISSIONAL	12	Nao	producao	2026-10-08
OrdemServico	CRITICIDADE	Criticidade	String	DropDownList	CP_ORDEM_SERVICO	CRITICIDADE		Nao	producao	2026-10-08
OrdemServico	CRITICIDADE_ACAO	Criticidade da ação	String	DropDownList	CP_ORDEM_SERVICO	CRITICIDADE_ACAO		Nao	producao	2026-10-08
OrdemServico	CRITICIDADE_AUDIT	Criticidade	String	DropDownList	CP_ORDEM_SERVICO	CRITICIDADE_AUDIT		Nao	producao	2026-10-08
OrdemServico	CRM_CNPJ	CRM ou CNPJ	String	TextBox	CP_ORDEM_SERVICO	CRM_CNPJ		Nao	producao	2026-10-08
OrdemServico	CRUS_EMAIL	E-mail criado	String	TextBox	CP_ORDEM_SERVICO	CRUS_EMAIL		Nao	producao	2026-10-08
OrdemServico	CRUS_FORNECEDOR	Fornecedor	Integer	SearchList	CP_ORDEM_SERVICO	CRUS_FORNECEDOR		Nao	producao	2026-10-08
OrdemServico	CRUS_LOCAL	Localidade	Integer	DropDownList	CP_ORDEM_SERVICO	CRUS_LOCAL		Nao	producao	2026-10-08
OrdemServico	CRUS_NOME	Nome	String	TextBox	CP_ORDEM_SERVICO	CRUS_NOME		Nao	producao	2026-10-08
OrdemServico	CRUS_ORGAO	Área do novo colaborador	Integer	DropDownList	CP_ORDEM_SERVICO	CRUS_ORGAO		Nao	producao	2026-10-08
OrdemServico	CRUS_SNOME	Sobrenome	String	TextBox	CP_ORDEM_SERVICO	CRUS_SNOME		Nao	producao	2026-10-08
OrdemServico	CSLL	CSLL	String	DropDownList	CP_ORDEM_SERVICO	CSLL		Nao	producao	2026-10-08
OrdemServico	CT_VT	Número CT (Preenchimento apenas para Curitiba)	String	TextBox	CP_ORDEM_SERVICO	CT_VT		Nao	producao	2026-10-08
OrdemServico	CURSO	Curso	String	TextBox	CP_ORDEM_SERVICO	CURSO		Nao	producao	2026-10-08
OrdemServico	DATA DO DOCUMENTO	Data do recebimento do documento	DateTime	DatePicker	CP_ORDEM_SERVICO	DATA_DO_DOCUMENTO		Nao	producao	2026-10-08
OrdemServico	DATA RETORNO	Data de Retorno	DateTime	DatePicker	CP_ORDEM_SERVICO	DATA_RETORNO		Nao	producao	2026-10-08
OrdemServico	DATA1	Data	DateTime	DatePicker	CP_ORDEM_SERVICO	DATA1		Nao	producao	2026-10-08
OrdemServico	DATA2	Data	DateTime	DatePicker	CP_ORDEM_SERVICO	DATA2		Nao	producao	2026-10-08
OrdemServico	DATA_ADMISSAO	Data de Admissão	DateTime	DatePicker	CP_ORDEM_SERVICO	DATA_ADMISSAO		Nao	producao	2026-10-08
OrdemServico	DATA_ALOCACAO	Data prevista para alocação	DateTime	DatePicker	CP_ORDEM_SERVICO	DATA_ALOCACAO		Nao	producao	2026-10-08
OrdemServico	DATA_ALOCACAO_REQUISITOS	Data prevista para alocação - Documento de Requisitos	DateTime	DatePicker	CP_ORDEM_SERVICO	DATA_ALOCACAO_REQUISITOS		Nao	producao	2026-10-08
OrdemServico	DATA_ALOCACAO_VISAO	Data prevista para alocação - Documento de Visão	DateTime	DatePicker	CP_ORDEM_SERVICO	DATA_ALOCACAO_VISAO		Nao	producao	2026-10-08
OrdemServico	DATA_APROVACAO	Data da Aprovação	DateTime	DatePicker	CP_ORDEM_SERVICO	DATA_APROVACAO		Nao	producao	2026-10-08
OrdemServico	DATA_APROVACAO_AUDIT	Data de Aprovação da AUDIT	DateTime	DateTimePicker	CP_ORDEM_SERVICO	DATA_APROVACAO_AUDIT		Nao	producao	2026-10-08
OrdemServico	DATA_APROVACAO_PRESI	Data da aprovação do presidente	DateTime	DateTimePicker	CP_ORDEM_SERVICO	DATA_APROVACAO_PRESI		Nao	producao	2026-10-08
OrdemServico	DATA_ATIVIDADE	Data da atividade	DateTime	DatePicker	CP_ORDEM_SERVICO	DATA_ATIVIDADE		Nao	producao	2026-10-08
OrdemServico	DATA_AUX	Campo data auxiliar	DateTime	TextBox	CP_ORDEM_SERVICO	DATA_AUX		Nao	producao	2026-10-08
OrdemServico	DATA_AVAL_TRI	Última avaliação tributária	DateTime	DatePicker	CP_ORDEM_SERVICO	DATA_AVAL_TRI		Nao	producao	2026-10-08
OrdemServico	DATA_CERTAME	Data do Certame	DateTime	DatePicker	CP_ORDEM_SERVICO	DATA_CERTAME		Nao	producao	2026-10-08
OrdemServico	DATA_CRIACAO_OC	Data da Criação da OC	DateTime	DatePicker	CP_ORDEM_SERVICO	DATA_CRIACAO_OC		Nao	producao	2026-10-08
OrdemServico	DATA_DESENV	Início	DateTime	DatePicker	CP_ORDEM_SERVICO	DATA_DESENV		Nao	producao	2026-10-08
OrdemServico	DATA_DOCUMENTO	Data do documento	DateTime	DatePicker	CP_ORDEM_SERVICO	DATA_DOCUMENTO		Nao	producao	2026-10-08
OrdemServico	DATA_EFETIVACAO	Data da Efetivação	DateTime	DatePicker	CP_ORDEM_SERVICO	DATA_EFETIVACAO		Nao	producao	2026-10-08
OrdemServico	DATA_EMISSAO	Data da Emissão	DateTime	DatePicker	CP_ORDEM_SERVICO	DATA_EMISSAO		Nao	producao	2026-10-08
OrdemServico	DATA_ENCERRA	Data do encerramento	DateTime	DatePicker	CP_ORDEM_SERVICO	DATA_ENCERRA		Nao	producao	2026-10-08
OrdemServico	DATA_ENTRADA	Data/Hora de entrada	DateTime	DateTimePicker	CP_ORDEM_SERVICO	DATA_ENTRADA		Nao	producao	2026-10-08
OrdemServico	DATA_ENTREGA	Data de entrega	DateTime	DatePicker	CP_ORDEM_SERVICO	DATA_ENTREGA		Nao	producao	2026-10-08
OrdemServico	DATA_FIM	Fim	DateTime	DatePicker	CP_ORDEM_SERVICO	DATA_FIM		Nao	producao	2026-10-08
OrdemServico	DATA_FIM_ESTIMADA	Data fim estimada	DateTime	DatePicker	CP_ORDEM_SERVICO	DATA_FIM_ESTIMADA		Nao	producao	2026-10-08
OrdemServico	DATA_FIM_ESTIMADA1	Data fim estimada	DateTime	DatePicker	CP_ORDEM_SERVICO	DATA_FIM_ESTIMADA1		Nao	producao	2026-10-08
OrdemServico	DATA_FIM_REAL	Data fim real	DateTime	DateTimePicker	CP_ORDEM_SERVICO	DATA_FIM_REAL		Nao	producao	2026-10-08
OrdemServico	DATA_GEREX	Data de Aprovação da GEREX	DateTime	DateTimePicker	CP_ORDEM_SERVICO	DATA_GEREX		Nao	producao	2026-10-08
OrdemServico	DATA_HOMOLOGACAO	Data da Homologação	DateTime	DatePicker	CP_ORDEM_SERVICO	DATA_HOMOLOGACAO		Nao	producao	2026-10-08
OrdemServico	DATA_HORA	Data e Hora	DateTime	DateTimePicker	CP_ORDEM_SERVICO	DATA_HORA		Nao	producao	2026-10-08
OrdemServico	DATA_HORA_ENVIO	Data/Hora Envio	DateTime	DateTimePicker	CP_ORDEM_SERVICO	DATA_HORA_ENVIO		Nao	producao	2026-10-08
OrdemServico	DATA_INICIO	Início	DateTime	DatePicker	CP_ORDEM_SERVICO	DATA_INICIO		Nao	producao	2026-10-08
OrdemServico	DATA_INICIO_AUX	Início Auxiliar	DateTime	DatePicker	CP_ORDEM_SERVICO	DATA_INICIO_AUX		Nao	producao	2026-10-08
OrdemServico	DATA_INICIO_AUX1	Início Auxiliar	DateTime	DatePicker	CP_ORDEM_SERVICO	DATA_INICIO_AUX1		Nao	producao	2026-10-08
OrdemServico	DATA_NASCIMENTO	Data de Nascimento	DateTime	DatePicker	CP_ORDEM_SERVICO	DATA_NASCIMENTO		Nao	producao	2026-10-08
OrdemServico	DATA_NOTIFICACAO	Data da Notificação	DateTime	DatePicker	CP_ORDEM_SERVICO	DATA_NOTIFICACAO		Nao	producao	2026-10-08
OrdemServico	DATA_PAGAMENTO	Data de pagamento	DateTime	DatePicker	CP_ORDEM_SERVICO	DATA_PAGAMENTO		Nao	producao	2026-10-08
OrdemServico	DATA_PAGAMENTO_SAUDE	Data do Pagamento	DateTime	DatePicker	CP_ORDEM_SERVICO	DATA_PAGAMENTO_SAUDE		Nao	producao	2026-10-08
OrdemServico	DATA_POSSE	Data da Posse	DateTime	DatePicker	CP_ORDEM_SERVICO	DATA_POSSE		Nao	producao	2026-10-08
OrdemServico	DATA_PROCESSAMENTO_SAUDE	Data do Processamento	DateTime	DatePicker	CP_ORDEM_SERVICO	DATA_PROCESSAMENTO_SAUDE		Nao	producao	2026-10-08
OrdemServico	DATA_RESTAURACAO	Data de Restauração	DateTime	DatePicker	CP_ORDEM_SERVICO	DATA_RESTAURACAO		Nao	producao	2026-10-08
OrdemServico	DATA_RETIRADA	Data/Hora de retirada	DateTime	DateTimePicker	CP_ORDEM_SERVICO	DATA_RETIRADA		Nao	producao	2026-10-08
OrdemServico	DATA_RETORNO	Data de Retorno	DateTime	DatePicker	CP_ORDEM_SERVICO	DATA_RETORNO		Nao	producao	2026-10-08
OrdemServico	DATA_RETORNO_AFAST	Data do retorno do afastamento	DateTime	DatePicker	CP_ORDEM_SERVICO	DATA_RETORNO_AFAST		Nao	producao	2026-10-08
OrdemServico	DATA_REUNIAO	Data da reunião	DateTime	DatePicker	CP_ORDEM_SERVICO	DATA_REUNIAO		Nao	producao	2026-10-08
OrdemServico	DATA_SOLICITACAO_CONSIG	Data da Solicitação	DateTime	DatePicker	CP_ORDEM_SERVICO	DATA_SOLICITACAO_CONSIG		Nao	producao	2026-10-08
OrdemServico	DATA_VENCIMENTO	Data do Vencimento	DateTime	DatePicker	CP_ORDEM_SERVICO	DATA_VENCIMENTO		Nao	producao	2026-10-08
OrdemServico	DATA_VIABILIDADE	Data prevista para entrega da Análise da Viabilidade	DateTime	DatePicker	CP_ORDEM_SERVICO	DATA_VIABILIDADE		Nao	producao	2026-10-08
OrdemServico	DDD	Área (DDD)	String	TextBox	CP_ORDEM_SERVICO	DDD	10	Nao	producao	2026-10-08
OrdemServico	DEBITO_PID	Está ciente e concorda com descontos em folha de pagamento.	Boolean	CheckBox	CP_ORDEM_SERVICO	DEBITO_PID		Nao	producao	2026-10-08
OrdemServico	DECLARA_MATERNIDADE	Declaração da maternidade cidadã	Boolean	CheckBox	CP_ORDEM_SERVICO	DECLARA_MATERNIDADE		Nao	producao	2026-10-08
OrdemServico	DEMANDA_EXPRESSA	Demanda expressa	Boolean	CheckBox	CP_ORDEM_SERVICO	DEMANDA_EXPRESSA		Nao	producao	2026-10-08
OrdemServico	DEMANDA_INFRA	Infraestrutura	Boolean	CheckBox	CP_ORDEM_SERVICO	DEMANDA_INFRA		Nao	producao	2026-10-08
OrdemServico	DEMANDA_PROC	Processo	Boolean	CheckBox	CP_ORDEM_SERVICO	DEMANDA_PROC		Nao	producao	2026-10-08
OrdemServico	DEMANDA_SW	Software	Boolean	CheckBox	CP_ORDEM_SERVICO	DEMANDA_SW		Nao	producao	2026-10-08
OrdemServico	DEP_FAVORECIDO_COBRA	Dependente	String	DropDownList	CP_ORDEM_SERVICO	DEP_FAVORECIDO_COBRA		Nao	producao	2026-10-08
OrdemServico	DESCRICAO1	Caixa de texto	String	Memo	CP_ORDEM_SERVICO	DESCRICAO1	2000	Nao	producao	2026-10-08
OrdemServico	DESCRICAO2	Continuação da Análise Audit	String	Memo	CP_ORDEM_SERVICO	DESCRICAO2	2000	Nao	producao	2026-10-08
OrdemServico	DESCRICAO3	Razoabilidade do prazo	String	Memo	CP_ORDEM_SERVICO	DESCRICAO3	500	Nao	producao	2026-10-08
OrdemServico	DESCRICAO_BEM	Descrição do bem	String	Memo	CP_ORDEM_SERVICO	DESCRICAO_BEM		Nao	producao	2026-10-08
OrdemServico	DESCRICAO_DOCUMENTO	Descrição do documento	String	Memo	CP_ORDEM_SERVICO	DESCRICAO_DOCUMENTO	2000	Nao	producao	2026-10-08
OrdemServico	DESCRICAO_OBRIG	Descrição obrigatória	String	TextBox	CP_ORDEM_SERVICO	DESCRICAO_OBRIG	2000	Nao	producao	2026-10-08
OrdemServico	DESCRICAO_ORGAO	Descrição do órgão	String	Memo	CP_ORDEM_SERVICO	DESCRICAO_ORGAO		Nao	producao	2026-10-08
OrdemServico	DESCRICAO_ORGAO_OR	Descrição do órgão origem	String	Memo	CP_ORDEM_SERVICO	DESCRICAO_ORGAO_OR		Nao	producao	2026-10-08
OrdemServico	DESCRIÇÃO OBRIGATORIA	Descrição detalhada	String	Memo	CP_ORDEM_SERVICO	DESCRIÇÃO_OBRIGATORIA		Nao	producao	2026-10-08
OrdemServico	DESCRIÇÃO OPCIONAL	Descrição opcional	String	Memo	CP_ORDEM_SERVICO	DESCRIÇÃO_OPCIONAL		Nao	producao	2026-10-08
OrdemServico	DESC_COLABORADOR	Tipo de Colaborador	String	DropDownList	CP_ORDEM_SERVICO	DESC_COLABORADOR	250	Sim	producao	2026-10-08
OrdemServico	DESC_CPF_BENF	Descrição CPF	Boolean	CheckBox	CP_ORDEM_SERVICO	DESC_CPF_BENF		Nao	producao	2026-10-08
OrdemServico	DESC_FASE	Descrição da Fase	String	TextBox	CP_ORDEM_SERVICO	DESC_FASE		Nao	producao	2026-10-08
OrdemServico	DESC_REL_SLA	Qual o SLA/ANS?	String	TextBox	CP_ORDEM_SERVICO	DESC_REL_SLA		Nao	producao	2026-10-08
OrdemServico	DESC_TEMPO_NI_LEI	Qual a Lei, NI ou Prazo para retenção da informação?	String	TextBox	CP_ORDEM_SERVICO	DESC_TEMPO_NI_LEI		Nao	producao	2026-10-08
OrdemServico	DESKTOP	Nome do desktop na rede	String	TextBox	CP_ORDEM_SERVICO	DESKTOP	100	Nao	producao	2026-10-08
OrdemServico	DGCO	DGCO	String	TextBox	CP_ORDEM_SERVICO	DGCO		Nao	producao	2026-10-08
OrdemServico	DIAS_PRAZO	Prazo atendimento (dias)	Integer	TextBox	CP_ORDEM_SERVICO	DIAS_PRAZO	6	Nao	producao	2026-10-08
OrdemServico	DIRETOR	Alçada Diretoria	Boolean	CheckBox	CP_ORDEM_SERVICO	DIRETOR		Nao	producao	2026-10-08
OrdemServico	DIRETORES	Diretoria	String	DropDownList	CP_ORDEM_SERVICO	DIRETORES		Nao	producao	2026-10-08
OrdemServico	DIRETOR_RESPONSA	Diretor responsável	String	TextBox	CP_ORDEM_SERVICO	DIRETOR_RESPONSA		Nao	producao	2026-10-08
OrdemServico	DIREX	Alçada Direx	Boolean	CheckBox	CP_ORDEM_SERVICO	DIREX		Nao	producao	2026-10-08
OrdemServico	DISPONIBILIDADE_DIAS	A solução deverá ficar disponível em quais dias das semana?	String	DropDownList	CP_ORDEM_SERVICO	DISPONIBILIDADE_DIAS		Nao	producao	2026-10-08
OrdemServico	DISPONIBILIDADE_HORAS	A solução deverá estar disponível quantas horas por dia?	String	DropDownList	CP_ORDEM_SERVICO	DISPONIBILIDADE_HORAS		Nao	producao	2026-10-08
OrdemServico	DISPONIBILIDADE_HORAS_PERSON	Disponibilidade em horas	String	TextBox	CP_ORDEM_SERVICO	DISPONIBILIDADE_HORAS_PERSON		Nao	producao	2026-10-08
OrdemServico	DOCGAP	Documento do GAP	String	DropDownList	CP_ORDEM_SERVICO	DOCGAP		Nao	producao	2026-10-08
OrdemServico	DOCUMENTO	Nome do documento	String	TextBox	CP_ORDEM_SERVICO	DOCUMENTO		Nao	producao	2026-10-08
OrdemServico	DOTACAO	Dotação	Integer	TextBox	CP_ORDEM_SERVICO	DOTACAO		Nao	producao	2026-10-08
OrdemServico	DOTACAO_SCR	Dotação do SCR	Integer	TextBox	CP_ORDEM_SERVICO	DOTACAO_SCR		Nao	producao	2026-10-08
OrdemServico	EFEITO	Efeito de não se implementar essa mudança	String	TextBox	CP_ORDEM_SERVICO	EFEITO		Nao	producao	2026-10-08
OrdemServico	EFEITO_MUDANCA	Efeito de não se implementar a mudança	String	TextBox	CP_ORDEM_SERVICO	EFEITO_MUDANCA		Nao	producao	2026-10-08
OrdemServico	EMAIL	Email	String	TextBox	CP_ORDEM_SERVICO	EMAIL		Nao	producao	2026-10-08
OrdemServico	EMAIL_CAIXA	Email caixa departamental	String	TextBox	CP_ORDEM_SERVICO	EMAIL_CAIXA		Nao	producao	2026-10-08
OrdemServico	EMAIL_CAIXA_COM	Email Caixa Comunicação (externo)	String	TextBox	CP_ORDEM_SERVICO	EMAIL_CAIXA_COM	100	Nao	producao	2026-10-08
OrdemServico	EMAIL_CAIXA_DEPT	Caixa Departamental	String	DropDownList	CP_ORDEM_SERVICO	EMAIL_CAIXA_DEPT		Nao	producao	2026-10-08
OrdemServico	EMAIL_CLIENTE	Email do Cliente	String	TextBox	CP_ORDEM_SERVICO	EMAIL_CLIENTE	200	Nao	producao	2026-10-08
OrdemServico	EMAIL_COLAB	Email do Colaborador	String	TextBox	CP_ORDEM_SERVICO	EMAIL_COLAB	200	Nao	producao	2026-10-08
OrdemServico	EMAIL_EXTERNO	Email externo	String	TextBox	CP_ORDEM_SERVICO	EMAIL_EXTERNO		Nao	producao	2026-10-08
OrdemServico	EMAIL_FORNECEDOR	E-mail do Fornecedor	String	TextBox	CP_ORDEM_SERVICO	EMAIL_FORNECEDOR		Nao	producao	2026-10-08
OrdemServico	EMPRESA RESPONSAVEL	Empresa Responsável	String	TextBox	CP_ORDEM_SERVICO	EMPRESA_RESPONSAVEL		Nao	producao	2026-10-08
OrdemServico	EMPRESAS ENVOLVIDAS	Empresas Envolvidas	String	Memo	CP_ORDEM_SERVICO	EMPRESAS_ENVOLVIDAS		Nao	producao	2026-10-08
OrdemServico	EMPRESA_PRESTADORA	Empresa	String	DropDownList	CP_ORDEM_SERVICO	EMPRESA_PRESTADORA		Nao	producao	2026-10-08
OrdemServico	EMPRESA_TERCEIRIZADA	Empresa Terceirizada	String	TextBox	CP_ORDEM_SERVICO	EMPRESA_TERCEIRIZADA		Nao	producao	2026-10-08
OrdemServico	ENDERECO	Endereço	String	TextBox	CP_ORDEM_SERVICO	ENDERECO		Nao	producao	2026-10-08
OrdemServico	ENDERECOMAC	Endereço MAC	String	Memo	CP_ORDEM_SERVICO	ENDERECOMAC		Nao	producao	2026-10-08
OrdemServico	ENDERECO_COMPLEMENTO	Complemento	String	TextBox	CP_ORDEM_SERVICO	ENDERECO_COMPLEMENTO		Nao	producao	2026-10-08
OrdemServico	ENDERECO_FORNECEDOR	Endereço	String	TextBox	CP_ORDEM_SERVICO	ENDERECO_FORNECEDOR	300	Nao	producao	2026-10-08
OrdemServico	ENDERECO_NUMERO	Número	Integer	TextBox	CP_ORDEM_SERVICO	ENDERECO_NUMERO		Nao	producao	2026-10-08
OrdemServico	ENTREGA_DOCUMENTO	Entrega de Documentação	String	DropDownList	CP_ORDEM_SERVICO	ENTREGA_DOCUMENTO		Nao	producao	2026-10-08
OrdemServico	ENTREGA_NF	Entrega Nota Fiscal	Integer	TextBox	CP_ORDEM_SERVICO	ENTREGA_NF		Nao	producao	2026-10-08
OrdemServico	ENTREGA_PRE_FATURA	Entrega Pré-fatura	Integer	TextBox	CP_ORDEM_SERVICO	ENTREGA_PRE_FATURA		Nao	producao	2026-10-08
OrdemServico	EQUIL_ECONOMICO	Tipo Reequilíbrio Econômico	String	DropDownList	CP_ORDEM_SERVICO	EQUIL_ECONOMICO		Nao	producao	2026-10-08
OrdemServico	ERAT	Erro ERAT ?	String	DropDownList	CP_ORDEM_SERVICO	ERAT		Nao	producao	2026-10-08
OrdemServico	ESCOLARIDADE	Escolaridade	String	DropDownList	CP_ORDEM_SERVICO	ESCOLARIDADE		Nao	producao	2026-10-08
OrdemServico	ESFORCO_DIAS	Qual o esforço de TI estimado em dias úteis?	Integer	TextBox	CP_ORDEM_SERVICO	ESFORCO_DIAS	6	Nao	producao	2026-10-08
OrdemServico	ESFORCO_DIAS_REQUISITOS	Qual o esforço de TI estimado em dias úteis para o levantamento de requisitos?	Integer	TextBox	CP_ORDEM_SERVICO	ESFORCO_DIAS_REQUISITOS	3	Nao	producao	2026-10-08
OrdemServico	ESFORCO_DIAS_VISAO	Qual o esforço de TI estimado em dias úteis para a análise da solicitação?	Integer	TextBox	CP_ORDEM_SERVICO	ESFORCO_DIAS_VISAO	6	Nao	producao	2026-10-08
OrdemServico	ESFORCO_INICIO	Qual o esforço previsto inicial para a fase em horas úteis?	Integer	TextBox	CP_ORDEM_SERVICO	ESFORCO_INICIO	6	Nao	producao	2026-10-08
OrdemServico	ESFORCO_REAL	Qual o esforço real na fase em horas úteis?	Integer	TextBox	CP_ORDEM_SERVICO	ESFORCO_REAL	6	Nao	producao	2026-10-08
OrdemServico	ESPECIALIDADES	Especialidades	String	TextBox	CP_ORDEM_SERVICO	ESPECIALIDADES		Nao	producao	2026-10-08
OrdemServico	ESPECIALIDADE_SAUDE	Especialidade	String	TextBox	CP_ORDEM_SERVICO	ESPECIALIDADE_SAUDE		Nao	producao	2026-10-08
OrdemServico	ESTADO	Estados	String	DropDownList	CP_ORDEM_SERVICO	ESTADO		Nao	producao	2026-10-08
OrdemServico	ESTADO_BEM	Estado do Bem	String	TextBox	CP_ORDEM_SERVICO	ESTADO_BEM		Nao	producao	2026-10-08
OrdemServico	ESTIMATIVA_ESFORCO_CONSTRUCAO	Estimativa de Esforço da Construção (Horas)	Integer	TextBox	CP_ORDEM_SERVICO	ESTIMATIVA_ESFORCO_CONSTRUCAO		Nao	producao	2026-10-08
OrdemServico	ESTIMATIVA_ESFORCO_TESTE	Estimativa de Esforço da Teste (Horas)	Integer	TextBox	CP_ORDEM_SERVICO	ESTIMATIVA_ESFORCO_TESTE		Nao	producao	2026-10-08
OrdemServico	EXAME_MEDICO	Exame Médico	String	DropDownList	CP_ORDEM_SERVICO	EXAME_MEDICO		Nao	producao	2026-10-08
OrdemServico	EXCLUIR_SAUDE	Tipos de Beneficiários	String	DropDownList	CP_ORDEM_SERVICO	EXCLUIR_SAUDE		Nao	producao	2026-10-08
OrdemServico	FAIXA	Faixa	String	TextBox	CP_ORDEM_SERVICO	FAIXA		Nao	producao	2026-10-08
OrdemServico	FASES_DOD	fases do documento de oficializaçã da demanda	String	TextBox	CP_ORDEM_SERVICO	FASES_DOD		Nao	producao	2026-10-08
OrdemServico	FASE_CHAMADO	Fase que deve ser considerada	String	DropDownList	CP_ORDEM_SERVICO	FASE_CHAMADO		Nao	producao	2026-10-08
OrdemServico	FAVORECIDO_ALIMENTACAO	Colaborador BBTS	String	DropDownList	CP_ORDEM_SERVICO	FAVORECIDO_ALIMENTACAO		Nao	producao	2026-10-08
OrdemServico	FAVORECIDO_ALL	Colaborador	String	DropDownList	CP_ORDEM_SERVICO	FAVORECIDO_ALL		Nao	producao	2026-10-08
OrdemServico	FAVORECIDO_COBRA	Colaborador BBTS	String	DropDownList	CP_ORDEM_SERVICO	FAVORECIDO_COBRA		Nao	producao	2026-10-08
OrdemServico	FAVORECIDO_CULTURA	Colaborador BBTS	String	DropDownList	CP_ORDEM_SERVICO	FAVORECIDO_CULTURA		Nao	producao	2026-10-08
OrdemServico	FAVORECIDO_CUSTOM	Favorecido	Integer	DropDownList	CP_ORDEM_SERVICO	FAVORECIDO_CUSTOM		Nao	producao	2026-10-08
OrdemServico	FAVORECIDO_DITEC	Colaboradores DITEC	String	DropDownList	CP_ORDEM_SERVICO	FAVORECIDO_DITEC		Nao	producao	2026-10-08
OrdemServico	FAVORECIDO_ESTAG	Todos os estagiários da BBTEC	String	DropDownList	CP_ORDEM_SERVICO	FAVORECIDO_ESTAG		Nao	producao	2026-10-08
OrdemServico	FAVORECIDO_FUNCIO	Colaborador BBTS	String	SearchList	CP_ORDEM_SERVICO	FAVORECIDO_FUNCIO		Nao	producao	2026-10-08
OrdemServico	FAVORECIDO_GRATIF	Todos os Funcionários com função gratificada	String	DropDownList	CP_ORDEM_SERVICO	FAVORECIDO_GRATIF		Nao	producao	2026-10-08
OrdemServico	FAVORECIDO_MONITOR	Monitor	String	DropDownList	CP_ORDEM_SERVICO	FAVORECIDO_MONITOR		Nao	producao	2026-10-08
OrdemServico	FAVORECIDO_NOME	Nome do favorecido	String	TextBox	CP_ORDEM_SERVICO	FAVORECIDO_NOME		Nao	producao	2026-10-08
OrdemServico	FAVORECIDO_PEC	Favorecido PEC	String	DropDownList	CP_ORDEM_SERVICO	FAVORECIDO_PEC		Nao	producao	2026-10-08
OrdemServico	FAVORECIDO_PRESTA	Todos os prestadores de serviço da BBTEC	String	DropDownList	CP_ORDEM_SERVICO	FAVORECIDO_PRESTA		Nao	producao	2026-10-08
OrdemServico	FAVORECIDO_SUBST	Favorecido	String	DropDownList	CP_ORDEM_SERVICO	FAVORECIDO_SUBST		Nao	producao	2026-10-08
OrdemServico	FAVORECIDO_TODOS	Favorecido	String	DropDownList	CP_ORDEM_SERVICO	FAVORECIDO_TODOS		Nao	producao	2026-10-08
OrdemServico	FILA_DOD	Fila	String	DropDownList	CP_ORDEM_SERVICO	FILA_DOD		Nao	producao	2026-10-08
OrdemServico	FINALIDADE_RUB	Finalidade	String	Memo	CP_ORDEM_SERVICO	FINALIDADE_RUB	120	Nao	producao	2026-10-08
OrdemServico	FISCO_TRIBUTOS	Lista de Tributos Fiscais	String	DropDownList	CP_ORDEM_SERVICO	FISCO_TRIBUTOS	100	Nao	producao	2026-10-08
OrdemServico	FONTE_RECURSO_DOD	Há previsão orçamentária?	String	DropDownList	CP_ORDEM_SERVICO	FONTE_RECURSO_DOD		Nao	producao	2026-10-08
OrdemServico	FONTE_RECURSO_DOD_V2	Há orçamento previsto para atendimento da solicitação?	String	DropDownList	CP_ORDEM_SERVICO	FONTE_RECURSO_DOD_V2		Nao	producao	2026-10-08
OrdemServico	FORNECEDOR	Fornecedor	String	TextBox	CP_ORDEM_SERVICO	FORNECEDOR		Nao	producao	2026-10-08
OrdemServico	FORNECEDOR1	Fornecedor	String	TextBox	CP_ORDEM_SERVICO	FORNECEDOR1		Nao	producao	2026-10-08
OrdemServico	FORNECEDORES_DOD	Fornecedores	String	Memo	CP_ORDEM_SERVICO	FORNECEDORES_DOD	2000	Nao	producao	2026-10-08
OrdemServico	FORNECEDOR_COMPRAS	Fornecedor	String	DropDownList	CP_ORDEM_SERVICO	FORNECEDOR_COMPRAS		Nao	producao	2026-10-08
OrdemServico	FORNECEDOR_COMPRAS_V2	Fornecedor	String	SearchList	CP_ORDEM_SERVICO	FORNECEDOR_COMPRAS_V2		Nao	producao	2026-10-08
OrdemServico	FUNCAO	Função	String	DropDownList	CP_ORDEM_SERVICO	FUNCAO		Nao	producao	2026-10-08
OrdemServico	FUNCAO_DAS	Função DAS	String	DropDownList	CP_ORDEM_SERVICO	FUNCAO_DAS		Nao	producao	2026-10-08
OrdemServico	FUNCAO_DAS_NOMEA	Função DAS	String	DropDownList	CP_ORDEM_SERVICO	FUNCAO_DAS_NOMEA		Nao	producao	2026-10-08
OrdemServico	FUNCAO_GRATIFICADA	Função gratificada	String	DropDownList	CP_ORDEM_SERVICO	FUNCAO_GRATIFICADA		Nao	producao	2026-10-08
OrdemServico	FUNCAO_PRESTA	Função	String	DropDownList	CP_ORDEM_SERVICO	FUNCAO_PRESTA		Nao	producao	2026-10-08
OrdemServico	FUNCAO_RUBRICA	Função	String	Memo	CP_ORDEM_SERVICO	FUNCAO_RUBRICA	300	Nao	producao	2026-10-08
OrdemServico	FUNDAMENTACAO_LEGAL	Fundamentação Legal	String	DropDownList	CP_ORDEM_SERVICO	FUNDAMENTACAO_LEGAL		Nao	producao	2026-10-08
OrdemServico	GCI	Alçada Geric	Boolean	CheckBox	CP_ORDEM_SERVICO	GCI		Nao	producao	2026-10-08
OrdemServico	GERENTE_PROJETO	Gerente de Projeto	String	TextBox	CP_ORDEM_SERVICO	GERENTE_PROJETO		Nao	producao	2026-10-08
OrdemServico	GEREX	Gerência Executiva	String	DropDownList	CP_ORDEM_SERVICO	GEREX		Nao	producao	2026-10-08
OrdemServico	GEREXE	Alçada Gerex	Boolean	CheckBox	CP_ORDEM_SERVICO	GEREXE		Nao	producao	2026-10-08
OrdemServico	GESTORCLIENTE	Gestor do cliente	String	DropDownList	CP_ORDEM_SERVICO	GESTORCLIENTE		Nao	producao	2026-10-08
OrdemServico	GESTORES	Gestores dos Órgãos	String	DropDownList	CP_ORDEM_SERVICO	GESTORES		Nao	producao	2026-10-08
OrdemServico	GESTORES_RESPONSA	Gerência Responsável	String	DropDownList	CP_ORDEM_SERVICO	GESTORES_RESPONSA		Nao	producao	2026-10-08
OrdemServico	GESTORTECNICO	Gestor Imediato	String	DropDownList	CP_ORDEM_SERVICO	GESTORTECNICO		Nao	producao	2026-10-08
OrdemServico	GESTOR_INFO	Necessária autorização do gestor da informação?	String	DropDownList	CP_ORDEM_SERVICO	GESTOR_INFO		Nao	producao	2026-10-08
OrdemServico	GESTOR_PATRIMONIAL	Gestor Patrimonial do Órgão Destinatário	String	DropDownList	CP_ORDEM_SERVICO	GESTOR_PATRIMONIAL		Nao	producao	2026-10-08
OrdemServico	GESTOR_PATRIMONIALEMI	Gestor Patrimonial do Órgão Emitente	String	DropDownList	CP_ORDEM_SERVICO	GESTOR_PATRIMONIALEMI		Nao	producao	2026-10-08
OrdemServico	GOLIVE	Tipo de solicitação	String	DropDownList	CP_ORDEM_SERVICO	GOLIVE		Nao	producao	2026-10-08
OrdemServico	GRAU_CONFIDENCIALIDADE	Grau de confidencialidade	String	DropDownList	CP_ORDEM_SERVICO	GRAU_CONFIDENCIALIDADE		Nao	producao	2026-10-08
OrdemServico	GRAU_CONFIDENCIALIDADE2	Grau de confidencialidade	String	DropDownList	CP_ORDEM_SERVICO	GRAU_CONFIDENCIALIDADE2		Nao	producao	2026-10-08
OrdemServico	GRAVIDADE_DOD	Gravidade do possível prejuízo	String	DropDownList	CP_ORDEM_SERVICO	GRAVIDADE_DOD		Nao	producao	2026-10-08
OrdemServico	GRAVIDADE_DOD_V2	Sem a solução de TI implantada, o prejuízo ou perda esperada anual seria de:	String	DropDownList	CP_ORDEM_SERVICO	GRAVIDADE_DOD_V2		Nao	producao	2026-10-08
OrdemServico	GRUPOS ESPECIALISTAS EXTERNOS	Grupos de especialistas externos à área de TI	String	DropDownList	CP_ORDEM_SERVICO	GRUPOS_ESPECIALISTAS_EXTERNOS		Nao	producao	2026-10-08
OrdemServico	GRUPO_EMAIL	Grupo de e-mail	String	DropDownList	CP_ORDEM_SERVICO	GRUPO_EMAIL		Nao	producao	2026-10-08
OrdemServico	GRUPO_PROJETO	Grupo do Projeto	String	Memo	CP_ORDEM_SERVICO	GRUPO_PROJETO		Nao	producao	2026-10-08
OrdemServico	HARDWARE	Equipamento	String	TextBox	CP_ORDEM_SERVICO	HARDWARE		Nao	producao	2026-10-08
OrdemServico	HORARIO_COBERTURA	Horário de cobertura	String	TextBox	CP_ORDEM_SERVICO	HORARIO_COBERTURA		Nao	producao	2026-10-08
OrdemServico	HORARIO_ESTAG	Horário do estágio (o estagiário deverá cumprir 6 horas diárias)	String	DropDownList	CP_ORDEM_SERVICO	HORARIO_ESTAG	2000	Nao	producao	2026-10-08
OrdemServico	HORA_ENTRADA	Hora Entrada	String	TextBox	CP_ORDEM_SERVICO	HORA_ENTRADA	80	Nao	producao	2026-10-08
OrdemServico	HORA_EXECUCAO	Horário ideal para execução	String	TextBox	CP_ORDEM_SERVICO	HORA_EXECUCAO		Nao	producao	2026-10-08
OrdemServico	HORA_EXTRA	Hora extra a pagar?	String	DropDownList	CP_ORDEM_SERVICO	HORA_EXTRA		Nao	producao	2026-10-08
OrdemServico	HORA_FIM	Hora Fim	String	TextBox	CP_ORDEM_SERVICO	HORA_FIM	80	Nao	producao	2026-10-08
OrdemServico	HORA_INICIO	Hora início	String	TextBox	CP_ORDEM_SERVICO	HORA_INICIO	80	Nao	producao	2026-10-08
OrdemServico	HORA_PROPOSTA	Data e hora da execução proposta	DateTime	TextBox	CP_ORDEM_SERVICO	EXECUCAO_PROPOSTA		Nao	producao	2026-10-08
OrdemServico	HORA_SAIDA	Hora Saída	String	TextBox	CP_ORDEM_SERVICO	HORA_SAIDA	80	Nao	producao	2026-10-08
OrdemServico	IDENTIFICACAO_DOD	Identificação da Demanda	String	TextBox	CP_ORDEM_SERVICO	IDENTIFICACAO_DOD	90	Nao	producao	2026-10-08
OrdemServico	ID_ORGAO_DESTINO	Orgão Destino	String	TextBox	CP_ORDEM_SERVICO	ID_ORGAO_DESTINO		Nao	producao	2026-10-08
OrdemServico	ID_ORGAO_ORIGEM	Orgão Origem	String	TextBox	CP_ORDEM_SERVICO	ID_ORGAO_ORIGEM		Nao	producao	2026-10-08
OrdemServico	ID_PERSON	ID pessoa ERP	String	TextBox	CP_ORDEM_SERVICO	ID_PERSON		Nao	producao	2026-10-08
OrdemServico	IMAGEM_DOD	Promove a imagem da empresa?	String	DropDownList	CP_ORDEM_SERVICO	IMAGEM_DOD		Nao	producao	2026-10-08
OrdemServico	IMAGEM_DOD_V2	A solicitação promove a imagem da empresa?	String	DropDownList	CP_ORDEM_SERVICO	IMAGEM_DOD_V2		Nao	producao	2026-10-08
OrdemServico	IMEI_APARELHO	IMEI do aparelho	String	TextBox	CP_ORDEM_SERVICO	IMEI_APARELHO	15	Nao	producao	2026-10-08
OrdemServico	IMEI_CHIP	IMEI do chip	String	TextBox	CP_ORDEM_SERVICO	IMEI_CHIP	20	Nao	producao	2026-10-08
OrdemServico	IMPACTO_DOD	Haverá impacto na empresa?	String	DropDownList	CP_ORDEM_SERVICO	IMPACTO_DOD		Nao	producao	2026-10-08
OrdemServico	IMPACTO_DOD_V2	A utilização da solução trará um retorno financeiro anual estimado de:	String	DropDownList	CP_ORDEM_SERVICO	IMPACTO_DOD_V2		Nao	producao	2026-10-08
OrdemServico	INCIDE_INSS	Incide INSS ?	String	DropDownList	CP_ORDEM_SERVICO	INCIDE_INSS		Nao	producao	2026-10-08
OrdemServico	INICIATIVA_EC	Iniciativa da estratégia corporativa	String	DropDownList	CP_ORDEM_SERVICO	INICIATIVA_EC		Nao	producao	2026-10-08
OrdemServico	INSTALACAO_SOFTWARE	Instalação de Software?	Boolean	CheckBox	CP_ORDEM_SERVICO	INSTALACAO_SOFTWARE		Nao	producao	2026-10-08
OrdemServico	INSTANCIA	Instância	String	TextBox	CP_ORDEM_SERVICO	INSTANCIA		Nao	producao	2026-10-08
OrdemServico	INSTRUCOES	Instruções de preenchimento	String	Memo	CP_ORDEM_SERVICO	INSTRUCOES		Nao	producao	2026-10-08
OrdemServico	INTERACAO_SIST	A solução fará interação com outras soluções ou sistemas da BBTS?	String	DropDownList	CP_ORDEM_SERVICO	INTERACAO_SIST		Nao	producao	2026-10-08
OrdemServico	INTERVENIENTES_DOD	Intervenientes	String	Memo	CP_ORDEM_SERVICO	INTERVENIENTES_DOD	2000	Nao	producao	2026-10-08
OrdemServico	IP_LAN	IP LAN	String	TextBox	CP_ORDEM_SERVICO	IP_LAN		Nao	producao	2026-10-08
OrdemServico	IP_PVV	IP	String	TextBox	CP_ORDEM_SERVICO	IP_PVV		Nao	producao	2026-10-08
OrdemServico	IP_WAN	IP WAN	String	TextBox	CP_ORDEM_SERVICO	IP_WAN		Nao	producao	2026-10-08
OrdemServico	IRPJ	IRPJ	String	DropDownList	CP_ORDEM_SERVICO	IRPJ		Nao	producao	2026-10-08
OrdemServico	JURORGAO	Órgão	String	TextBox	CP_ORDEM_SERVICO	JURORGAO		Nao	producao	2026-10-08
OrdemServico	JUSTA_CAUSA	Demissão por justa causa?	String	DropDownList	CP_ORDEM_SERVICO	JUSTA_CAUSA		Nao	producao	2026-10-08
OrdemServico	JUSTIFICATIVA_CONSIG	Justificativa da Reprovação	String	Memo	CP_ORDEM_SERVICO	JUSTIFICATIVA_CONSIG	2000	Nao	producao	2026-10-08
OrdemServico	JUSTIFICATIVA_DOD	Justificativa	String	Memo	CP_ORDEM_SERVICO	JUSTIFICATIVA_DOD	2000	Nao	producao	2026-10-08
OrdemServico	JUSTIFICATIVA_GRAVIDADE	Justificativa do prejuízo ou perda	String	Memo	CP_ORDEM_SERVICO	JUSTIFICATIVA_GRAVIDADE		Nao	producao	2026-10-08
OrdemServico	JUSTIFICATIVA_IMAGEM	Justificativa da promoção da imagem	String	Memo	CP_ORDEM_SERVICO	JUSTIFICATIVA_IMAGEM		Nao	producao	2026-10-08
OrdemServico	JUSTIFICATIVA_IMPACTO	Justificativa do retorno financeiro anual estimado	String	Memo	CP_ORDEM_SERVICO	JUSTIFICATIVA_IMPACTO		Nao	producao	2026-10-08
OrdemServico	JUSTIFICATIVA_SAUDE	Justificativa	String	Memo	CP_ORDEM_SERVICO	JUSTIFICATIVA_SAUDE	1000	Nao	producao	2026-10-08
OrdemServico	JUSTIFICATIVA_TENDENCIA	Justificativa tendência	String	Memo	CP_ORDEM_SERVICO	JUSTIFICATIVA_TENDENCIA		Nao	producao	2026-10-08
OrdemServico	JUSTIFICATIVA_URGENCIA	Justificativa da necessidade/expectativa	String	Memo	CP_ORDEM_SERVICO	JUSTIFICATIVA_URGENCIA		Nao	producao	2026-10-08
OrdemServico	LABEL1	Texto Informativo	String	Label	CP_ORDEM_SERVICO	LABEL1	2000	Nao	producao	2026-10-08
OrdemServico	LABEL18	LABEL18	String	Label	CP_ORDEM_SERVICO	LABEL18	1000	Nao	producao	2026-10-08
OrdemServico	LABEL2	Texto Informativo	String	Label	CP_ORDEM_SERVICO	LABEL2	2000	Nao	producao	2026-10-08
OrdemServico	LABEL3	Texto Informativo	String	Label	CP_ORDEM_SERVICO	LABEL3	1024	Nao	producao	2026-10-08
OrdemServico	LAUDO_TECNICO	Laudo Técnico	String	DropDownList	CP_ORDEM_SERVICO	LAUDO_TECNICO		Nao	producao	2026-10-08
OrdemServico	LB_ANO_BASE_DISP	5.1 Ano Base do Dispêndio	Integer	TextBox	CP_ORDEM_SERVICO	LB_ANO_BASE_DISP	4	Nao	producao	2026-10-08
OrdemServico	LB_DESCRI_PROJE	Descrição do Projeto - (Citar cenário, Histórico de Origem do Projeto, Prêmios ou Publicações)	String	Memo	CP_ORDEM_SERVICO	LB_DESCRI_PROJE	2000	Nao	producao	2026-10-08
OrdemServico	LB_DIRETORIA_RESP	1.5 Diretoria Responsável	String	DropDownList	CP_ORDEM_SERVICO	LB_DIRETORIA_RESP		Nao	producao	2026-10-08
OrdemServico	LB_ESPECIFI_DESPESA	Especificação das Despesas - (Descrever a despesa no formato: DISPENDIO - DESPESA - ESPECIFICAÇÃO - VALOR)	String	Memo	CP_ORDEM_SERVICO	LB_ESPECIFI_DESPESA	2000	Nao	producao	2026-10-08
OrdemServico	LB_INF_ADICIONAIS	7. Informações Adicionais	String	Memo	CP_ORDEM_SERVICO	LB_INF_ADICIONAIS	2000	Nao	producao	2026-10-08
OrdemServico	LB_INF_MCTI	1.7 O MCTI pode divulgar informações acerca do Projeto?	String	DropDownList	CP_ORDEM_SERVICO	LB_INF_MCTI		Nao	producao	2026-10-08
OrdemServico	LB_INOV_DESC_RELEV	3.3   Comente sobre a relevância, impacto gerador e sobre os principais resultados obtidos com a introdução do novo produto.	String	Memo	CP_ORDEM_SERVICO	LB_INOV_DESC_RELEV	2000	Nao	producao	2026-10-08
OrdemServico	LB_INOV_DESC_RELEV_PROCESS	4.2   Descreva o principal serviço tecnologicamente novo ou significativamente aperfeiçoado.	String	Memo	CP_ORDEM_SERVICO	LB_INOV_DESC_RELEV_PROCESS	2000	Nao	producao	2026-10-08
OrdemServico	LB_INOV_PROC_APERFEICOA	4.1 - O processo se caracteriza tecnologicamente novo ou significativamente aperfeiçoado para a empresa?	String	DropDownList	CP_ORDEM_SERVICO	LB_INOV_PROC_APERFEICOA		Nao	producao	2026-10-08
OrdemServico	LB_INOV_PROD_APERFEICOA	3.1   O produto se caracteriza tecnologicamente novo ou significativamente aperfeiçoado para a empresa?	String	DropDownList	CP_ORDEM_SERVICO	LB_INOV_PROD_APERFEICOA		Nao	producao	2026-10-08
OrdemServico	LB_INOV_PROD_EXISTE	3.2   O produto existe no mercado nacional?	String	DropDownList	CP_ORDEM_SERVICO	LB_INOV_PROD_EXISTE		Nao	producao	2026-10-08
OrdemServico	LB_NOME_CLIENTE	1.1 Nome do Cliente	String	TextBox	CP_ORDEM_SERVICO	LB_NOME_CLIENTE		Nao	producao	2026-10-08
OrdemServico	LB_NOME_PROJETO	1.4 Nome do Projeto	String	TextBox	CP_ORDEM_SERVICO	LB_NOME_PROJETO		Nao	producao	2026-10-08
OrdemServico	LB_NUM_DGCO	1.3 Número do DGCO	String	TextBox	CP_ORDEM_SERVICO	LB_NUM_DGCO		Nao	producao	2026-10-08
OrdemServico	LB_NUM_PROPOSTA_COMERCIAL	1.2 Número da Propostas Comercial	String	TextBox	CP_ORDEM_SERVICO	LB_NUM_PROPOSTA_COMERCIAL		Nao	producao	2026-10-08
OrdemServico	LB_PROJETO_PATENT	1.8 O Projeto esta patenteado?	String	DropDownList	CP_ORDEM_SERVICO	LB_PROJETO_PATENT		Nao	producao	2026-10-08
OrdemServico	LB_ROTULO_01	1. Identificação do Projeto	String	Label	CP_ORDEM_SERVICO	LB_ROTULO_01		Nao	producao	2026-10-08
OrdemServico	LB_ROTULO_02	2. Descrição do Projeto	String	Label	CP_ORDEM_SERVICO	LB_ROTULO_02		Nao	producao	2026-10-08
OrdemServico	LB_ROTULO_03	5. Despesas	String	Label	CP_ORDEM_SERVICO	LB_ROTULO_03		Nao	producao	2026-10-08
OrdemServico	LB_ROTULO_04	6. Especificação das Despesas	String	Label	CP_ORDEM_SERVICO	LB_ROTULO_04		Nao	producao	2026-10-08
OrdemServico	LB_ROTULO_05	3. Inovação de Produto	String	Label	CP_ORDEM_SERVICO	LB_ROTULO_05		Nao	producao	2026-10-08
OrdemServico	LB_ROTULO_06	4. Inovação de Processo	String	Label	CP_ORDEM_SERVICO	LB_ROTULO_06		Nao	producao	2026-10-08
OrdemServico	LB_ROTULO_07	7. Informações Adicionais	String	Label	CP_ORDEM_SERVICO	LB_ROTULO_07	2000	Nao	producao	2026-10-08
OrdemServico	LB_TIPO_ENQUADRAMENTO	1.6 Tipo de Enquadramento	String	DropDownList	CP_ORDEM_SERVICO	LB_TIPO_ENQUADRAMENTO		Nao	producao	2026-10-08
OrdemServico	LB_VL_DISP_BENS_INTA	f) Valor do Dispêndio em Bens Intangíveis no Ano Base	String	TextBox	CP_ORDEM_SERVICO	LB_VL_DISP_BENS_INTA		Nao	producao	2026-10-08
OrdemServico	LB_VL_DISP_EQUIP_IMP	h) Valor do Dispêndio em Equipamentos Importados no Ano Base.	String	TextBox	CP_ORDEM_SERVICO	LB_VL_DISP_EQUIP_IMP		Nao	producao	2026-10-08
OrdemServico	LB_VL_DISP_EQUIP_NAC	g) Valor do Dispêndio em Equipamentos Nacionais no Ano Base.	String	TextBox	CP_ORDEM_SERVICO	LB_VL_DISP_EQUIP_NAC		Nao	producao	2026-10-08
OrdemServico	LB_VL_DISP_MAT_CONS	e) Valor do Dispêndio em Materiais de Consumo no Ano Base.	String	TextBox	CP_ORDEM_SERVICO	LB_VL_DISP_MAT_CONS		Nao	producao	2026-10-08
OrdemServico	LB_VL_DISP_MAT_PERM	i) Valor do Dispêndio em Material Permanente no Ano Base.	String	TextBox	CP_ORDEM_SERVICO	LB_VL_DISP_MAT_PERM		Nao	producao	2026-10-08
OrdemServico	LB_VL_DISP_OUTROS	j) Valor de Outros Dispêndios.	String	TextBox	CP_ORDEM_SERVICO	LB_VL_DISP_OUTROS		Nao	producao	2026-10-08
OrdemServico	LB_VL_DISP_REC_CONT	c) Valor do Dispêndio em Recursos Contratados no Ano Base	String	TextBox	CP_ORDEM_SERVICO	LB_VL_DISP_REC_CONT		Nao	producao	2026-10-08
OrdemServico	LB_VL_DISP_RH	a)  Valor do Dispêndio em Recursos Humanos no Ano Base (Especificar no item “6” o grau de escolaridade e o valor do gasto por cada grau. Ex.: Graduados - 2 -  R$ 10.000,00)	String	TextBox	CP_ORDEM_SERVICO	LB_VL_DISP_RH		Nao	producao	2026-10-08
OrdemServico	LB_VL_DISP_SER_TER	b) Valor do Dispêndio com Serviços de Terceiros no Ano Base: (Especificar no item “6” Universidades, Instituição de Pesquisa ou Inventor Independente)	String	TextBox	CP_ORDEM_SERVICO	LB_VL_DISP_SER_TER		Nao	producao	2026-10-08
OrdemServico	LB_VL_DISP_TOTAL	k) Valor do Dispêndio Total no Ano Base.	String	TextBox	CP_ORDEM_SERVICO	LB_VL_DISP_TOTAL		Nao	producao	2026-10-08
OrdemServico	LB_VL_DISP_TRANS	d) Valor do Dispêndio em Transferências no Ano Base. (Especificar no item “6” Microempresas, Empresas de Pequeno Porte ou Inventor Independente)	String	TextBox	CP_ORDEM_SERVICO	LB_VL_DISP_TRANS		Nao	producao	2026-10-08
OrdemServico	LC	LC	Decimal	TextBox	CP_ORDEM_SERVICO	LC		Nao	producao	2026-10-08
OrdemServico	LEI_DOD	Lei	String	TextBox	CP_ORDEM_SERVICO	LEI_DOD		Nao	producao	2026-10-08
OrdemServico	LG	LG	Decimal	TextBox	CP_ORDEM_SERVICO	LG		Nao	producao	2026-10-08
OrdemServico	LIBERAR_PARA	Liberar também para (Email)	String	Memo	CP_ORDEM_SERVICO	LIBERAR_PARA		Nao	producao	2026-10-08
OrdemServico	LICITACAO	Tipo de Licitação	String	DropDownList	CP_ORDEM_SERVICO	LICITACAO		Nao	producao	2026-10-08
OrdemServico	LIMITE_CONSIG	Limite do Crédito Consignado	Decimal	TextBox	CP_ORDEM_SERVICO	LIMITE_CONSIG		Nao	producao	2026-10-08
OrdemServico	LISTA_APROVADORES	Lista de aprovadores de um atividade	String	TextBox	CP_ORDEM_SERVICO	LISTA_APROVADORES		Nao	producao	2026-10-08
OrdemServico	LISTA_DE_SELECAO	Lista de seleção genérica	String	DropDownList	CP_ORDEM_SERVICO	LISTA_DE_SELECAO		Nao	producao	2026-10-08
OrdemServico	LOCALIDADE	Localidade	String	TextBox	CP_ORDEM_SERVICO	LOCALIDADE		Nao	producao	2026-10-08
OrdemServico	LOCALIDADE DO ERRO	Localidade do Erro	String	DropDownList	CP_ORDEM_SERVICO	LOCALIDADE_DO_ERRO		Nao	producao	2026-10-08
OrdemServico	LOCALIDADE_MOV	Localidade Movimentação	String	TextBox	CP_ORDEM_SERVICO	LOCALIDADE_MOV		Nao	producao	2026-10-08
OrdemServico	LOCALIDADE_SAUDE	Localidade	String	TextBox	CP_ORDEM_SERVICO	LOCALIDADE_SAUDE		Nao	producao	2026-10-08
OrdemServico	LOCALIDADE_TR	Localidade TR	String	TextBox	CP_ORDEM_SERVICO	LOCALIDADE_TR		Nao	producao	2026-10-08
OrdemServico	LOGIN	Login	String	TextBox	CP_ORDEM_SERVICO	LOGIN		Nao	producao	2026-10-08
OrdemServico	LOGIN_ASSTEC	Login	String	TextBox	CP_ORDEM_SERVICO	LOGIN_ASSTEC		Nao	producao	2026-10-08
OrdemServico	LOGIN_SISBB	Login do SISBB	String	TextBox	CP_ORDEM_SERVICO	LOGIN_SISBB		Nao	producao	2026-10-08
OrdemServico	LOGON	Acesso Rede	Boolean	CheckBox	CP_ORDEM_SERVICO	LOGON		Nao	producao	2026-10-08
OrdemServico	LOTACAO	Lotação	Integer	TextBox	CP_ORDEM_SERVICO	LOTACAO		Nao	producao	2026-10-08
OrdemServico	LOTACAO_SCR	Lotação do SCR	Integer	TextBox	CP_ORDEM_SERVICO	LOTACAO_SCR		Nao	producao	2026-10-08
OrdemServico	MACRO_ACAO	Macro ação da DGTI	String	DropDownList	CP_ORDEM_SERVICO	MACRO_ACAO	200	Nao	producao	2026-10-08
OrdemServico	MANTENEDOR	Mantenedor	String	Memo	CP_ORDEM_SERVICO	MANTENEDOR		Nao	producao	2026-10-08
OrdemServico	MARCA_OTICA	Marca Ótica	String	TextBox	CP_ORDEM_SERVICO	MARCA_OTICA		Nao	producao	2026-10-08
OrdemServico	MATRICULA	Matrícula	Decimal	TextBox	CP_ORDEM_SERVICO	MATRICULA		Nao	producao	2026-10-08
OrdemServico	MATRICULA COLABORADOR	Matrícula do Colaborador	String	DropDownList	CP_ORDEM_SERVICO	MATRICULA_COLABORADOR		Nao	producao	2026-10-08
OrdemServico	MATRICULA TECNICO	Matrícula do Técnico	Integer	TextBox	CP_ORDEM_SERVICO	MATRICULA_TECNICO	8	Nao	producao	2026-10-08
OrdemServico	MATRICULA1	Matrícula	Decimal	TextBox	CP_ORDEM_SERVICO	MATRICULA1	9	Nao	producao	2026-10-08
OrdemServico	MATRICULAS	Matrículas dos colaboradores	String	TextBox	CP_ORDEM_SERVICO	MATRICULAS		Nao	producao	2026-10-08
OrdemServico	MATRICULA_DUPLICADA	Matrícula Duplicada?	Boolean	CheckBox	CP_ORDEM_SERVICO	MATRICULA_DUPLICADA		Nao	producao	2026-10-08
OrdemServico	MATRICULA_MOVI	Matrícula	Integer	TextBox	CP_ORDEM_SERVICO	MATRICULA_MOVI	8	Nao	producao	2026-10-08
OrdemServico	MATRICULA_PRESTADOR	Matrícula do Prestador de Serviço	Integer	TextBox	CP_ORDEM_SERVICO	MATRICULA_PRESTADOR	8	Nao	producao	2026-10-08
OrdemServico	MAT_TRABALHO	Materiais de trabalho / equipamentos a serem devolvidos pelo colaborador?	String	DropDownList	CP_ORDEM_SERVICO	MAT_TRABALHO		Nao	producao	2026-10-08
OrdemServico	MEIO_SOLICITACAO	Meio de solicitação	String	DropDownList	CP_ORDEM_SERVICO	MEIO_SOLICITACAO		Nao	producao	2026-10-08
OrdemServico	MES	Mês	String	DropDownList	CP_ORDEM_SERVICO	MES		Nao	producao	2026-10-08
OrdemServico	MODALIDADE_CONTRATACAO	Modalidade de Contratação	String	DropDownList	CP_ORDEM_SERVICO	MODALIDADE_CONTRATACAO		Nao	producao	2026-10-08
OrdemServico	MODALIDADE_LICITACAO	Modalidade de Licitação	String	TextBox	CP_ORDEM_SERVICO	MODALIDADE_LICITACAO		Nao	producao	2026-10-08
OrdemServico	MODALIDADE_SRPPEP	Modalidade de Contratação	String	DropDownList	CP_ORDEM_SERVICO	MODALIDADE_SRPPEP		Nao	producao	2026-10-08
OrdemServico	MODELO_COMUNICADO	Modelo de Comunicado utilizado no processo	String	TextBox	CP_ORDEM_SERVICO	MODELO_COMUNICADO		Nao	producao	2026-10-08
OrdemServico	MODELO_CONTRATACAO	Modalidade de Contratação	String	DropDownList	CP_ORDEM_SERVICO	MODELO_CONTRATACAO		Nao	producao	2026-10-08
OrdemServico	MODULO_DOCNIX	Módulo DocNix	String	DropDownList	CP_ORDEM_SERVICO	MODULO_DOCNIX		Nao	producao	2026-10-08
OrdemServico	MODULO_SISBB	Módulo utilizado no SISBB	String	Memo	CP_ORDEM_SERVICO	MODULO_SISBB		Nao	producao	2026-10-08
OrdemServico	MOSCOW_LIST	Moscow List	String	TextBox	CP_ORDEM_SERVICO	MOSCOW_LIST		Nao	producao	2026-10-08
OrdemServico	MOTIVACAO_DOD	A motivação é de ordem legal?	String	DropDownList	CP_ORDEM_SERVICO	MOTIVACAO_DOD		Nao	producao	2026-10-08
OrdemServico	MOTIVACAO_DOD_V2	A motivação é de ordem legal (Lei, Decreto, TCU, etc)?	String	DropDownList	CP_ORDEM_SERVICO	MOTIVACAO_DOD_V2		Nao	producao	2026-10-08
OrdemServico	MOTIVACAO_NOVA	A motivação é de ordem legal?	String	DropDownList	CP_ORDEM_SERVICO	MOTIVACAO_NOVA		Nao	producao	2026-10-08
OrdemServico	MOTIVO	Motivo da solicitação de serviço	String	Memo	CP_ORDEM_SERVICO	MOTIVO	2000	Nao	producao	2026-10-08
OrdemServico	MOTIVO_AUDIT	Parecer da AUDIT	String	Memo	CP_ORDEM_SERVICO	MOTIVO_AUDIT	2000	Nao	producao	2026-10-08
OrdemServico	MOTIVO_CORIS	Parecer da CORIS	String	Memo	CP_ORDEM_SERVICO	MOTIVO_CORIS	2000	Nao	producao	2026-10-08
OrdemServico	MOTIVO_DIRETOR	Parecer da Diretoria	String	Memo	CP_ORDEM_SERVICO	MOTIVO_DIRETOR	1000	Nao	producao	2026-10-08
OrdemServico	MOTIVO_DIREX	Parecer da Direx	String	Memo	CP_ORDEM_SERVICO	MOTIVO_DIREX	1000	Nao	producao	2026-10-08
OrdemServico	MOTIVO_EXONERA	Motivo da Exoneração	String	DropDownList	CP_ORDEM_SERVICO	MOTIVO_EXONERA		Nao	producao	2026-10-08
OrdemServico	MOTIVO_EXO_GEREX	Motivo	String	DropDownList	CP_ORDEM_SERVICO	MOTIVO_EXO_GEREX		Nao	producao	2026-10-08
OrdemServico	MOTIVO_EXO_OUTROS	Motivo	String	DropDownList	CP_ORDEM_SERVICO	MOTIVO_EXO_OUTROS		Nao	producao	2026-10-08
OrdemServico	MOTIVO_GCI	Parecer da Geric	String	Memo	CP_ORDEM_SERVICO	MOTIVO_GCI	2000	Nao	producao	2026-10-08
OrdemServico	MOTIVO_GEREX	Motivo para reprogramação	String	Memo	CP_ORDEM_SERVICO	MOTIVO_GEREX	2000	Nao	producao	2026-10-08
OrdemServico	MOTIVO_NEGACAO	Descrição do motivo da solicitação	String	Memo	CP_ORDEM_SERVICO	MOTIVO_NEGACAO		Nao	producao	2026-10-08
OrdemServico	MOTIVO_PRESI	Parecer da presidência	String	Memo	CP_ORDEM_SERVICO	MOTIVO_PRESI	2000	Nao	producao	2026-10-08
OrdemServico	MOTIVO_REEMBOLSO_SAUDE	Motivo	String	Memo	CP_ORDEM_SERVICO	MOTIVO_REEMBOLSO_SAUDE		Nao	producao	2026-10-08
OrdemServico	MOTIVO_SAUDE	Justificativa	String	Memo	CP_ORDEM_SERVICO	MOTIVO_SAUDE	1000	Nao	producao	2026-10-08
OrdemServico	MOTIVO_SOL	Motivo	String	Memo	CP_ORDEM_SERVICO	MOTIVO_SOL		Nao	producao	2026-10-08
OrdemServico	MOTIVO_SUBSTITUICAO	Motivo	String	DropDownList	CP_ORDEM_SERVICO	MOTIVO_SUBSTITUICAO		Nao	producao	2026-10-08
OrdemServico	MOV_NOME	Nome	String	TextBox	CP_ORDEM_SERVICO	MOV_NOME		Nao	producao	2026-10-08
OrdemServico	MOV_NOME1	Funcionário Substituto	String	TextBox	CP_ORDEM_SERVICO	MOV_NOME1		Nao	producao	2026-10-08
OrdemServico	MUDANCA_ESTABELECIMENTO	Mudança de Estabelecimento	String	DropDownList	CP_ORDEM_SERVICO	MUDANCA_ESTABELECIMENTO		Nao	producao	2026-10-08
OrdemServico	MULTA	Multa	String	TextBox	CP_ORDEM_SERVICO	MULTA	200	Nao	producao	2026-10-08
OrdemServico	MULTIDATA_DOCNIX	Demanda	String	Memo	CP_ORDEM_SERVICO	MULTIDATA_DOCNIX	2000	Nao	producao	2026-10-08
OrdemServico	MUNICIPIO	Município	String	TextBox	CP_ORDEM_SERVICO	MUNICIPIO		Nao	producao	2026-10-08
OrdemServico	NATUREZA_RUB	Natureza	String	DropDownList	CP_ORDEM_SERVICO	NATUREZA_RUB		Nao	producao	2026-10-08
OrdemServico	NATUREZA_SERV	Natureza do serviço	String	DropDownList	CP_ORDEM_SERVICO	NATUREZA_SERV		Nao	producao	2026-10-08
OrdemServico	NF_TIPOS_BBTS	Tipos de Notas Fiscais BBTS	String	DropDownList	CP_ORDEM_SERVICO	NF_TIPOS_BBTS	100	Nao	producao	2026-10-08
OrdemServico	NIVEL_CONTA	Nível da Conta	String	DropDownList	CP_ORDEM_SERVICO	NIVEL_CONTA		Nao	producao	2026-10-08
OrdemServico	NIVEL_SUPERIOR	Nível Superior	String	TextBox	CP_ORDEM_SERVICO	NIVEL_SUPERIOR		Nao	producao	2026-10-08
OrdemServico	NI_DOD	NI associada	String	Memo	CP_ORDEM_SERVICO	NI_DOD	2000	Nao	producao	2026-10-08
OrdemServico	NI_PID	Está ciente e concorda com as regras deste programa, definidas na NI 112.	Boolean	CheckBox	CP_ORDEM_SERVICO	NI_PID		Nao	producao	2026-10-08
OrdemServico	NNBUSINESSPLAN	Business Plan	String	Memo	CP_ORDEM_SERVICO	NNBUSINESSPLAN		Nao	producao	2026-10-08
OrdemServico	NNCONSOLIDACAO	Consolidação	String	Memo	CP_ORDEM_SERVICO	NNCONSOLIDACAO	1200	Nao	producao	2026-10-08
OrdemServico	NNELABORARCONSULTA	Observações - Consulta COJUR	String	Memo	CP_ORDEM_SERVICO	NNELABORARCONSULTA	1200	Nao	producao	2026-10-08
OrdemServico	NNPARECERCOJUR	Observações - Parecer COJUR	String	Memo	CP_ORDEM_SERVICO	NNPARECERCOJUR		Nao	producao	2026-10-08
OrdemServico	NN_ALCADA	Qual alçada tramita a aprovação?	String	DropDownList	CP_ORDEM_SERVICO	NN_ALCADA		Nao	producao	2026-10-08
OrdemServico	NN_ALTERACAO_PROPOSTA	Proposta necessita de alteração?	String	DropDownList	CP_ORDEM_SERVICO	NN_ALTERACAO_PROPOSTA		Nao	producao	2026-10-08
OrdemServico	NN_APELIDO_PROJETO	Apelido do Negócio	String	TextBox	CP_ORDEM_SERVICO	NN_APELIDO_PROJETO		Nao	producao	2026-10-08
OrdemServico	NN_APROVACAO_CLIENTE	Proposta aprovada pelo Cliente?	String	DropDownList	CP_ORDEM_SERVICO	NN_APROVACAO_CLIENTE		Nao	producao	2026-10-08
OrdemServico	NN_CLIENTE	Cliente	String	DropDownList	CP_ORDEM_SERVICO	NN_CLIENTE		Nao	producao	2026-10-08
OrdemServico	NN_CONDICAO_PAGAMENTO	Condição de Pagamento	String	Memo	CP_ORDEM_SERVICO	NN_CONDICAO_PAGAMENTO	2000	Nao	producao	2026-10-08
OrdemServico	NN_CONTRATO_CLIENTE	Número do Contrato Cliente	String	TextBox	CP_ORDEM_SERVICO	NN_CONTRATO_CLIENTE	13	Nao	producao	2026-10-08
OrdemServico	NN_CONTRATO_COBRA	Número do Contrato COBRA	String	TextBox	CP_ORDEM_SERVICO	NN_CONTRATO_COBRA	13	Nao	producao	2026-10-08
OrdemServico	NN_DATA_DIREX	Data da apresentação na DIREX	DateTime	DatePicker	CP_ORDEM_SERVICO	NN_DATA_DIREX		Nao	producao	2026-10-08
OrdemServico	NN_DATA_FECHAMENTO	Data Provável do Fechamento do Negócio	DateTime	DatePicker	CP_ORDEM_SERVICO	NN_DATA_FECHAMENTO		Nao	producao	2026-10-08
OrdemServico	NN_DIRETORIA_NEGOCIO	Diretoria do Negócio	String	TextBox	CP_ORDEM_SERVICO	NN_DIRETORIA_NEGOCIO		Nao	producao	2026-10-08
OrdemServico	NN_DIRETOR_NEGOCIO	Diretor do Negócio	String	TextBox	CP_ORDEM_SERVICO	NN_DIRETOR_NEGOCIO		Nao	producao	2026-10-08
OrdemServico	NN_EMP_CONGLOMERADO	BB ou sua Subsidiária/Coligada?	String	DropDownList	CP_ORDEM_SERVICO	NN_EMP_CONGLOMERADO		Nao	producao	2026-10-08
OrdemServico	NN_FATURAMENTO	Previsão de Faturamento	Decimal	TextBox	CP_ORDEM_SERVICO	NN_FATURAMENTO		Nao	producao	2026-10-08
OrdemServico	NN_GERENCIA_DESTINO	Gerência de destino do negócio	String	DropDownList	CP_ORDEM_SERVICO	NN_GERENCIA_DESTINO		Nao	producao	2026-10-08
OrdemServico	NN_GERENCIA_NEGOCIO	Gerência Executiva do Negócio	String	DropDownList	CP_ORDEM_SERVICO	NN_GERENCIA_NEGOCIO		Nao	producao	2026-10-08
OrdemServico	NN_GEREX_NEGOCIO	Gerente Executivo do Negócio	String	TextBox	CP_ORDEM_SERVICO	NN_GEREX_NEGOCIO		Nao	producao	2026-10-08
OrdemServico	NN_INOVACAO	O Negócio possui algum tipo de  inovação?	String	DropDownList	CP_ORDEM_SERVICO	NN_INOVACAO		Nao	producao	2026-10-08
OrdemServico	NN_INVESTIMENTO	Proposta Comercial possui investimento?	String	DropDownList	CP_ORDEM_SERVICO	NN_INVESTIMENTO		Nao	producao	2026-10-08
OrdemServico	NN_JUSTIFICATIVA	Justificativa	String	Memo	CP_ORDEM_SERVICO	NN_JUSTIFICATIVA		Nao	producao	2026-10-08
OrdemServico	NN_MARGEM	Margem do Negócio (%)	Decimal	TextBox	CP_ORDEM_SERVICO	NN_MARGEM		Nao	producao	2026-10-08
OrdemServico	NN_MARGEM_MINIMA	Margem mímima estabelecida (%)	Decimal	TextBox	CP_ORDEM_SERVICO	NN_MARGEM_MINIMA		Nao	producao	2026-10-08
OrdemServico	NN_NOME_PROJETO	Nome do Negócio	String	Memo	CP_ORDEM_SERVICO	NN_NOME_PROJETO		Nao	producao	2026-10-08
OrdemServico	NN_NOVO_NEGOCIO	Novo negócio	String	DropDownList	CP_ORDEM_SERVICO	NN_NOVO_NEGOCIO		Nao	producao	2026-10-08
OrdemServico	NN_NUMERO_PROJETO	Número do Negócio	String	TextBox	CP_ORDEM_SERVICO	NN_NUMERO_PROJETO		Nao	producao	2026-10-08
OrdemServico	NN_OBJETO_PROPOSTA	Objetivo da Proposta	String	Memo	CP_ORDEM_SERVICO	NN_OBJETO_PROPOSTA	2000	Nao	producao	2026-10-08
OrdemServico	NN_ORCAMENTO	Orçamento anual do Negócio (%)	Decimal	TextBox	CP_ORDEM_SERVICO	NN_ORCAMENTO		Nao	producao	2026-10-08
OrdemServico	NN_ORGAO_CLIENTE	Orgão do Cliente	String	TextBox	CP_ORDEM_SERVICO	NN_ORGAO_CLIENTE		Nao	producao	2026-10-08
OrdemServico	NN_ORIGEM_ESTRUTURACAO	Origem da estruturação do negócio	String	DropDownList	CP_ORDEM_SERVICO	NN_ORIGEM_ESTRUTURACAO		Nao	producao	2026-10-08
OrdemServico	NN_PERCENTUAL_RISCO	Percentual Risco Operacional	Decimal	TextBox	CP_ORDEM_SERVICO	NN_PERCENTUAL_RISCO		Nao	producao	2026-10-08
OrdemServico	NN_PRAZO_DEMANDA	Prazo do Término da Demanda	DateTime	DatePicker	CP_ORDEM_SERVICO	NN_PRAZO_DEMANDA		Nao	producao	2026-10-08
OrdemServico	NN_REPROVA_DEVOLVE	Devolver para correções?	String	DropDownList	CP_ORDEM_SERVICO	NN_REPROVA_DEVOLVE		Nao	producao	2026-10-08
OrdemServico	NN_RESPONSAVEL_RELACIONAMENTO	Responável pelo relacionamento	String	DropDownList	CP_ORDEM_SERVICO	NN_RESPONSAVEL_RELACIONAMENTO		Nao	producao	2026-10-08
OrdemServico	NN_RESPOSTA_CLIENTE	Resposta do cliente	String	Memo	CP_ORDEM_SERVICO	NN_RESPOSTA_CLIENTE	2000	Nao	producao	2026-10-08
OrdemServico	NN_RISCO_AMBIENTAL	Risco Ambiental	String	Memo	CP_ORDEM_SERVICO	NN_RISCO_AMBIENTAL	2000	Nao	producao	2026-10-08
OrdemServico	NN_RISCO_CREDITO	Risco de Crédito	String	Memo	CP_ORDEM_SERVICO	NN_RISCO_CREDITO	2000	Nao	producao	2026-10-08
OrdemServico	NN_RISCO_IMAGEM	Risco de Imagem	String	Memo	CP_ORDEM_SERVICO	NN_RISCO_IMAGEM	2000	Nao	producao	2026-10-08
OrdemServico	NN_RISCO_LIQUIDEZ	Risco de Liquidez	String	Memo	CP_ORDEM_SERVICO	NN_RISCO_LIQUIDEZ	2000	Nao	producao	2026-10-08
OrdemServico	NN_RISCO_MERCADO	Risco de Mercado	String	Memo	CP_ORDEM_SERVICO	NN_RISCO_MERCADO	2000	Nao	producao	2026-10-08
OrdemServico	NN_RISCO_OPERACIONAL	Risco Operacional	String	Memo	CP_ORDEM_SERVICO	NN_RISCO_OPERACIONAL	2000	Nao	producao	2026-10-08
OrdemServico	NN_SCR_GERENCIAS	Gerência de Divisão do Contrato	String	DropDownList	CP_ORDEM_SERVICO	NN_SCR_GERENCIAS		Nao	producao	2026-10-08
OrdemServico	NN_SERVICO_PORTIFOLIO	Serviço do portifólio	String	DropDownList	CP_ORDEM_SERVICO	NN_SERVICO_PORTIFOLIO		Nao	producao	2026-10-08
OrdemServico	NN_TIPO_INOVACAO	Tipo da Inovação e outras observações	String	TextBox	CP_ORDEM_SERVICO	NN_TIPO_INOVACAO		Nao	producao	2026-10-08
OrdemServico	NN_TIPO_PROJETO	Tipo de projeto (Precificação)	String	DropDownList	CP_ORDEM_SERVICO	NN_TIPO_PROJETO		Nao	producao	2026-10-08
OrdemServico	NN_TIPO_SERVICO	Linha de negócio	String	DropDownList	CP_ORDEM_SERVICO	NN_TIPO_SERVICO		Nao	producao	2026-10-08
OrdemServico	NN_TIPO_VENDA	Tipo de Vendas/Demanda	String	DropDownList	CP_ORDEM_SERVICO	NN_TIPO_VENDA		Nao	producao	2026-10-08
OrdemServico	NN_VALIDADE_PROPOSTA	Validade da Proposta Comercial	Integer	TextBox	CP_ORDEM_SERVICO	NN_VALIDADE_PROPOSTA		Nao	producao	2026-10-08
OrdemServico	NN_VALOR_PROPOSTA	Valor total da proposta (R$)	Decimal	TextBox	CP_ORDEM_SERVICO	NN_VALOR_PROPOSTA		Nao	producao	2026-10-08
OrdemServico	NN_VIGENCIA_CONTRATO	Vigência do Contrato	DateTime	DatePicker	CP_ORDEM_SERVICO	NN_VIGENCIA_CONTRATO	100	Nao	producao	2026-10-08
OrdemServico	NOME	Nome	String	TextBox	CP_ORDEM_SERVICO	NOME		Nao	producao	2026-10-08
OrdemServico	NOME COLABORADOR	Nome de Ex-Colaborador	String	TextBox	CP_ORDEM_SERVICO	NOME_COLABORADOR		Nao	producao	2026-10-08
OrdemServico	NOME_CAIXA_DEP	Nome da Caixa Departamental	String	TextBox	CP_ORDEM_SERVICO	NOME_CAIXA_DEP		Nao	producao	2026-10-08
OrdemServico	NOME_CONTROLE_SAUDE	Beneficiário a ser alterado	String	TextBox	CP_ORDEM_SERVICO	NOME_CONTROLE_SAUDE		Nao	producao	2026-10-08
OrdemServico	NOME_DAS	Nome	String	TextBox	CP_ORDEM_SERVICO	NOME_DAS		Nao	producao	2026-10-08
OrdemServico	NOME_FORNECEDOR	Nome do Fornecedor/Favorecido	String	TextBox	CP_ORDEM_SERVICO	NOME_FORNECEDOR		Nao	producao	2026-10-08
OrdemServico	NOME_GRUPO	Nome do Grupo	String	TextBox	CP_ORDEM_SERVICO	NOME_GRUPO		Nao	producao	2026-10-08
OrdemServico	NOME_MAE	Nome da mãe do beneficiário titular	String	TextBox	CP_ORDEM_SERVICO	NOME_MAE		Nao	producao	2026-10-08
OrdemServico	NOME_PLANO_DRE	Nome Plano DRE	String	Memo	CP_ORDEM_SERVICO	NOME_PLANO_DRE	60	Nao	producao	2026-10-08
OrdemServico	NOME_PRESTADOR	Nome do Prestador	String	TextBox	CP_ORDEM_SERVICO	NOME_PRESTADOR		Nao	producao	2026-10-08
OrdemServico	NOME_PROJETO	Nome do Projeto	String	TextBox	CP_ORDEM_SERVICO	NOME_PROJETO		Nao	producao	2026-10-08
OrdemServico	NOME_PVV	Nome	String	TextBox	CP_ORDEM_SERVICO	NOME_PVV		Nao	producao	2026-10-08
OrdemServico	NOME_RUBRICA	Nome da rubrica	String	Memo	CP_ORDEM_SERVICO	NOME_RUBRICA	60	Nao	producao	2026-10-08
OrdemServico	NOME_SAUDE	Nome (Clínica ou Profissional)	String	TextBox	CP_ORDEM_SERVICO	NOME_SAUDE		Nao	producao	2026-10-08
OrdemServico	NOME_SCR_DESTINO	Nome do SCR Destino	String	TextBox	CP_ORDEM_SERVICO	NOME_SCR_DESTINO		Nao	producao	2026-10-08
OrdemServico	NOME_SCR_ORIGEM	Nome do SCR Origem	String	TextBox	CP_ORDEM_SERVICO	NOME_SCR_ORIGEM		Nao	producao	2026-10-08
OrdemServico	NOME_SERV_APLIC	Nome do servidor de aplicações Notes	String	ListBox	CP_ORDEM_SERVICO	NOME_SERV_APLIC		Nao	producao	2026-10-08
OrdemServico	NOME_SERV_CORREIO	Nome do servidor de correio	String	DropDownList	CP_ORDEM_SERVICO	NOME_SERV_CORREIO		Nao	producao	2026-10-08
OrdemServico	NOME_SPED	Nome SPED	String	Memo	CP_ORDEM_SERVICO	NOME_SPED	60	Nao	producao	2026-10-08
OrdemServico	NORMATIVO_LEGAL	Normativo legal	String	Memo	CP_ORDEM_SERVICO	NORMATIVO_LEGAL	300	Nao	producao	2026-10-08
OrdemServico	NORMATIVO_RUB	Normativo/Motivo	String	Memo	CP_ORDEM_SERVICO	NORMATIVO_RUB	60	Nao	producao	2026-10-08
OrdemServico	NOTEBOOK	Notebook a ser devolvido pelo colaborador?	String	DropDownList	CP_ORDEM_SERVICO	NOTEBOOK		Nao	producao	2026-10-08
OrdemServico	NOTESCLIENT	Acesso Notes Client	Boolean	CheckBox	CP_ORDEM_SERVICO	NOTESCLIENT		Nao	producao	2026-10-08
OrdemServico	NOVA FUNCIONALIDADE	Desenvolvimento de nova funcionalidade	Boolean	CheckBox	CP_ORDEM_SERVICO	NOVA_FUNCIONALIDADE		Nao	producao	2026-10-08
OrdemServico	NOVA_SENHA	Nova senha	String	TextBox	CP_ORDEM_SERVICO	NOVA_SENHA		Nao	producao	2026-10-08
OrdemServico	NOVO_CONTRATO_CONSIG	Número do Novo Contrato	String	TextBox	CP_ORDEM_SERVICO	NOVO_CONTRATO_CONSIG		Nao	producao	2026-10-08
OrdemServico	NOVO_PLANO	Novo Plano	String	DropDownList	CP_ORDEM_SERVICO	NOVO_PLANO		Nao	producao	2026-10-08
OrdemServico	NOVO_PLANO_UNIMED	Novo Plano	String	DropDownList	CP_ORDEM_SERVICO	NOVO_PLANO_UNIMED		Nao	producao	2026-10-08
OrdemServico	NOVO_PRAZO	Novo prazo solicitado	DateTime	DatePicker	CP_ORDEM_SERVICO	NOVO_PRAZO		Nao	producao	2026-10-08
OrdemServico	NUMERO DA OV CHAMADO	Número da OV	Integer	TextBox	CP_ORDEM_SERVICO	NUMERO_DA_OV_CHAMADO	6	Nao	producao	2026-10-08
OrdemServico	NUMEROS DAS OCS	Número da OC e da linha (para várias OC´s, separar por ;)	String	TextBox	CP_ORDEM_SERVICO	NUMEROS_DAS_OCS	100	Nao	producao	2026-10-08
OrdemServico	NUMERO_DA_OC	Número da OC e da linha (para várias OC´s, separar por ;)	String	TextBox	CP_ORDEM_SERVICO	NUMERO_DA_OC	100	Nao	producao	2026-10-08
OrdemServico	NUMERO_MP	Número da MP	String	TextBox	CP_ORDEM_SERVICO	NUMERO_MP		Nao	producao	2026-10-08
OrdemServico	NUMERO_OC	Número da OC	Integer	TextBox	CP_ORDEM_SERVICO	NUMERO_OC	50	Nao	producao	2026-10-08
OrdemServico	NUMERO_OS	Número da Ordem de Serviço	String	TextBox	CP_ORDEM_SERVICO	NUMERO_OS		Nao	producao	2026-10-08
OrdemServico	NUMERO_SERIE	Número de Série	String	TextBox	CP_ORDEM_SERVICO	NUMERO_SERIE	20	Nao	producao	2026-10-08
OrdemServico	NUM_CHAMA_FORN	Número do chamado no fornecedor	String	TextBox	CP_ORDEM_SERVICO	NUM_CHAMA_FORN	12	Nao	producao	2026-10-08
OrdemServico	NUM_CHAVE	Número	String	TextBox	CP_ORDEM_SERVICO	NUM_CHAVE		Nao	producao	2026-10-08
OrdemServico	NUM_CONTRATO	Número do Contrato	String	TextBox	CP_ORDEM_SERVICO	NUM_CONTRATO	200	Nao	producao	2026-10-08
OrdemServico	NUM_DOCU	Número do documento	String	TextBox	CP_ORDEM_SERVICO	NUM_DOCU		Nao	producao	2026-10-08
OrdemServico	NUM_ITEM	Número do Ítem	String	TextBox	CP_ORDEM_SERVICO	NUM_ITEM	30	Nao	producao	2026-10-08
OrdemServico	NUM_LOCOMOCAO	Número da Locomoção referente à PUMVP	String	TextBox	CP_ORDEM_SERVICO	NUM_LOCOMOCAO		Nao	producao	2026-10-08
OrdemServico	NUM_NOTA_FISCAL	ID da Nota Fiscal	Integer	TextBox	CP_ORDEM_SERVICO	NUM_NOTA_FISCAL		Nao	producao	2026-10-08
OrdemServico	NUM_PATRIMONIO	Número do Patrimônio	String	TextBox	CP_ORDEM_SERVICO	NUM_PATRIMONIO	15	Nao	producao	2026-10-08
OrdemServico	NUM_PATRIM_ORIGINAL	Número do Patrimônio Original	Integer	TextBox	CP_ORDEM_SERVICO	NUM_PATRIM_ORIGINAL		Nao	producao	2026-10-08
OrdemServico	NUM_REPROG	Número da reprogramação	String	TextBox	CP_ORDEM_SERVICO	NUM_REPROG	3	Nao	producao	2026-10-08
OrdemServico	NUM_SEQ	Número sequencial	String	TextBox	CP_ORDEM_SERVICO	NUM_SEQ	250	Nao	producao	2026-10-08
OrdemServico	NUM_VERSAO	Número da Posição	Integer	TextBox	CP_ORDEM_SERVICO	NUM_VERSAO	12	Nao	producao	2026-10-08
OrdemServico	N_CONTRATO_CONSIG	Número do Contrato	String	TextBox	CP_ORDEM_SERVICO	N_CONTRATO_CONSIG		Nao	producao	2026-10-08
OrdemServico	NÚMERO DA NOTA FISCAL	Numero da Nota Fiscal	String	TextBox	CP_ORDEM_SERVICO	NÚMERO_DA_NOTA_FISCAL		Nao	producao	2026-10-08
OrdemServico	NÚMERO DO CHAMADO	Número do Chamado	Integer	TextBox	CP_ORDEM_SERVICO	NUMERO_DO_CHAMADO	12	Nao	producao	2026-10-08
OrdemServico	NÚMERO DO PROCESSO LICITATÓRIO	Nº do processo licitatório	String	TextBox	CP_ORDEM_SERVICO	NÚMERO_DO_PROCESSO_LICITATÓRIO		Nao	producao	2026-10-08
OrdemServico	OBJETIVO_EC	Objetivo estratégia corporativa	String	DropDownList	CP_ORDEM_SERVICO	OBJETIVO_EC		Nao	producao	2026-10-08
OrdemServico	OBJETO	Objeto de Consulta	String	Memo	CP_ORDEM_SERVICO	OBJETO		Nao	producao	2026-10-08
OrdemServico	OBJETO DA CONSULTA	Objeto da Consulta	String	Memo	CP_ORDEM_SERVICO	OBJETO_DA_CONSULTA	2000	Nao	producao	2026-10-08
OrdemServico	OBJETO DO CONTRATO	Objeto do Contrato	String	Memo	CP_ORDEM_SERVICO	OBJETO_DO_CONTRATO		Nao	producao	2026-10-08
OrdemServico	OBJETO_CONTRATACAO	Objeto da Contratação	String	Memo	CP_ORDEM_SERVICO	OBJETO_CONTRATACAO	2000	Nao	producao	2026-10-08
OrdemServico	OBJETO_DA_PROCURAÇÃO	Objeto da Procuração	String	Memo	CP_ORDEM_SERVICO	OBJETO_DA_PROCURAÇÃO		Nao	producao	2026-10-08
OrdemServico	OBJETO_GUIA	Objeto	String	TextBox	CP_ORDEM_SERVICO	OBJETO_GUIA		Nao	producao	2026-10-08
OrdemServico	OBJETO_NI	Objeto da NI	String	Memo	CP_ORDEM_SERVICO	OBJETO_NI		Nao	producao	2026-10-08
OrdemServico	OBJETO_NT	Objeto da NT	String	Memo	CP_ORDEM_SERVICO	OBJETO_NT		Nao	producao	2026-10-08
OrdemServico	OBSERVACAO_FORNECEDOREXTERNO	Observação - Fornecedor Externo	String	Memo	CP_ORDEM_SERVICO	OBSERVACAO_FORNECEDOREXTERNO		Nao	producao	2026-10-08
OrdemServico	OBS_ACOMPA	Acompanhamento da Solicitação	String	Memo	CP_ORDEM_SERVICO	OBS_ACOMPA		Nao	producao	2026-10-08
OrdemServico	OBS_DOCU	Observação - Documentos	String	Memo	CP_ORDEM_SERVICO	OBS_DOCU	2000	Nao	producao	2026-10-08
OrdemServico	OPCAO_AUXILIO	Alteração por Vale Alimentação e/ou Refeição	String	DropDownList	CP_ORDEM_SERVICO	OPCAO_AUXILIO		Nao	producao	2026-10-08
OrdemServico	OPCAO_DE_CONFIRMACAO	Campo confirma uma afirmação	Boolean	CheckBox	CP_ORDEM_SERVICO	OPCAO_DE_CONFIRMACAO		Nao	producao	2026-10-08
OrdemServico	ORGAO_CLIENTE	SCR do Cliente	String	TextBox	CP_ORDEM_SERVICO	ORGAO_CLIENTE	300	Nao	producao	2026-10-08
OrdemServico	ORGAO_EMISSOR	Órgão emissor	String	TextBox	CP_ORDEM_SERVICO	ORGAO_EMISSOR		Nao	producao	2026-10-08
OrdemServico	ORGAO_EMITENTE	Órgão Emitente	String	DropDownList	CP_ORDEM_SERVICO	ORGAO_EMITENTE		Nao	producao	2026-10-08
OrdemServico	ORGAO_FAVORECIDO	Nome do favorecido	String	TextBox	CP_ORDEM_SERVICO	ORGAO_FAVORECIDO		Nao	producao	2026-10-08
OrdemServico	ORIGEM_ACAO	Origem da ação	String	DropDownList	CP_ORDEM_SERVICO	ORIGEM_ACAO		Nao	producao	2026-10-08
OrdemServico	ORIGEM_DELIBERACAO	Origem da deliberação	String	DropDownList	CP_ORDEM_SERVICO	ORIGEM_DELIBERACAO		Nao	producao	2026-10-08
OrdemServico	OSBB	OSBB	String	TextBox	CP_ORDEM_SERVICO	OSBB	14	Nao	producao	2026-10-08
OrdemServico	OS_DERP	Ordem Serviço	String	TextBox	CP_ORDEM_SERVICO	OS_DERP		Nao	producao	2026-10-08
OrdemServico	OUTROS_PRAZO	Outros Prazos	String	DropDownList	CP_ORDEM_SERVICO	OUTROS_PRAZO		Nao	producao	2026-10-08
OrdemServico	PARA_CONHECIMENTO	Documento somente para conhecimento?	Boolean	CheckBox	CP_ORDEM_SERVICO	PARA_CONHECIMENTO		Nao	producao	2026-10-08
OrdemServico	PARCELAS_PID	Número de parcelas	Integer	DropDownList	CP_ORDEM_SERVICO	PARCELAS_PID		Nao	producao	2026-10-08
OrdemServico	PARECERES_NI	Pareceres/Notas Internas	String	Memo	CP_ORDEM_SERVICO	PARECERES_NI	2000	Nao	producao	2026-10-08
OrdemServico	PARECER_AUDIT	Avaliação da AUDIT	String	Memo	CP_ORDEM_SERVICO	PARECER_AUDIT	2000	Nao	producao	2026-10-08
OrdemServico	PARECER_KEY_USER	Parecer Key User	String	Memo	CP_ORDEM_SERVICO	PARECER_KEY_USER		Nao	producao	2026-10-08
OrdemServico	PARECER_PLANEJAMENTO	Parecer do Planejamento	String	Memo	CP_ORDEM_SERVICO	PARECER_PLANEJAMENTO	2000	Nao	producao	2026-10-08
OrdemServico	PASTA	Nome da Pasta	String	TextBox	CP_ORDEM_SERVICO	PASTA		Nao	producao	2026-10-08
OrdemServico	PASTA DO SERVIDOR DE ARQUIVOS	Pasta do Servidor de Arquivos	String	TextBox	CP_ORDEM_SERVICO	PASTA_DO_SERVIDOR_DE_ARQUIVOS		Nao	producao	2026-10-08
OrdemServico	PASTA_DE_ARQUIVOS	Pasta de Arquivos	String	Memo	CP_ORDEM_SERVICO	PASTA_DE_ARQUIVOS		Nao	producao	2026-10-08
OrdemServico	PATRIMONIO	Número do Patrimônio	String	TextBox	CP_ORDEM_SERVICO	PATRIMONIO		Nao	producao	2026-10-08
OrdemServico	PATRIMONIO_PVV	Patrimônio	String	TextBox	CP_ORDEM_SERVICO	PATRIMONIO_PVV		Nao	producao	2026-10-08
OrdemServico	PATROCINADOR	Patrocinadores	String	Memo	CP_ORDEM_SERVICO	PATROCINADOR	2000	Nao	producao	2026-10-08
OrdemServico	PEC_AREA_INTERESSE	Área de Interesse	String	DropDownList	CP_ORDEM_SERVICO	PEC_AREA_INTERESSE		Nao	producao	2026-10-08
OrdemServico	PEC_AREA_INTERESSE_R	Área de interesse	String	TextBox	CP_ORDEM_SERVICO	PEC_AREA_INTERESSE_R		Nao	producao	2026-10-08
OrdemServico	PEC_AVALIACAO_DESEMPENHO	Avaliação de Desempenho	String	DropDownList	CP_ORDEM_SERVICO	PEC_AVALIACAO_DESEMPENHO		Nao	producao	2026-10-08
OrdemServico	PEC_BOLSA	Formação	String	DropDownList	CP_ORDEM_SERVICO	PEC_BOLSA		Nao	producao	2026-10-08
OrdemServico	PEC_CARGO	Cargo	String	DropDownList	CP_ORDEM_SERVICO	PEC_CARGO		Nao	producao	2026-10-08
OrdemServico	PEC_CARGO_MBA	Cargo	String	DropDownList	CP_ORDEM_SERVICO	PEC_CARGO_MBA		Nao	producao	2026-10-08
OrdemServico	PEC_CURSO	Tipo de curso	String	TextBox	CP_ORDEM_SERVICO	PEC_CURSO		Nao	producao	2026-10-08
OrdemServico	PEC_DATA_MATRICULA	Data da matrícula	DateTime	DatePicker	CP_ORDEM_SERVICO	PEC_DATA_MATRICULA		Nao	producao	2026-10-08
OrdemServico	PEC_DECLARACAO	Declaro estar ciente das regras descritas no edital.	Boolean	CheckBox	CP_ORDEM_SERVICO	PEC_DECLARACAO		Nao	producao	2026-10-08
OrdemServico	PEC_EDITAL	Edital	String	DropDownList	CP_ORDEM_SERVICO	PEC_EDITAL		Nao	producao	2026-10-08
OrdemServico	PEC_EDITAL_V9	Edital	String	DropDownList	CP_ORDEM_SERVICO	PEC_EDITAL_V9		Nao	producao	2026-10-08
OrdemServico	PEC_ESPECIALIZACOES	Pós-Graduação	String	DropDownList	CP_ORDEM_SERVICO	PEC_ESPECIALIZACOES		Nao	producao	2026-10-08
OrdemServico	PEC_FUNCAO_GRATIFICADA	Função Gratificada	String	DropDownList	CP_ORDEM_SERVICO	PEC_FUNCAO_GRATIFICADA		Nao	producao	2026-10-08
OrdemServico	PEC_FUNCAO_MBA	Função Gratificada	String	DropDownList	CP_ORDEM_SERVICO	PEC_FUNCAO_MBA		Nao	producao	2026-10-08
OrdemServico	PEC_INSTITUICAO	Instituição	String	TextBox	CP_ORDEM_SERVICO	PEC_INSTITUICAO		Nao	producao	2026-10-08
OrdemServico	PEC_JUSTIFICATICA_RH	Justificativa do RH	String	Memo	CP_ORDEM_SERVICO	PEC_JUSTIFICATICA_RH		Nao	producao	2026-10-08
OrdemServico	PEC_JUSTIFICATIVA	Justificativa	String	Memo	CP_ORDEM_SERVICO	PEC_JUSTIFICATIVA	2000	Nao	producao	2026-10-08
OrdemServico	PEC_LOCALIDADE	Localidade	String	DropDownList	CP_ORDEM_SERVICO	PEC_LOCALIDADE		Nao	producao	2026-10-08
OrdemServico	PEC_MENSALIDADE	Valor do boleto	Decimal	TextBox	CP_ORDEM_SERVICO	PEC_MENSALIDADE		Nao	producao	2026-10-08
OrdemServico	PEC_MESES_TOTAL	Quantidade de meses no PEC	String	TextBox	CP_ORDEM_SERVICO	PEC_MESES_TOTAL		Nao	producao	2026-10-08
OrdemServico	PEC_NOME_CURSO	Nome do curso	String	TextBox	CP_ORDEM_SERVICO	PEC_NOME_CURSO		Nao	producao	2026-10-08
OrdemServico	PEC_PERIODO	Período já cursado	String	DropDownList	CP_ORDEM_SERVICO	PEC_PERIODO		Nao	producao	2026-10-08
OrdemServico	PEC_PONTUACAO_TOTAL	Pontuação total	Decimal	TextBox	CP_ORDEM_SERVICO	PEC_PONTUACAO_TOTAL		Nao	producao	2026-10-08
OrdemServico	PEC_PRESTACAO_TOTAL	Total de prestações do curso	Integer	TextBox	CP_ORDEM_SERVICO	PEC_PRESTACAO_TOTAL		Nao	producao	2026-10-08
OrdemServico	PEC_PRESTACAO_VENCER	Total de prestações a vencer	Integer	TextBox	CP_ORDEM_SERVICO	PEC_PRESTACAO_VENCER		Nao	producao	2026-10-08
OrdemServico	PEC_PREVISAO_CONCLUSAO	Previsão de conclusão	DateTime	TextBox	CP_ORDEM_SERVICO	PEC_PREVISAO_CONCLUSAO		Nao	producao	2026-10-08
OrdemServico	PEC_REGIAO	Região	String	DropDownList	CP_ORDEM_SERVICO	PEC_REGIAO		Nao	producao	2026-10-08
OrdemServico	PEC_TIPO	Tipo de curso	String	DropDownList	CP_ORDEM_SERVICO	PEC_TIPO		Nao	producao	2026-10-08
OrdemServico	PEC_TIPO_REEMBOLSO	Tipo de reembolso	String	DropDownList	CP_ORDEM_SERVICO	PEC_TIPO_REEMBOLSO		Nao	producao	2026-10-08
OrdemServico	PEC_TIPO_REEMBOLSO_1	Tipo de reembolso	String	DropDownList	CP_ORDEM_SERVICO	PEC_TIPO_REEMBOLSO_1		Nao	producao	2026-10-08
OrdemServico	PEC_VALOR_CURSO	Valor total do curso	Decimal	TextBox	CP_ORDEM_SERVICO	PEC_VALOR_CURSO		Nao	producao	2026-10-08
OrdemServico	PEC_VALOR_REEMBOLSO	Valor do reembolso mensal	Decimal	TextBox	CP_ORDEM_SERVICO	PEC_VALOR_REEMBOLSO		Nao	producao	2026-10-08
OrdemServico	PEC_VENCIMENTO_MENSAL	Vencimento	DateTime	DatePicker	CP_ORDEM_SERVICO	PEC_VENCIMENTO_MENSAL		Nao	producao	2026-10-08
OrdemServico	PERFIL	Perfil	String	TextBox	CP_ORDEM_SERVICO	PERFIL		Nao	producao	2026-10-08
OrdemServico	PERFIL_ANA_ADM	Perfil	String	DropDownList	CP_ORDEM_SERVICO	PERFIL_ANA_ADM		Nao	producao	2026-10-08
OrdemServico	PERFIL_ANA_OPE	Perfil	String	DropDownList	CP_ORDEM_SERVICO	PERFIL_ANA_OPE		Nao	producao	2026-10-08
OrdemServico	PERFIL_TEC_ADM	Perfil	String	DropDownList	CP_ORDEM_SERVICO	PERFIL_TEC_ADM		Nao	producao	2026-10-08
OrdemServico	PERFIL_TEC_OPE	Perfil	String	DropDownList	CP_ORDEM_SERVICO	PERFIL_TEC_OPE		Nao	producao	2026-10-08
OrdemServico	PERFIL_USU_REDE_MAN	Perfil	String	DropDownList	CP_ORDEM_SERVICO	PERFIL_USU_REDE_MAN		Nao	producao	2026-10-08
OrdemServico	PERIODO_CURSO	Período cursando	String	DropDownList	CP_ORDEM_SERVICO	PERIODO_CURSO		Nao	producao	2026-10-08
OrdemServico	PERMANENTE	Permanente	Boolean	CheckBox	CP_ORDEM_SERVICO	PERMANENTE		Nao	producao	2026-10-08
OrdemServico	PESQUISA_DESLIGAMENTO	Pesquisa de Desligamento	String	DropDownList	CP_ORDEM_SERVICO	PESQUISA_DESLIGAMENTO		Nao	producao	2026-10-08
OrdemServico	PIS_COFINS	PIS/COFINS	String	DropDownList	CP_ORDEM_SERVICO	PIS_COFINS		Nao	producao	2026-10-08
OrdemServico	PLANO	Plano	String	Memo	CP_ORDEM_SERVICO	PLANO		Nao	producao	2026-10-08
OrdemServico	PLANO_BALANCETE	Plano Balanço Patrimonial	String	DropDownList	CP_ORDEM_SERVICO	PLANO_BALANCETE	1000	Nao	producao	2026-10-08
OrdemServico	PLANO_DRE	Plano DRE	String	DropDownList	CP_ORDEM_SERVICO	PLANO_DRE	1000	Nao	producao	2026-10-08
OrdemServico	PLANO_ORC_BBTS	Plano Orçamentário BBTS	String	DropDownList	CP_ORDEM_SERVICO	PLANO_ORC_BBTS	1000	Nao	producao	2026-10-08
OrdemServico	PLANO_ORC_PDG	Plano Orçamentário PDG	String	DropDownList	CP_ORDEM_SERVICO	PLANO_ORC_PDG	1000	Nao	producao	2026-10-08
OrdemServico	PLANO_RETORNO	Plano de Retorno	String	TextBox	CP_ORDEM_SERVICO	PLANO_RETORNO		Nao	producao	2026-10-08
OrdemServico	PLANO_SPED	Plano Referencial SPED	String	DropDownList	CP_ORDEM_SERVICO	PLANO_SPED	1000	Nao	producao	2026-10-08
OrdemServico	POLITICA_SEGURANCA	Termo da Política de Segurança	String	Memo	CP_ORDEM_SERVICO	POLITICA_SEGURANCA	900	Nao	producao	2026-10-08
OrdemServico	POSSE	Posse	String	DropDownList	CP_ORDEM_SERVICO	POSSE		Nao	producao	2026-10-08
OrdemServico	POSSUI_RESERVA	Possui Reserva?	Boolean	CheckBox	CP_ORDEM_SERVICO	POSSUI_RESERVA		Nao	producao	2026-10-08
OrdemServico	PPAPRESDIREX	Observações - Apresentação DIREX	String	Memo	CP_ORDEM_SERVICO	PPAPRESDIREX	1200	Nao	producao	2026-10-08
OrdemServico	PPCLIENTE	Cliente	String	DropDownList	CP_ORDEM_SERVICO	PPCLIENTE		Nao	producao	2026-10-08
OrdemServico	PPCOLIGADA	Empresa Coligada do Banco do Brasil;	String	DropDownList	CP_ORDEM_SERVICO	PPCOLIGADA		Nao	producao	2026-10-08
OrdemServico	PPCOMPRAS	Submeter ao Setor de Compras	String	DropDownList	CP_ORDEM_SERVICO	PPCOMPRAS		Nao	producao	2026-10-08
OrdemServico	PPCOMPRAS_ACAO	COMPRAS - Ação	String	Memo	CP_ORDEM_SERVICO	PPCOMPRAS_ACAO	1200	Nao	producao	2026-10-08
OrdemServico	PPCONDIPAGAMENTO	Condição de Pagamento	String	TextBox	CP_ORDEM_SERVICO	PPCONDIPAGAMENTO		Nao	producao	2026-10-08
OrdemServico	PPDADO_FECH_NEG_CONT_CLIENT	Número do Contrato Cliente	String	TextBox	CP_ORDEM_SERVICO	PPDADO_FECH_NEG_CONT_CLIENT	13	Nao	producao	2026-10-08
OrdemServico	PPDADO_FECH_NEG_DATA_FECH	Data Provável do Fechamento do Negócio	DateTime	DateTimePicker	CP_ORDEM_SERVICO	PPDADO_FECH_NEG_DATA_FECH		Nao	producao	2026-10-08
OrdemServico	PPDADO_FECH_NEG_DGCO	Número do Contrato DGCO	String	TextBox	CP_ORDEM_SERVICO	PPDADO_FECH_NEG_DGCO	13	Nao	producao	2026-10-08
OrdemServico	PPDADO_FECH_NEG_NUN_PROP_CB	Número do Contrato COBRA	String	TextBox	CP_ORDEM_SERVICO	PPDADO_FECH_NEG_NUN_PROP_CB	13	Nao	producao	2026-10-08
OrdemServico	PPDIRETORIARESP	DIRETORIA RESPOSÁVEL	String	Label	CP_ORDEM_SERVICO	PPDIRETORIARESP		Nao	producao	2026-10-08
OrdemServico	PPDIRETORIA_NEGOCIO	Diretoria do Negócio	String	DropDownList	CP_ORDEM_SERVICO	PPDIRETORIA_NEGOCIO		Nao	producao	2026-10-08
OrdemServico	PPDIRETOR_NEGOCIO	Diretor do Negócio	String	DropDownList	CP_ORDEM_SERVICO	PPDIRETOR_NEGOCIO		Nao	producao	2026-10-08
OrdemServico	PPDIRETOR_NEGOCIO2	Diretor do Negócio2222	String	DropDownList	CP_ORDEM_SERVICO	PPDIRETOR_NEGOCIO2		Nao	producao	2026-10-08
OrdemServico	PPFINANCEIRO_ACAO	FINANCEIRO - Ação	String	Memo	CP_ORDEM_SERVICO	PPFINANCEIRO_ACAO	1200	Nao	producao	2026-10-08
OrdemServico	PPGEREX_NEGOCIO	Gerente Executivo do Negócio	String	DropDownList	CP_ORDEM_SERVICO	PPGEREX_NEGOCIO		Nao	producao	2026-10-08
OrdemServico	PPGER_OPER_PROPOSTA	GERENCIA OPERACIONAL DA PROPOSTA	String	Label	CP_ORDEM_SERVICO	PPGER_OPER_PROPOSTA		Nao	producao	2026-10-08
OrdemServico	PPLIMITE_ORCAMENTARIO	Limite Orçamentário (R$)	String	TextBox	CP_ORDEM_SERVICO	PPLIMITE_ORCAMENTARIO	13	Nao	producao	2026-10-08
OrdemServico	PPMARGEMNEG	Margem do Negócio	Decimal	TextBox	CP_ORDEM_SERVICO	PPMARGEMNEG		Nao	producao	2026-10-08
OrdemServico	PPNOME_PROJETO	Nome do Projeto	String	TextBox	CP_ORDEM_SERVICO	PPNOME_PROJETO		Nao	producao	2026-10-08
OrdemServico	PPNOVONEGOCIO	Novo Negócio	String	DropDownList	CP_ORDEM_SERVICO	PPNOVONEGOCIO		Nao	producao	2026-10-08
OrdemServico	PPOBJ_PROP_DESCRICAO	Descrição	String	Memo	CP_ORDEM_SERVICO	PPOBJ_PROP_DESCRICAO	2000	Nao	producao	2026-10-08
OrdemServico	PPOBSAPROVCONAD	Observação - Aprovação CONAD	String	Memo	CP_ORDEM_SERVICO	PPOBSAPROVCONAD	1200	Nao	producao	2026-10-08
OrdemServico	PPOBSAPROVDIREX	Observação - Aprovação Diretor	String	Memo	CP_ORDEM_SERVICO	PPOBSAPROVDIREX	1200	Nao	producao	2026-10-08
OrdemServico	PPOBSAPROVGEREX	Observação - Aprovação Gerex	String	Memo	CP_ORDEM_SERVICO	PPOBSAPROVGEREX	1200	Nao	producao	2026-10-08
OrdemServico	PPOBSAPROVPRESI	Observação - Aprovação Presidente	String	Memo	CP_ORDEM_SERVICO	PPOBSAPROVPRESI	1200	Nao	producao	2026-10-08
OrdemServico	PPOBSCONFORMIDADE	Observação - Conformidade	String	Memo	CP_ORDEM_SERVICO	PPOBSCONFORMIDADE	1200	Nao	producao	2026-10-08
OrdemServico	PPOBSENCPROJ	Observação - Encerramento do Projeto	String	Memo	CP_ORDEM_SERVICO	PPOBSENCPROJ	1200	Nao	producao	2026-10-08
OrdemServico	PPOBSERVACAO01_TAREFA01	Observação do Analista	String	Memo	CP_ORDEM_SERVICO	PPOBSERVACAO01_TAREFA01	1200	Nao	producao	2026-10-08
OrdemServico	PPORCAMENTOPREV	Há ORÇAMENTO PREVISTO para o projeto conforme GCO?	String	DropDownList	CP_ORDEM_SERVICO	PPORCAMENTOPREV		Nao	producao	2026-10-08
OrdemServico	PPORGAO_CLIENTE	Orgão do Cliente	String	TextBox	CP_ORDEM_SERVICO	PPORGAO_CLIENTE		Nao	producao	2026-10-08
OrdemServico	PPPARCEIROS_FORNEC	PARCEIROS E FORNECEDORES	String	Label	CP_ORDEM_SERVICO	PPPARCEIROS_FORNEC		Nao	producao	2026-10-08
OrdemServico	PPPARCE_FORN_ENVOLVIDOS	Parceiros Envolvidos	String	TextBox	CP_ORDEM_SERVICO	PPPARCE_FORN_ENVOLVIDOS		Nao	producao	2026-10-08
OrdemServico	PPPARCE_FORN_PROJETO	Projeto levantado por Parceiros	Boolean	CheckBox	CP_ORDEM_SERVICO	PPPARCE_FORN_PROJETO		Nao	producao	2026-10-08
OrdemServico	PPPARECER_CONFORMIDADE_FINAL	Observações - Parecer análise final Conformidade	String	Memo	CP_ORDEM_SERVICO	PPPARECER_CONFORMIDADE_FINAL		Nao	producao	2026-10-08
OrdemServico	PPPRECIFICACAO_ACAO	PRECIFICAÇÃO - Ação	String	Memo	CP_ORDEM_SERVICO	PPPRECIFICACAO_ACAO	1200	Nao	producao	2026-10-08
OrdemServico	PPPREVFATURAMENTO	Previsão de Faturamento	String	TextBox	CP_ORDEM_SERVICO	PPPREVFATURAMENTO		Nao	producao	2026-10-08
OrdemServico	PPPROPINVESTIMENTO	Proposta Comercial Possui INVESTIMENTO?	String	DropDownList	CP_ORDEM_SERVICO	PPPROPINVESTIMENTO		Nao	producao	2026-10-08
OrdemServico	PPPROPOSTA	PROPOSTA DE PROJETO	String	Label	CP_ORDEM_SERVICO	PPPROPOSTA		Nao	producao	2026-10-08
OrdemServico	PPREESPONSAVEL_RELACIONAMENTO	Responável Pelo Relacionamento	String	DropDownList	CP_ORDEM_SERVICO	PPREESPONSAVEL_RELACIONAMENTO		Nao	producao	2026-10-08
OrdemServico	PPRISCOFINANCEIRO	RISCOS IDENTIFICADOS NO NEGÓCIO  - Riscos Financeiro	String	Memo	CP_ORDEM_SERVICO	PPRISCOFINANCEIRO	2000	Nao	producao	2026-10-08
OrdemServico	PPRISCOINDENEGOCIO	RISCO IDENTIFICADOS DO NEGÓCIO	String	Label	CP_ORDEM_SERVICO	PPRISCOINDENEGOCIO		Nao	producao	2026-10-08
OrdemServico	PPRISCOLEGAIS	RISCOS IDENTIFICADOS NO NEGÓCIO  - Riscos Legais	String	Memo	CP_ORDEM_SERVICO	PPRISCOLEGAIS	2000	Nao	producao	2026-10-08
OrdemServico	PPRISCOOPERACIONAL	RISCOS IDENTIFICADOS NO NEGÓCIO  - Riscos Operacionais	String	Memo	CP_ORDEM_SERVICO	PPRISCOOPERACIONAL	2000	Nao	producao	2026-10-08
OrdemServico	PPSOLIC_PROPOSTA	SOLICITANTE DA PROPOSTA	String	Label	CP_ORDEM_SERVICO	PPSOLIC_PROPOSTA		Nao	producao	2026-10-08
OrdemServico	PPTIPO_VENDA	Tipo de Vendas/Demanda	String	DropDownList	CP_ORDEM_SERVICO	PPTIPO_VENDA		Nao	producao	2026-10-08
OrdemServico	PPVAL_PROPOSTA	VALIDADE DA PROPOSTA	String	Label	CP_ORDEM_SERVICO	PPVAL_PROPOSTA		Nao	producao	2026-10-08
OrdemServico	PPVIGCONTRATO	Vigência do Contrato	DateTime	DatePicker	CP_ORDEM_SERVICO	PPVIGCONTRATO	100	Nao	producao	2026-10-08
OrdemServico	PPVIGECONTRATO	Vigência do Contrato	String	TextBox	CP_ORDEM_SERVICO	PPVIGECONTRATO	100	Nao	producao	2026-10-08
OrdemServico	PP_ALCADA_CONAD	Alçada de competência do CONAD?	String	DropDownList	CP_ORDEM_SERVICO	PP_ALCADA_CONAD		Nao	producao	2026-10-08
OrdemServico	PP_ALCADA_PRESI	Alçada de competência do Presidente?	String	DropDownList	CP_ORDEM_SERVICO	PP_ALCADA_PRESI		Nao	producao	2026-10-08
OrdemServico	PP_ALTERACAO_PROP	Ajustes solicitados pelo cliente	String	Memo	CP_ORDEM_SERVICO	PP_ALTERACAO_PROP		Nao	producao	2026-10-08
OrdemServico	PP_ALTERACAO_PROPOSTA	Proposta necessita de alteração	String	DropDownList	CP_ORDEM_SERVICO	PP_ALTERACAO_PROPOSTA		Nao	producao	2026-10-08
OrdemServico	PP_ALTERACAO_PROPOSTA_ESCOPO	Proposta necessita de alteração no seu escopo o nas áreas intervinientes (CASO SEJA PRECISO O FLUXO SE REINICIARÁ NA PRIMEIRA TAREFA!!!)	String	DropDownList	CP_ORDEM_SERVICO	PP_ALTERACAO_PROPOSTA_ESCOPO		Nao	producao	2026-10-08
OrdemServico	PP_APROV_DIVISAO	Negar Proposta de Novo Projeto	String	DropDownList	CP_ORDEM_SERVICO	PP_APROV_DIVISAO		Nao	producao	2026-10-08
OrdemServico	PP_DATA_APRES_DIREX	Data da apresentação na DIREX	DateTime	DatePicker	CP_ORDEM_SERVICO	PP_DATA_APRES_DIREX		Nao	producao	2026-10-08
OrdemServico	PP_DIV_AUDIT	AUDIT - AUDITORIA	Boolean	CheckBox	CP_ORDEM_SERVICO	PP_DIV_AUDIT		Nao	producao	2026-10-08
OrdemServico	PP_DIV_CON	DCON - DIVISÃO DE CONTROLADORIA	Boolean	CheckBox	CP_ORDEM_SERVICO	PP_DIV_CON		Nao	producao	2026-10-08
OrdemServico	PP_DIV_DAEN	DAEN - DIVISÃO DE APOIO E ESTRUTURAÇÃO DE NEGÓCIOS	Boolean	CheckBox	CP_ORDEM_SERVICO	PP_DIV_DAEN		Nao	producao	2026-10-08
OrdemServico	PP_DIV_DAMZ	DAMZ - DIVISÃO DE ARMAZENAGEM	Boolean	CheckBox	CP_ORDEM_SERVICO	PP_DIV_DAMZ		Nao	producao	2026-10-08
OrdemServico	PP_DIV_DAPN	DAPN - DIVISÃO DE AVALIAÇÃO E PRIORIZAÇÃO DE NEGÓCIOS	Boolean	CheckBox	CP_ORDEM_SERVICO	PP_DIV_DAPN		Nao	producao	2026-10-08
OrdemServico	PP_DIV_DATQ	DATQ - DIVISÃO DE ATENDIMENTO E QUALIDADE	Boolean	CheckBox	CP_ORDEM_SERVICO	PP_DIV_DATQ		Nao	producao	2026-10-08
OrdemServico	PP_DIV_DCNF	DCNF - DIVISÃO DE CONFORMIDADE	Boolean	CheckBox	CP_ORDEM_SERVICO	PP_DIV_DCNF		Nao	producao	2026-10-08
OrdemServico	PP_DIV_DCOM	DCOM - DIVISÃO DE COMUNICAÇÃO	Boolean	CheckBox	CP_ORDEM_SERVICO	PP_DIV_DCOM		Nao	producao	2026-10-08
OrdemServico	PP_DIV_DCSI	DCSI - DIVISÃO DE CONSTRUÇÃO DE SOLUÇÕES EM TI	Boolean	CheckBox	CP_ORDEM_SERVICO	PP_DIV_DCSI		Nao	producao	2026-10-08
OrdemServico	PP_DIV_DCTA	DCTA - DIVISÃO DE CONTABILIDADE SOCIETÁRIA E FISCAL	Boolean	CheckBox	CP_ORDEM_SERVICO	PP_DIV_DCTA		Nao	producao	2026-10-08
OrdemServico	PP_DIV_DDPR	DDPR - DIVISÃO DE DESEMPENHO E DESENVOLVIMENTO PROFISSIONAL	Boolean	CheckBox	CP_ORDEM_SERVICO	PP_DIV_DDPR		Nao	producao	2026-10-08
OrdemServico	PP_DIV_DEQS	DEQS  - DIVISÃO DE EQUIPAMENTOS E SUPORTE	Boolean	CheckBox	CP_ORDEM_SERVICO	PP_DIV_DEQS		Nao	producao	2026-10-08
OrdemServico	PP_DIV_DERP	DERP - DIVISÃO DE ENGENHARIA DE REDES E PROCESSAMENTO DE DADOS	Boolean	CheckBox	CP_ORDEM_SERVICO	PP_DIV_DERP		Nao	producao	2026-10-08
OrdemServico	PP_DIV_DFIN	DFIN - DIVISÃO DE FINANÇAS	Boolean	CheckBox	CP_ORDEM_SERVICO	PP_DIV_DFIN		Nao	producao	2026-10-08
OrdemServico	PP_DIV_DGCO	DGCO - DIVISÃO DE GESTÃO DE CONTRATOS	Boolean	CheckBox	CP_ORDEM_SERVICO	PP_DIV_DGCO		Nao	producao	2026-10-08
OrdemServico	PP_DIV_DGEC	DGEC - DIVISÃO DE GESTÃO DE CUSTOS	Boolean	CheckBox	CP_ORDEM_SERVICO	PP_DIV_DGEC		Nao	producao	2026-10-08
OrdemServico	PP_DIV_DGIF	DGIF  - DIVISÃO DE GESTÃO DE INFORMAÇÕES	Boolean	CheckBox	CP_ORDEM_SERVICO	PP_DIV_DGIF		Nao	producao	2026-10-08
OrdemServico	PP_DIV_DGOI	DGOI - DIVISÃO DE GESTÃO DE OUVIDORIA INTERNA	Boolean	CheckBox	CP_ORDEM_SERVICO	PP_DIV_DGOI		Nao	producao	2026-10-08
OrdemServico	PP_DIV_DGOR	DGOR - DIVISSÃO DA GESTÃO DE OPERAÇÕES DA REDE DE ATENDIMENTO	Boolean	CheckBox	CP_ORDEM_SERVICO	PP_DIV_DGOR		Nao	producao	2026-10-08
OrdemServico	PP_DIV_DGOV	DGOV - DIVISÃO DE APOIO A GOVERNANÇA	Boolean	CheckBox	CP_ORDEM_SERVICO	PP_DIV_DGOV		Nao	producao	2026-10-08
OrdemServico	PP_DIV_DGPJ	DGPJ - DIVISÃO DE GESTÃO DE PROJETOS DE TI E RELACIONAMENTO	Boolean	CheckBox	CP_ORDEM_SERVICO	PP_DIV_DGPJ		Nao	producao	2026-10-08
OrdemServico	PP_DIV_DGPR	DGPR - DIVISÃO DE GESTÃO DE PESSOAL E RETRIBUIÇÕES	Boolean	CheckBox	CP_ORDEM_SERVICO	PP_DIV_DGPR		Nao	producao	2026-10-08
OrdemServico	PP_DIV_DGPS	DGPS - DIVISÃO DE GESTÃO DE PRODUTOS E SERVIÇOS	Boolean	CheckBox	CP_ORDEM_SERVICO	PP_DIV_DGPS		Nao	producao	2026-10-08
OrdemServico	PP_DIV_DGRA	DGRA - DIVISÃO DE GESTÃO DE PRODUTOS E SERVIÇOS	Boolean	CheckBox	CP_ORDEM_SERVICO	PP_DIV_DGRA		Nao	producao	2026-10-08
OrdemServico	PP_DIV_DIDH	DIDH - SUSTENTAÇÃO DE INFRA-DATA CENTER E HOMO DE EQ. DE AUTO  BANCARIA	Boolean	CheckBox	CP_ORDEM_SERVICO	PP_DIV_DIDH		Nao	producao	2026-10-08
OrdemServico	PP_DIV_DIGN	DIGN - DIVISÃO DE IMPLEMENTAÇÃO E GESTÃO DE NOVOS SERVIÇOS	Boolean	CheckBox	CP_ORDEM_SERVICO	PP_DIV_DIGN		Nao	producao	2026-10-08
OrdemServico	PP_DIV_DLIC	DLIC - DIVISÃO DE LICITAÇÕES	Boolean	CheckBox	CP_ORDEM_SERVICO	PP_DIV_DLIC		Nao	producao	2026-10-08
OrdemServico	PP_DIV_DMOR	DMOR - DIVISÃO DE MODELAGEM E MODERNIZAÇÃO DA REDE DE ATENDIMENTO	Boolean	CheckBox	CP_ORDEM_SERVICO	PP_DIV_DMOR		Nao	producao	2026-10-08
OrdemServico	PP_DIV_DOCC	DOCC - DIVISÃO DE OPERACAO DE CONTACT CENTER	Boolean	CheckBox	CP_ORDEM_SERVICO	PP_DIV_DOCC		Nao	producao	2026-10-08
OrdemServico	PP_DIV_DOIP	DOIP - DIVISÃO DE OPERAÇÃO DE IMPRESSÃO	Boolean	CheckBox	CP_ORDEM_SERVICO	PP_DIV_DOIP		Nao	producao	2026-10-08
OrdemServico	PP_DIV_DORG	DORG - DIVISÃO DE ORGANIZAÇÃO E NORMAS	Boolean	CheckBox	CP_ORDEM_SERVICO	PP_DIV_DORG		Nao	producao	2026-10-08
OrdemServico	PP_DIV_DOSL	DOSL - DIVISÃO DE OPERAÇÕES	Boolean	CheckBox	CP_ORDEM_SERVICO	PP_DIV_DOSL		Nao	producao	2026-10-08
OrdemServico	PP_DIV_DPLA	DPLA - DIVISÃO DE PLANEJAMENTO E ESTRTÉGIA	Boolean	CheckBox	CP_ORDEM_SERVICO	PP_DIV_DPLA		Nao	producao	2026-10-08
OrdemServico	PP_DIV_DPML	DPML - DIVISÃO DE PLANEJAMENTO DE MATERIAIS E LOGÍSTICA	Boolean	CheckBox	CP_ORDEM_SERVICO	PP_DIV_DPML		Nao	producao	2026-10-08
OrdemServico	PP_DIV_DPNN	DPNN - DIVISÃO DE PROJETOS DE NOVOS NEGÓCIOS	Boolean	CheckBox	CP_ORDEM_SERVICO	PP_DIV_DPNN		Nao	producao	2026-10-08
OrdemServico	PP_DIV_DPOP	DPOP - DIVISÃO DE SUPORTE E OPERAÇÃO AOS RECURSOS DE TI	Boolean	CheckBox	CP_ORDEM_SERVICO	PP_DIV_DPOP		Nao	producao	2026-10-08
OrdemServico	PP_DIV_DPPR	DPPR - DIVISÃO DE PROJETOS E PROCESSOS	Boolean	CheckBox	CP_ORDEM_SERVICO	PP_DIV_DPPR		Nao	producao	2026-10-08
OrdemServico	PP_DIV_DPSD	DPSD - DIVISÃO DE PRODUÇÃO DE SERVIÇOS DE DIGITALIZAÇÃO	Boolean	CheckBox	CP_ORDEM_SERVICO	PP_DIV_DPSD		Nao	producao	2026-10-08
OrdemServico	PP_DIV_DSGE	DSGE - DIVISÃO DE SERVIÇOS GERAIS	Boolean	CheckBox	CP_ORDEM_SERVICO	PP_DIV_DSGE		Nao	producao	2026-10-08
OrdemServico	PP_DIV_DSND	DSND - DIVISÃO DE SUPORTE DE NEGÓCIOS DE PROCESSAMENTO DE DOCUMENTOS	Boolean	CheckBox	CP_ORDEM_SERVICO	PP_DIV_DSND		Nao	producao	2026-10-08
OrdemServico	PP_DIV_DSPD	DSPD - DIVISÃO DE SUPORTE A PRODUTOS CORPORATIVOS E LICENCIAMENTO DE SOFTWARE	Boolean	CheckBox	CP_ORDEM_SERVICO	PP_DIV_DSPD		Nao	producao	2026-10-08
OrdemServico	PP_DIV_DSTI	DSTI - DIVISÃO DE SUPORTE E TECNOLOGIA DE INFORMAÇÃO	Boolean	CheckBox	CP_ORDEM_SERVICO	PP_DIV_DSTI		Nao	producao	2026-10-08
OrdemServico	PP_DIV_DTEL	DTEL - DIVISÃO DE SERVIÇOS DE TELECOMUNICAÇÕES	Boolean	CheckBox	CP_ORDEM_SERVICO	PP_DIV_DTEL		Nao	producao	2026-10-08
OrdemServico	PP_DIV_DTMS	DTMS - DIVISÃO DE TESTE E MEDIÇÃO DE SOFTWARE	Boolean	CheckBox	CP_ORDEM_SERVICO	PP_DIV_DTMS		Nao	producao	2026-10-08
OrdemServico	PP_DIV_LABEL	MARQUE AS ÁREAS INTERVENIENTES	String	Label	CP_ORDEM_SERVICO	PP_DIV_LABEL		Nao	producao	2026-10-08
OrdemServico	PP_JUSTIFICATIVA_CONFORMIDADE	Digitar a Justificativa para itens de não conformidade: Justificativa - Conformidade	String	Memo	CP_ORDEM_SERVICO	PP_JUSTIFICATIVA_CONFORMIDADE	1200	Nao	producao	2026-10-08
OrdemServico	PP_NOVADATA_PROPCOM	Nova data de validade da Proposta Comercial:	DateTime	DatePicker	CP_ORDEM_SERVICO	PP_NOVADATA_PROPCOM		Nao	producao	2026-10-08
OrdemServico	PP_OBSERVACOES_DOC_APRO_FINAL	Documento de Aprovação Final - Observações	String	Memo	CP_ORDEM_SERVICO	PP_OBSERVACOES_DOC_APRO_FINAL	1200	Nao	producao	2026-10-08
OrdemServico	PP_OBS_APROV_GEREX	Despacho GEREX - Observações	String	Memo	CP_ORDEM_SERVICO	PP_OBS_APROV_GEREX	1200	Nao	producao	2026-10-08
OrdemServico	PP_VALID_PROPOSTA_COMERCIAL	Validade da Proposta Comercial	DateTime	DatePicker	CP_ORDEM_SERVICO	PP_VALID_PROPOSTA_COMERCIAL		Nao	producao	2026-10-08
OrdemServico	PRAZO	Prazo	String	DropDownList	CP_ORDEM_SERVICO	PRAZO		Nao	producao	2026-10-08
OrdemServico	PRAZO_CONSIG	Prazo (Quantidade de Parcelas)	Integer	TextBox	CP_ORDEM_SERVICO	PRAZO_CONSIG		Nao	producao	2026-10-08
OrdemServico	PRAZO_DELIBERACAO	Prazo da deliberação	DateTime	DatePicker	CP_ORDEM_SERVICO	PRAZO_DELIBERACAO		Nao	producao	2026-10-08
OrdemServico	PRAZO_DIAS	Prazo em dias	String	DropDownList	CP_ORDEM_SERVICO	PRAZO_DIAS		Nao	producao	2026-10-08
OrdemServico	PRAZO_DOD	Prazo para vigorar	String	TextBox	CP_ORDEM_SERVICO	PRAZO_DOD		Nao	producao	2026-10-08
OrdemServico	PRAZO_FINAL	Prazo final	DateTime	DatePicker	CP_ORDEM_SERVICO	PRAZO_FINAL		Nao	producao	2026-10-08
OrdemServico	PRAZO_INICIAL	Prazo inicial	DateTime	DatePicker	CP_ORDEM_SERVICO	PRAZO_INICIAL		Nao	producao	2026-10-08
OrdemServico	PRAZO_ORCADO_DOD	Qual o esforço de TI estimado em dias úteis?	String	DropDownList	CP_ORDEM_SERVICO	PRAZO_ORCADO_DOD		Nao	producao	2026-10-08
OrdemServico	PRAZO_SUBST	Prazo Indeterminado para substituição?	String	DropDownList	CP_ORDEM_SERVICO	PRAZO_SUBST		Nao	producao	2026-10-08
OrdemServico	PRECIF_DATA_FIM	Data Término da Precificação	DateTime	DatePicker	CP_ORDEM_SERVICO	PRECIF_DATA_FIM		Nao	producao	2026-10-08
OrdemServico	PRECIF_DATA_INICIO	Data Início da Precificação	DateTime	DatePicker	CP_ORDEM_SERVICO	PRECIF_DATA_INICIO		Nao	producao	2026-10-08
OrdemServico	PREDIO	Prédio	String	TextBox	CP_ORDEM_SERVICO	PREDIO		Nao	producao	2026-10-08
OrdemServico	PREMISSA_DOD	Premissas	String	Memo	CP_ORDEM_SERVICO	PREMISSA_DOD	2000	Nao	producao	2026-10-08
OrdemServico	PRESI	Alçada Presidência	Boolean	CheckBox	CP_ORDEM_SERVICO	PRESI		Nao	producao	2026-10-08
OrdemServico	PRIORIDADE	Prioridade	String	DropDownList	CP_ORDEM_SERVICO	PRIORIDADE		Nao	producao	2026-10-08
OrdemServico	PRIORIDADE_DEMANDA	Prioridade da demanda	String	TextBox	CP_ORDEM_SERVICO	PRIORIDADE_DEMANDA		Nao	producao	2026-10-08
OrdemServico	PROCESSO	Número do processo	String	TextBox	CP_ORDEM_SERVICO	PROCESSO		Nao	producao	2026-10-08
OrdemServico	PROCESSO_DOD	Processo definido?	String	DropDownList	CP_ORDEM_SERVICO	PROCESSO_DOD		Nao	producao	2026-10-08
OrdemServico	PROCESSO_DOD_V2	A solicitação está formalmente definida em uma norma interna?	String	DropDownList	CP_ORDEM_SERVICO	PROCESSO_DOD_V2		Nao	producao	2026-10-08
OrdemServico	PROCESSO_LICITATORIO	Nº do processo licitatório	String	TextBox	CP_ORDEM_SERVICO	PROCESSO_LICITATORIO		Nao	producao	2026-10-08
OrdemServico	PROCURACAO	Objeto da procuração	String	Memo	CP_ORDEM_SERVICO	PROCURACAO		Nao	producao	2026-10-08
OrdemServico	PROPOSTA	Proposta aprovada	String	Memo	CP_ORDEM_SERVICO	PROPOSTA	2000	Nao	producao	2026-10-08
OrdemServico	PROPOSTA_COMERCIAL_NN	Elaboração de Propostas - Comercial	String	Memo	CP_ORDEM_SERVICO	PROPOSTA_COMERCIAL_NN	1200	Nao	producao	2026-10-08
OrdemServico	PROP_APROV_CLIENTE	Proposta aprovada pelo Cliente	String	DropDownList	CP_ORDEM_SERVICO	PROP_APROV_CLIENTE		Nao	producao	2026-10-08
OrdemServico	PRORROGAR_PRAZO	Prorrogar Prazo (Dias)	Integer	TextBox	CP_ORDEM_SERVICO	PRORROGAR_PRAZO	3	Nao	producao	2026-10-08
OrdemServico	PUMVP	PUMVP a pagar?	String	DropDownList	CP_ORDEM_SERVICO	PUMVP		Nao	producao	2026-10-08
OrdemServico	QTDE_ANALISTA_ORCADO_DOD	Qual a quantidade de analistas de TI previstos para atendimento da solicitação?	String	DropDownList	CP_ORDEM_SERVICO	QTDE_ANALISTA_ORCADO_DOD		Nao	producao	2026-10-08
OrdemServico	QTD_DIAS_HOMOL	Quatidade de dias úteis para homologação	Integer	TextBox	CP_ORDEM_SERVICO	QTD_DIAS_HOMOL		Nao	producao	2026-10-08
OrdemServico	QTD_PESSOAS	Quantidade de pessoas envolvidas	Integer	TextBox	CP_ORDEM_SERVICO	QTD_PESSOAS	4	Nao	producao	2026-10-08
OrdemServico	QTD_USUARIOS	A solução tem expectativa de atender quantos usuários?	String	DropDownList	CP_ORDEM_SERVICO	QTD_USUARIOS		Nao	producao	2026-10-08
OrdemServico	QTD_USUARIOS_SIMUT	A solução deve atender quantos usuários com acesso simultâneo?	String	DropDownList	CP_ORDEM_SERVICO	QTD_USUARIOS_SIMUT		Nao	producao	2026-10-08
OrdemServico	QUANTIDADE	Quantidade	Integer	TextBox	CP_ORDEM_SERVICO	QUANTIDADE	5	Nao	producao	2026-10-08
OrdemServico	QUANT_INTERVENIENTES_DOD	Quantidade de intervenientes	String	DropDownList	CP_ORDEM_SERVICO	QUANT_INTERVENIENTES_DOD		Nao	producao	2026-10-08
OrdemServico	QUANT_INTERVENIENTES_DOD_V2	Quantidade de intervenientes	String	DropDownList	CP_ORDEM_SERVICO	QUANT_INTERVENIENTES_DOD_V2		Nao	producao	2026-10-08
OrdemServico	RAMAL	Ramal	String	TextBox	CP_ORDEM_SERVICO	RAMAL	50	Nao	producao	2026-10-08
OrdemServico	RA_RTC_DOD	Número da RA/RTC	String	TextBox	CP_ORDEM_SERVICO	RA_RTC_DOD		Nao	producao	2026-10-08
OrdemServico	RECLAMADAS	Reclamadas	String	TextBox	CP_ORDEM_SERVICO	RECLAMADAS		Nao	producao	2026-10-08
OrdemServico	RECOMENDA_DOD	Há recomendação da AUDIT/Controles Internos?	String	DropDownList	CP_ORDEM_SERVICO	RECOMENDA_DOD		Nao	producao	2026-10-08
OrdemServico	RECOMENDA_DOD_V2	Há Recomendação da AUDIT BBTS ou de Controles internos (RTC)?	String	DropDownList	CP_ORDEM_SERVICO	RECOMENDA_DOD_V2		Nao	producao	2026-10-08
OrdemServico	RECURSO	Alegações do Recurso	String	Memo	CP_ORDEM_SERVICO	RECURSO	2000	Nao	producao	2026-10-08
OrdemServico	RECURSO_REST	Recurso para restauração	String	TextBox	CP_ORDEM_SERVICO	RECURSO_REST		Nao	producao	2026-10-08
OrdemServico	RECURSO_SEG	Recurso de 2ª Instância	String	Memo	CP_ORDEM_SERVICO	RECURSO_SEG		Nao	producao	2026-10-08
OrdemServico	REEMBOLSO_DECLARACAO	Declaro que não recebo de outra instituição, reembolso creche/pré-escola para este dependente.	Boolean	CheckBox	CP_ORDEM_SERVICO	REEMBOLSO_DECLARACAO		Nao	producao	2026-10-08
OrdemServico	REEMBOLSO_DECLARACAO_ESCOLA	Declaro que não recebo de outra instituição, reembolso escola para este dependente.	Boolean	CheckBox	CP_ORDEM_SERVICO	REEMBOLSO_DECLARACAO_ESCOLA		Nao	producao	2026-10-08
OrdemServico	REEMBOLSO_DECLARACAO_MED	Declaro que o reembolso solicitado não se refere a medicamentos com finalidade de tratamentos estéticos e/ou cosméticos.	Boolean	CheckBox	CP_ORDEM_SERVICO	REEMBOLSO_DECLARACAO_MED		Nao	producao	2026-10-08
OrdemServico	REFERENCIA	Referência	String	Memo	CP_ORDEM_SERVICO	REFERENCIA		Nao	producao	2026-10-08
OrdemServico	REFERENCIA_GUIA	Referência	String	TextBox	CP_ORDEM_SERVICO	REFERENCIA_GUIA		Nao	producao	2026-10-08
OrdemServico	RELATORIO_FOLHA	Deseja relatório da Folha de Pagamento?	Boolean	CheckBox	CP_ORDEM_SERVICO	RELATORIO_FOLHA		Nao	producao	2026-10-08
OrdemServico	REMETENTE	Email do Remetente	String	Memo	CP_ORDEM_SERVICO	REMETENTE		Nao	producao	2026-10-08
OrdemServico	RENOVACAO	Renovação	DateTime	DatePicker	CP_ORDEM_SERVICO	RENOVACAO		Nao	producao	2026-10-08
OrdemServico	REQUISITO	Requisito	String	Memo	CP_ORDEM_SERVICO	REQUISITO	300	Nao	producao	2026-10-08
OrdemServico	REQUISITOS	Requisitos desejáveis	String	Memo	CP_ORDEM_SERVICO	REQUISITOS	2000	Nao	producao	2026-10-08
OrdemServico	REQUISITOS_DOD	Requisitos especiais de Segurança	String	Memo	CP_ORDEM_SERVICO	REQUISITOS_DOD	2000	Nao	producao	2026-10-08
OrdemServico	RESCISAO_PID	Está ciente e concorda que em caso de desligamento, é responsável por quitar o débito.	Boolean	CheckBox	CP_ORDEM_SERVICO	RESCISAO_PID		Nao	producao	2026-10-08
OrdemServico	RESET	Gerar nova senha	Boolean	CheckBox	CP_ORDEM_SERVICO	RESET		Nao	producao	2026-10-08
OrdemServico	RESPONSA	Responsável por dependência?	String	DropDownList	CP_ORDEM_SERVICO	RESPONSA		Nao	producao	2026-10-08
OrdemServico	RESPONSAVEL	Responsável	String	TextBox	CP_ORDEM_SERVICO	RESPONSAVEL		Nao	producao	2026-10-08
OrdemServico	RESPONSAVEL_APROV	Alçada	String	TextBox	CP_ORDEM_SERVICO	RESPONSAVEL_APROV		Nao	producao	2026-10-08
OrdemServico	RESPONSAVEL_APROVA_AUDIT	Responsável pela aprovação da AUDIT	String	TextBox	CP_ORDEM_SERVICO	RESPONSAVEL_APROVA_AUDIT		Nao	producao	2026-10-08
OrdemServico	RESPONSAVEL_APROVA_PRESI	Nome do responsável pela aprovação do presidente	String	TextBox	CP_ORDEM_SERVICO	RESPONSAVEL_APROVA_PRESI		Nao	producao	2026-10-08
OrdemServico	RESPONSAVEL_ATUAL	Responsável atual	Integer	DropDownList	CP_ORDEM_SERVICO	RESPONSAVEL_ATUAL		Nao	producao	2026-10-08
OrdemServico	RESPONSAVEL_COMPRAS	Comprador	String	DropDownList	CP_ORDEM_SERVICO	RESPONSAVEL_COMPRAS		Nao	producao	2026-10-08
OrdemServico	RESPONSAVEL_DITEC	Responsável Técnico	String	TextBox	CP_ORDEM_SERVICO	RESPONSAVEL_DITEC		Nao	producao	2026-10-08
OrdemServico	RESPONSAVEL_ID	Responsável Id	String	TextBox	CP_ORDEM_SERVICO	RESPONSAVEL_ID		Nao	producao	2026-10-08
OrdemServico	RESPONSAVEL_MOV	Responsável aprovação	String	TextBox	CP_ORDEM_SERVICO	RESPONSAVEL_MOV		Nao	producao	2026-10-08
OrdemServico	RESPOSTA_COPIA_DGOV	Responder direto para orgão com cópia para DGOV	Boolean	CheckBox	CP_ORDEM_SERVICO	RESPOSTA_COPIA_DGOV		Nao	producao	2026-10-08
OrdemServico	RESPOSTA_DGOV	Reposta da deliberação	String	Memo	CP_ORDEM_SERVICO	RESPOSTA_DGOV		Nao	producao	2026-10-08
OrdemServico	RESPOSTA_EM_PARTES_REEMBOLSO	Justificativa	String	Memo	CP_ORDEM_SERVICO	RESPOSTA_EM_PARTES_REEMBOLSO		Nao	producao	2026-10-08
OrdemServico	RESPOSTA_RECLAMACAO_SAUDE	Resposta ao Solicitante	String	Memo	CP_ORDEM_SERVICO	RESPOSTA_RECLAMACAO_SAUDE	500	Nao	producao	2026-10-08
OrdemServico	RESPOSTA_REPROVACAO_REEMBOLSO	Justificativa da Reprovação	String	Memo	CP_ORDEM_SERVICO	RESPOSTA_REPROVACAO_REEMBOLSO	2000	Nao	producao	2026-10-08
OrdemServico	RESPOSTA_SOLICITACAO_SAUDE	Resposta da Solicitação de Credenciamento	String	DropDownList	CP_ORDEM_SERVICO	RESPOSTA_SOLICITACAO_SAUDE		Nao	producao	2026-10-08
OrdemServico	RESP_ATEND_DOD	Gerência responsável pelo atendimento	String	DropDownList	CP_ORDEM_SERVICO	RESP_ATEND_DOD		Nao	producao	2026-10-08
OrdemServico	RESTRICAO1_DOD	Restrições	String	Memo	CP_ORDEM_SERVICO	RESTRICAO1_DOD	2000	Nao	producao	2026-10-08
OrdemServico	RESTRICAO_DOD	Restrições	String	Memo	CP_ORDEM_SERVICO	RESTRICAO_DOD	2000	Nao	producao	2026-10-08
OrdemServico	REST_RUB_DATA	Restrição de Acesso a Rubrica (data)	String	DropDownList	CP_ORDEM_SERVICO	REST_RUB_DATA		Nao	producao	2026-10-08
OrdemServico	REST_RUB_SCR	Restrição de Acesso a Rubrica (SCR)	String	DropDownList	CP_ORDEM_SERVICO	REST_RUB_SCR		Nao	producao	2026-10-08
OrdemServico	REST_RUB_USU	Restrição de Acesso a Rubrica (usuário)	String	DropDownList	CP_ORDEM_SERVICO	REST_RUB_USU		Nao	producao	2026-10-08
OrdemServico	RESULTADO_ANALISE_MICROSOFT	RES_ANALISE_MICR	String	Memo	CP_ORDEM_SERVICO	RESULTADO_ANALISE_MICROSOFT		Nao	producao	2026-10-08
OrdemServico	RESULTADO_TESTE	Resultado dos testes	String	TextBox	CP_ORDEM_SERVICO	RESULTADO_TESTE		Nao	producao	2026-10-08
OrdemServico	RESUMO	Recomendação	String	Memo	CP_ORDEM_SERVICO	RESUMO	2000	Nao	producao	2026-10-08
OrdemServico	RES_BKP_GESTOR_RECURSO	Gestor do Recurso	Integer	SearchList	CP_ORDEM_SERVICO	RES_BKP_GESTOR_RECURSO		Nao	producao	2026-10-08
OrdemServico	RETIFICA_RUB	Retificadora?	String	DropDownList	CP_ORDEM_SERVICO	RETIFICA_RUB		Nao	producao	2026-10-08
OrdemServico	RETORNO	Plano de Retorno	String	TextBox	CP_ORDEM_SERVICO	RETORNO		Nao	producao	2026-10-08
OrdemServico	RI	RI's	String	Memo	CP_ORDEM_SERVICO	RI		Nao	producao	2026-10-08
OrdemServico	RISCO	Risco de se implementar a solicitação	String	Memo	CP_ORDEM_SERVICO	RISCO	2000	Nao	producao	2026-10-08
OrdemServico	RISCO_PRIORIDADE	Resultado total do critério risco	Integer	TextBox	CP_ORDEM_SERVICO	RISCO_PRIORIDADE	3	Nao	producao	2026-10-08
OrdemServico	RUBRICA	Rubrica	String	TextBox	CP_ORDEM_SERVICO	RUBRICA		Nao	producao	2026-10-08
OrdemServico	RUBR_VINCU	Rubrica é para Contabilizar Valores Relativos à Lei nº 12.973/2014 e/ou Normativos?	String	DropDownList	CP_ORDEM_SERVICO	RUBR_VINCU		Nao	producao	2026-10-08
OrdemServico	SAC	Número do SAC	String	TextBox	CP_ORDEM_SERVICO	SAC	14	Nao	producao	2026-10-08
OrdemServico	SALARIO_DAS	Salário do DAS	String	TextBox	CP_ORDEM_SERVICO	SALARIO_DAS		Nao	producao	2026-10-08
OrdemServico	SALARIO_PRESTA	Salário do Prestador de Serviço	String	TextBox	CP_ORDEM_SERVICO	SALARIO_PRESTA		Nao	producao	2026-10-08
OrdemServico	SAUDE_TIPO	Tipo	String	DropDownList	CP_ORDEM_SERVICO	SAUDE_TIPO		Nao	producao	2026-10-08
OrdemServico	SCHEMA	Schema	String	TextBox	CP_ORDEM_SERVICO	SCHEMA		Nao	producao	2026-10-08
OrdemServico	SCR	UOR	Integer	DropDownList	CP_ORDEM_SERVICO	SCR		Nao	producao	2026-10-08
OrdemServico	SCR1	Novo SCR	Integer	DropDownList	CP_ORDEM_SERVICO	SCR1		Nao	producao	2026-10-08
OrdemServico	SCR_ASSTEC	SCR	String	DropDownList	CP_ORDEM_SERVICO	SCR_ASSTEC		Nao	producao	2026-10-08
OrdemServico	SCR_CRIADO	SCR criado	Integer	TextBox	CP_ORDEM_SERVICO	SCR_CRIADO		Nao	producao	2026-10-08
OrdemServico	SCR_DESTINO	UOR Destino	Integer	SearchList	CP_ORDEM_SERVICO	SCR_DESTINO		Nao	producao	2026-10-08
OrdemServico	SCR_MOVI	UOR Movimentação	Integer	DropDownList	CP_ORDEM_SERVICO	SCR_MOVI		Nao	producao	2026-10-08
OrdemServico	SCR_ORIGEM	SCR Origem	Integer	DropDownList	CP_ORDEM_SERVICO	SCR_ORIGEM		Nao	producao	2026-10-08
OrdemServico	SCR_PRESTADOR	UOR	String	TextBox	CP_ORDEM_SERVICO	SCR_PRESTADOR		Nao	producao	2026-10-08
OrdemServico	SCR_TODOS_DESTINO	UOR Destino	String	DropDownList	CP_ORDEM_SERVICO	SCR_TODOS_DESTINO		Nao	producao	2026-10-08
OrdemServico	SCR_TODOS_RH	UOR Movimentação	String	DropDownList	CP_ORDEM_SERVICO	SCR_TODOS_RH		Nao	producao	2026-10-08
OrdemServico	SELEC_LIC_AMAMENTACAO	Seleção da Licença Amamentação	String	DropDownList	CP_ORDEM_SERVICO	SELEC_LIC_AMAMENTACAO		Nao	producao	2026-10-08
OrdemServico	SELEC_MATER_CIDADA	Seleção da maternidade cidadã	String	DropDownList	CP_ORDEM_SERVICO	SELEC_MATER_CIDADA		Nao	producao	2026-10-08
OrdemServico	SENHA	Senha dos Sistemas Corporativos	String	TextBox	CP_ORDEM_SERVICO	SENHA		Nao	producao	2026-10-08
OrdemServico	SENHA COLABORADOR	Enviar senha para colaborador	Boolean	CheckBox	CP_ORDEM_SERVICO	SENHA_COLABORADOR		Nao	producao	2026-10-08
OrdemServico	SENHA GESTOR	Enviar senha para gestor	Boolean	CheckBox	CP_ORDEM_SERVICO	SENHA_GESTOR		Nao	producao	2026-10-08
OrdemServico	SENHA_NOTES	Senha do Notes Client	String	TextBox	CP_ORDEM_SERVICO	SENHA_NOTES	10	Nao	producao	2026-10-08
OrdemServico	SENHA_REDE	Senha de Rede	String	TextBox	CP_ORDEM_SERVICO	SENHA_REDE	10	Nao	producao	2026-10-08
OrdemServico	SENHA_SISBB	Senha do SISBB	Integer	TextBox	CP_ORDEM_SERVICO	SENHA_SISBB	9	Nao	producao	2026-10-08
OrdemServico	SENHA_WEBMAIL	Senha do Web Mail	String	TextBox	CP_ORDEM_SERVICO	SENHA_WEBMAIL	10	Nao	producao	2026-10-08
OrdemServico	SERVICO_INDISPONIVEL	Serviço indisponível?	String	DropDownList	CP_ORDEM_SERVICO	SERVICO_INDISPONIVEL		Nao	producao	2026-10-08
OrdemServico	SERVICO_MATRIZ	Serviço a ser realizado na Matriz?	String	DropDownList	CP_ORDEM_SERVICO	SERVICO_MATRIZ		Nao	producao	2026-10-08
OrdemServico	SERVICO_SELECIONADO	Serviço Selecionado	String	TextBox	CP_ORDEM_SERVICO	SERVICO_SELECIONADO		Nao	producao	2026-10-08
OrdemServico	SERVIDOR	Servidor	String	TextBox	CP_ORDEM_SERVICO	SERVIDOR		Nao	producao	2026-10-08
OrdemServico	SERV_SLA_RELAC	O Sistema ou Serviço tem relacionamento com soluções de TI que tenha SLA/ANS pactuado?	String	DropDownList	CP_ORDEM_SERVICO	SERV_SLA_RELAC		Nao	producao	2026-10-08
OrdemServico	SEVERIDADE	Severidade	String	DropDownList	CP_ORDEM_SERVICO	SEVERIDADE		Nao	producao	2026-10-08
OrdemServico	SEVERIDADE_SERVICO	Grau de Severidade do Sistema ou Serviço, quanto a disponibilidade e suporte exigida ao serviço x perda financeira (SLA e etc)?	String	DropDownList	CP_ORDEM_SERVICO	SEVERIDADE_SERVICO		Nao	producao	2026-10-08
OrdemServico	SEXO	Sexo	String	TextBox	CP_ORDEM_SERVICO	SEXO		Nao	producao	2026-10-08
OrdemServico	SEXO_CONTRA	Sexo	String	DropDownList	CP_ORDEM_SERVICO	SEXO_CONTRA		Nao	producao	2026-10-08
OrdemServico	SG	SG	Decimal	TextBox	CP_ORDEM_SERVICO	SG		Nao	producao	2026-10-08
OrdemServico	SICON	Acesso SICON	Boolean	CheckBox	CP_ORDEM_SERVICO	SICON		Nao	producao	2026-10-08
OrdemServico	SIC_APROV_CGU	Responsável pela resposta à CGU	String	TextBox	CP_ORDEM_SERVICO	SIC_APROV_CGU		Nao	producao	2026-10-08
OrdemServico	SIC_APROV_PRI	Responsável pela resposta em 1ª instância	String	TextBox	CP_ORDEM_SERVICO	SIC_APROV_PRI		Nao	producao	2026-10-08
OrdemServico	SIC_APROV_RESPOSTA	Responsável pela resposta	String	TextBox	CP_ORDEM_SERVICO	SIC_APROV_RESPOSTA		Nao	producao	2026-10-08
OrdemServico	SIC_APROV_SEG	Responsável pela resposta em 2ª instância	String	TextBox	CP_ORDEM_SERVICO	SIC_APROV_SEG		Nao	producao	2026-10-08
OrdemServico	SIC_CARGO_CGU	Cargo do responsável pela resposta à CGU	String	TextBox	CP_ORDEM_SERVICO	SIC_CARGO_CGU		Nao	producao	2026-10-08
OrdemServico	SIC_CARGO_PRI	Cargo do responsável pela 1ª instância	String	TextBox	CP_ORDEM_SERVICO	SIC_CARGO_PRI		Nao	producao	2026-10-08
OrdemServico	SIC_CARGO_RESPOSTA	Cargo do reposnsável pela resposta	String	TextBox	CP_ORDEM_SERVICO	SIC_CARGO_RESPOSTA		Nao	producao	2026-10-08
OrdemServico	SIC_CARGO_SEG	Cargo do responsável pela 2ª instância	String	TextBox	CP_ORDEM_SERVICO	SIC_CARGO_SEG		Nao	producao	2026-10-08
OrdemServico	SIC_CIDADAO_EMAIL	E-mail para contato	String	TextBox	CP_ORDEM_SERVICO	SIC_CIDADAO_EMAIL	100	Nao	producao	2026-10-08
OrdemServico	SIC_CIDADAO_NOME	Nome do cidadão	String	TextBox	CP_ORDEM_SERVICO	SIC_CIDADAO_NOME	100	Nao	producao	2026-10-08
OrdemServico	SIC_CIDADAO_TELEFONE	Telefone de contato	String	TextBox	CP_ORDEM_SERVICO	SIC_CIDADAO_TELEFONE		Nao	producao	2026-10-08
OrdemServico	SIC_DATA_INICIAL	Data do pedido	DateTime	DatePicker	CP_ORDEM_SERVICO	SIC_DATA_INICIAL		Nao	producao	2026-10-08
OrdemServico	SIC_DESC_INFORMACAO	Descrição da solicitação	String	Memo	CP_ORDEM_SERVICO	SIC_DESC_INFORMACAO	1000	Nao	producao	2026-10-08
OrdemServico	SIC_ORGAO_PRI	Área Responsável pela 1ª instância	String	TextBox	CP_ORDEM_SERVICO	SIC_ORGAO_PRI		Nao	producao	2026-10-08
OrdemServico	SIC_ORGAO_RESPOSTA	Área Responsável pela resposta	String	TextBox	CP_ORDEM_SERVICO	SIC_ORGAO_RESPOSTA		Nao	producao	2026-10-08
OrdemServico	SIC_ORGAO_SEG	Área Responsável pela 2ª instância	String	TextBox	CP_ORDEM_SERVICO	SIC_ORGAO_SEG		Nao	producao	2026-10-08
OrdemServico	SIC_RESPOSTA_CGU	Resposta à CGU	String	Memo	CP_ORDEM_SERVICO	SIC_RESPOSTA_CGU	2000	Nao	producao	2026-10-08
OrdemServico	SIC_RESPOSTA_PRI	Resposta da 1ª instância	String	Memo	CP_ORDEM_SERVICO	SIC_RESPOSTA_PRI	2000	Nao	producao	2026-10-08
OrdemServico	SIC_RESPOSTA_SEG	Resposta da 2ª instância	String	Memo	CP_ORDEM_SERVICO	SIC_RESPOSTA_SEG	2000	Nao	producao	2026-10-08
OrdemServico	SIC_RESPOSTA_SOLICITACAO	Resposta da solicitação	String	Memo	CP_ORDEM_SERVICO	SIC_RESPOSTA_SOLICITACAO	2000	Nao	producao	2026-10-08
OrdemServico	SIC_VT	Número SIC (Preenchimento apenas para Curitiba)	String	TextBox	CP_ORDEM_SERVICO	SIC_VT		Nao	producao	2026-10-08
OrdemServico	SIGILO	Solicita sigilo?	String	DropDownList	CP_ORDEM_SERVICO	SIGILO		Nao	producao	2026-10-08
OrdemServico	SIGLA_DIRETORIA	Sigla da Diretoria	String	TextBox	CP_ORDEM_SERVICO	SIGLA_DIRETORIA		Nao	producao	2026-10-08
OrdemServico	SIGLA_SCR	Sigla do SCR	String	TextBox	CP_ORDEM_SERVICO	SIGLA_SCR		Nao	producao	2026-10-08
OrdemServico	SIM_NAO	Sim ou Nao	String	DropDownList	CP_ORDEM_SERVICO	SIM_NAO	50	Nao	producao	2026-10-08
OrdemServico	SINDICATO	SINDICATO	String	DropDownList	CP_ORDEM_SERVICO	SINDICATO		Nao	producao	2026-10-08
OrdemServico	SISBB	Acesso SISBB	Boolean	CheckBox	CP_ORDEM_SERVICO	SISBB		Nao	producao	2026-10-08
OrdemServico	SISTEMA	Sistema	String	DropDownList	CP_ORDEM_SERVICO	SISTEMA		Nao	producao	2026-10-08
OrdemServico	SISTEMAS_BLOQUEIO	Sistemas para bloqueio	String	Memo	CP_ORDEM_SERVICO	SISTEMAS_BLOQUEIO		Nao	producao	2026-10-08
OrdemServico	SISTEMA_CORPORATIVO	Sistema Corporativo	String	TextBox	CP_ORDEM_SERVICO	SISTEMA_CORPORATIVO		Nao	producao	2026-10-08
OrdemServico	SISTEMA_OPERACIONAL	Sistema Operacional	String	DropDownList	CP_ORDEM_SERVICO	SISTEMA_OPERACIONAL		Nao	producao	2026-10-08
OrdemServico	SITUACAO_SERVIDOR	Situação do servidor	String	DropDownList	CP_ORDEM_SERVICO	SITUACAO_SERVIDOR		Nao	producao	2026-10-08
OrdemServico	SOFTWARE	Nome do software	String	TextBox	CP_ORDEM_SERVICO	SOFTWARE		Nao	producao	2026-10-08
OrdemServico	SOLICITACAO	Solicitação	String	DropDownList	CP_ORDEM_SERVICO	SOLICITACAO		Nao	producao	2026-10-08
OrdemServico	SOLICITACAO_APROVADA	Solicitação Aprovada?	String	DropDownList	CP_ORDEM_SERVICO	SOLICITACAO_APROVADA		Nao	producao	2026-10-08
OrdemServico	SOLICITAR_ACESSO	Solicitar Acesso?	String	DropDownList	CP_ORDEM_SERVICO	SOLICITAR_ACESSO		Nao	producao	2026-10-08
OrdemServico	SOLUCAO_DOD	Solução desejada	String	Memo	CP_ORDEM_SERVICO	SOLUCAO_DOD	2000	Nao	producao	2026-10-08
OrdemServico	STEP_CARGO	Step Atual do cargo	String	TextBox	CP_ORDEM_SERVICO	STEP_CARGO		Nao	producao	2026-10-08
OrdemServico	STEP_FUNCAO	Step Atual da função	String	TextBox	CP_ORDEM_SERVICO	STEP_FUNCAO		Nao	producao	2026-10-08
OrdemServico	STRING_ERP	Linha Extra do Comunicado ERP	String	TextBox	CP_ORDEM_SERVICO	STRING_ERP		Nao	producao	2026-10-08
OrdemServico	STRING_MODEL_TERCEIRIZADO	Linha Extra no comunicado a terceirizados	String	TextBox	CP_ORDEM_SERVICO	STRING_MODEL_TERCEIRIZADO		Nao	producao	2026-10-08
OrdemServico	STRING_ORGAO_FAV	Linha Extra do Comunicado de Órgão do Favorecido	String	TextBox	CP_ORDEM_SERVICO	STRING_ORGAO_FAV		Nao	producao	2026-10-08
OrdemServico	STRING_POSSUI_RESERVA	String informacional se o Colaborador possui reserva	String	TextBox	CP_ORDEM_SERVICO	STRING_POSSUI_RESERVA		Nao	producao	2026-10-08
OrdemServico	STRING_SCR	String SCR	String	TextBox	CP_ORDEM_SERVICO	STRING_SCR		Nao	producao	2026-10-08
OrdemServico	STRING_SERVID	Valor referente ao caminho do SERVID	String	TextBox	CP_ORDEM_SERVICO	STRING_SERVID		Nao	producao	2026-10-08
OrdemServico	STRING_WEBMAIL	Linha Extra do Comunicado de Webmail	String	TextBox	CP_ORDEM_SERVICO	STRING_WEBMAIL		Nao	producao	2026-10-08
OrdemServico	SUPORTE_TIPO_SOLIC	Tipo  de Solicitação	Integer	DropDownList	CP_ORDEM_SERVICO	SUPORTE_TIPO_SOLIC		Nao	producao	2026-10-08
OrdemServico	TAMANHO_COTA_EMAIL	Tamanho da caixa postal de e-mail	String	TextBox	CP_ORDEM_SERVICO	TAMANHO_COTA_EMAIL		Nao	producao	2026-10-08
OrdemServico	TECNICO RESIDENTE	Técnico Residente ?	Boolean	CheckBox	CP_ORDEM_SERVICO	TECNICO_RESIDENTE		Nao	producao	2026-10-08
OrdemServico	TELEFONE	Telefone	String	TextBox	CP_ORDEM_SERVICO	TELEFONE		Nao	producao	2026-10-08
OrdemServico	TELEFONE_CLIENTE	Ramal do Cliente	String	TextBox	CP_ORDEM_SERVICO	TELEFONE_CLIENTE	300	Nao	producao	2026-10-08
OrdemServico	TEMPO_DOD	Tempo para geração de resultados	String	DropDownList	CP_ORDEM_SERVICO	TEMPO_DOD		Nao	producao	2026-10-08
OrdemServico	TEMPO_DOD_V2	Qual o tempo estimado para utilização plena da solução após implantada?	String	DropDownList	CP_ORDEM_SERVICO	TEMPO_DOD_V2		Nao	producao	2026-10-08
OrdemServico	TEMPO_NI_LEI	As informações geridas ou inseridas na solução tem alguma relevância jurídica, de normativo ou tem temporalidade definida para retenção?	String	DropDownList	CP_ORDEM_SERVICO	TEMPO_NI_LEI		Nao	producao	2026-10-08
OrdemServico	TENDENCIA_DOD	Tendência se não tomada providência	String	DropDownList	CP_ORDEM_SERVICO	TENDENCIA_DOD		Nao	producao	2026-10-08
OrdemServico	TENDENCIA_DOD_V2	Qual a tendência se a solicitação não for atendida?	String	DropDownList	CP_ORDEM_SERVICO	TENDENCIA_DOD_V2		Nao	producao	2026-10-08
OrdemServico	TERCEIRIZADO	Funcionário Terceirizado?	String	DropDownList	CP_ORDEM_SERVICO	TERCEIRIZADO		Nao	producao	2026-10-08
OrdemServico	TERMO_DE_CIENCIA	Termo de ciência	Boolean	CheckBox	CP_ORDEM_SERVICO	TERMO_DE_CIENCIA		Nao	producao	2026-10-08
OrdemServico	TERMO_RESPONSABILIDADE	Termo da Responsabilidade Único	String	Memo	CP_ORDEM_SERVICO	TERMO_RESPONSABILIDADE	1500	Nao	producao	2026-10-08
OrdemServico	TICKET	Técnico Residente (CAT's)	String	DropDownList	CP_ORDEM_SERVICO	TICKET		Nao	producao	2026-10-08
OrdemServico	TIC_DATAAPROVACAO	Data da Aprovação	DateTime	DatePicker	CP_ORDEM_SERVICO	TIC_DATAAPROVACAO		Nao	producao	2026-10-08
OrdemServico	TIPO	Tipo	String	TextBox	CP_ORDEM_SERVICO	TIPO		Nao	producao	2026-10-08
OrdemServico	TIPO DE ACESSO	Tipo de Acesso	String	DropDownList	CP_ORDEM_SERVICO	TIPO_DE_ACESSO		Nao	producao	2026-10-08
OrdemServico	TIPO DE ACESSO NOTES	Tipo de Acesso Notes para cada Colaborador	String	Memo	CP_ORDEM_SERVICO	TIPO_DE_ACESSO_NOTES		Nao	producao	2026-10-08
OrdemServico	TIPO DE LICITAÇÃO	Tipo de Licitação	String	DropDownList	CP_ORDEM_SERVICO	TIPO_DE_LICITAÇÃO		Nao	producao	2026-10-08
OrdemServico	TIPO DE RESPOSTA	Tipo de resposta	String	DropDownList	CP_ORDEM_SERVICO	TIPO_DE_RESPOSTA		Nao	producao	2026-10-08
OrdemServico	TIPO DE SERVICO MATERIAL	Tipo de Serviço Adm. Materiais	String	DropDownList	CP_ORDEM_SERVICO	TIPO_DE_SERVICO_MATERIAL		Nao	producao	2026-10-08
OrdemServico	TIPO DE SUPORTE ARS	Tipo de Suporte CHAMA-ARS	String	DropDownList	CP_ORDEM_SERVICO	TIPO_DE_SUPORTE_ARS		Nao	producao	2026-10-08
OrdemServico	TIPO MUDANÇA	Tipo de Mudança	String	DropDownList	CP_ORDEM_SERVICO	TIPO_MUDANCA		Nao	producao	2026-10-08
OrdemServico	TIPOGAP	Tipo do GAP	String	TextBox	CP_ORDEM_SERVICO	TIPOGAP		Nao	producao	2026-10-08
OrdemServico	TIPO_ACESSO	Tipo de Acesso	String	DropDownList	CP_ORDEM_SERVICO	TIPO_ACESSO		Nao	producao	2026-10-08
OrdemServico	TIPO_AVISO_PED_COLAB	Tipo de Aviso	String	DropDownList	CP_ORDEM_SERVICO	TIPO_AVISO_PED_COLAB		Nao	producao	2026-10-08
OrdemServico	TIPO_AVISO_PED_EMPRESA	Tipo de Aviso	String	DropDownList	CP_ORDEM_SERVICO	TIPO_AVISO_PED_EMPRESA		Nao	producao	2026-10-08
OrdemServico	TIPO_CAD_REDE_MAN	Tipo cadastro	String	DropDownList	CP_ORDEM_SERVICO	TIPO_CAD_REDE_MAN		Nao	producao	2026-10-08
OrdemServico	TIPO_CONTA	Tipo de Conta	String	DropDownList	CP_ORDEM_SERVICO	TIPO_CONTA		Nao	producao	2026-10-08
OrdemServico	TIPO_DEMANDA_DOCNIX	Tipo de demanda	String	DropDownList	CP_ORDEM_SERVICO	TIPO_DEMANDA_DOCNIX		Nao	producao	2026-10-08
OrdemServico	TIPO_DE_DNS	Tipo de DNS	String	DropDownList	CP_ORDEM_SERVICO	TIPO_DE_DNS		Nao	producao	2026-10-08
OrdemServico	TIPO_DE_IDENTIDADE	Tipo de Identidade Visual	String	DropDownList	CP_ORDEM_SERVICO	TIPO_DE_IDENTIDADE		Nao	producao	2026-10-08
OrdemServico	TIPO_DE_MUDANCA	Tipo de Mudança	String	DropDownList	CP_ORDEM_SERVICO	TIPO_DE_MUDANCA		Nao	producao	2026-10-08
OrdemServico	TIPO_DE_SERVICO	Tipo de Serviço	String	DropDownList	CP_ORDEM_SERVICO	TIPO_DE_SERVICO		Nao	producao	2026-10-08
OrdemServico	TIPO_DOCUMENTO	Tipo de documento	String	DropDownList	CP_ORDEM_SERVICO	TIPO_DOCUMENTO		Nao	producao	2026-10-08
OrdemServico	TIPO_DOCUMENTO_DGOV	Tipo de documento	String	DropDownList	CP_ORDEM_SERVICO	TIPO_DOCUMENTO_DGOV		Nao	producao	2026-10-08
OrdemServico	TIPO_GRUPO	Tipos de Grupos do Lotus Notes	String	DropDownList	CP_ORDEM_SERVICO	TIPO_GRUPO		Nao	producao	2026-10-08
OrdemServico	TIPO_INCLUSAO_PLANO	Tipo de inclusão	String	DropDownList	CP_ORDEM_SERVICO	TIPO_INCLUSAO_PLANO		Nao	producao	2026-10-08
OrdemServico	TIPO_MAN_ACESSO	Manutenção de conta de usuário	String	DropDownList	CP_ORDEM_SERVICO	TIPO_MAN_ACESSO		Nao	producao	2026-10-08
OrdemServico	TIPO_NOMEACAO	Tipo de nomeação	String	DropDownList	CP_ORDEM_SERVICO	TIPO_NOMEACAO		Nao	producao	2026-10-08
OrdemServico	TIPO_PERIFERICO	Periférico a ser realizado o serviço	String	DropDownList	CP_ORDEM_SERVICO	TIPO_PERIFERICO		Nao	producao	2026-10-08
OrdemServico	TIPO_PLANO_CLIENTE	Plano	String	TextBox	CP_ORDEM_SERVICO	TIPO_PLANO_CLIENTE		Nao	producao	2026-10-08
OrdemServico	TIPO_RDM	Tipo de RDM	String	DropDownList	CP_ORDEM_SERVICO	TIPO_RDM		Nao	producao	2026-10-08
OrdemServico	TIPO_SINAL	Tipo Sinal	String	TextBox	CP_ORDEM_SERVICO	TIPO_SINAL		Nao	producao	2026-10-08
OrdemServico	TIPO_SOLICITACAO	Tipo de solicitação	String	DropDownList	CP_ORDEM_SERVICO	TIPO_SOLICITACAO		Nao	producao	2026-10-08
OrdemServico	TIPO_TRANSF	Tipo de Transferência	String	DropDownList	CP_ORDEM_SERVICO	TIPO_TRANSF		Nao	producao	2026-10-08
OrdemServico	TIPO_USUARIO	Categoria de Usuário	String	DropDownList	CP_ORDEM_SERVICO	TIPO_USUARIO		Nao	producao	2026-10-08
OrdemServico	TIPO_VT	Opção	String	DropDownList	CP_ORDEM_SERVICO	TIPO_VT		Nao	producao	2026-10-08
OrdemServico	TOTAL_CRITERIOS	Resultado total dos critérios	Integer	TextBox	CP_ORDEM_SERVICO	TOTAL_CRITERIOS	3	Nao	producao	2026-10-08
OrdemServico	TROCA_MATRICULA	Troca de Matrícula?	Boolean	CheckBox	CP_ORDEM_SERVICO	TROCA_MATRICULA		Nao	producao	2026-10-08
OrdemServico	UF	UF	String	DropDownList	CP_ORDEM_SERVICO	UF		Nao	producao	2026-10-08
OrdemServico	UF_ASSTEC	UF	String	DropDownList	CP_ORDEM_SERVICO	UF_ASSTEC		Nao	producao	2026-10-08
OrdemServico	UNIDADE_NEGOCIO	Unidade de Negócio	String	DropDownList	CP_ORDEM_SERVICO	UNIDADE_NEGOCIO		Nao	producao	2026-10-08
OrdemServico	UNIFORME	Uniforme a ser devolvido pelo colaborador?	String	DropDownList	CP_ORDEM_SERVICO	UNIFORME		Nao	producao	2026-10-08
OrdemServico	URGENCIA_DOD	Qual a urgência da solicitação?	String	DropDownList	CP_ORDEM_SERVICO	URGENCIA_DOD		Nao	producao	2026-10-08
OrdemServico	URGENCIA_DOD_V2	Qual a necessidade/expectativa de atendimento da solicitação?	String	DropDownList	CP_ORDEM_SERVICO	URGENCIA_DOD_V2		Nao	producao	2026-10-08
OrdemServico	URL	Endereço da Página WEB	String	TextBox	CP_ORDEM_SERVICO	URL		Nao	producao	2026-10-08
OrdemServico	URL1	Endereço da Página WEB	String	TextBox	CP_ORDEM_SERVICO	URL1		Nao	producao	2026-10-08
OrdemServico	VALOR	Valor	Decimal	TextBox	CP_ORDEM_SERVICO	VALOR		Nao	producao	2026-10-08
OrdemServico	VALOR_COMPARACAO	Valor de comparação	String	TextBox	CP_ORDEM_SERVICO	VALOR_COMPARACAO		Nao	producao	2026-10-08
OrdemServico	VALOR_CONTRATADO	Valor Contratado	Decimal	TextBox	CP_ORDEM_SERVICO	VALOR_CONTRATADO		Nao	producao	2026-10-08
OrdemServico	VALOR_DOD	Valor	Decimal	TextBox	CP_ORDEM_SERVICO	VALOR_DOD		Nao	producao	2026-10-08
OrdemServico	VALOR_MENSALIDADE	Valor da mensalidade	Decimal	TextBox	CP_ORDEM_SERVICO	VALOR_MENSALIDADE		Nao	producao	2026-10-08
OrdemServico	VALOR_NOTA	Valor da Nota Fiscal	String	TextBox	CP_ORDEM_SERVICO	VALOR_NOTA	100	Nao	producao	2026-10-08
OrdemServico	VALOR_NOTA_FISCAL	Valor da Nota Fiscal	Decimal	TextBox	CP_ORDEM_SERVICO	VALOR_NOTA_FISCAL		Nao	producao	2026-10-08
OrdemServico	VALOR_PRESTACAO	Valor da prestação	Decimal	TextBox	CP_ORDEM_SERVICO	VALOR_PRESTACAO		Nao	producao	2026-10-08
OrdemServico	VALOR_PRESTACAO_CONSIG	Valor da Prestação	Decimal	TextBox	CP_ORDEM_SERVICO	VALOR_PRESTACAO_CONSIG		Nao	producao	2026-10-08
OrdemServico	VALOR_PRESTACAO_EC	Valor da Prestação Anterior	Decimal	TextBox	CP_ORDEM_SERVICO	VALOR_PRESTACAO_EC		Nao	producao	2026-10-08
OrdemServico	VALOR_PRIORIDADE	Resultado total do critério valor	Integer	TextBox	CP_ORDEM_SERVICO	VALOR_PRIORIDADE	3	Nao	producao	2026-10-08
OrdemServico	VALOR_REEMBOLSO	Valor do Reembolso	Decimal	TextBox	CP_ORDEM_SERVICO	VALOR_REEMBOLSO		Nao	producao	2026-10-08
OrdemServico	VALOR_REF_CONT	Valor Referencial da Contratação	Decimal	TextBox	CP_ORDEM_SERVICO	VALOR_REF_CONT		Nao	producao	2026-10-08
OrdemServico	VALOR_REMUNERACAO	Valor da Remuneração	String	TextBox	CP_ORDEM_SERVICO	VALOR_REMUNERACAO	13	Nao	producao	2026-10-08
OrdemServico	VALOR_REMUNERACAO_PDCI	Valor Remuneração	String	TextBox	CP_ORDEM_SERVICO	VALOR_REMUNERACAO_PDCI		Nao	producao	2026-10-08
OrdemServico	VALOR_SAUDE	Valor	Decimal	TextBox	CP_ORDEM_SERVICO	VALOR_SAUDE		Nao	producao	2026-10-08
OrdemServico	VALOR_TOTAL_REEMBOLSO	Valor Total	Decimal	TextBox	CP_ORDEM_SERVICO	VALOR_TOTAL_REEMBOLSO		Nao	producao	2026-10-08
OrdemServico	VALOR_TOTAL_VT	Valor Total	Decimal	TextBox	CP_ORDEM_SERVICO	VALOR_TOTAL_VT		Nao	producao	2026-10-08
OrdemServico	VEDADA_RENOVACAO	Vedada renavação	String	DropDownList	CP_ORDEM_SERVICO	VEDADA_RENOVACAO		Nao	producao	2026-10-08
OrdemServico	VERSAO	Número da Versão	String	TextBox	CP_ORDEM_SERVICO	VERSAO	12	Nao	producao	2026-10-08
OrdemServico	VIABILIDADE_TRANSFERENCIA	Viabilidade de Transferência	String	Memo	CP_ORDEM_SERVICO	VIABILIDADE_TRANSFERENCIA		Nao	producao	2026-10-08
OrdemServico	VISIBILIDADE	Visibilidade	String	DropDownList	CP_ORDEM_SERVICO	VISIBILIDADE		Nao	producao	2026-10-08
OrdemServico	WEBMAIL	Acesso Webmail	Boolean	CheckBox	CP_ORDEM_SERVICO	WEBMAIL		Nao	producao	2026-10-08
OrdemServico	ACIDENTE_CAT	Acidente CAT	RecordList	DataGrid	Z_00143_ACIDENTE_CAT	ACIDENTE_CAT		Nao	producao	2026-10-08
OrdemServico	ADIANTAMENTO30PDPEP	Itens para adiantamento	RecordList	DataGrid	Z_00143_ADIANTAMENTO30PDPEP	ADIANTAMENTO30PDPEP		Nao	producao	2026-10-08
OrdemServico	ADIT_SOL	Tipos de Aditivo	RecordList	DataGrid	Z_00143_ADIT_SOL	ADIT_SOL		Nao	producao	2026-10-08
OrdemServico	AGENDAMENTO_DATA_HORA_PSICO	Agendamento de Data e Hora	RecordList	DataGrid	Z_00143_AGENDAMENTO_DATA_HORA_PSICO	AGENDAMENTO_DATA_HORA_PSICO		Nao	producao	2026-10-08
OrdemServico	ALCADA1	ALÇADA1	RecordList	DataGrid	Z_00143_ALCADA1	ALCADA1		Nao	producao	2026-10-08
OrdemServico	ALCADA2	ALÇADA2	RecordList	DataGrid	Z_00143_ALCADA2	ALCADA2		Nao	producao	2026-10-08
OrdemServico	ALCADA3	ALÇADA3	RecordList	DataGrid	Z_00143_ALCADA3	ALCADA3		Nao	producao	2026-10-08
OrdemServico	ALCADA4	ALÇADA4	RecordList	DataGrid	Z_00143_ALCADA4	ALCADA4		Nao	producao	2026-10-08
OrdemServico	ALIQUOTAS_DE_ISSQN	Aliquotas de ISSQN	RecordList	DataGrid	Z_00143_ALIQUOTAS_DE_ISSQN	ALIQUOTAS_DE_ISSQN		Nao	producao	2026-10-08
OrdemServico	AMBIENTES_PARA_ARTE	Ambiente	RecordList	DataGrid	Z_00143_AMBIENTES_PARA_ARTE	AMBIENTES_PARA_ARTE		Nao	producao	2026-10-08
OrdemServico	ANALISTA_CONTRATO	Analista do Contrato	RecordList	DataGrid	Z_00143_ANALISTA_CONTRATO	ANALISTA_CONTRATO		Nao	producao	2026-10-08
OrdemServico	APONTAMENTOCONCI	Apontamentos da conciliação	RecordList	DataGrid	Z_00143_APONTAMENTOCONCI	APONTAMENTOCONCI		Nao	producao	2026-10-08
OrdemServico	APROVADOR_PB	Vistoriador dos Bens (no mínimo 3, sendo um o gestor de patrimônio)	RecordList	DataGrid	Z_00143_APROVADOR_PB	APROVADOR_PB		Nao	producao	2026-10-08
OrdemServico	AREA	Área	RecordList	DataGrid	Z_00143_AREA	AREA	200	Nao	producao	2026-10-08
OrdemServico	AVALIACAO_FORNECEDOR	Avaliação do Fornecedor	RecordList	DataGrid	Z_00143_AVALIACAO_FORNECEDOR	AVALIACAO_FORNECEDOR		Nao	producao	2026-10-08
OrdemServico	BAIXADENOTASFISCAISCANCELADAS	Preencher  Número das Notas Fiscais e Número do RI (Obrigatório quando o status for Controlada)	RecordList	DataGrid	Z_00143_BAIXADENOTASFISCAISCANCELADAS	BAIXADENOTASFISCAISCANCELADAS		Nao	producao	2026-10-08
OrdemServico	BASE_DESTACADA_LOTE	Base Destacada Lote	RecordList	DataGrid	Z_00143_BASE_DESTACADA_LOTE	BASE_DESTACADA_LOTE		Nao	producao	2026-10-08
OrdemServico	BENS_PARA_VIST	Bens Para Vistoria	RecordList	DataGrid	Z_00143_BENS_PARA_VIST	BENS_PARA_VIST		Nao	producao	2026-10-08
OrdemServico	CAD_ENDERECO_FORNECEDOR	Endereço Fornecedor	RecordList	DataGrid	Z_00143_CAD_ENDERECO_FORNECEDOR	CAD_ENDERECO_FORNECEDOR		Nao	producao	2026-10-08
OrdemServico	CAD_ITENS_ADM	Cadastro Itens Adm	RecordList	DataGrid	Z_00143_CAD_ITENS_ADM	CAD_ITENS_ADM		Nao	producao	2026-10-08
OrdemServico	CAMPOSEMISSAOREL_FAT	CAMPOS PARA EMISSÃO DE RELATÓRIOS	RecordList	DataGrid	Z_00143_CAMPOSEMISSAOREL_FAT	CAMPOSEMISSAOREL_FAT		Nao	producao	2026-10-08
OrdemServico	CAMPOSPARANUMEROSNF	Campos para Números	RecordList	DataGrid	Z_00143_CAMPOSPARANUMEROSNF	CAMPOSPARANUMEROSNF	300	Nao	producao	2026-10-08
OrdemServico	CANALDEVENDA	Canal de Venda	RecordList	DataGrid	Z_00143_CANALDEVENDA	CANALDEVENDA		Nao	producao	2026-10-08
OrdemServico	CANDIDATOS_NAO_ELEITOS	Candidatos Não Eleitos	RecordList	DataGrid	Z_00143_CANDIDATOS_NAO_ELEITOS	CANDIDATOS_NAO_ELEITOS		Nao	producao	2026-10-08
OrdemServico	CARTAO_DE_ACESSO	Cartao de acesso	RecordList	DataGrid	Z_00143_CARTAO_DE_ACESSO	CARTAO_DE_ACESSO		Nao	producao	2026-10-08
OrdemServico	CARTAO_DE_ACESSO_2	Cartao de acesso 2	RecordList	DataGrid	Z_00143_CARTAO_DE_ACESSO_2	CARTAO_DE_ACESSO_2		Nao	producao	2026-10-08
OrdemServico	CHIP_EM_LOTE	CHIP_EM_LOTE	RecordList	DataGrid	Z_00143_CHIP_EM_LOTE	CHIP_EM_LOTE		Nao	producao	2026-10-08
OrdemServico	CIDADES_CLASSIFICACOES	Cidades e Classificações	RecordList	DataGrid	Z_00143_CIDADES_CLASSIFICACOES	CIDADES_CLASSIFICACOES		Nao	producao	2026-10-08
OrdemServico	CIPA_INFO_ABONO	CIPA - Informações para solicitação de informação de abono	RecordList	DataGrid	Z_00143_CIPA_INFO_ABONO	CIPA_INFO_ABONO		Nao	producao	2026-10-08
OrdemServico	CIPA_INFO_ABONO_CLIENTE	Solicitação cliente - CIPA Abono	RecordList	DataGrid	Z_00143_CIPA_INFO_ABONO_CLIENTE	CIPA_INFO_ABONO_CLIENTE		Nao	producao	2026-10-08
OrdemServico	CIPA_INFO_ESTABILIDADE	CIPA - Informações para solicitação de informação de estabilidade	RecordList	DataGrid	Z_00143_CIPA_INFO_ESTABILIDADE	CIPA_INFO_ESTABILIDADE		Nao	producao	2026-10-08
OrdemServico	CIPA_INFO_ESTABILIDADE_CLIENTE	Solicitação cliente - CIPA Estabilidade	RecordList	DataGrid	Z_00143_CIPA_INFO_ESTABILIDADE_CLIENTE	CIPA_INFO_ESTABILIDADE_CLIENTE		Nao	producao	2026-10-08
OrdemServico	CLASSE_E_INDICADOR_DO_CONTRIBUINTE	Classe e indicador do contribuinte	RecordList	DataGrid	Z_00143_CLASSE_E_INDICADOR_DO_CONTRIBUINTE	CLASSE_E_INDICADOR_DO_CONTRIBUINTE		Nao	producao	2026-10-08
OrdemServico	CODIGO_DO_SERVICO_DGCO	Código do Serviço	RecordList	DataGrid	Z_00143_CODIGO_DO_SERVICO_DGCO	CODIGO_DO_SERVICO_DGCO		Nao	producao	2026-10-08
OrdemServico	CODIGO_ITEM	Código do Item	RecordList	DataGrid	Z_00143_CODIGO_ITEM	CODIGO_ITEM		Nao	producao	2026-10-08
OrdemServico	COMISSAOELEITORAL	Comissão Eleitoral	RecordList	DataGrid	Z_00143_COMISSAOELEITORAL	COMISSAOELEITORAL		Nao	producao	2026-10-08
OrdemServico	COMPOSICAO_CIPA	Composição CIPA	RecordList	DataGrid	Z_00143_COMPOSICAO_CIPA	COMPOSICAO_CIPA		Nao	producao	2026-10-08
OrdemServico	CONCESSION_AGUA	Concessionárias	RecordList	DataGrid	Z_00143_CONCESSION_AGUA	CONCESSION_AGUA		Nao	producao	2026-10-08
OrdemServico	CONCESSION_ENERGIA	Concessionárias	RecordList	DataGrid	Z_00143_CONCESSION_ENERGIA	CONCESSION_ENERGIA		Nao	producao	2026-10-08
OrdemServico	CONCESSION_TELECOM	Concessionárias	RecordList	DataGrid	Z_00143_CONCESSION_TELECOM	CONCESSION_TELECOM		Nao	producao	2026-10-08
OrdemServico	CONSIGNADO_ANTERIOR	Empréstimos Consignados Anteriores	RecordList	DataGrid	Z_00143_CONSIGNADO_ANTERIOR	CONSIGNADO_ANTERIOR		Nao	producao	2026-10-08
OrdemServico	CONTATO_DO_CLIENTE	Contato do Cliente	RecordList	DataGrid	Z_00143_CONTATO_DO_CLIENTE	CONTATO_DO_CLIENTE		Nao	producao	2026-10-08
OrdemServico	CONTA_CONTABIL	Conta Contabil	RecordList	DataGrid	Z_00143_CONTA_CONTABIL	CONTA_CONTABIL		Nao	producao	2026-10-08
OrdemServico	CSC_LISTA_DEMANDA	Lista de demandas	RecordList	DataGrid	Z_00143_CSC_LISTA_DEMANDA	CSC_LISTA_DEMANDA		Nao	producao	2026-10-08
OrdemServico	CSC_LISTA_RESP_ERP	Nome da Responsabilidade no ERP	RecordList	DataGrid	Z_00143_CSC_LISTA_RESP_ERP	CSC_LISTA_RESP_ERP		Nao	producao	2026-10-08
OrdemServico	CURSOS_OBRIGATORIOS	Cursos Obrigatorios	RecordList	DataGrid	Z_00143_CURSOS_OBRIGATORIOS	CURSOS_OBRIGATORIOS		Nao	producao	2026-10-08
OrdemServico	DADOS_BANCA	Dados bancarios	RecordList	DataGrid	Z_00143_DADOS_BANCA	DADOS_BANCA		Nao	producao	2026-10-08
OrdemServico	DADOS_BANCARIOS	Dados bancarios	RecordList	DataGrid	Z_00143_DADOS_BANCARIOS	DADOS_BANCARIOS		Nao	producao	2026-10-08
OrdemServico	DADOS_BEM	Dados do Bem	RecordList	DataGrid	Z_00143_DADOS_BEM	DADOS_BEM		Nao	producao	2026-10-08
OrdemServico	DADOS_BEM_AQUISICAO	Dados do Bem	RecordList	DataGrid	Z_00143_DADOS_BEM_AQUISICAO	DADOS_BEM_AQUISICAO		Nao	producao	2026-10-08
OrdemServico	DADOS_BEM_INCLUSAO	Dados do Bem	RecordList	DataGrid	Z_00143_DADOS_BEM_INCLUSAO	DADOS_BEM_INCLUSAO		Nao	producao	2026-10-08
OrdemServico	DADOS_BEM_INV_COM_ETI	Dados do Bem	RecordList	DataGrid	Z_00143_DADOS_BEM_INV_COM_ETI	DADOS_BEM_INV_COM_ETI		Nao	producao	2026-10-08
OrdemServico	DADOS_BEM_INV_COM_ETI_OUTSOURCING	Dados do Bem	RecordList	DataGrid	Z_00143_DADOS_BEM_INV_COM_ETI_OUTSOURCING	DADOS_BEM_INV_COM_ETI_OUTSOURCING		Nao	producao	2026-10-08
OrdemServico	DADOS_BEM_INV_DISPONIBILIZA	Dados do Bem	RecordList	DataGrid	Z_00143_DADOS_BEM_INV_DISPONIBILIZA	DADOS_BEM_INV_DISPONIBILIZA		Nao	producao	2026-10-08
OrdemServico	DADOS_BEM_INV_SEM_ETI	Dados do Bem	RecordList	DataGrid	Z_00143_DADOS_BEM_INV_SEM_ETI	DADOS_BEM_INV_SEM_ETI		Nao	producao	2026-10-08
OrdemServico	DADOS_BEM_LOCALIZADOS	Bem Lozalizados	RecordList	DataGrid	Z_00143_DADOS_BEM_LOCALIZADOS	DADOS_BEM_LOCALIZADOS		Nao	producao	2026-10-08
OrdemServico	DADOS_BEM_LOCALIZADOS_FORA_ERP	Bens Localizados fisicamente na Unidade, porém não consta no relatório ERP/FA:	RecordList	DataGrid	Z_00143_DADOS_BEM_LOCALIZADOS_FORA_ERP	DADOS_BEM_LOCALIZADOS_FORA_ERP		Nao	producao	2026-10-08
OrdemServico	DADOS_BEM_NAO_LOCALIZADOS	Bens Não Localizados:	RecordList	DataGrid	Z_00143_DADOS_BEM_NAO_LOCALIZADOS	DADOS_BEM_NAO_LOCALIZADOS		Nao	producao	2026-10-08
OrdemServico	DADOS_CONS_CONTRATO	Dados para Consulta de Contrato	RecordList	DataGrid	Z_00143_DADOS_CONS_CONTRATO	DADOS_CONS_CONTRATO		Nao	producao	2026-10-08
OrdemServico	DADOS_CONS_CONT_FONEC	Dados para Consulta de Contrato	RecordList	DataGrid	Z_00143_DADOS_CONS_CONT_FONEC	DADOS_CONS_CONT_FONEC		Nao	producao	2026-10-08
OrdemServico	DADOS_CONS_FATURA_ERP	Dados para Consulta de Contrato Transação de Faturamento ERP-AR	RecordList	DataGrid	Z_00143_DADOS_CONS_FATURA_ERP	DADOS_CONS_FATURA_ERP		Nao	producao	2026-10-08
OrdemServico	DADOS_CONS_LEGISLACAO	Dados para Consulta de Legislação	RecordList	DataGrid	Z_00143_DADOS_CONS_LEGISLACAO	DADOS_CONS_LEGISLACAO		Nao	producao	2026-10-08
OrdemServico	DADOS_CONS_NF_ICMS	Dados para Consulta de Nota Fiscal	RecordList	DataGrid	Z_00143_DADOS_CONS_NF_ICMS	DADOS_CONS_NF_ICMS		Nao	producao	2026-10-08
OrdemServico	DADOS_CONS_NOTA_FISCAL	Dados para Consulta de Nota Fiscal	RecordList	DataGrid	Z_00143_DADOS_CONS_NOTA_FISCAL	DADOS_CONS_NOTA_FISCAL		Nao	producao	2026-10-08
OrdemServico	DADOS_CONS_NOVOS_NEG	Dados para Consulta de Novos Negócios	RecordList	DataGrid	Z_00143_DADOS_CONS_NOVOS_NEG	DADOS_CONS_NOVOS_NEG		Nao	producao	2026-10-08
OrdemServico	DADOS_CONTRATOS_C	Contrato Clientes	RecordList	DataGrid	Z_00143_DADOS_CONTRATOS_C	DADOS_CONTRATOS_C		Nao	producao	2026-10-08
OrdemServico	DADOS_DE_FATURAMENTO_TOMADOR_DO_SERVICO	DADOS DE FATURAMENTO_TOMADOR_DO_SERVIÇO	RecordList	DataGrid	Z_00143_DADOS_DE_FATURAMENTO_TOMADOR_DO_SERVICO	DADOS_DE_FATURAMENTO_TOMADOR_DO_SERVICO		Nao	producao	2026-10-08
OrdemServico	DADOS_DE_PAGAMENTO	Dados de Pagamento	RecordList	DataGrid	Z_00143_DADOS_DE_PAGAMENTO	DADOS_DE_PAGAMENTO		Nao	producao	2026-10-08
OrdemServico	DADOS_DOS_ATIVOS	Dados dos ativos	RecordList	DataGrid	Z_00143_DADOS_DOS_ATIVOS	DADOS_DOS_ATIVOS		Nao	producao	2026-10-08
OrdemServico	DADOS_DO_BEM	Dados do Bem	RecordList	DataGrid	Z_00143_DADOS_DO_BEM	DADOS_DO_BEM		Nao	producao	2026-10-08
OrdemServico	DADOS_DO_FORNECEDOR_PRESTADOR_DE_SERVICO	DADOS DO FORNECEDOR (PRESTADOR DE SERVIÇO)	RecordList	DataGrid	Z_00143_DADOS_DO_FORNECEDOR_PRESTADOR_DE_SERVICO	DADOS_DO_FORNECEDOR_PRESTADOR_DE_SERVICO		Nao	producao	2026-10-08
OrdemServico	DADOS_DO_PRESTADOR	Dados do prestador	RecordList	DataGrid	Z_00143_DADOS_DO_PRESTADOR	DADOS_DO_PRESTADOR		Nao	producao	2026-10-08
OrdemServico	DADOS_DO_VISITANTE	Dados do visitante	RecordList	DataGrid	Z_00143_DADOS_DO_VISITANTE	DADOS_DO_VISITANTE		Nao	producao	2026-10-08
OrdemServico	DADOS_LACAMENTO	Dados de Lançamento	RecordList	DataGrid	Z_00143_DADOS_LACAMENTO	DADOS_LACAMENTO		Nao	producao	2026-10-08
OrdemServico	DADOS_MOVIMENTACAO	Dados	RecordList	DataGrid	Z_00143_DADOS_MOVIMENTACAO	DADOS_MOVIMENTACAO		Nao	producao	2026-10-08
OrdemServico	DADOS_ORCAMENTARIOS	Dados orçamentários	RecordList	DataGrid	Z_00143_DADOS_ORCAMENTARIOS	DADOS_ORCAMENTARIOS		Nao	producao	2026-10-08
OrdemServico	DADOS_RC	DADOS_RC	RecordList	DataGrid	Z_00143_DADOS_RC	DADOS_RC		Nao	producao	2026-10-08
OrdemServico	DATA_ATV_COMPRAS	Data das atividades do processo de compras	RecordList	DataGrid	Z_00143_DATA_ATV_COMPRAS	DATA_ATV_COMPRAS		Nao	producao	2026-10-08
OrdemServico	DATA_BASE	Data base	RecordList	DataGrid	Z_00143_DATA_BASE	DATA_BASE		Nao	producao	2026-10-08
OrdemServico	DATA_E_HORA_INICIO_FIM	Data e Hora Início e Fim	RecordList	DataGrid	Z_00143_DATA_E_HORA_INICIO_FIM	DATA_E_HORA_INICIO_FIM		Nao	producao	2026-10-08
OrdemServico	DEPENDENTES	Dependentes	RecordList	DataGrid	Z_00143_DEPENDENTES	DEPENDENTES		Nao	producao	2026-10-08
OrdemServico	DEPENDENTE_N_CADASTRADO	Detalhamento dos Valores Dependentes não Cadastrados	RecordList	DataGrid	Z_00143_DEPENDENTE_N_CADASTRADO	DEPENDENTE_N_CADASTRADO		Nao	producao	2026-10-08
OrdemServico	DESTINACAO_BBTS	Qual a destinação da aquisição (Filial da BBTS)?	RecordList	DataGrid	Z_00143_DESTINACAO_BBTS	DESTINACAO_BBTS		Nao	producao	2026-10-08
OrdemServico	DESTINATARIO_MALOTE	Destinatário	RecordList	DataGrid	Z_00143_DESTINATARIO_MALOTE	DESTINATARIO_MALOTE		Nao	producao	2026-10-08
OrdemServico	DETALHAMENTO_VALORES	Detalhamento dos Valores	RecordList	DataGrid	Z_00143_DETALHAMENTO_VALORES	DETALHAMENTO_VALORES		Nao	producao	2026-10-08
OrdemServico	DIRETORIO_CONTATOS	Diretório de Contatos	RecordList	DataGrid	Z_00143_DIRETORIO_CONTATOS	DIRETORIO_CONTATOS		Nao	producao	2026-10-08
OrdemServico	DISTRIBUICAO_RC	Distribuição da RC	RecordList	DataGrid	Z_00143_DISTRIBUICAO_RC	DISTRIBUICAO_RC		Nao	producao	2026-10-08
OrdemServico	ELEMENTO_FINALIDADE	Emento/Finalidade do elemento	RecordList	DataGrid	Z_00143_ELEMENTO_FINALIDADE	ELEMENTO_FINALIDADE		Nao	producao	2026-10-08
OrdemServico	ENDERECO_LOCAL_CONTA	Endereço Cliente	RecordList	DataGrid	Z_00143_ENDERECO_LOCAL_CONTA	ENDERECO_LOCAL_CONTA		Nao	producao	2026-10-08
OrdemServico	EQUIPAMENTOS	Equipamentos	RecordList	DataGrid	Z_00143_EQUIPAMENTOS	EQUIPAMENTOS		Nao	producao	2026-10-08
OrdemServico	EQUIP_EPI	Equipamentos EPI	RecordList	DataGrid	Z_00143_EQUIP_EPI	EQUIP_EPI		Nao	producao	2026-10-08
OrdemServico	EQUIP_EPI_LOTE	Equipamentos EPI Lote	RecordList	DataGrid	Z_00143_EQUIP_EPI_LOTE	EQUIP_EPI_LOTE		Nao	producao	2026-10-08
OrdemServico	EXTRA_2019	Extra 2019	RecordList	DataGrid	Z_00143_EXTRA_2019	EXTRA_2019		Nao	producao	2026-10-08
OrdemServico	EXTRA_20ANOS	Extra 20anos	RecordList	DataGrid	Z_00143_EXTRA_20ANOS	EXTRA_20ANOS		Nao	producao	2026-10-08
OrdemServico	EXTRA_55ANOS	Extra 55anos	RecordList	DataGrid	Z_00143_EXTRA_55ANOS	EXTRA_55ANOS		Nao	producao	2026-10-08
OrdemServico	FAVORECIDO_LIST	Listagem dos Favorecidos	List	SearchList	Z_00143_FAVORECIDO_LIST	ID_PESSOA		Nao	producao	2026-10-08
OrdemServico	FAVORECIDO_RESTRITO	Quem pode visualizar	List	SearchList	Z_00143_FAVORECIDO_RESTRITO	ID_PESSOA		Nao	producao	2026-10-08
OrdemServico	FAV_PLANO_DE_SAUDE	Favorecidos Plano de Saúde	RecordList	DataGrid	Z_00143_FAV_PLANO_DE_SAUDE	FAV_PLANO_DE_SAUDE		Nao	producao	2026-10-08
OrdemServico	FILIAL_MES_ANO_FAVORECIDO	Filial Mês Ano Favorecido	RecordList	DataGrid	Z_00143_FILIAL_MES_ANO_FAVORECIDO	FILIAL_MES_ANO_FAVORECIDO		Nao	producao	2026-10-08
OrdemServico	FILIAL_MES_ANO_REF	Lista de Filiais e Mês referência	RecordList	DataGrid	Z_00143_FILIAL_MES_ANO_REF	FILIAL_MES_ANO_REF		Nao	producao	2026-10-08
OrdemServico	FISCAL_ADMINISTRATIVO	Fiscal Administrativo	RecordList	DataGrid	Z_00143_FISCAL_ADMINISTRATIVO	FISCAL_ADMINISTRATIVO		Nao	producao	2026-10-08
OrdemServico	FISCAL_MASTER	Fiscal do Serviço Master	RecordList	DataGrid	Z_00143_FISCAL_MASTER	FISCAL_MASTER		Nao	producao	2026-10-08
OrdemServico	FISCAL_SER	Fiscal do Serviço	RecordList	DataGrid	Z_00143_FISCAL_SER	FISCAL_SER		Nao	producao	2026-10-08
OrdemServico	FQ357_002_ITEM_6_1	FQ357-002 - Item 6.1	RecordList	DataGrid	Z_00143_FQ357_002_ITEM_6_1	FQ357_002_ITEM_6_1		Nao	producao	2026-10-08
OrdemServico	FQ412_041_ITEM_5_1_NOVO	FQ412-041 - Item 5.1 - Novo	RecordList	DataGrid	Z_00143_FQ412_041_ITEM_5_1_NOVO	FQ412_041_ITEM_5_1_NOVO		Nao	producao	2026-10-08
OrdemServico	FQ412_042_ITEM_6_1	FQ412-042 - Item 6.1	RecordList	DataGrid	Z_00143_FQ412_042_ITEM_6_1	FQ412_042_ITEM_6_1		Nao	producao	2026-10-08
OrdemServico	FQS_AVALIACOES_DE_FORNECEDORES	FQs Avaliação de Fornecedores	RecordList	DataGrid	Z_00143_FQS_AVALIACOES_DE_FORNECEDORES	FQS_AVALIACOES_DE_FORNECEDORES		Nao	producao	2026-10-08
OrdemServico	FUNCIONARIO_ATIVO	Funcionário Ativo	RecordList	DataGrid	Z_00143_FUNCIONARIO_ATIVO	FUNCIONARIO_ATIVO		Nao	producao	2026-10-08
OrdemServico	FUNCIONARIO_INATIVO	Funcionario Inativo, Pensionista, Outros.	RecordList	DataGrid	Z_00143_FUNCIONARIO_INATIVO	FUNCIONARIO_INATIVO		Nao	producao	2026-10-08
OrdemServico	GESTOR_CONTRATO	Gestor do Contrato	RecordList	DataGrid	Z_00143_GESTOR_CONTRATO	GESTOR_CONTRATO		Nao	producao	2026-10-08
OrdemServico	GESTOR_SERVICO_BBTS	Gestor do Serviço BBTS	RecordList	DataGrid	Z_00143_GESTOR_SERVICO_BBTS	GESTOR_SERVICO_BBTS		Nao	producao	2026-10-08
OrdemServico	GRAU_PARENTE	Dados dos parentes que residem com o funcionário	RecordList	DataGrid	Z_00143_GRAU_PARENTE	GRAU_PARENTE		Nao	producao	2026-10-08
OrdemServico	GRIDINVENTARIO	Grid Inclusão de Inventário	RecordList	DataGrid	Z_00143_GRIDINVENTARIO	GRIDINVENTARIO		Nao	producao	2026-10-08
OrdemServico	GRIDITENSPATRI	Cadastro de Itens Etiquetados	RecordList	DataGrid	Z_00143_GRIDITENSPATRI	GRIDITENSPATRI		Nao	producao	2026-10-08
OrdemServico	GRIDITENSSEMRECU	Cadastrar Itens sem Reparo	RecordList	DataGrid	Z_00143_GRIDITENSSEMRECU	GRIDITENSSEMRECU		Nao	producao	2026-10-08
OrdemServico	GRIDREGISTROATIV	Cadastrar Registro de Atividades Críticas	RecordList	DataGrid	Z_00143_GRIDREGISTROATIV	GRIDREGISTROATIV		Nao	producao	2026-10-08
OrdemServico	GRID_AMBIENTE	GRID_AMBIENTE	RecordList	DataGrid	Z_00143_GRID_AMBIENTE	GRID_AMBIENTE		Nao	producao	2026-10-08
OrdemServico	GRID_AVALIACAO	Avaliação de Fornecedor	RecordList	DataGrid	Z_00143_GRID_AVALIACAO	GRID_AVALIACAO		Nao	producao	2026-10-08
OrdemServico	GRID_CESEC_APORTE	Grid pro Cesec Preencher os dados da prestação de contas na planilha online	RecordList	DataGrid	Z_00143_GRID_CESEC_APORTE	GRID_CESEC_APORTE		Nao	producao	2026-10-08
OrdemServico	GRID_COMITES	Grid Comitês	RecordList	DataGrid	Z_00143_GRID_COMITES	GRID_COMITES		Nao	producao	2026-10-08
OrdemServico	GRID_DESIGNACAO	Designações	RecordList	DataGrid	Z_00143_GRID_DESIGNACAO	GRID_DESIGNACAO		Nao	producao	2026-10-08
OrdemServico	GRID_DESIGNACAO_CLIENTES	Designações	RecordList	DataGrid	Z_00143_GRID_DESIGNACAO_CLIENTES	GRID_DESIGNACAO_CLIENTES		Nao	producao	2026-10-08
OrdemServico	GRID_DESIGNACAO_CLIENTES_DCC	Designações	RecordList	DataGrid	Z_00143_GRID_DESIGNACAO_CLIENTES_DCC	GRID_DESIGNACAO_CLIENTES_DCC		Nao	producao	2026-10-08
OrdemServico	GRID_DESIGNACAO_P_COMISSAO	Designações	RecordList	DataGrid	Z_00143_GRID_DESIGNACAO_P_COMISSAO	GRID_DESIGNACAO_P_COMISSAO		Nao	producao	2026-10-08
OrdemServico	GRID_FROTA	Grid Frota	RecordList	DataGrid	Z_00143_GRID_FROTA	ID_ITEM		Nao	producao	2026-10-08
OrdemServico	GRID_FROTA_PS	Grid Frota	RecordList	DataGrid	Z_00143_GRID_FROTA_PS	GRID_FROTA_PS		Nao	producao	2026-10-08
OrdemServico	GRID_IDF	GRID_IDF	RecordList	DataGrid	Z_00143_GRID_IDF	GRID_IDF		Nao	producao	2026-10-08
OrdemServico	GRID_NF	Grid de Emissão de notas Fiscais	RecordList	DataGrid	Z_00143_GRID_NF	GRID_NF		Nao	producao	2026-10-08
OrdemServico	GRID_OC	OC para aprovação	RecordList	DataGrid	Z_00143_GRID_OC	GRID_OC		Nao	producao	2026-10-08
OrdemServico	GRID_OC2	OC para aprovação	RecordList	DataGrid	Z_00143_GRID_OC2	GRID_OC2		Nao	producao	2026-10-08
OrdemServico	GRID_PESSOAS	Grid Pessoas	RecordList	DataGrid	Z_00143_GRID_PESSOAS	GRID_PESSOAS		Nao	producao	2026-10-08
OrdemServico	GRID_PV	Grid PV	RecordList	DataGrid	Z_00143_GRID_PV	GRID_PV		Nao	producao	2026-10-08
OrdemServico	GRUPO_DE_TRABALHO_GESAP	Grupos de Trabalho	RecordList	DataGrid	Z_00143_GRUPO_DE_TRABALHO_GESAP	GRUPO_DE_TRABALHO_GESAP		Nao	producao	2026-10-08
OrdemServico	GUIASJUDICIAIS	Guias de pagamento	RecordList	DataGrid	Z_00143_GUIASJUDICIAIS	GUIASJUDICIAIS		Nao	producao	2026-10-08
OrdemServico	GUIAS_TRABALHISTAS_TRIBUTARIAS	Guias Trabalhistas e Tributárias	RecordList	DataGrid	Z_00143_GUIAS_TRABALHISTAS_TRIBUTARIAS	GUIAS_TRABALHISTAS_TRIBUTARIAS		Nao	producao	2026-10-08
OrdemServico	HISTORICO_APURADOR	Histórico de Apuradores	RecordList	DataGrid	Z_00143_HISTORICO_APURADOR	HISTORICO_APURADOR		Nao	producao	2026-10-08
OrdemServico	IMPOSTO_RETIDO	Impostos Retidos:	RecordList	DataGrid	Z_00143_IMPOSTO_RETIDO	IMPOSTO_RETIDO		Nao	producao	2026-10-08
OrdemServico	INFORMACAO_FATURAMENTO	Informações para Faturamento	RecordList	DataGrid	Z_00143_INFORMACAO_FATURAMENTO	INFORMACAO_FATURAMENTO		Nao	producao	2026-10-08
OrdemServico	INFORMACOES_DE_RATEIO	Informações de Rateio	RecordList	DataGrid	Z_00143_INFORMACOES_DE_RATEIO	INFORMACOES_DE_RATEIO		Nao	producao	2026-10-08
OrdemServico	INFORMACOES_PARA_O_PROGRAMA_VALOR_0	Informações para o Programa Valor 0	RecordList	DataGrid	Z_00143_INFORMACOES_PARA_O_PROGRAMA_VALOR_0	INFORMACOES_PARA_O_PROGRAMA_VALOR_0		Nao	producao	2026-10-08
OrdemServico	INFORMACOES_REMANEJAMENTO_OS_NOVO	Informações para remanejamento de OS	RecordList	DataGrid	Z_00143_INFORMACOES_REMANEJAMENTO_OS_NOVO	INFORMACOES_REMANEJAMENTO_OS_NOVO		Nao	producao	2026-10-08
OrdemServico	INFORMCACOES_DE_RATEIO_AUTO	Informações de Rateio AUTO	RecordList	DataGrid	Z_00143_INFORMCACOES_DE_RATEIO_AUTO	INFORMCACOES_DE_RATEIO_AUTO		Nao	producao	2026-10-08
OrdemServico	INFORM_ENTREGA_ALMOX	Informações de Entrega:	RecordList	DataGrid	Z_00143_INFORM_ENTREGA_ALMOX	INFORM_ENTREGA_ALMOX		Nao	producao	2026-10-08
OrdemServico	INFO_FOLHA_PAGAMENTO_BONIFICACAO	Bonificação - Informações para folha de pagamento	RecordList	DataGrid	Z_00143_INFO_FOLHA_PAGAMENTO_BONIFICACAO	INFO_FOLHA_PAGAMENTO_BONIFICACAO		Nao	producao	2026-10-08
OrdemServico	INFO_FOLHA_PAGAMENTO_HORAS_EXTRAS	Informações para folha de pagamento	RecordList	DataGrid	Z_00143_INFO_FOLHA_PAGAMENTO_HORAS_EXTRAS	INFO_FOLHA_PAGAMENTO_HORAS_EXTRAS		Nao	producao	2026-10-08
OrdemServico	INFO_FOLHA_PAGAMENTO_PERICULOSIDADE	Adicional de Periculosidade - Informações para folha de pagamento	RecordList	DataGrid	Z_00143_INFO_FOLHA_PAGAMENTO_PERICULOSIDADE	INFO_FOLHA_PAGAMENTO_PERICULOSIDADE		Nao	producao	2026-10-08
OrdemServico	INF_CONTRATOS_FORNEC	Informações Referente aos Contratos Fornecedores	RecordList	DataGrid	Z_00143_INF_CONTRATOS_FORNEC	INF_CONTRATOS_FORNEC		Nao	producao	2026-10-08
OrdemServico	INSUMOS_PARA_PDPEP	Insumos para PDPEP	RecordList	DataGrid	Z_00143_INSUMOS_PARA_PDPEP	INSUMOS_PARA_PDPEP		Nao	producao	2026-10-08
OrdemServico	INSUMOS_PARA_SOLICITACAO	Insumos para solicitação PDPEP	RecordList	DataGrid	Z_00143_INSUMOS_PARA_SOLICITACAO	INSUMOS_PARA_SOLICITACAO		Nao	producao	2026-10-08
OrdemServico	IP_NOME_HOST	IP_NOME_HOST	RecordList	DataGrid	Z_00143_IP_NOME_HOST	IP_NOME_HOST		Nao	producao	2026-10-08
OrdemServico	ITEM_ASSIST_TECN	Item assistência técnica	RecordList	DataGrid	Z_00143_ITEM_ASSIST_TECN	ITEM_ASSIST_TECN		Nao	producao	2026-10-08
OrdemServico	ITENS_AVALIADOS	Itens avaliados	RecordList	DataGrid	Z_00143_ITENS_AVALIADOS	ITENS_AVALIADOS		Nao	producao	2026-10-08
OrdemServico	ITENS_SOL_GLICEMIA_UNIDADE	Itens da solicitação	RecordList	DataGrid	Z_00143_ITENS_SOL_GLICEMIA_UNIDADE	ITENS_SOL_GLICEMIA_UNIDADE		Nao	producao	2026-10-08
OrdemServico	ITENS_SOL_SENSOR_DIABETE	Itens da solicitação	RecordList	DataGrid	Z_00143_ITENS_SOL_SENSOR_DIABETE	ITENS_SOL_SENSOR_DIABETE		Nao	producao	2026-10-08
OrdemServico	KITEQUIPAMENTOS	KIT Equipamentos	RecordList	DataGrid	Z_00143_KITEQUIPAMENTOS	KITEQUIPAMENTOS		Nao	producao	2026-10-08
OrdemServico	LANC_RI_COMPLEMENTAR	Lançamento de RI Complementar	RecordList	DataGrid	Z_00143_LANC_RI_COMPLEMENTAR	LANC_RI_COMPLEMENTAR		Nao	producao	2026-10-08
OrdemServico	LCODIGOATIVO	Código do Ativo	RecordList	DataGrid	Z_00143_LCODIGOATIVO	LCODIGOATIVO		Nao	producao	2026-10-08
OrdemServico	LIBERACAO_SGPS	Liberação SGPS	RecordList	DataGrid	Z_00143_LIBERACAO_SGPS	LIBERACAO_SGPS		Nao	producao	2026-10-08
OrdemServico	LISTAPCD_COO	Auxilio PCD Cooparticipação	RecordList	DataGrid	Z_00143_LISTAPCD_COO	LISTAPCD_COO		Nao	producao	2026-10-08
OrdemServico	LISTAPCD_TERAPIAS	Auxilio PCD	RecordList	DataGrid	Z_00143_LISTAPCD_TERAPIAS	LISTAPCD_TERAPIAS		Nao	producao	2026-10-08
OrdemServico	LISTA_AGEND_ESTACAO_TRABALHO	Lista de agendamentos de estação de trabalho	RecordList	DataGrid	Z_00143_LISTA_AGEND_ESTACAO_TRABALHO	LISTA_AGEND_ESTACAO_TRABALHO		Nao	producao	2026-10-08
OrdemServico	LISTA_AGRUPAMENTO	Agrupamento	RecordList	DataGrid	Z_00143_LISTA_AGRUPAMENTO	LISTA_AGRUPAMENTO		Nao	producao	2026-10-08
OrdemServico	LISTA_APROVA_DOC	Lista Aprovadores de Documentos	RecordList	DataGrid	Z_00143_LISTA_APROVA_DOC	LISTA_APROVA_DOC		Nao	producao	2026-10-08
OrdemServico	LISTA_ATIV_DESP	LISTA DE ATIV. DESPACHANTE	RecordList	DataGrid	Z_00143_LISTA_ATIV_DESP	LISTA_ATIV_DESP		Nao	producao	2026-10-08
OrdemServico	LISTA_ATIV_DESP_RJ	LISTA DE ATIV DESPACHANTE RJ	RecordList	DataGrid	Z_00143_LISTA_ATIV_DESP_RJ	LISTA_ATIV_DESP_RJ		Nao	producao	2026-10-08
OrdemServico	LISTA_ATUALIZACAO	Atualização	RecordList	DataGrid	Z_00143_LISTA_ATUALIZACAO	LISTA_ATUALIZACAO		Nao	producao	2026-10-08
OrdemServico	LISTA_BBTS	Lista de Produtos BBTS 50 anos	RecordList	DataGrid	Z_00143_LISTA_BBTS	LISTA_BBTS		Nao	producao	2026-10-08
OrdemServico	LISTA_BENEF_PLANO	Dependente do plano de saúde	RecordList	DataGrid	Z_00143_LISTA_BENEF_PLANO	LISTA_BENEF_PLANO		Nao	producao	2026-10-08
OrdemServico	LISTA_BENEF_PLANO_II	Dependente do Plano de Saúde II	RecordList	DataGrid	Z_00143_LISTA_BENEF_PLANO_II	LISTA_BENEF_PLANO_II		Nao	producao	2026-10-08
OrdemServico	LISTA_CIDADES	Lista de Cidades	RecordList	DataGrid	Z_00143_LISTA_CIDADES	LISTA_CIDADES		Nao	producao	2026-10-08
OrdemServico	LISTA_COLAB_CRACHA	Lista Colaborador Crachá	RecordList	DataGrid	Z_00143_LISTA_COLAB_CRACHA	LISTA_COLAB_CRACHA		Nao	producao	2026-10-08
OrdemServico	LISTA_COLAB_CRACHA_CAD	Lista Colaborador Crachá	RecordList	DataGrid	Z_00143_LISTA_COLAB_CRACHA_CAD	LISTA_COLAB_CRACHA_CAD		Nao	producao	2026-10-08
OrdemServico	LISTA_CONSELHEIRO	Lista de Conselheiro	RecordList	DataGrid	Z_00143_LISTA_CONSELHEIRO	LISTA_CONSELHEIRO		Nao	producao	2026-10-08
OrdemServico	LISTA_CRED_ROTATIVO	Itens	RecordList	DataGrid	Z_00143_LISTA_CRED_ROTATIVO	LISTA_CRED_ROTATIVO		Nao	producao	2026-10-08
OrdemServico	LISTA_CRED_ROTATIVO_2	Itens	RecordList	DataGrid	Z_00143_LISTA_CRED_ROTATIVO_2	LISTA_CRED_ROTATIVO_2		Nao	producao	2026-10-08
OrdemServico	LISTA_DAS_CONTAS_ORCAMENTARIAS	Dados Saldo Conta Orçamentaria	RecordList	DataGrid	Z_00143_LISTA_DAS_CONTAS_ORCAMENTARIAS	LISTA_DAS_CONTAS_ORCAMENTARIAS		Nao	producao	2026-10-08
OrdemServico	LISTA_DEMANDANTES	Lista de Requerentes	RecordList	DataGrid	Z_00143_LISTA_DEMANDANTES	LISTA_DEMANDANTES		Nao	producao	2026-10-08
OrdemServico	LISTA_DEP_BENEFICIOS	Dependentes	RecordList	DataGrid	Z_00143_LISTA_DEP_BENEFICIOS	LISTA_DEP_BENEFICIOS		Nao	producao	2026-10-08
OrdemServico	LISTA_DEP_B_TODOS	Dependentes	RecordList	DataGrid	Z_00143_LISTA_DEP_B_TODOS	LISTA_DEP_B_TODOS		Nao	producao	2026-10-08
OrdemServico	LISTA_DEP_SAUDE	Dependentes	RecordList	DataGrid	Z_00143_LISTA_DEP_SAUDE	LISTA_DEP_SAUDE		Nao	producao	2026-10-08
OrdemServico	LISTA_DESLIGADO	Lista de Pessoas	RecordList	DataGrid	Z_00143_LISTA_DESLIGADO	LISTA_DESLIGADO		Nao	producao	2026-10-08
OrdemServico	LISTA_DE_CIDADES	Lista de cidades	RecordList	DataGrid	Z_00143_LISTA_DE_CIDADES	LISTA_DE_CIDADES		Nao	producao	2026-10-08
OrdemServico	LISTA_DE_OS_ALTCANC_DESLOCAMENTO	OS's de Alteração e Cancelamento	RecordList	DataGrid	Z_00143_LISTA_DE_OS_ALTCANC_DESLOCAMENTO	LISTA_DE_OS_ALTCANC_DESLOCAMENTO		Nao	producao	2026-10-08
OrdemServico	LISTA_DE_PESSOAS	Lista de Favorecidos	RecordList	DataGrid	Z_00143_LISTA_DE_PESSOAS	LISTA_DE_PESSOAS		Nao	producao	2026-10-08
OrdemServico	LISTA_DOCNIX	Números de documentos	RecordList	DataGrid	Z_00143_LISTA_DOCNIX	LISTA_DOCNIX		Nao	producao	2026-10-08
OrdemServico	LISTA_DOC_AUX_FUNERAL	Lista de Documentos Auxílio Funeral	RecordList	DataGrid	Z_00143_LISTA_DOC_AUX_FUNERAL	LISTA_DOC_AUX_FUNERAL		Nao	producao	2026-10-08
OrdemServico	LISTA_ECOM	Lista de Itens E-Commerce	RecordList	DataGrid	Z_00143_LISTA_ECOM	LISTA_ECOM		Nao	producao	2026-10-08
OrdemServico	LISTA_ENVIO_ATA_CIPA	Lista de localidades e competências para envio de ATA	RecordList	DataGrid	Z_00143_LISTA_ENVIO_ATA_CIPA	LISTA_ENVIO_ATA_CIPA		Nao	producao	2026-10-08
OrdemServico	LISTA_FAVORECIDOS	Lista de Favorecidos	RecordList	DataGrid	Z_00143_LISTA_FAVORECIDOS	LISTA_FAVORECIDOS		Nao	producao	2026-10-08
OrdemServico	LISTA_FAVORECIDOS_TIQUETE_ADICIONAL	Lista Favorecidos Tiquete Adicional	RecordList	DataGrid	Z_00143_LISTA_FAVORECIDOS_TIQUETE_ADICIONAL	LISTA_FAVORECIDOS_TIQUETE_ADICIONAL		Nao	producao	2026-10-08
OrdemServico	LISTA_FERIAS	Lista de Pessoas	RecordList	DataGrid	Z_00143_LISTA_FERIAS	LISTA_FERIAS		Nao	producao	2026-10-08
OrdemServico	LISTA_FUNCIONARIO	Lista de Pessoas	RecordList	DataGrid	Z_00143_LISTA_FUNCIONARIO	LISTA_FUNCIONARIO		Nao	producao	2026-10-08
OrdemServico	LISTA_FUNC_QTD_VT	LISTA DE FUNCIONÁRIOS E QUANTIDADE DE VT	RecordList	DataGrid	Z_00143_LISTA_FUNC_QTD_VT	LISTA_FUNC_QTD_VT		Nao	producao	2026-10-08
OrdemServico	LISTA_GERED	Lista de Favorecidos	RecordList	DataGrid	Z_00143_LISTA_GERED	LISTA_GERED		Nao	producao	2026-10-08
OrdemServico	LISTA_IC	Lista de Itens de configuração	RecordList	DataGrid	Z_00143_LISTA_IC	LISTA_IC		Nao	producao	2026-10-08
OrdemServico	LISTA_IC_BD	Lista de Itens de configuração de banco de dados	RecordList	DataGrid	Z_00143_LISTA_IC_BD	LISTA_IC_BD		Nao	producao	2026-10-08
OrdemServico	LISTA_IMPOSTOS	Lista de Impostos	RecordList	DataGrid	Z_00143_LISTA_IMPOSTOS	LISTA_IMPOSTOS		Nao	producao	2026-10-08
OrdemServico	LISTA_INSUMOS_RISCO	Lista de Insumos - Risco Cliente	RecordList	DataGrid	Z_00143_LISTA_INSUMOS_RISCO	LISTA_INSUMOS_RISCO		Nao	producao	2026-10-08
OrdemServico	LISTA_INTER	Lista de Intervenientes	RecordList	DataGrid	Z_00143_LISTA_INTER	LISTA_INTER		Nao	producao	2026-10-08
OrdemServico	LISTA_INTERVENIENTES	Intervenientes	RecordList	DataGrid	Z_00143_LISTA_INTERVENIENTES	LISTA_INTERVENIENTES		Nao	producao	2026-10-08
OrdemServico	LISTA_KIT_1	Kit mala padrão	RecordList	DataGrid	Z_00143_LISTA_KIT_1	LISTA_KIT_1		Nao	producao	2026-10-08
OrdemServico	LISTA_KIT_2	Kit ATM Itautec	RecordList	DataGrid	Z_00143_LISTA_KIT_2	LISTA_KIT_2		Nao	producao	2026-10-08
OrdemServico	LISTA_LANCAMENTO	LISTA_LANCAMENTO	RecordList	DataGrid	Z_00143_LISTA_LANCAMENTO	LISTA_LANCAMENTO		Nao	producao	2026-10-08
OrdemServico	LISTA_LANC_DESTINO	LISTA_LANC_DESTINO	RecordList	DataGrid	Z_00143_LISTA_LANC_DESTINO	LISTA_LANC_DESTINO		Nao	producao	2026-10-08
OrdemServico	LISTA_MEDICAMENTOS	Lista de Medicamentos	RecordList	DataGrid	Z_00143_LISTA_MEDICAMENTOS	LISTA_MEDICAMENTOS		Nao	producao	2026-10-08
OrdemServico	LISTA_MEDICA_REPROV	Lista de Medicamentos Reprovados	RecordList	DataGrid	Z_00143_LISTA_MEDICA_REPROV	LISTA_MEDICA_REPROV		Nao	producao	2026-10-08
OrdemServico	LISTA_NF	Lista de NF(COO)	RecordList	DataGrid	Z_00143_LISTA_NF	LISTA_NF		Nao	producao	2026-10-08
OrdemServico	LISTA_NOMES_FOTOS	Pessoas da Foto	RecordList	DataGrid	Z_00143_LISTA_NOMES_FOTOS	LISTA_NOMES_FOTOS		Nao	producao	2026-10-08
OrdemServico	LISTA_NUMERO_OC	Número da OC e da Linha	RecordList	DataGrid	Z_00143_LISTA_NUMERO_OC	LISTA_NUMERO_OC		Nao	producao	2026-10-08
OrdemServico	LISTA_OBS	Observações	RecordList	DataGrid	Z_00143_LISTA_OBS	LISTA_OBS		Nao	producao	2026-10-08
OrdemServico	LISTA_OC	Lista OC	RecordList	DataGrid	Z_00143_LISTA_OC	LISTA_OC		Nao	producao	2026-10-08
OrdemServico	LISTA_ORCAMENTO	Lista de Orçamentos	RecordList	DataGrid	Z_00143_LISTA_ORCAMENTO	LISTA_ORCAMENTO		Nao	producao	2026-10-08
OrdemServico	LISTA_ORGAOS	Lista de Órgãos	RecordList	DataGrid	Z_00143_LISTA_ORGAOS	LISTA_ORGAOS		Nao	producao	2026-10-08
OrdemServico	LISTA_OUTORGADOS	Lista de Outorgados	RecordList	DataGrid	Z_00143_LISTA_OUTORGADOS	LISTA_OUTORGADOS		Nao	producao	2026-10-08
OrdemServico	LISTA_PARTICIPANTES	Lista de Participantes	RecordList	DataGrid	Z_00143_LISTA_PARTICIPANTES	LISTA_PARTICIPANTES		Nao	producao	2026-10-08
OrdemServico	LISTA_PERIODOS_AFAST	Períodos de Afastamento	RecordList	DataGrid	Z_00143_LISTA_PERIODOS_AFAST	LISTA_PERIODOS_AFAST		Nao	producao	2026-10-08
OrdemServico	LISTA_PESSOAS	Lista nomes	RecordList	DataGrid	Z_00143_LISTA_PESSOAS	LISTA_PESSOAS		Nao	producao	2026-10-08
OrdemServico	LISTA_PID	Lista de produtos	RecordList	DataGrid	Z_00143_LISTA_PID	LISTA_PID		Nao	producao	2026-10-08
OrdemServico	LISTA_REEMBOLSO_OTICO	Dados do Reembolso Ótico	RecordList	DataGrid	Z_00143_LISTA_REEMBOLSO_OTICO	LISTA_REEMBOLSO_OTICO		Nao	producao	2026-10-08
OrdemServico	LISTA_RELATORIO_CIPA	Envio de Relatorio designado CIPA	RecordList	DataGrid	Z_00143_LISTA_RELATORIO_CIPA	LISTA_RELATORIO_CIPA		Nao	producao	2026-10-08
OrdemServico	LISTA_REMANEJA	Remanejamento orçamentário	RecordList	DataGrid	Z_00143_LISTA_REMANEJA	LISTA_REMANEJA		Nao	producao	2026-10-08
OrdemServico	LISTA_RESP_APARELHO	Lista de Colaboradores e Aparelho	RecordList	DataGrid	Z_00143_LISTA_RESP_APARELHO	LISTA_RESP_APARELHO		Nao	producao	2026-10-08
OrdemServico	LISTA_RESP_DELIBERACAO	Resposta da deliberação	RecordList	DataGrid	Z_00143_LISTA_RESP_DELIBERACAO	LISTA_RESP_DELIBERACAO		Nao	producao	2026-10-08
OrdemServico	LISTA_R_OTICO_FAV	Dados do Reembolso Ótico	RecordList	DataGrid	Z_00143_LISTA_R_OTICO_FAV	LISTA_R_OTICO_FAV		Nao	producao	2026-10-08
OrdemServico	LISTA_SCR	Lista de SCR	RecordList	DataGrid	Z_00143_LISTA_SCR	LISTA_SCR		Nao	producao	2026-10-08
OrdemServico	LISTA_SERVICO_DOD	Lista de negócios	RecordList	DataGrid	Z_00143_LISTA_SERVICO_DOD	LISTA_SERVICO_DOD		Nao	producao	2026-10-08
OrdemServico	LISTA_SOL_CANDIDATOS	Lista de Solicitação de Candidatos	RecordList	DataGrid	Z_00143_LISTA_SOL_CANDIDATOS	LISTA_SOL_CANDIDATOS		Nao	producao	2026-10-08
OrdemServico	LISTA_TRABALHADOR_TEMPORARIO	Lista Trabalhador Temporario	RecordList	DataGrid	Z_00143_LISTA_TRABALHADOR_TEMPORARIO	LISTA_TRABALHADOR_TEMPORARIO		Nao	producao	2026-10-08
OrdemServico	LISTA_TRATAMENTO	LISTA_TRATAMENTO	RecordList	DataGrid	Z_00143_LISTA_TRATAMENTO	LISTA_TRATAMENTO		Nao	producao	2026-10-08
OrdemServico	LISTA_TRATAMENTO_ODONTOLOGICO	Lista tratamento odontológico	RecordList	DataGrid	Z_00143_LISTA_TRATAMENTO_ODONTOLOGICO	LISTA_TRATAMENTO_ODONTOLOGICO		Nao	producao	2026-10-08
OrdemServico	LISTA_TREINAMENTO2	Lista de Treinamento	RecordList	DataGrid	Z_00143_LISTA_TREINAMENTO2	LISTA_TREINAMENTO2		Nao	producao	2026-10-08
OrdemServico	LISTA_VEICULO	Dados Veículo	RecordList	DataGrid	Z_00143_LISTA_VEICULO	LISTA_VEICULO		Nao	producao	2026-10-08
OrdemServico	LISTA_VT	Meio de Transporte	RecordList	DataGrid	Z_00143_LISTA_VT	LISTA_VT		Nao	producao	2026-10-08
OrdemServico	LIST_PRESENCA	Lista de Presença	RecordList	DataGrid	Z_00143_LIST_PRESENCA	LIST_PRESENCA		Nao	producao	2026-10-08
OrdemServico	LIST_TREINAMENTO	Lista de Presença	RecordList	DataGrid	Z_00143_LIST_TREINAMENTO	LIST_TREINAMENTO		Nao	producao	2026-10-08
OrdemServico	LOCAL_ACIDENTE	Local do Acidente	RecordList	DataGrid	Z_00143_LOCAL_ACIDENTE	LOCAL_ACIDENTE		Nao	producao	2026-10-08
OrdemServico	LSITA_HML	Lista Homologação	RecordList	DataGrid	Z_00143_LSITA_HML	LSITA_HML		Nao	producao	2026-10-08
OrdemServico	MAIS_INFO	Mais Informações	RecordList	DataGrid	Z_00143_MAIS_INFO	MAIS_INFO		Nao	producao	2026-10-08
OrdemServico	MAIS_INFO2	Mais Informações	RecordList	DataGrid	Z_00143_MAIS_INFO2	MAIS_INFO2		Nao	producao	2026-10-08
OrdemServico	MAIS_INFO3	Mais Informações	RecordList	DataGrid	Z_00143_MAIS_INFO3	MAIS_INFO3		Nao	producao	2026-10-08
OrdemServico	MANUPREV_OUTROS1	Outros Serviços	RecordList	DataGrid	Z_00143_MANUPREV_OUTROS1	MANUPREV_OUTROS1		Nao	producao	2026-10-08
OrdemServico	MANUTENCAO_PREV1	Serviços de Manutenção	RecordList	DataGrid	Z_00143_MANUTENCAO_PREV1	MANUTENCAO_PREV1		Nao	producao	2026-10-08
OrdemServico	MANUTENCAO_PREV2	Serviços de Manutenção	RecordList	DataGrid	Z_00143_MANUTENCAO_PREV2	MANUTENCAO_PREV2		Nao	producao	2026-10-08
OrdemServico	MATERIAL_SOL	Material	RecordList	DataGrid	Z_00143_MATERIAL_SOL	MATERIAL_SOL	1000	Nao	producao	2026-10-08
OrdemServico	MEIO_TRANSPORTE_VT	Meio de Transporte	RecordList	DataGrid	Z_00143_MEIO_TRANSPORTE_VT	MEIO_TRANSPORTE_VT		Nao	producao	2026-10-08
OrdemServico	NF_SGPS	Nota fiscal SGPS	RecordList	DataGrid	Z_00143_NF_SGPS	NF_SGPS		Nao	producao	2026-10-08
OrdemServico	NN_DATA_ENVIO_PRECO	Data de envio do preço de referência	RecordList	DataGrid	Z_00143_NN_DATA_ENVIO_PRECO	NN_DATA_ENVIO_PRECO		Nao	producao	2026-10-08
OrdemServico	NN_DATA_ENVIO_PROPOSTA	Data de envio da proposta	RecordList	DataGrid	Z_00143_NN_DATA_ENVIO_PROPOSTA	NN_DATA_ENVIO_PROPOSTA		Nao	producao	2026-10-08
OrdemServico	NN_DATA_REPROG	Data de Reprogramaçãoo	RecordList	DataGrid	Z_00143_NN_DATA_REPROG	NN_DATA_REPROG		Nao	producao	2026-10-08
OrdemServico	NN_FATURAMENTO_FOR	Qual o local de faturamento do fornecedor?	RecordList	DataGrid	Z_00143_NN_FATURAMENTO_FOR	NN_FATURAMENTO_FOR		Nao	producao	2026-10-08
OrdemServico	NN_LISTA_FORNECEDORES	Proposta de fornecedores	RecordList	DataGrid	Z_00143_NN_LISTA_FORNECEDORES	NN_LISTA_FORNECEDORES		Nao	producao	2026-10-08
OrdemServico	NN_LISTA_OBS	Observações	RecordList	DataGrid	Z_00143_NN_LISTA_OBS	NN_LISTA_OBS		Nao	producao	2026-10-08
OrdemServico	NN_LISTA_RISCOS	Riscos Mapeados	RecordList	DataGrid	Z_00143_NN_LISTA_RISCOS	NN_LISTA_RISCOS		Nao	producao	2026-10-08
OrdemServico	NN_LISTA_SCR	Lista de SCR	RecordList	DataGrid	Z_00143_NN_LISTA_SCR	NN_LISTA_SCR		Nao	producao	2026-10-08
OrdemServico	NN_LISTA_SERVICO	Lista de negócios	RecordList	DataGrid	Z_00143_NN_LISTA_SERVICO	NN_LISTA_SERVICO		Nao	producao	2026-10-08
OrdemServico	NN_LOCAL_SUPORTE	Local onde será prestado o suporte?	RecordList	DataGrid	Z_00143_NN_LOCAL_SUPORTE	NN_LOCAL_SUPORTE		Nao	producao	2026-10-08
OrdemServico	NOMEEEMAIL	NOMEEEMAIL	RecordList	DataGrid	Z_00143_NOMEEEMAIL	NOMEEEMAIL		Nao	producao	2026-10-08
OrdemServico	NOMESFOLHAPONTO	Lista de Nomes	RecordList	DataGrid	Z_00143_NOMESFOLHAPONTO	NOMESFOLHAPONTO		Nao	producao	2026-10-08
OrdemServico	NOME_REDE	Servidor	List	DropDownList	Z_00143_NOME_REDE	ID_ITEM		Nao	producao	2026-10-08
OrdemServico	NOTA_FISCAL_GRID	Nota Fiscal	RecordList	DataGrid	Z_00143_NOTA_FISCAL_GRID	NOTA_FISCAL_GRID		Nao	producao	2026-10-08
OrdemServico	NUMERO	Número da Caixa	RecordList	DataGrid	Z_00143_NUMERO	NUMERO		Nao	producao	2026-10-08
OrdemServico	NUMERODEPATRIMONIOESERIE	Cadastrar Número de Patrimônio e Série	RecordList	DataGrid	Z_00143_NUMERODEPATRIMONIOESERIE	NUMERODEPATRIMONIOESERIE		Nao	producao	2026-10-08
OrdemServico	NUM_NOTIFICACAO	Número(s) da(s) Notificação(ões)	RecordList	DataGrid	Z_00143_NUM_NOTIFICACAO	NUM_NOTIFICACAO		Nao	producao	2026-10-08
OrdemServico	OBJETIVOS_COMERCIAIS	Objetivos Comerciais	RecordList	DataGrid	Z_00143_OBJETIVOS_COMERCIAIS	OBJETIVOS_COMERCIAIS		Nao	producao	2026-10-08
OrdemServico	OINT_COMPLEMENTACOES	Complementação da Manifestação	RecordList	DataGrid	Z_00143_OINT_COMPLEMENTACOES	OINT_COMPLEMENTACOES		Nao	producao	2026-10-08
OrdemServico	OINT_LISTA_PESSOAS	Listagem de Pessoas	List	DropDownList	Z_00143_OINT_LISTA_PESSOAS	ID_PESSOA		Nao	producao	2026-10-08
OrdemServico	OINT_PRORROGACOES	Prorrogações	RecordList	DataGrid	Z_00143_OINT_PRORROGACOES	OINT_PRORROGACOES		Nao	producao	2026-10-08
OrdemServico	OINT_REVISOES	Revisões da Denúncia	RecordList	DataGrid	Z_00143_OINT_REVISOES	OINT_REVISOES		Nao	producao	2026-10-08
OrdemServico	ORCAMENTO	Remanejamento Origem e Destino	RecordList	DataGrid	Z_00143_ORCAMENTO	ORCAMENTO		Nao	producao	2026-10-08
OrdemServico	ORDEMVENDA	Ordens de Venda	RecordList	DataGrid	Z_00143_ORDEMVENDA	ORDEMVENDA		Nao	producao	2026-10-08
OrdemServico	ORIGEM_PRODUTO	Qual a origem da aquisição/local de faturamento do PRODUTO do fornecedor?	RecordList	DataGrid	Z_00143_ORIGEM_PRODUTO	ORIGEM_PRODUTO		Nao	producao	2026-10-08
OrdemServico	ORIGEM_SERVICO	Qual a origem da aquisição/local de faturamento do SERVIÇO do fornecedor?	RecordList	DataGrid	Z_00143_ORIGEM_SERVICO	ORIGEM_SERVICO		Nao	producao	2026-10-08
OrdemServico	PAGAMENTO_A_TERCEIROS	Pagamento a Terceiros	RecordList	DataGrid	Z_00143_PAGAMENTO_A_TERCEIROS	PAGAMENTO_A_TERCEIROS		Nao	producao	2026-10-08
OrdemServico	PAGAMENTO_A_TERCEIROS_PENDENTES	Pagamentos Pendentes Devolvidos para correção	RecordList	DataGrid	Z_00143_PAGAMENTO_A_TERCEIROS_PENDENTES	PAGAMENTO_A_TERCEIROS_PENDENTES		Nao	producao	2026-10-08
OrdemServico	PAG_IUVP_LOTE	Pag. IUVP Lote	RecordList	DataGrid	Z_00143_PAG_IUVP_LOTE	PAG_IUVP_LOTE		Nao	producao	2026-10-08
OrdemServico	PAHL_LOCACOES_CARRO	Locações de Carro	RecordList	DataGrid	Z_00143_PAHL_LOCACOES_CARRO	PAHL_LOCACOES_CARRO		Nao	producao	2026-10-08
OrdemServico	PAHL_LOCACOES_CARRO_A	Locações de Carro	RecordList	DataGrid	Z_00143_PAHL_LOCACOES_CARRO_A	PAHL_LOCACOES_CARRO_A		Nao	producao	2026-10-08
OrdemServico	PAH_LOCALIZADORES	Localizador Aereo	RecordList	DataGrid	Z_00143_PAH_LOCALIZADORES	PAH_LOCALIZADORES		Nao	producao	2026-10-08
OrdemServico	PAH_LOCALIZADORES_A	Localizador Aereo	RecordList	DataGrid	Z_00143_PAH_LOCALIZADORES_A	PAH_LOCALIZADORES_A		Nao	producao	2026-10-08
OrdemServico	PCCS_ATUAL	PCCS Atual	RecordList	DataGrid	Z_00143_PCCS_ATUAL	PCCS_ATUAL		Nao	producao	2026-10-08
OrdemServico	PCCS_MIGRA	PCCS Migração	RecordList	DataGrid	Z_00143_PCCS_MIGRA	PCCS_MIGRA		Nao	producao	2026-10-08
OrdemServico	PCCS_TMP	PCCS Temporário	RecordList	DataGrid	Z_00143_PCCS_TMP	PCCS_TMP		Nao	producao	2026-10-08
OrdemServico	PCMSO_ATESTADOS	Atestados	RecordList	DataGrid	Z_00143_PCMSO_ATESTADOS	PCMSO_ATESTADOS		Nao	producao	2026-10-08
OrdemServico	PDCI_2019	Adesões dos lotados em dependências com excesso	RecordList	DataGrid	Z_00143_PDCI_2019	PDCI_2019		Nao	producao	2026-10-08
OrdemServico	PDCI_20ANOS	Adesões com mais de 20 anos de empresa	RecordList	DataGrid	Z_00143_PDCI_20ANOS	PDCI_20ANOS		Nao	producao	2026-10-08
OrdemServico	PDCI_55ANOS	Adesões com mais de 55 anos de idade	RecordList	DataGrid	Z_00143_PDCI_55ANOS	PDCI_55ANOS		Nao	producao	2026-10-08
OrdemServico	PDPEP_GECOR	PDPEP GECOR	RecordList	DataGrid	Z_00143_PDPEP_GECOR	PDPEP_GECOR		Nao	producao	2026-10-08
OrdemServico	PENF_PEDIDOS	PENF (FQ1315-001)	RecordList	DataGrid	Z_00143_PENF_PEDIDOS	PENF_PEDIDOS		Nao	producao	2026-10-08
OrdemServico	PENF_PRODUTOS	Produtos	RecordList	DataGrid	Z_00143_PENF_PRODUTOS	PENF_PRODUTOS		Nao	producao	2026-10-08
OrdemServico	PENF_PROD_LANC	Produtos	RecordList	DataGrid	Z_00143_PENF_PROD_LANC	PENF_PROD_LANC		Nao	producao	2026-10-08
OrdemServico	PERCENTUAL_CONFORMIDADE	VERIFICACAO_DA_AMOSTRA	RecordList	DataGrid	Z_00143_PERCENTUAL_CONFORMIDADE	PERCENTUAL_CONFORMIDADE		Nao	producao	2026-10-08
OrdemServico	PESQUISA_MERCADO	Pesquisa de Mercado	RecordList	DataGrid	Z_00143_PESQUISA_MERCADO	PESQUISA_MERCADO		Nao	producao	2026-10-08
OrdemServico	PESQUISA_MERCADO1	Pesquisa de Mercado	RecordList	DataGrid	Z_00143_PESQUISA_MERCADO1	PESQUISA_MERCADO1		Nao	producao	2026-10-08
OrdemServico	PESQUISA_MERCADO2	Pesquisa de Mercado	RecordList	DataGrid	Z_00143_PESQUISA_MERCADO2	PESQUISA_MERCADO2		Nao	producao	2026-10-08
OrdemServico	PESQUISA_MERCADO3	Pesquisa de Mercado	RecordList	DataGrid	Z_00143_PESQUISA_MERCADO3	PESQUISA_MERCADO3		Nao	producao	2026-10-08
OrdemServico	PESQUISA_MERCADO4	Pesquisa de Mercado	RecordList	DataGrid	Z_00143_PESQUISA_MERCADO4	PESQUISA_MERCADO4		Nao	producao	2026-10-08
OrdemServico	PESQUISA_MERCADO5	Pesquisa de Mercado	RecordList	DataGrid	Z_00143_PESQUISA_MERCADO5	PESQUISA_MERCADO5		Nao	producao	2026-10-08
OrdemServico	PESQUISA_MERCADO6	Pesquisa de Mercado	RecordList	DataGrid	Z_00143_PESQUISA_MERCADO6	PESQUISA_MERCADO6		Nao	producao	2026-10-08
OrdemServico	PESQUISA_MERCADO_5	Pesquisa de Mercado	RecordList	DataGrid	Z_00143_PESQUISA_MERCADO_5	PESQUISA_MERCADO_5		Nao	producao	2026-10-08
OrdemServico	PESQUISA_MERCADO_LOTE	Pesquisa de Mercado por Lote	RecordList	DataGrid	Z_00143_PESQUISA_MERCADO_LOTE	PESQUISA_MERCADO_LOTE		Nao	producao	2026-10-08
OrdemServico	PLANEJAMENTO_CEAS	Planejamento	RecordList	DataGrid	Z_00143_PLANEJAMENTO_CEAS	PLANEJAMENTO_CEAS		Nao	producao	2026-10-08
OrdemServico	POSTO_DE_SERVICO_SGPS	Posto de Serviço	RecordList	DataGrid	Z_00143_POSTO_DE_SERVICO_SGPS	POSTO_DE_SERVICO_SGPS		Nao	producao	2026-10-08
OrdemServico	POSTO_SERVICO	Acionamento Posto de Serviço	RecordList	DataGrid	Z_00143_POSTO_SERVICO	POSTO_SERVICO		Nao	producao	2026-10-08
OrdemServico	PRAZO_REPROGRAMADO	Prazo reprogramado	RecordList	DataGrid	Z_00143_PRAZO_REPROGRAMADO	PRAZO_REPROGRAMADO		Nao	producao	2026-10-08
OrdemServico	PRECIF_CRONOGRAMA	Cronograma da Precificação	RecordList	DataGrid	Z_00143_PRECIF_CRONOGRAMA	PRECIF_CRONOGRAMA		Nao	producao	2026-10-08
OrdemServico	PREPOSTO_BBTS	Preposto BBTS	RecordList	DataGrid	Z_00143_PREPOSTO_BBTS	PREPOSTO_BBTS		Nao	producao	2026-10-08
OrdemServico	PREPOSTO_CONTRATO_CLIENTE	Preposto Contrato Cliente	RecordList	DataGrid	Z_00143_PREPOSTO_CONTRATO_CLIENTE	PREPOSTO_CONTRATO_CLIENTE		Nao	producao	2026-10-08
OrdemServico	PROGRAMA_VALOR	Programa Valor	RecordList	DataGrid	Z_00143_PROGRAMA_VALOR	PROGRAMA_VALOR		Nao	producao	2026-10-08
OrdemServico	PROVISIONAR_SGPS_LISTA	Provisionamento	RecordList	DataGrid	Z_00143_PROVISIONAR_SGPS_LISTA	PROVISIONAR_SGPS_LISTA		Nao	producao	2026-10-08
OrdemServico	PSRV_BASE	PSRV_BASE	RecordList	DataGrid	Z_00143_PSRV_BASE	PSRV_BASE		Nao	producao	2026-10-08
OrdemServico	PS_LISTA_AREAS	Área	RecordList	DataGrid	Z_00143_PS_LISTA_AREAS	PS_LISTA_AREAS		Nao	producao	2026-10-08
OrdemServico	PS_LISTA_CERTIFICACOES	Certificações	RecordList	DataGrid	Z_00143_PS_LISTA_CERTIFICACOES	PS_LISTA_CERTIFICACOES		Nao	producao	2026-10-08
OrdemServico	PS_LISTA_CONSELHOPROF	Conselho Profissional	RecordList	DataGrid	Z_00143_PS_LISTA_CONSELHOPROF	PS_LISTA_CONSELHOPROF		Nao	producao	2026-10-08
OrdemServico	PS_LISTA_CURSOSUNIBBTS	Cursos Portal UniBBTS/Alura	RecordList	DataGrid	Z_00143_PS_LISTA_CURSOSUNIBBTS	PS_LISTA_CURSOSUNIBBTS		Nao	producao	2026-10-08
OrdemServico	PS_LISTA_FUNCAOEXEC	Função exercida	RecordList	DataGrid	Z_00143_PS_LISTA_FUNCAOEXEC	PS_LISTA_FUNCAOEXEC		Nao	producao	2026-10-08
OrdemServico	PS_LISTA_GRADUACAO	Graduação	RecordList	DataGrid	Z_00143_PS_LISTA_GRADUACAO	PS_LISTA_GRADUACAO		Nao	producao	2026-10-08
OrdemServico	PS_LISTA_POSGRADU	Pós-Graduação	RecordList	DataGrid	Z_00143_PS_LISTA_POSGRADU	PS_LISTA_POSGRADU		Nao	producao	2026-10-08
OrdemServico	PS_LISTA_TEMPOEMP	Tempo de empresa	RecordList	DataGrid	Z_00143_PS_LISTA_TEMPOEMP	PS_LISTA_TEMPOEMP		Nao	producao	2026-10-08
OrdemServico	PVALOR_GESAP	Programa Valor Gesap	RecordList	DataGrid	Z_00143_PVALOR_GESAP	PVALOR_GESAP		Nao	producao	2026-10-08
OrdemServico	REEMBOLSO_PROTETOR_SOLAR	Reembolso protetor solar	RecordList	DataGrid	Z_00143_REEMBOLSO_PROTETOR_SOLAR	REEMBOLSO_PROTETOR_SOLAR		Nao	producao	2026-10-08
OrdemServico	REGISTRO_DE_PRECOS_ARP	Registro de Preços	RecordList	DataGrid	Z_00143_REGISTRO_DE_PRECOS_ARP	REGISTRO_DE_PRECOS_ARP		Nao	producao	2026-10-08
OrdemServico	RELACAO_DE_ITENS	Relação de itens	RecordList	DataGrid	Z_00143_RELACAO_DE_ITENS	RELACAO_DE_ITENS		Nao	producao	2026-10-08
OrdemServico	RELACAO_DE_ITENS_CONFERE	Relação de itens Confere	RecordList	DataGrid	Z_00143_RELACAO_DE_ITENS_CONFERE	RELACAO_DE_ITENS_CONFERE		Nao	producao	2026-10-08
OrdemServico	RELACAO_DE_ITENS_DE_RC_CSV	Relação de Itens RC	RecordList	DataGrid	Z_00143_RELACAO_DE_ITENS_DE_RC_CSV	RELACAO_DE_ITENS_DE_RC_CSV		Nao	producao	2026-10-08
OrdemServico	RELACAO_LOCOM	Relação de Locomoção	RecordList	DataGrid	Z_00143_RELACAO_LOCOM	RELACAO_LOCOM		Nao	producao	2026-10-08
OrdemServico	REMETENTE_MALOTE	Remetente	RecordList	DataGrid	Z_00143_REMETENTE_MALOTE	REMETENTE_MALOTE		Nao	producao	2026-10-08
OrdemServico	RESERVA_DE_VOO	Informações para Reserva de Voo	RecordList	DataGrid	Z_00143_RESERVA_DE_VOO	RESERVA_DE_VOO		Nao	producao	2026-10-08
OrdemServico	RESERVA_DE_VOO_A	Alterações Reserva de Voo	RecordList	DataGrid	Z_00143_RESERVA_DE_VOO_A	RESERVA_DE_VOO_A		Nao	producao	2026-10-08
OrdemServico	RESERVA_DE_VOO_C	Cancelamentos Reserva de Voo	RecordList	DataGrid	Z_00143_RESERVA_DE_VOO_C	RESERVA_DE_VOO_C		Nao	producao	2026-10-08
OrdemServico	RESERVA_DE_VOO_INTERNACIONAL	Informações para Reserva de Voo Internacional	RecordList	DataGrid	Z_00143_RESERVA_DE_VOO_INTERNACIONAL	RESERVA_DE_VOO_INTERNACIONAL		Nao	producao	2026-10-08
OrdemServico	RESPONSABILIDADE_ERP	Nome da Responsabilidade no ERP	RecordList	DataGrid	Z_00143_RESPONSABILIDADE_ERP	RESPONSABILIDADE_ERP		Nao	producao	2026-10-08
OrdemServico	RESPONSA_PEOPLE	Responsabilidade People	RecordList	DataGrid	Z_00143_RESPONSA_PEOPLE	RESPONSA_PEOPLE		Nao	producao	2026-10-08
OrdemServico	RESPOSTA_PRE_NOTIFICACAO_FQ412_042	Resposta Pre Notificação FQ412-042	RecordList	DataGrid	Z_00143_RESPOSTA_PRE_NOTIFICACAO_FQ412_042	RESPOSTA_PRE_NOTIFICACAO_FQ412_042		Nao	producao	2026-10-08
OrdemServico	RESSARCIMENTO_MULTA_LOTE	Ressarcimento de Multa	RecordList	DataGrid	Z_00143_RESSARCIMENTO_MULTA_LOTE	RESSARCIMENTO_MULTA_LOTE		Nao	producao	2026-10-08
OrdemServico	RESULTADO_INVENTARIO	Resultado do Inventário:	RecordList	DataGrid	Z_00143_RESULTADO_INVENTARIO	RESULTADO_INVENTARIO		Nao	producao	2026-10-08
OrdemServico	RESULTADO_INVENTARIO2	Resultado do Inventário:	RecordList	DataGrid	Z_00143_RESULTADO_INVENTARIO2	RESULTADO_INVENTARIO2		Nao	producao	2026-10-08
OrdemServico	RETENCOES_DE_IMPOSTOS	Retenções de Impostos	RecordList	DataGrid	Z_00143_RETENCOES_DE_IMPOSTOS	RETENCOES_DE_IMPOSTOS		Nao	producao	2026-10-08
OrdemServico	SAIDAFERIAS	Período a serem lançados no sistema:	RecordList	DataGrid	Z_00143_SAIDAFERIAS	SAIDAFERIAS		Nao	producao	2026-10-08
OrdemServico	SALDO_NOTA_TECNICA	Descritivo do Saldo da Nota Técnica	RecordList	DataGrid	Z_00143_SALDO_NOTA_TECNICA	SALDO_NOTA_TECNICA		Nao	producao	2026-10-08
OrdemServico	SELECAPROV	Seleção dos aprovadores	RecordList	DataGrid	Z_00143_SELECAPROV	SELECAPROV	500	Nao	producao	2026-10-08
OrdemServico	SERVICOS_CREDENCIAMENTO_GESAP_2	Serviços de Credenciamento Gesap	RecordList	DataGrid	Z_00143_SERVICOS_CREDENCIAMENTO_GESAP_2	SERVICOS_CREDENCIAMENTO_GESAP_2		Nao	producao	2026-10-08
OrdemServico	SERVICOS_REEMBOLSAVEIS_AUX_FUNERAL	Serviços/Produtos Reembolsáveis	RecordList	DataGrid	Z_00143_SERVICOS_REEMBOLSAVEIS_AUX_FUNERAL	SERVICOS_REEMBOLSAVEIS_AUX_FUNERAL		Nao	producao	2026-10-08
OrdemServico	SERVICOS_REEMBOLSAVEIS_AUX_FUNERAL2	Serviços/Produtos Reembolsáveis	RecordList	DataGrid	Z_00143_SERVICOS_REEMBOLSAVEIS_AUX_FUNERAL2	SERVICOS_REEMBOLSAVEIS_AUX_FUNERAL2		Nao	producao	2026-10-08
OrdemServico	SOLUC_SUPRAVIZIO	Solucionador Supravizio	RecordList	DataGrid	Z_00143_SOLUC_SUPRAVIZIO	SOLUC_SUPRAVIZIO		Nao	producao	2026-10-08
OrdemServico	STATUSDEPEND	Status da Dependência	RecordList	DataGrid	Z_00143_STATUSDEPEND	STATUSDEPEND		Nao	producao	2026-10-08
OrdemServico	TABELA_VALORES_PLANO	Tabela de Valores Vigentes	RecordList	DataGrid	Z_00143_TABELA_VALORES_PLANO	TABELA_VALORES_PLANO		Nao	producao	2026-10-08
OrdemServico	TE_PARTICIPANTES	Participantes	RecordList	DataGrid	Z_00143_TE_PARTICIPANTES	TE_PARTICIPANTES		Nao	producao	2026-10-08
OrdemServico	TIPO_IMOVEL_PREFERENCIAL	Tipo de Imóvel Preferencia	RecordList	DataGrid	Z_00143_TIPO_IMOVEL_PREFERENCIAL	TIPO_IMOVEL_PREFERENCIAL		Nao	producao	2026-10-08
OrdemServico	TOMADOR	TOMADOR	RecordList	DataGrid	Z_00143_TOMADOR	TOMADOR		Nao	producao	2026-10-08
OrdemServico	TRANSACAO_ERP	TRANSACAO_ERP	RecordList	DataGrid	Z_00143_TRANSACAO_ERP	TRANSACAO_ERP		Nao	producao	2026-10-08
OrdemServico	UNIFORMES_EPI	Uniforme	RecordList	DataGrid	Z_00143_UNIFORMES_EPI	UNIFORMES_EPI		Nao	producao	2026-10-08
OrdemServico	UNIFORMES_EPI_LOTE	Uniformes em lote	RecordList	DataGrid	Z_00143_UNIFORMES_EPI_LOTE	UNIFORMES_EPI_LOTE		Nao	producao	2026-10-08
OrdemServico	UOR	UOR	RecordList	DataGrid	Z_00143_UOR	UOR		Nao	producao	2026-10-08
OrdemServico	UOR3	UOR	RecordList	DataGrid	Z_00143_UOR3	UOR3		Nao	producao	2026-10-08
OrdemServico	UOR_LOCAL_FATURAMENTO	UOR/LOCAL_FATURAMENTO	RecordList	DataGrid	Z_00143_UOR_LOCAL_FATURAMENTO	UOR_LOCAL_FATURAMENTO		Nao	producao	2026-10-08
OrdemServico	VALOR_DA_NF	Número(s) e Valor(es) da(s) Nota(s) Fiscal(is)	RecordList	DataGrid	Z_00143_VALOR_DA_NF	VALOR_DA_NF		Nao	producao	2026-10-08
OrdemServico	VALOR_DA_NOTA_FISCAL	Valor(es) da(s) Nota(s)	RecordList	DataGrid	Z_00143_VALOR_DA_NOTA_FISCAL	VALOR_DA_NOTA_FISCAL		Nao	producao	2026-10-08
OrdemServico	VALOR_REFERENCIAL	Valor Referencial	RecordList	DataGrid	Z_00143_VALOR_REFERENCIAL	VALOR_REFERENCIAL		Nao	producao	2026-10-08
OrdemServico	VALOR_REF_UNIT	Valor Referencial Unitário	RecordList	DataGrid	Z_00143_VALOR_REF_UNIT	VALOR_REF_UNIT		Nao	producao	2026-10-08
OrdemServico	VEICULO_LOCADO	Dados do Veículo Locado	RecordList	DataGrid	Z_00143_VEICULO_LOCADO	VEICULO_LOCADO		Nao	producao	2026-10-08
OrdemServico	FUNCIONARIOS_CHAVES	Grupo de funcionários da BBTS	RecordList	DataGrid	Z_00186_FUNCIONARIOS_CHAVES	FUNCIONARIOS_CHAVES		Nao	producao	2026-10-08
OrdemServico	FUNCIONARIOS_CONFECCAO	Grupo de funcionários da BBTS	RecordList	DataGrid	Z_00186_FUNCIONARIOS_CONFECCAO	FUNCIONARIOS_CONFECCAO		Nao	producao	2026-10-08
OrdemServico	GRUPO_FUNCIONARIOS	Grupo de funcionários da BBTS	RecordList	DataGrid	Z_00186_GRUPO_FUNCIONARIOS	GRUPO_FUNCIONARIOS		Nao	producao	2026-10-08
OrdemServico	GRUPO_USUARIO	Grupo de usuários	RecordList	DataGrid	Z_00186_GRUPO_USUARIO	GRUPO_USUARIO		Nao	producao	2026-10-08
OrdemServico	GRUPO_VISITANTE	Grupo de não funcionários da BBTS	RecordList	DataGrid	Z_00186_GRUPO_VISITANTE	GRUPO_VISITANTE		Nao	producao	2026-10-08
OrdemServico	ITENS_ATA	Item	RecordList	DataGrid	Z_00186_ITENS_ATA	ITENS_ATA		Nao	producao	2026-10-08
OrdemServico	PRJ_AG_NCAIXAS	Número(s) da(s) caixa(s)	RecordList	DataGrid	Z_00186_PRJ_AG_NCAIXAS	PRJ_AG_NCAIXAS		Nao	producao	2026-10-08
OrdemServico	PRJ_ALIQUOTA	Alíquota	RecordList	DataGrid	Z_00186_PRJ_ALIQUOTA	PRJ_ALIQUOTA		Nao	producao	2026-10-08
OrdemServico	PRJ_CODIGO_ITENS	Código dos Itens	RecordList	DataGrid	Z_00186_PRJ_CODIGO_ITENS	PRJ_CODIGO_ITENS		Nao	producao	2026-10-08
OrdemServico	PRJ_COD_EQUI_PERIF	Código de Equipamentos e/ou Periféricos	RecordList	DataGrid	Z_00186_PRJ_COD_EQUI_PERIF	PRJ_COD_EQUI_PERIF		Nao	producao	2026-10-08
OrdemServico	PRJ_FABRICANTE	Fabricante	RecordList	DataGrid	Z_00186_PRJ_FABRICANTE	PRJ_FABRICANTE		Nao	producao	2026-10-08
OrdemServico	PRJ_ID_ESTAB	Estabelecimento	RecordList	DataGrid	Z_00186_PRJ_ID_ESTAB	PRJ_ID_ESTAB		Nao	producao	2026-10-08
OrdemServico	PRJ_ITENS_ALT	Tipos de Itens Alternativos	RecordList	DataGrid	Z_00186_PRJ_ITENS_ALT	PRJ_ITENS_ALT		Nao	producao	2026-10-08
Servico	DIFERIVEL	Diferível	Boolean	CheckBox	CP_SERVICO	DIFERIVEL		Nao	producao	2026-10-08
Servico	SERVICO_EXTERNO	Serviço externo	Boolean	CheckBox	CP_SERVICO	SERVICO_EXTERNO		Nao	producao	2026-10-08
Servico	VERSAO	Versão do Software	String	TextBox	CP_SERVICO	VERSAO		Nao	producao	2026-10-08
Pessoa	CARGO_FUNCIONAL	Cargo Funcional	String	TextBox	CP_PESSOA	CARGO_FUNCIONAL	30	Nao	producao	2026-10-08
Pessoa	CPF	CPF	String	TextBox	CP_PESSOA	CPF	11	Nao	producao	2026-10-08
Pessoa	DATA_DE_ADMISSAO	Data de Admissão	DateTime	DatePicker	CP_PESSOA	DATA_DE_ADMISSAO		Nao	producao	2026-10-08
Pessoa	DATA_NASCIMENTO	Data de Nascimento	DateTime	DatePicker	CP_PESSOA	DATA_NASCIMENTO		Nao	producao	2026-10-08
Pessoa	DESC_CONTRATACAO	Descrição do Tipo de Contratação	String	TextBox	CP_PESSOA	DESC_CONTRATACAO	30	Nao	producao	2026-10-08
Pessoa	FUNCAO_GRATIFICADA	Função Gratificada	String	TextBox	CP_PESSOA	FUNCAO_GRATIFICADA	30	Nao	producao	2026-10-08
Pessoa	GESTOR_POSICAO	Gestor da Posição	String	TextBox	CP_PESSOA	GESTOR_POSICAO		Nao	producao	2026-10-08
Pessoa	MATRICULA	Matricula	String	TextBox	CP_PESSOA	MATRICULA	30	Nao	producao	2026-10-08
Pessoa	PERSON_ID	Person Id no ERP	String	TextBox	CP_PESSOA	PERSON_ID	10	Nao	producao	2026-10-08
Pessoa	SEXO	Sexo	String	TextBox	CP_PESSOA	SEXO		Nao	producao	2026-10-08
Pessoa	TIPO_CONTRATACAO	Tipo Contratação	String	TextBox	CP_PESSOA	TIPO_CONTRATACAO	1	Nao	producao	2026-10-08
