tabela	coluna	ordem	tipo	tamanho	nulo	ambiente	data
CAD_FUNCIONARIO_V	PERSON_ID	1	VARCHAR2	11	Y	producao	2026-10-08
CAD_FUNCIONARIO_V	ASSIGNMENT_ID	2	CHAR	1	Y	producao	2026-10-08
CAD_FUNCIONARIO_V	STATUS_MATRICULA	3	VARCHAR2	8	Y	producao	2026-10-08
CAD_FUNCIONARIO_V	MATRICULA	4	VARCHAR2	11	Y	producao	2026-10-08
CAD_FUNCIONARIO_V	NUM_EDITAL	5	VARCHAR2	254	Y	producao	2026-10-08
CAD_FUNCIONARIO_V	NOME	6	VARCHAR2	50	Y	producao	2026-10-08
CAD_FUNCIONARIO_V	TIPO_COLABORADOR	7	VARCHAR2	1	Y	producao	2026-10-08
CAD_FUNCIONARIO_V	DESC_COLABORADOR	8	VARCHAR2	30	Y	producao	2026-10-08
CAD_FUNCIONARIO_V	TIPO_SANGUE	9	VARCHAR2	3	Y	producao	2026-10-08
CAD_FUNCIONARIO_V	DATA_DE_ANIVERSARIO	10	DATE	7	Y	producao	2026-10-08
CAD_FUNCIONARIO_V	DATA_DE_ADMISSAO	11	DATE	7	Y	producao	2026-10-08
CAD_FUNCIONARIO_V	DATA_DE_DEMISSAO	12	DATE	7	Y	producao	2026-10-08
CAD_FUNCIONARIO_V	NACIONALIDADE	13	VARCHAR2	3	Y	producao	2026-10-08
CAD_FUNCIONARIO_V	SEXO	14	VARCHAR2	1	Y	producao	2026-10-08
CAD_FUNCIONARIO_V	ESTADO_CIVIL	15	VARCHAR2	30	Y	producao	2026-10-08
CAD_FUNCIONARIO_V	ENDERECO	16	VARCHAR2	55	Y	producao	2026-10-08
CAD_FUNCIONARIO_V	NUMERO	17	VARCHAR2	6	Y	producao	2026-10-08
CAD_FUNCIONARIO_V	COMPLEMENTO	18	VARCHAR2	55	Y	producao	2026-10-08
CAD_FUNCIONARIO_V	CEP	19	VARCHAR2	12	Y	producao	2026-10-08
CAD_FUNCIONARIO_V	BAIRRO	20	VARCHAR2	55	Y	producao	2026-10-08
CAD_FUNCIONARIO_V	CIDADE	21	VARCHAR2	30	Y	producao	2026-10-08
CAD_FUNCIONARIO_V	UF	22	VARCHAR2	6	Y	producao	2026-10-08
CAD_FUNCIONARIO_V	TELEFONE	23	VARCHAR2	128	Y	producao	2026-10-08
CAD_FUNCIONARIO_V	POSICAO	24	VARCHAR2	41	Y	producao	2026-10-08
CAD_FUNCIONARIO_V	GESTOR_POSICAO	25	VARCHAR2	11	Y	producao	2026-10-08
CAD_FUNCIONARIO_V	CARGO_FUNCIONAL	26	VARCHAR2	30	Y	producao	2026-10-08
CAD_FUNCIONARIO_V	LOCAL	27	VARCHAR2	30	Y	producao	2026-10-08
CAD_FUNCIONARIO_V	CARGO	28	VARCHAR2	37	Y	producao	2026-10-08
CAD_FUNCIONARIO_V	GRAU_CARGO	29	VARCHAR2	4	Y	producao	2026-10-08
CAD_FUNCIONARIO_V	GRAU_FUNCAO	30	VARCHAR2	4	Y	producao	2026-10-08
CAD_FUNCIONARIO_V	FUNCAO_GRATIFICADA	31	VARCHAR2	30	Y	producao	2026-10-08
CAD_FUNCIONARIO_V	INICIO_DATA_FUNCAO	32	DATE	7	Y	producao	2026-10-08
CAD_FUNCIONARIO_V	FIM_DATA_FUNCAO	33	DATE	7	Y	producao	2026-10-08
CAD_FUNCIONARIO_V	SUPERVISOR	34	VARCHAR2	50	Y	producao	2026-10-08
CAD_FUNCIONARIO_V	SUPERVISOR_ID	35	VARCHAR2	11	Y	producao	2026-10-08
CAD_FUNCIONARIO_V	DESEMPENHO	36	CHAR	1	Y	producao	2026-10-08
CAD_FUNCIONARIO_V	CLASSIFICACAO	37	CHAR	1	Y	producao	2026-10-08
CAD_FUNCIONARIO_V	PROPOSTA_SALARIAL	38	NUMBER	22	Y	producao	2026-10-08
CAD_FUNCIONARIO_V	DATA_ALTERACAO	39	CHAR	1	Y	producao	2026-10-08
CAD_FUNCIONARIO_V	MOTIVO	40	CHAR	1	Y	producao	2026-10-08
CAD_FUNCIONARIO_V	DATA_PROPOSTA_ANTERIOR	41	CHAR	1	Y	producao	2026-10-08
CAD_FUNCIONARIO_V	SALARIO_BASE	42	NUMBER	22	Y	producao	2026-10-08
CAD_FUNCIONARIO_V	SAL_CARACTER_PESSOAL	43	NUMBER	22	Y	producao	2026-10-08
CAD_FUNCIONARIO_V	GRATIFICACAO	44	NUMBER	22	Y	producao	2026-10-08
CAD_FUNCIONARIO_V	APROVADO	45	CHAR	1	Y	producao	2026-10-08
CAD_FUNCIONARIO_V	REFERENCIA	46	CHAR	1	Y	producao	2026-10-08
CAD_FUNCIONARIO_V	TIPO	47	CHAR	1	Y	producao	2026-10-08
CAD_FUNCIONARIO_V	STATUS	48	CHAR	1	Y	producao	2026-10-08
CAD_FUNCIONARIO_V	MOTIVO_DO_STATUS	49	CHAR	1	Y	producao	2026-10-08
CAD_FUNCIONARIO_V	STATUS_DOCUMENTO	50	CHAR	1	Y	producao	2026-10-08
CAD_FUNCIONARIO_V	CARGO_CONTRATUAL	51	CHAR	1	Y	producao	2026-10-08
CAD_FUNCIONARIO_V	ORGANIZACAO	52	VARCHAR2	43	Y	producao	2026-10-08
CAD_FUNCIONARIO_V	SIGLA	53	VARCHAR2	10	Y	producao	2026-10-08
CAD_FUNCIONARIO_V	HORA_NORMAL_INICIO	54	CHAR	1	Y	producao	2026-10-08
CAD_FUNCIONARIO_V	HORA_NORMAL_TERMINO	55	CHAR	1	Y	producao	2026-10-08
CAD_FUNCIONARIO_V	CPF	56	VARCHAR2	20	Y	producao	2026-10-08
CAD_FUNCIONARIO_V	IDENTIDADE	57	VARCHAR2	20	Y	producao	2026-10-08
CAD_FUNCIONARIO_V	ESTADO_IDENTIDADE	58	VARCHAR2	6	Y	producao	2026-10-08
CAD_FUNCIONARIO_V	ORGAO_IDENTIDADE	59	VARCHAR2	20	Y	producao	2026-10-08
CAD_FUNCIONARIO_V	CIDADE_NASCIMENTO	60	VARCHAR2	30	Y	producao	2026-10-08
CAD_FUNCIONARIO_V	PIS_PASEP	61	VARCHAR2	20	Y	producao	2026-10-08
CAD_FUNCIONARIO_V	CTPS	62	VARCHAR2	20	Y	producao	2026-10-08
CAD_FUNCIONARIO_V	CBO	63	VARCHAR2	7	Y	producao	2026-10-08
CAD_FUNCIONARIO_V	EMPRESA	64	VARCHAR2	12	Y	producao	2026-10-08
CAD_FUNCIONARIO_V	UNIDADE_NEGOCIO	65	VARCHAR2	30	Y	producao	2026-10-08
CAD_FUNCIONARIO_V	PREDIO	66	VARCHAR2	55	Y	producao	2026-10-08
CAD_FUNCIONARIO_V	LOCAL_ENDERECO	67	VARCHAR2	64	Y	producao	2026-10-08
CAD_FUNCIONARIO_V	LOCAL_CIDADE	68	VARCHAR2	30	Y	producao	2026-10-08
CAD_FUNCIONARIO_V	LOCAL_ESTADO	69	VARCHAR2	6	Y	producao	2026-10-08
CAD_FUNCIONARIO_V	LOCAL_PAIS	70	VARCHAR2	2	Y	producao	2026-10-08
CAD_FUNCIONARIO_V	NIVEL1	71	NUMBER	22	Y	producao	2026-10-08
CAD_FUNCIONARIO_V	ORG1	72	CHAR	1	Y	producao	2026-10-08
CAD_FUNCIONARIO_V	NUMERO_SUBCR_NIVEL1	73	VARCHAR2	10	Y	producao	2026-10-08
CAD_FUNCIONARIO_V	MATRICULA_SUP_NIVEL1	74	VARCHAR2	11	Y	producao	2026-10-08
CAD_FUNCIONARIO_V	DESCRICAO_SUBCR_NIVEL1	75	VARCHAR2	50	Y	producao	2026-10-08
CAD_FUNCIONARIO_V	NIVEL2	76	NUMBER	22	Y	producao	2026-10-08
CAD_FUNCIONARIO_V	ORG2	77	CHAR	1	Y	producao	2026-10-08
CAD_FUNCIONARIO_V	NUMERO_SUBCR_NIVEL2	78	VARCHAR2	10	Y	producao	2026-10-08
CAD_FUNCIONARIO_V	MATRICULA_SUP_NIVEL2	79	VARCHAR2	11	Y	producao	2026-10-08
CAD_FUNCIONARIO_V	DESCRICAO_SUBCR_NIVEL2	80	VARCHAR2	50	Y	producao	2026-10-08
CAD_FUNCIONARIO_V	NIVEL3	81	NUMBER	22	Y	producao	2026-10-08
CAD_FUNCIONARIO_V	ORG3	82	CHAR	1	Y	producao	2026-10-08
CAD_FUNCIONARIO_V	NUMERO_SUBCR_NIVEL3	83	VARCHAR2	10	Y	producao	2026-10-08
CAD_FUNCIONARIO_V	MATRICULA_SUP_NIVEL3	84	VARCHAR2	11	Y	producao	2026-10-08
CAD_FUNCIONARIO_V	DESCRICAO_SUBCR_NIVEL3	85	VARCHAR2	50	Y	producao	2026-10-08
CAD_FUNCIONARIO_V	NIVEL4	86	NUMBER	22	Y	producao	2026-10-08
CAD_FUNCIONARIO_V	ORG4	87	CHAR	1	Y	producao	2026-10-08
CAD_FUNCIONARIO_V	NUMERO_SUBCR_NIVEL4	88	VARCHAR2	10	Y	producao	2026-10-08
CAD_FUNCIONARIO_V	MATRICULA_SUP_NIVEL4	89	VARCHAR2	11	Y	producao	2026-10-08
CAD_FUNCIONARIO_V	DESCRICAO_SUBCR_NIVEL4	90	VARCHAR2	50	Y	producao	2026-10-08
CAD_FUNCIONARIO_V	NIVEL5	91	NUMBER	22	Y	producao	2026-10-08
CAD_FUNCIONARIO_V	ORG5	92	CHAR	1	Y	producao	2026-10-08
CAD_FUNCIONARIO_V	NUMERO_SUBCR_NIVEL5	93	VARCHAR2	10	Y	producao	2026-10-08
CAD_FUNCIONARIO_V	MATRICULA_SUP_NIVEL5	94	VARCHAR2	11	Y	producao	2026-10-08
CAD_FUNCIONARIO_V	DESCRICAO_SUBCR_NIVEL5	95	VARCHAR2	50	Y	producao	2026-10-08
CPE_CSC	ID_OCORRENCIA	1	NUMBER	22	N	producao	2026-10-08
CPE_CSC	PAH_VOUCHER_HOSPEDAGEM	2	NVARCHAR2	500	Y	producao	2026-10-08
CPE_CSC	PAH_TIPO_SOLICITACAO	3	NVARCHAR2	500	Y	producao	2026-10-08
CPE_CSC	CSC_OBS	4	NVARCHAR2	4000	Y	producao	2026-10-08
CPE_CSC	PAH_MOTIVO_SOL	5	NVARCHAR2	500	Y	producao	2026-10-08
CPE_CSC	PAH_EVENTO_HOTEL	6	NVARCHAR2	500	Y	producao	2026-10-08
CPE_CSC	PAH_DATA_ENTRADA	7	DATE	7	Y	producao	2026-10-08
CPE_CSC	PAH_DATA_SAIDA	8	DATE	7	Y	producao	2026-10-08
CPE_CSC	PAH_HOTEL_EVENTO	9	NVARCHAR2	500	Y	producao	2026-10-08
CPE_CSC	PAH_LOCALIZADOR_AEREO	10	NVARCHAR2	500	Y	producao	2026-10-08
CPE_CSC	CSC_DATA_INICIO	11	DATE	7	Y	producao	2026-10-08
CPE_CSC	CSC_DATA_FIM	12	DATE	7	Y	producao	2026-10-08
CPE_CSC	CSC_VALOR	13	NVARCHAR2	500	Y	producao	2026-10-08
CPE_CSC	CSC_QUANTIDADE	14	NVARCHAR2	500	Y	producao	2026-10-08
CPE_CSC	CSC_VALOR_TOTAL	15	NVARCHAR2	500	Y	producao	2026-10-08
CPE_CSC	CSC_OBS1	16	NVARCHAR2	4000	Y	producao	2026-10-08
CPE_CSC	CSC_NUM_SISLOC	17	NVARCHAR2	500	Y	producao	2026-10-08
CPE_CSC	CSC_OBS2	18	NVARCHAR2	4000	Y	producao	2026-10-08
CPE_CSC	CSC_DATA_ENVIO	19	DATE	7	Y	producao	2026-10-08
CPE_CSC	CSC_DATA_RECEBIMENTO	20	DATE	7	Y	producao	2026-10-08
CPE_CSC	CSC_VALOR1	21	NUMBER	22	Y	producao	2026-10-08
CPE_CSC	CSC_VALOR1_TOTAL	22	NUMBER	22	Y	producao	2026-10-08
CPE_CSC	CSC_NUMERO_OS	23	NVARCHAR2	500	Y	producao	2026-10-08
CPE_CSC	PAH_EVENTO_HOTEL_A	24	NVARCHAR2	500	Y	producao	2026-10-08
CPE_CSC	PAH_HOTEL_EVENTO_A	25	NVARCHAR2	500	Y	producao	2026-10-08
CPE_CSC	PAH_DATA_ENTRADA_A	26	DATE	7	Y	producao	2026-10-08
CPE_CSC	PAH_DATA_SAIDA_A	27	DATE	7	Y	producao	2026-10-08
CPE_CSC	PAH_TIPO_MOVIMENTO	28	NVARCHAR2	500	Y	producao	2026-10-08
CPE_CSC	PAH_VOUCHER_HOSPEDAGEM_A	29	NVARCHAR2	500	Y	producao	2026-10-08
CPE_CSC	CSC_DATA_INICIO_A	30	DATE	7	Y	producao	2026-10-08
CPE_CSC	CSC_DATA_FIM_A	31	DATE	7	Y	producao	2026-10-08
CPE_CSC	CSC_QUANTIDADE_A	32	NVARCHAR2	500	Y	producao	2026-10-08
CPE_CSC	CSC_VALOR1_TOTAL_A	33	NUMBER	22	Y	producao	2026-10-08
CPE_CSC	CSC_OBS1_A	34	NVARCHAR2	4000	Y	producao	2026-10-08
CPE_CSC	CSC_VALOR1_A	35	NUMBER	22	Y	producao	2026-10-08
CPE_CSC	CSC_NUM_SISLOC_A	36	NVARCHAR2	500	Y	producao	2026-10-08
CPE_CSC	CSC_DATA_ENVIO_A	37	DATE	7	Y	producao	2026-10-08
CPE_CSC	CSC_DATA_RECEBIMENTO_A	38	DATE	7	Y	producao	2026-10-08
CPE_CSC	CSC_OBS2_A	39	NVARCHAR2	4000	Y	producao	2026-10-08
CPE_CSC	CSC_NUMERO_OS_A	40	NVARCHAR2	500	Y	producao	2026-10-08
CPE_CSC	CSC_ORGANIZACAO	41	NVARCHAR2	500	Y	producao	2026-10-08
CPE_CSC	CSC_RI	42	NVARCHAR2	500	Y	producao	2026-10-08
CPE_CSC	CSC_FAVORECIDO	43	NVARCHAR2	500	Y	producao	2026-10-08
CPE_CSC	CSC_UOR	44	NVARCHAR2	500	Y	producao	2026-10-08
CPE_CSC	CSC_NOTA_FISCAL	45	NVARCHAR2	500	Y	producao	2026-10-08
CPE_CSC	CSC_FORNECEDOR	46	NVARCHAR2	500	Y	producao	2026-10-08
CPE_CSC	CSC_TIPO_NF	47	NVARCHAR2	500	Y	producao	2026-10-08
CPE_CSC	CSC_COMBOBOX	48	NVARCHAR2	500	Y	producao	2026-10-08
CPE_CSC	CSC_MATRICULA	49	NVARCHAR2	500	Y	producao	2026-10-08
CPE_CSC	CSC_CARGO_FUNCAO	50	NVARCHAR2	500	Y	producao	2026-10-08
CPE_CSC	CSC_ESTABELECIMENTO	51	NVARCHAR2	500	Y	producao	2026-10-08
CPE_CSC	CSC_NOVO_ESTABELECIMENTO	52	NVARCHAR2	500	Y	producao	2026-10-08
CPE_CSC	CSC_UF	53	NVARCHAR2	500	Y	producao	2026-10-08
CPE_CSC	CSC_ORCAMENTO_APROV	54	NVARCHAR2	500	Y	producao	2026-10-08
CPE_CSC	PAHL_PASSAGENS	55	NVARCHAR2	6	Y	producao	2026-10-08
CPE_CSC	PAHL_HOSPEDAGENS	56	NVARCHAR2	6	Y	producao	2026-10-08
CPE_CSC	PAHL_LOCACOES	57	NVARCHAR2	6	Y	producao	2026-10-08
CPE_CSC	PAHL_VOUCHER_CARRO	58	NVARCHAR2	500	Y	producao	2026-10-08
CPE_CSC	PAH_LOCACAO_CARRO_A	59	NVARCHAR2	6	Y	producao	2026-10-08
CPE_CSC	PAH_LOCACAO_CARRO	60	NVARCHAR2	6	Y	producao	2026-10-08
CPE_CSC	PAHL_VOUCHER_CARRO_A	61	NVARCHAR2	500	Y	producao	2026-10-08
CPE_CSC	CSC_VALOR2	62	NUMBER	22	Y	producao	2026-10-08
CPE_CSC	CSC_VALOR2_A	63	NUMBER	22	Y	producao	2026-10-08
CPE_CSC	TE_NOME_EMPREGADO	64	NVARCHAR2	500	Y	producao	2026-10-08
CPE_CSC	TE_MATRICULA	65	NVARCHAR2	500	Y	producao	2026-10-08
CPE_CSC	TE_CARGO	66	NVARCHAR2	500	Y	producao	2026-10-08
CPE_CSC	TE_FUNCAO	67	NVARCHAR2	500	Y	producao	2026-10-08
CPE_CSC	TE_CURSO	68	NVARCHAR2	500	Y	producao	2026-10-08
CPE_CSC	TE_DT_INICIO	69	DATE	7	Y	producao	2026-10-08
CPE_CSC	TE_DT_FIM	70	DATE	7	Y	producao	2026-10-08
CPE_CSC	TE_NOME_FORNECEDOR	71	NVARCHAR2	500	Y	producao	2026-10-08
CPE_CSC	TE_CNPJ_FORNECEDOR	72	NVARCHAR2	500	Y	producao	2026-10-08
CPE_CSC	TE_VALOR_REEMBOLSO	73	NUMBER	22	Y	producao	2026-10-08
CPE_CSC	TE_UOR	74	NVARCHAR2	500	Y	producao	2026-10-08
CPE_CSC	TE_INCONFORMIDADE	75	NVARCHAR2	4000	Y	producao	2026-10-08
CPE_CSC	TE_EM_CONFORMIDADE	76	NVARCHAR2	500	Y	producao	2026-10-08
CPE_CSC	TE_JUSTIFICATIVA	77	NVARCHAR2	4000	Y	producao	2026-10-08
CPE_CSC	PAHL_NUM_ARGO	78	NVARCHAR2	500	Y	producao	2026-10-08
CPE_CSC	TE_DIREX	79	NVARCHAR2	500	Y	producao	2026-10-08
CPE_CSC	TE_GEREX	80	NVARCHAR2	500	Y	producao	2026-10-08
CPE_CSC	TE_VALOR_CONTRATACAO	81	NUMBER	22	Y	producao	2026-10-08
CPE_CSC	TE_TIPO_TURMA	82	NVARCHAR2	500	Y	producao	2026-10-08
CPE_CSC	TE_MODALIDADE_CONTRATACAO	83	NVARCHAR2	500	Y	producao	2026-10-08
CPE_CSC	TE_CARGA_HORARIA	84	NVARCHAR2	500	Y	producao	2026-10-08
CPE_CSC	TE_HORARIO_REALIZA	85	NVARCHAR2	500	Y	producao	2026-10-08
CPE_CSC	TE_VALOR_UNITARIO	86	NUMBER	22	Y	producao	2026-10-08
CPE_CSC	TE_FORNECEDOR_CAD	87	NVARCHAR2	500	Y	producao	2026-10-08
CPE_CSC	TE_CURSO_UNIBBTS	88	NVARCHAR2	500	Y	producao	2026-10-08
CPE_CSC	TE_CURSO_UNIBBTS_REALIZA	89	NVARCHAR2	500	Y	producao	2026-10-08
CPE_CSC	TE_CONTEUDO_PROG	90	NVARCHAR2	4000	Y	producao	2026-10-08
CPE_CSC	TE_TERMO_CIENCIA_GESTOR	91	NVARCHAR2	500	Y	producao	2026-10-08
CPE_CSC	TE_TERMO_CIENCIA	92	NVARCHAR2	6	Y	producao	2026-10-08
CPE_CSC	TE_TERMO_CIENCIA_25DIAS_G	93	NVARCHAR2	500	Y	producao	2026-10-08
CPE_CSC	TE_PAGAMENTO	94	NVARCHAR2	500	Y	producao	2026-10-08
CPE_CSC	TE_ENDERECO_ENTREGA	95	NVARCHAR2	500	Y	producao	2026-10-08
CPE_CSC	TE_BAIRRO_ENTREGA	96	NVARCHAR2	500	Y	producao	2026-10-08
CPE_CSC	TE_MUNICIPIO_ENTREGA	97	NVARCHAR2	500	Y	producao	2026-10-08
CPE_CSC	TE_CEP_ENTREGA	98	NVARCHAR2	500	Y	producao	2026-10-08
CPE_CSC	TE_UF_ENTREGA	99	NVARCHAR2	500	Y	producao	2026-10-08
CPE_CSC	CSC_HORA_APONTAMENTO	100	NUMBER	22	Y	producao	2026-10-08
CPE_CSC	CSC_TRABALHADOR_TEMPORARIO	101	NVARCHAR2	500	Y	producao	2026-10-08
CPE_CSC	CSC_NOME_COMPLETO	102	NVARCHAR2	1000	Y	producao	2026-10-08
CPE_CSC	CSC_BANCO	103	NVARCHAR2	1000	Y	producao	2026-10-08
CPE_CSC	CSC_NUMERO_AGENCIA	104	NVARCHAR2	500	Y	producao	2026-10-08
CPE_CSC	CSC_DIGITO_AGENCIA	105	NVARCHAR2	500	Y	producao	2026-10-08
CPE_CSC	CSC_NOME_AGENCIA	106	NVARCHAR2	1000	Y	producao	2026-10-08
CPE_CSC	CSC_CONTA_CORRENTE	107	NVARCHAR2	500	Y	producao	2026-10-08
CPE_CSC	CSC_DIGITO_CONTA_CORRENTE	108	NVARCHAR2	500	Y	producao	2026-10-08
CPE_CSC	CSC_LOGRADOURO	109	NVARCHAR2	1000	Y	producao	2026-10-08
CPE_CSC	CSC_NUMERO	110	NVARCHAR2	200	Y	producao	2026-10-08
CPE_CSC	CSC_COMPLEMENTO	111	NVARCHAR2	1000	Y	producao	2026-10-08
CPE_CSC	CSC_BAIRRO	112	NVARCHAR2	1000	Y	producao	2026-10-08
CPE_CSC	CSC_CIDADE	113	NVARCHAR2	1000	Y	producao	2026-10-08
CPE_CSC	CSC_CEP	114	NVARCHAR2	500	Y	producao	2026-10-08
CPE_CSC	CSC_CPF	115	NVARCHAR2	500	Y	producao	2026-10-08
CPE_CSC	CSC_RG	116	NVARCHAR2	500	Y	producao	2026-10-08
CPE_CSC	CSC_DATA_EMISSOA	117	DATE	7	Y	producao	2026-10-08
CPE_CSC	CSC_ORGAO_EMISSOR	118	NVARCHAR2	400	Y	producao	2026-10-08
CPE_CSC	CSC_ESTADO_EMISSOR	119	NVARCHAR2	1000	Y	producao	2026-10-08
CPE_CSC	CSC_TELEFONE_CONTATO	120	NVARCHAR2	500	Y	producao	2026-10-08
CPE_CSC	CSC_DATA_NASCIMENTO	121	DATE	7	Y	producao	2026-10-08
CPE_CSC	CSC_UF_NASCIMENTO	122	NVARCHAR2	500	Y	producao	2026-10-08
CPE_CSC	CSC_CIDADE_NASCIMENTO	123	NVARCHAR2	1000	Y	producao	2026-10-08
CPE_CSC	CSC_ESTADO_CIVIL	124	NVARCHAR2	500	Y	producao	2026-10-08
CPE_CSC	CSC_EMAIL_PESSOAL	125	NVARCHAR2	1000	Y	producao	2026-10-08
CPE_CSC	CSC_ACESSO_REDE_EMAIL	126	NVARCHAR2	6	Y	producao	2026-10-08
CPE_CSC	CSC_ACESSO_VPN	127	NVARCHAR2	6	Y	producao	2026-10-08
CPE_CSC	CSC_ACESSO_SICON	128	NVARCHAR2	6	Y	producao	2026-10-08
CPE_CSC	CSC_ACESSO_SISBB	129	NVARCHAR2	6	Y	producao	2026-10-08
CPE_CSC	CSC_ACESSO_WIFI	130	NVARCHAR2	6	Y	producao	2026-10-08
CPE_CSC	CSC_ACESSO_TOA	131	NVARCHAR2	6	Y	producao	2026-10-08
CPE_CSC	CSC_ACESSO_ERP	132	NVARCHAR2	6	Y	producao	2026-10-08
CPE_CSC	CSC_UOR_LISTA	133	NVARCHAR2	1000	Y	producao	2026-10-08
CPE_CSC	CSC_CARGO_LISTA	134	NVARCHAR2	200	Y	producao	2026-10-08
CPE_CSC	CSC_LOCALIDADE_ATUACAO	135	NVARCHAR2	500	Y	producao	2026-10-08
CPE_CSC	CSC_EMPRESA	136	NVARCHAR2	1000	Y	producao	2026-10-08
CPE_CSC	CSC_DGCO	137	NVARCHAR2	500	Y	producao	2026-10-08
CPE_CSC	CSC_SEXO	138	NVARCHAR2	500	Y	producao	2026-10-08
CPE_CSC	OBSERVACAO	139	NVARCHAR2	4000	Y	producao	2026-10-08
CPE_CSC	INFORMATIVO_CESEC	140	NVARCHAR2	600	Y	producao	2026-10-08
CPE_CSC	TIPO_CONSULTA_LINHA_CHIP	141	NVARCHAR2	500	Y	producao	2026-10-08
CPE_CSC	OPERADORA_CONSULTA_LINHA_CHIP	142	NVARCHAR2	500	Y	producao	2026-10-08
CPE_CSC	NUMERO_TELEFONE	143	NVARCHAR2	500	Y	producao	2026-10-08
CPE_CSC	PROBLEMAS_LINHA_CHIP	144	NVARCHAR2	500	Y	producao	2026-10-08
CPE_CSC	TIPO_SOLICITACAO_TELEFONIA	145	NVARCHAR2	500	Y	producao	2026-10-08
CPE_CSC	GESTOR_DO_COLABORADOR	146	NVARCHAR2	500	Y	producao	2026-10-08
CPE_CSC	NOME_CONTRATO	147	NVARCHAR2	500	Y	producao	2026-10-08
CPE_CSC	OPERADORA_TELEFONIA	148	NVARCHAR2	500	Y	producao	2026-10-08
CPE_CSC	COMPETENCIA	149	NVARCHAR2	500	Y	producao	2026-10-08
CPE_CSC	RCC_TIPO_SOLICITACAO	150	NVARCHAR2	500	Y	producao	2026-10-08
CPE_CSC	DATA_DE_PAGAMENTO	151	DATE	7	Y	producao	2026-10-08
CPE_CSC	CSC_BANCO2	152	NVARCHAR2	500	Y	producao	2026-10-08
CPE_CSC	OBJETO_CONTRATO_RESUMIDO	153	NVARCHAR2	4000	Y	producao	2026-10-08
CPE_CSC	FUNDAMENTACAO	154	NVARCHAR2	500	Y	producao	2026-10-08
CPE_CSC	GERENCIA_NEGOCIO	155	NVARCHAR2	500	Y	producao	2026-10-08
CPE_CSC	RESPONSAVEL_PROCESSO	156	NVARCHAR2	500	Y	producao	2026-10-08
CPE_CSC	NUMERO_LINHA	157	NVARCHAR2	500	Y	producao	2026-10-08
CPE_CSC	SIM_NAO1	158	NVARCHAR2	500	Y	producao	2026-10-08
CPE_CSC	URL2	159	NVARCHAR2	500	Y	producao	2026-10-08
CPE_CSC	SIM_NAO2	160	NVARCHAR2	500	Y	producao	2026-10-08
CPE_CSC	URL3	161	NVARCHAR2	500	Y	producao	2026-10-08
CPE_CSC	RESPONSAVEL_INFORMACAO	162	NVARCHAR2	500	Y	producao	2026-10-08
CPE_CSC	INFORMAR_DOCUMENTO	163	NVARCHAR2	500	Y	producao	2026-10-08
CPE_CSC	TIPO_ATIVIDADE	164	NVARCHAR2	500	Y	producao	2026-10-08
CPE_CSC	CATEGORIA_DE_COMPRA	165	NVARCHAR2	500	Y	producao	2026-10-08
CPE_CSC	DIRETORIA_GERENCIA	166	NVARCHAR2	500	Y	producao	2026-10-08
CPE_CSC	SIM_NAO3	167	NVARCHAR2	500	Y	producao	2026-10-08
CPE_CSC	TERCEIRIZADOS_LISTA	168	NVARCHAR2	500	Y	producao	2026-10-08
CPE_CSC	NUMERO_RC	169	NVARCHAR2	500	Y	producao	2026-10-08
CPE_CSC	TIPO_OPERACAO	170	NVARCHAR2	500	Y	producao	2026-10-08
CPE_CSC	TIPO_CADASTRO_FORNECEDOR	171	NVARCHAR2	500	Y	producao	2026-10-08
CPE_CSC	TIPO_FORNECEDOR	172	NVARCHAR2	500	Y	producao	2026-10-08
CPE_CSC	MOTIVO_ATUAL_CADAS_FORN	173	NVARCHAR2	500	Y	producao	2026-10-08
CPE_CSC	FIM_LICENCA_MATERNIDADE	174	DATE	7	Y	producao	2026-10-08
CPE_CSC	INICIO_MATERNIDADE	175	DATE	7	Y	producao	2026-10-08
CPE_CSC	INICIO_LIC_MATERNIDADE_CID	176	DATE	7	Y	producao	2026-10-08
CPE_CSC	FINAL_LIC_MATERNIDADE_CID	177	DATE	7	Y	producao	2026-10-08
CPE_CSC	INIC_LIC_AMAMENTACAO	178	DATE	7	Y	producao	2026-10-08
CPE_CSC	FINAL_LIC_AMAMENTACAO	179	DATE	7	Y	producao	2026-10-08
CPE_CSC	DATA_RETORNO_LIC	180	DATE	7	Y	producao	2026-10-08
CPE_CSC	PEDIDO_ORDEM_DE_CLASSE	181	NVARCHAR2	500	Y	producao	2026-10-08
CPE_CSC	UOR_PAGADORA	182	NVARCHAR2	500	Y	producao	2026-10-08
CPE_CSC	VALOR_PAGAMENTO_RI	183	NVARCHAR2	500	Y	producao	2026-10-08
CPE_CSC	DATA_RI	184	DATE	7	Y	producao	2026-10-08
CPE_CSC	NUMERO_RI	185	NVARCHAR2	500	Y	producao	2026-10-08
CPE_CSC	BOLETO	186	NVARCHAR2	500	Y	producao	2026-10-08
CPE_CSC	CADATRO_ATUALIZACAO	187	NVARCHAR2	500	Y	producao	2026-10-08
CPE_CSC	RG	188	NVARCHAR2	500	Y	producao	2026-10-08
CPE_CSC	PUBLICAMENTE_EXPOSTO	189	NVARCHAR2	500	Y	producao	2026-10-08
CPE_CSC	PORCENTAGEM_PREVIDENCIAL	190	NUMBER	22	Y	producao	2026-10-08
CPE_CSC	REGIME_TRIBU	191	NVARCHAR2	500	Y	producao	2026-10-08
CPE_CSC	TIPO_SOLICITACAO_OC	192	NVARCHAR2	500	Y	producao	2026-10-08
CPE_CSC	TIPO_OC_CSC	193	NVARCHAR2	500	Y	producao	2026-10-08
CPE_CSC	ASSUNTOMEMORANDO	194	NVARCHAR2	500	Y	producao	2026-10-08
CPE_CSC	OUTROS_ASSUNTOS	195	NVARCHAR2	500	Y	producao	2026-10-08
CPE_CSC	CCMEMORANDO	196	NVARCHAR2	500	Y	producao	2026-10-08
CPE_CSC	DATA_MEMORANDO	197	DATE	7	Y	producao	2026-10-08
CPE_CSC	REF_MEMORANDO	198	NVARCHAR2	500	Y	producao	2026-10-08
CPE_CSC	PROCESSO_MEMORANDO	199	NVARCHAR2	500	Y	producao	2026-10-08
CPE_CSC	RECLAMANTE_MEMORANDO	200	NVARCHAR2	500	Y	producao	2026-10-08
CPE_CSC	RECLAMADAS_MEMORANDO	201	NVARCHAR2	500	Y	producao	2026-10-08
CPE_CSC	VALOR_TOTAL_GUIAS	202	NUMBER	22	Y	producao	2026-10-08
CPE_CSC	NUMEROMEMORANDO	203	NUMBER	22	Y	producao	2026-10-08
CPE_CSC	ANO_NUMERO_MEMORANDO	204	NVARCHAR2	500	Y	producao	2026-10-08
CPE_CSC	MESANOREF	205	NVARCHAR2	500	Y	producao	2026-10-08
CPE_CSC	VINCULO_AUX_FUNERAL	206	NVARCHAR2	500	Y	producao	2026-10-08
CPE_CSC	NOME_BENEFICIARIO	207	NVARCHAR2	500	Y	producao	2026-10-08
CPE_CSC	VINCULO_AUX_FUNERAL_BENEFICIARIO	208	NVARCHAR2	500	Y	producao	2026-10-08
CPE_CSC	DATA_SUGESTAO_PAGAMENTO	209	DATE	7	Y	producao	2026-10-08
CPE_CSC	JURIDICA_FISICA	210	NVARCHAR2	500	Y	producao	2026-10-08
CPE_CSC	NUMERO_PIS	211	NVARCHAR2	500	Y	producao	2026-10-08
CPE_CSC	EMISSAO_PIS_PASEP	212	DATE	7	Y	producao	2026-10-08
CPE_CSC	TIPO_SANGUINEO	213	NVARCHAR2	500	Y	producao	2026-10-08
CPE_CSC	OBJETO_CONTRATO	214	NVARCHAR2	3998	Y	producao	2026-10-08
CPE_CSC	GESTOR_DO_CONTRATO	215	NVARCHAR2	500	Y	producao	2026-10-08
CPE_CSC	FISCAL_ADM_DO_CONTRATO	216	NVARCHAR2	500	Y	producao	2026-10-08
CPE_CSC	FISCAL_DE_SERVICO	217	NVARCHAR2	500	Y	producao	2026-10-08
CPE_CSC	APROV_FISCAL_ADM	218	NVARCHAR2	500	Y	producao	2026-10-08
CPE_CSC	DATA_APROVACAO_FISCAL_ADM	219	DATE	7	Y	producao	2026-10-08
CPE_CSC	APROV_FISCAL_SERVICO	220	NVARCHAR2	500	Y	producao	2026-10-08
CPE_CSC	DATA_APROVACAO_FISCAL_SERV	221	DATE	7	Y	producao	2026-10-08
CPE_CSC	APROV_GESTOR	222	NVARCHAR2	500	Y	producao	2026-10-08
CPE_CSC	DATA_APROVACAO_GESTOR	223	DATE	7	Y	producao	2026-10-08
CPE_CSC	ORDEM_DE_SERVICO	224	NVARCHAR2	500	Y	producao	2026-10-08
CPE_CSC	MOTIVO_GERAL	225	NVARCHAR2	500	Y	producao	2026-10-08
CPE_CSC	VALOR_PAGAMENTO_RCC	226	NUMBER	22	Y	producao	2026-10-08
CPE_CSC	CONTA_CONTABIL_PAGAMENTO_RCC	227	NVARCHAR2	500	Y	producao	2026-10-08
CPE_CSC	FISICA_JUDIRICA	228	NVARCHAR2	500	Y	producao	2026-10-08
CPE_CSC	CSC_ACESSO_PEOPLESOFT	229	NVARCHAR2	6	Y	producao	2026-10-08
CPE_CSC	NUMEROCONTROLEDISCIPLINAR	230	NUMBER	22	Y	producao	2026-10-08
CPE_CSC	ANO_REF	231	NVARCHAR2	8	Y	producao	2026-10-08
CPE_CSC	MES_REFERENCIA	232	NVARCHAR2	4	Y	producao	2026-10-08
CPE_CSC	CIENTE_IFP	233	NVARCHAR2	6	Y	producao	2026-10-08
CPE_CSC	NOME_APROVADOR	234	NVARCHAR2	500	Y	producao	2026-10-08
CPE_CSC	DATA_DA_APROVACAO	235	DATE	7	Y	producao	2026-10-08
CPE_CSC	RESULTADO_APROVACAO	236	NVARCHAR2	500	Y	producao	2026-10-08
CPE_CSC	DESCRICAO_DETALHADA	237	NVARCHAR2	4000	Y	producao	2026-10-08
CPE_CSC	SIM_NAO4	238	NVARCHAR2	500	Y	producao	2026-10-08
CPE_CSC	SIM_NAO5	239	NVARCHAR2	500	Y	producao	2026-10-08
CPE_CSC	SIM_NAO7	240	NVARCHAR2	500	Y	producao	2026-10-08
CPE_CSC	SIM_NAO6	241	NVARCHAR2	500	Y	producao	2026-10-08
CPE_CSC	SEDEX	242	NVARCHAR2	500	Y	producao	2026-10-08
CPE_CSC	DATA_PARA_CANCELAMENTO	243	DATE	7	Y	producao	2026-10-08
CPE_CSC	OPCOES_ATENDIMENTO	244	NVARCHAR2	500	Y	producao	2026-10-08
CPE_CSC	TELEFONE_ATUALIZADO	245	NVARCHAR2	500	Y	producao	2026-10-08
CPE_CSC	DE_ACORDO_DATA_PSICO	246	NVARCHAR2	500	Y	producao	2026-10-08
CPE_CSC	LABEL57	247	NVARCHAR2	3000	Y	producao	2026-10-08
CPE_CSC	POSSUI_DGCO	248	NVARCHAR2	500	Y	producao	2026-10-08
CPE_CSC	LISTA_ITENS_PESQ_MERC	249	NVARCHAR2	500	Y	producao	2026-10-08
CPE_CSC	SERV_ART_29_LEI_13303	250	NVARCHAR2	500	Y	producao	2026-10-08
CPE_CSC	TIPO_DA_DEMANDA	251	NVARCHAR2	500	Y	producao	2026-10-08
CPE_CSC	LABEL55	252	NVARCHAR2	1600	Y	producao	2026-10-08
CPE_CSC	LABEL56	253	NVARCHAR2	1600	Y	producao	2026-10-08
CPE_CSC	ADITIVOS	254	NVARCHAR2	500	Y	producao	2026-10-08
CPE_CSC	QUANTIDADE_ESTIMADA	255	NVARCHAR2	500	Y	producao	2026-10-08
CPE_CSC	OBS8	256	NVARCHAR2	400	Y	producao	2026-10-08
CPE_CSC	SEXO_M_F	257	NVARCHAR2	500	Y	producao	2026-10-08
CPE_CSC	CSC_ESCOLARIDADE	258	NVARCHAR2	500	Y	producao	2026-10-08
CPE_CSC	CSC_CAT	259	NVARCHAR2	500	Y	producao	2026-10-08
CPE_CSC	AQUISICAO_GASTO	260	NVARCHAR2	500	Y	producao	2026-10-08
CPE_CSC	OBS6	261	NVARCHAR2	4000	Y	producao	2026-10-08
CPE_CSC	OBS20	262	VARCHAR2	4000	Y	producao	2026-10-08
CPE_CSC	CONTA_ORCAMENTARIA	263	NVARCHAR2	500	Y	producao	2026-10-08
CPE_CSC	DATA_EMISSAO_NF	264	DATE	7	Y	producao	2026-10-08
CPE_CSC	GENERICO_NOVO	265	NVARCHAR2	500	Y	producao	2026-10-08
CPE_CSC	NUMERO_DGCO	266	NVARCHAR2	500	Y	producao	2026-10-08
CPE_CSC	DEMANDANTE	267	NVARCHAR2	500	Y	producao	2026-10-08
CPE_CSC	FQ412_041_ITEM_1	268	NVARCHAR2	500	Y	producao	2026-10-08
CPE_CSC	FQ412_041_ITEM_1_2	269	NVARCHAR2	500	Y	producao	2026-10-08
CPE_CSC	FQ412_041_ITEM_1_3	270	NVARCHAR2	500	Y	producao	2026-10-08
CPE_CSC	FQ412_041_ITEM_1_4	271	NVARCHAR2	500	Y	producao	2026-10-08
CPE_CSC	FQ412_041_ITEM_1_5	272	NVARCHAR2	500	Y	producao	2026-10-08
CPE_CSC	FQ412_041_ITEM_1_6	273	NVARCHAR2	500	Y	producao	2026-10-08
CPE_CSC	FQ412_041_ITEM_4_1	274	NVARCHAR2	500	Y	producao	2026-10-08
CPE_CSC	FQ412_041_ITEM_5_1	275	NVARCHAR2	500	Y	producao	2026-10-08
CPE_CSC	FQ412_041_ITEM_2_1	276	NVARCHAR2	500	Y	producao	2026-10-08
CPE_CSC	FQ412_041_ITEM_2_2	277	NVARCHAR2	500	Y	producao	2026-10-08
CPE_CSC	FQ412_041_ITEM_2_3	278	NVARCHAR2	500	Y	producao	2026-10-08
CPE_CSC	FQ412_041_ITEM_2_4	279	NVARCHAR2	500	Y	producao	2026-10-08
CPE_CSC	FQ412_041_ITEM_2_5	280	NVARCHAR2	500	Y	producao	2026-10-08
CPE_CSC	FQ412_041_ITEM_2_6	281	NVARCHAR2	500	Y	producao	2026-10-08
CPE_CSC	FQ412_041_ITEM_3_1	282	NVARCHAR2	500	Y	producao	2026-10-08
CPE_CSC	FQ412_041_ITEM_3_2	283	NVARCHAR2	500	Y	producao	2026-10-08
CPE_CSC	OBS12	284	NVARCHAR2	4000	Y	producao	2026-10-08
CPE_CSC	FORNECEDOR2	285	NVARCHAR2	500	Y	producao	2026-10-08
CPE_CSC	OBS7	286	NVARCHAR2	4000	Y	producao	2026-10-08
CPE_CSC	FQ412_042_ITEM_1_3	287	NVARCHAR2	500	Y	producao	2026-10-08
CPE_CSC	FQ412_042_ITEM_1_1	288	NVARCHAR2	500	Y	producao	2026-10-08
CPE_CSC	FQ412_042_ITEM_1_2	289	NVARCHAR2	500	Y	producao	2026-10-08
CPE_CSC	FQ412_042_ITEM_1_4	290	NVARCHAR2	500	Y	producao	2026-10-08
CPE_CSC	FQ412_042_ITEM_1_5	291	NVARCHAR2	500	Y	producao	2026-10-08
CPE_CSC	FQ412_042_ITEM_1_6	292	NVARCHAR2	500	Y	producao	2026-10-08
CPE_CSC	FQ412_042_ITEM_2_1	293	NVARCHAR2	500	Y	producao	2026-10-08
CPE_CSC	FQ412_042_ITEM_2_2	294	NVARCHAR2	500	Y	producao	2026-10-08
CPE_CSC	FQ412_042_ITEM_2_3	295	NVARCHAR2	500	Y	producao	2026-10-08
CPE_CSC	FQ412_042_ITEM_2_4	296	NVARCHAR2	500	Y	producao	2026-10-08
CPE_CSC	FQ412_042_ITEM_2_5	297	NVARCHAR2	500	Y	producao	2026-10-08
CPE_CSC	FQ412_042_ITEM_2_6	298	NVARCHAR2	500	Y	producao	2026-10-08
CPE_CSC	TIPO_SOL_COMPROVA_PAGO_F	299	NVARCHAR2	500	Y	producao	2026-10-08
CPE_CSC	VALORNOTAFISCAL	300	NUMBER	22	Y	producao	2026-10-08
CPE_CSC	DATA_PAGAMENTO_NF	301	DATE	7	Y	producao	2026-10-08
CPE_CSC	LISTA_VALOR_REF_UNIT	302	NVARCHAR2	4000	Y	producao	2026-10-08
CPE_CSC	TABELA_DADOS_CONTRATOS_C	303	NVARCHAR2	4000	Y	producao	2026-10-08
CPE_CSC	APROVACOES	304	NVARCHAR2	4000	Y	producao	2026-10-08
CPE_CSC	OBS10	305	NVARCHAR2	4000	Y	producao	2026-10-08
CPE_CSC	OBS21	306	VARCHAR2	4000	Y	producao	2026-10-08
CPE_CSC	OBS22	307	VARCHAR2	4000	Y	producao	2026-10-08
CPE_CSC	OBS23	308	VARCHAR2	4000	Y	producao	2026-10-08
CPE_CSC	ARQUIVOS_ANEXADOS	309	NVARCHAR2	4000	Y	producao	2026-10-08
CPE_CSC	TABELA_HTML_INFO_FATURAMENTO	310	NVARCHAR2	4000	Y	producao	2026-10-08
CPE_CSC	UNIDADE_ORGANIZACIONAL	311	NVARCHAR2	500	Y	producao	2026-10-08
CPE_CSC	CSC_CNPJ	312	NVARCHAR2	500	Y	producao	2026-10-08
CPE_CSC	JUSTIFICATIVA	313	NVARCHAR2	500	Y	producao	2026-10-08
CPE_CSC	MOTIVO_DO_CADASTRO_DE_CLIENTE	314	NVARCHAR2	500	Y	producao	2026-10-08
CPE_CSC	TIPO_DE__FORNECEDOR	315	NVARCHAR2	500	Y	producao	2026-10-08
CPE_CSC	RENOV_ALUGUEL	316	NVARCHAR2	500	Y	producao	2026-10-08
CPE_CSC	POSSUI_NUM_LICIT	317	NVARCHAR2	500	Y	producao	2026-10-08
CPE_CSC	RESULTADO_VALIDACAO	318	NVARCHAR2	500	Y	producao	2026-10-08
CPE_CSC	NOMEDEPENDENTE	319	NVARCHAR2	500	Y	producao	2026-10-08
CPE_CSC	LISTA_LOCAIS_BBTS	320	NVARCHAR2	4000	Y	producao	2026-10-08
CPE_CSC	LISTA_GRUPOS_EXTERNOS_BBTS	321	NVARCHAR2	4000	Y	producao	2026-10-08
CPE_CSC	NOME_DO_COLABORADOR	322	NVARCHAR2	500	Y	producao	2026-10-08
CPE_CSC	LISTA_PERFIS_ACESSO	323	NVARCHAR2	500	Y	producao	2026-10-08
CPE_CSC	GRUPOS_EXTERNOS_DA_BBTS	324	NVARCHAR2	4000	Y	producao	2026-10-08
CPE_CSC	PRESTADORA_DE_SERVICOS	325	NVARCHAR2	500	Y	producao	2026-10-08
CPE_CSC	LISTA_DE_SELECAO_TROCA_DE_APARELHO	326	NVARCHAR2	500	Y	producao	2026-10-08
CPE_CSC	NUMERO_PROTOCOLO_OPERADORA	327	NVARCHAR2	500	Y	producao	2026-10-08
CPE_CSC	LISTA_DE_SELECAO_BLOQUEIO_DE_APARELHO_	328	NVARCHAR2	500	Y	producao	2026-10-08
CPE_CSC	TIPO_PEDIDO_CHIP	329	NVARCHAR2	500	Y	producao	2026-10-08
CPE_CSC	LISTA_LOCAIS_DE_ACESSO_BRASILIA	330	NVARCHAR2	4000	Y	producao	2026-10-08
CPE_CSC	FQ412_042_ITEM_5_5	331	NVARCHAR2	4000	Y	producao	2026-10-08
CPE_CSC	FQ412_042_ITEM_7_1	332	NVARCHAR2	500	Y	producao	2026-10-08
CPE_CSC	FQ412_042_ITEM_7_2	333	NVARCHAR2	500	Y	producao	2026-10-08
CPE_CSC	FQ412_042_ITEM_7_3	334	NVARCHAR2	100	Y	producao	2026-10-08
CPE_CSC	FQ412_042_ITEM_4_1	335	NVARCHAR2	500	Y	producao	2026-10-08
CPE_CSC	FQ412_042_ITEM_4_2	336	NVARCHAR2	500	Y	producao	2026-10-08
CPE_CSC	FQ412_042_ITEM_4_3	337	NVARCHAR2	500	Y	producao	2026-10-08
CPE_CSC	FQ412_042_ITEM_4_4	338	NVARCHAR2	500	Y	producao	2026-10-08
CPE_CSC	FQ412_042_ITEM_4_5	339	NVARCHAR2	500	Y	producao	2026-10-08
CPE_CSC	FQ412_042_ITEM_4_6	340	NVARCHAR2	500	Y	producao	2026-10-08
CPE_CSC	FQ412_042_ITEM_4_7	341	NVARCHAR2	500	Y	producao	2026-10-08
CPE_CSC	FQ412_042_ITEM_4_8	342	NVARCHAR2	500	Y	producao	2026-10-08
CPE_CSC	FQ412_042_ITEM_4_9	343	NVARCHAR2	500	Y	producao	2026-10-08
CPE_CSC	FQ412_042_ITEM_5_3	344	NVARCHAR2	500	Y	producao	2026-10-08
CPE_CSC	FQ412_042_ITEM_5_4	345	NVARCHAR2	500	Y	producao	2026-10-08
CPE_CSC	FQ412_042_ITEM_3_3	346	NVARCHAR2	500	Y	producao	2026-10-08
CPE_CSC	FQ412_042_ITEM_5_2	347	NVARCHAR2	500	Y	producao	2026-10-08
CPE_CSC	FQ412_042_ITEM_3_1	348	NVARCHAR2	500	Y	producao	2026-10-08
CPE_CSC	FQ412_042_ITEM_3_2	349	NVARCHAR2	500	Y	producao	2026-10-08
CPE_CSC	FQ412_042_ITEM_3_4	350	NVARCHAR2	500	Y	producao	2026-10-08
CPE_CSC	FQ412_042_ITEM_3_5	351	NVARCHAR2	500	Y	producao	2026-10-08
CPE_CSC	FQ412_042_ITEM_3_6	352	NVARCHAR2	500	Y	producao	2026-10-08
CPE_CSC	FQ412_042_ITEM_3_7	353	NVARCHAR2	500	Y	producao	2026-10-08
CPE_CSC	FQ412_042_ITEM_3_8	354	NVARCHAR2	500	Y	producao	2026-10-08
CPE_CSC	FQ412_042_ITEM_3_9	355	NVARCHAR2	500	Y	producao	2026-10-08
CPE_CSC	FQ412_042_ITEM_3_10	356	NVARCHAR2	500	Y	producao	2026-10-08
CPE_CSC	FQ412_042_ITEM_3_11	357	NVARCHAR2	500	Y	producao	2026-10-08
CPE_CSC	FQ412_042_ITEM_3_12	358	NVARCHAR2	500	Y	producao	2026-10-08
CPE_CSC	FQ412_042_ITEM_3_13	359	NVARCHAR2	500	Y	producao	2026-10-08
CPE_CSC	FQ412_042_ITEM_3_14	360	NVARCHAR2	500	Y	producao	2026-10-08
CPE_CSC	FQ412_042_ITEM_5_1	361	NVARCHAR2	500	Y	producao	2026-10-08
CPE_CSC	NUM_DGCO	362	NUMBER	22	Y	producao	2026-10-08
CPE_CSC	OBS11	363	NVARCHAR2	4000	Y	producao	2026-10-08
CPE_CSC	OBS9	364	NVARCHAR2	200	Y	producao	2026-10-08
CPE_CSC	UNIDADE_CHAVES	365	NVARCHAR2	500	Y	producao	2026-10-08
CPE_CSC	RESERVA_DA_SALA_01	366	NVARCHAR2	500	Y	producao	2026-10-08
CPE_CSC	RESERVA_DA_SALA_02	367	NVARCHAR2	500	Y	producao	2026-10-08
CPE_CSC	RESERVA_DA_SALA_03	368	NVARCHAR2	500	Y	producao	2026-10-08
CPE_CSC	RESERVA_DA_SALA_04	369	NVARCHAR2	500	Y	producao	2026-10-08
CPE_CSC	UNITARIO_OU_LOTE	370	NVARCHAR2	500	Y	producao	2026-10-08
CPE_CSC	UNIDADE_DE_NEGOCIO_PE	371	NVARCHAR2	500	Y	producao	2026-10-08
CPE_CSC	MOTIVO_APORTE	372	NVARCHAR2	500	Y	producao	2026-10-08
CPE_CSC	JUSTIFIQUE_RAZAO	373	NVARCHAR2	4000	Y	producao	2026-10-08
CPE_CSC	VALOR_REMUNERACAO_DEC	374	NUMBER	22	Y	producao	2026-10-08
CPE_CSC	VALOR_PAGAMENTO_RI_DEC	375	NUMBER	22	Y	producao	2026-10-08
CPE_CSC	ACUMULOPERMITIDOEVEDADO	376	NVARCHAR2	500	Y	producao	2026-10-08
CPE_CSC	MOTIVO_REPROV_CHATBOT	377	NVARCHAR2	500	Y	producao	2026-10-08
CPE_CSC	UNIDADE_NEGOCIO2	378	NVARCHAR2	500	Y	producao	2026-10-08
CPE_CSC	DATA_HORA_INICIO	379	DATE	7	Y	producao	2026-10-08
CPE_CSC	AGENCIA_NUMERO	380	NVARCHAR2	500	Y	producao	2026-10-08
CPE_CSC	CONTA_NUMERO	381	NVARCHAR2	200	Y	producao	2026-10-08
CPE_CSC	PIX_NUMERO	382	NVARCHAR2	500	Y	producao	2026-10-08
CPE_CSC	DATA_HORA_FIM	383	DATE	7	Y	producao	2026-10-08
CPE_CSC	BANCO_NOME	384	NVARCHAR2	500	Y	producao	2026-10-08
CPE_CSC	PIX_TIPO	385	NVARCHAR2	500	Y	producao	2026-10-08
CPE_CSC	EVENTO_COFFEE_BREAK	386	NVARCHAR2	500	Y	producao	2026-10-08
CPE_CSC	FORNECEDOR5	387	NVARCHAR2	500	Y	producao	2026-10-08
CPE_CSC	QTD_PESQUISA	388	NVARCHAR2	500	Y	producao	2026-10-08
CPE_CSC	FORNECEDOR01	389	NVARCHAR2	500	Y	producao	2026-10-08
CPE_CSC	FORNECEDOR3	390	NVARCHAR2	500	Y	producao	2026-10-08
CPE_CSC	FORNECEDOR4	391	NVARCHAR2	500	Y	producao	2026-10-08
CPE_CSC	FORNECEDOR6	392	NVARCHAR2	500	Y	producao	2026-10-08
CPE_CSC	DATA_TRIAGEM	393	DATE	7	Y	producao	2026-10-08
CPE_CSC	FAIXA_ETARIA	394	NVARCHAR2	500	Y	producao	2026-10-08
CPE_CSC	HORARIO_JOVEM_APRENDIZ	395	NVARCHAR2	500	Y	producao	2026-10-08
CPE_CSC	NUMERO_DA_NT	396	NVARCHAR2	500	Y	producao	2026-10-08
CPE_CSC	MATRICULA_2	397	NUMBER	22	Y	producao	2026-10-08
CPE_CSC	FAVORECIDO_NOVO	398	NVARCHAR2	500	Y	producao	2026-10-08
CPE_CSC	COLABORADOR	399	NVARCHAR2	500	Y	producao	2026-10-08
CPE_CSC	TIPOS_ELEMENTOS_PEOPLE	400	NVARCHAR2	500	Y	producao	2026-10-08
CPE_CSC	LOCALIDADE_CIPA	401	NVARCHAR2	500	Y	producao	2026-10-08
CPE_CSC	PRESIDENTE_CIPA	402	NVARCHAR2	500	Y	producao	2026-10-08
CPE_CSC	VICE_PRESIDENTE_CIPA	403	NVARCHAR2	500	Y	producao	2026-10-08
CPE_CSC	CONTA_CORRENTE_NUMERO	404	NVARCHAR2	500	Y	producao	2026-10-08
CPE_CSC	FORNECEDOR7	405	NVARCHAR2	500	Y	producao	2026-10-08
CPE_CSC	ESPECIFICAR_ALIENACAO	406	NVARCHAR2	500	Y	producao	2026-10-08
CPE_CSC	RZ_ALIENACAO	407	NVARCHAR2	500	Y	producao	2026-10-08
CPE_CSC	BEMDETI	408	NVARCHAR2	500	Y	producao	2026-10-08
CPE_CSC	TIPO_MAUTENCAO	409	NVARCHAR2	500	Y	producao	2026-10-08
CPE_CSC	MOTIVO_EXONERACAO_BRIGADISTA	410	NVARCHAR2	500	Y	producao	2026-10-08
CPE_CSC	RAZAO_DESIST_BRIGADA	411	NVARCHAR2	500	Y	producao	2026-10-08
CPE_CSC	ESPECIFICAR_BRIGADISTA	412	NVARCHAR2	500	Y	producao	2026-10-08
CPE_CSC	LOCALIDADE_FAVORECIDO	413	NVARCHAR2	500	Y	producao	2026-10-08
CPE_CSC	SOLUC_IMOVEL	414	NVARCHAR2	2000	Y	producao	2026-10-08
CPE_CSC	SEGURANCA_IMOVEL	415	NVARCHAR2	500	Y	producao	2026-10-08
CPE_CSC	LOC_IMOVEL	416	NVARCHAR2	500	Y	producao	2026-10-08
CPE_CSC	ESTABELECIMENTO_DO_DESTINATARIO_01	417	NVARCHAR2	500	Y	producao	2026-10-08
CPE_CSC	COLABORADOR_BBTS	418	NUMBER	22	Y	producao	2026-10-08
CPE_CSC	DESTINATARIO_FINAL	419	NVARCHAR2	500	Y	producao	2026-10-08
CPE_CSC	OBS24	420	NVARCHAR2	4000	Y	producao	2026-10-08
CPE_CSC	FQ412_042_ITEM_3_15	421	NVARCHAR2	500	Y	producao	2026-10-08
CPE_CSC	AVISO_NOVO_CHIP	422	NVARCHAR2	3000	Y	producao	2026-10-08
CPE_CSC	FQ357_002_ITEM_7_1	423	NVARCHAR2	500	Y	producao	2026-10-08
CPE_CSC	FQ357_002_ITEM_7_2	424	NVARCHAR2	500	Y	producao	2026-10-08
CPE_CSC	FQ357_002_ITEM_7_3	425	NVARCHAR2	100	Y	producao	2026-10-08
CPE_CSC	FQ357_002_ITEM_3_4	426	NVARCHAR2	500	Y	producao	2026-10-08
CPE_CSC	FQ357_002_ITEM_3_5	427	NVARCHAR2	500	Y	producao	2026-10-08
CPE_CSC	FQ357_002_ITEM_3_6	428	NVARCHAR2	500	Y	producao	2026-10-08
CPE_CSC	FQ357_002_ITEM_3_7	429	NVARCHAR2	500	Y	producao	2026-10-08
CPE_CSC	FQ357_002_ITEM_3_8	430	NVARCHAR2	500	Y	producao	2026-10-08
CPE_CSC	FQ357_002_ITEM_3_9	431	NVARCHAR2	500	Y	producao	2026-10-08
CPE_CSC	FQ357_002_ITEM_3_10	432	NVARCHAR2	500	Y	producao	2026-10-08
CPE_CSC	FQ357_002_ITEM_3_11	433	NVARCHAR2	500	Y	producao	2026-10-08
CPE_CSC	FQ357_002_ITEM_3_12	434	NVARCHAR2	500	Y	producao	2026-10-08
CPE_CSC	FQ357_002_ITEM_3_13	435	NVARCHAR2	500	Y	producao	2026-10-08
CPE_CSC	FQ357_002_ITEM_3_14	436	NVARCHAR2	500	Y	producao	2026-10-08
CPE_CSC	FQ357_002_ITEM_3_15	437	NVARCHAR2	500	Y	producao	2026-10-08
CPE_CSC	FQ357_002_ITEM_4_2	438	NVARCHAR2	500	Y	producao	2026-10-08
CPE_CSC	FQ357_002_ITEM_4_3	439	NVARCHAR2	500	Y	producao	2026-10-08
CPE_CSC	FQ357_002_ITEM_4_4	440	NVARCHAR2	500	Y	producao	2026-10-08
CPE_CSC	FQ357_002_ITEM_4_5	441	NVARCHAR2	500	Y	producao	2026-10-08
CPE_CSC	FQ357_002_ITEM_4_6	442	NVARCHAR2	500	Y	producao	2026-10-08
CPE_CSC	FQ357_002_ITEM_4_7	443	NVARCHAR2	500	Y	producao	2026-10-08
CPE_CSC	FQ357_002_ITEM_4_8	444	NVARCHAR2	500	Y	producao	2026-10-08
CPE_CSC	FQ357_002_ITEM_4_9	445	NVARCHAR2	500	Y	producao	2026-10-08
CPE_CSC	FQ357_002_ITEM_5_1	446	NVARCHAR2	500	Y	producao	2026-10-08
CPE_CSC	FQ357_002_ITEM_5_3	447	NVARCHAR2	500	Y	producao	2026-10-08
CPE_CSC	FQ357_002_ITEM_5_4	448	NVARCHAR2	500	Y	producao	2026-10-08
CPE_CSC	FQ357_002_ITEM_51	449	NVARCHAR2	500	Y	producao	2026-10-08
CPE_CSC	FQ357_002_ITEM_3_3	450	NVARCHAR2	500	Y	producao	2026-10-08
CPE_CSC	FQ357_002_ITEM_5_2	451	NVARCHAR2	500	Y	producao	2026-10-08
CPE_CSC	ALMOX_ENDERECO	452	NVARCHAR2	500	Y	producao	2026-10-08
CPE_CSC	BAIRRO_ALMOX	453	NVARCHAR2	500	Y	producao	2026-10-08
CPE_CSC	DESCRICAO_MEMORANDO	454	NVARCHAR2	4000	Y	producao	2026-10-08
CPE_CSC	UNIDADES_BBTS	455	NVARCHAR2	500	Y	producao	2026-10-08
CPE_CSC	LISTACONTROLADAOUCANCELADA	456	NVARCHAR2	500	Y	producao	2026-10-08
CPE_CSC	SUBPROCESSO_SUPRAVIZIO	457	NVARCHAR2	500	Y	producao	2026-10-08
CPE_CSC	ARQUIVARDOCUMENTOS	458	NVARCHAR2	500	Y	producao	2026-10-08
CPE_CSC	FQ412_042_ITEM_3_02	459	NVARCHAR2	500	Y	producao	2026-10-08
CPE_CSC	FQ412_042_ITEM_3_03	460	NVARCHAR2	500	Y	producao	2026-10-08
CPE_CSC	FQ412_042_ITEM_3_01	461	NVARCHAR2	500	Y	producao	2026-10-08
CPE_CSC	FAVORECIDO_BBTS	462	NVARCHAR2	500	Y	producao	2026-10-08
CPE_CSC	ESPECIFICACOES_TECNICAS	463	NVARCHAR2	4000	Y	producao	2026-10-08
CPE_CSC	DATA_EFETIVIDADE	464	DATE	7	Y	producao	2026-10-08
CPE_CSC	PERIODO_DE_VALIDADE	465	DATE	7	Y	producao	2026-10-08
CPE_CSC	VALOR_APROVADO_ARP	466	NUMBER	22	Y	producao	2026-10-08
CPE_CSC	VALOR_TOTAL_LIBERADO_ARP	467	NUMBER	22	Y	producao	2026-10-08
CPE_CSC	VALOR_DISPONIVEL_NT	468	NVARCHAR2	500	Y	producao	2026-10-08
CPE_CSC	VALOR_TOTAL_OC	469	NVARCHAR2	500	Y	producao	2026-10-08
CPE_CSC	VALOR_TOTAL_UTILIZADO_ARP	470	NUMBER	22	Y	producao	2026-10-08
CPE_CSC	VALOR_TOTAL_DISPONIVEL_OC	471	NUMBER	22	Y	producao	2026-10-08
CPE_CSC	DATA_ATUAL_ERP	472	DATE	7	Y	producao	2026-10-08
CPE_CSC	DATA_GL_ERP	473	DATE	7	Y	producao	2026-10-08
CPE_CSC	PARECER_TRIBUTARIO_RI	474	NVARCHAR2	500	Y	producao	2026-10-08
CPE_CSC	ORGANIZACOES_ERP	475	NVARCHAR2	500	Y	producao	2026-10-08
CPE_CSC	TIPO_DE_FRETE_ERP	476	NVARCHAR2	500	Y	producao	2026-10-08
CPE_CSC	DATA_RECEBIMENTO_ERP	477	DATE	7	Y	producao	2026-10-08
CPE_CSC	ALIQUOTA_FINAL	478	NVARCHAR2	500	Y	producao	2026-10-08
CPE_CSC	PARECER_TRIBUTARIO_1	479	NVARCHAR2	4000	Y	producao	2026-10-08
CPE_CSC	PARECER_TRIBUTARIO_2	480	NVARCHAR2	4000	Y	producao	2026-10-08
CPE_CSC	DGCO_CLIENTE_ERP	481	NVARCHAR2	500	Y	producao	2026-10-08
CPE_CSC	ATESTO_ENTREGA_ERP	482	NVARCHAR2	500	Y	producao	2026-10-08
CPE_CSC	TIPO_DE_NOTA_FISCAL_ERP	483	NVARCHAR2	500	Y	producao	2026-10-08
CPE_CSC	ESPECIE_ERP	484	NVARCHAR2	500	Y	producao	2026-10-08
CPE_CSC	RESTRICAO_DO_ATESTE_ERP	485	NVARCHAR2	500	Y	producao	2026-10-08
CPE_CSC	ISS_BASE_CALCULO_ERP	486	NVARCHAR2	500	Y	producao	2026-10-08
CPE_CSC	CONDICAO_DDL_ERP_1	487	NUMBER	22	Y	producao	2026-10-08
CPE_CSC	DATA_VENCIMENTO_ERP	488	DATE	7	Y	producao	2026-10-08
CPE_CSC	CODIGO_SERVICO_PADRAO_ERP	489	NVARCHAR2	500	Y	producao	2026-10-08
CPE_CSC	ITEM_ERP	490	NVARCHAR2	500	Y	producao	2026-10-08
CPE_CSC	QUANTIDADE_ERP	491	NVARCHAR2	500	Y	producao	2026-10-08
CPE_CSC	CONTA_CONTABIL_ERP	492	NVARCHAR2	500	Y	producao	2026-10-08
CPE_CSC	UNIDADE_MEDIDA_ERP	493	NVARCHAR2	500	Y	producao	2026-10-08
CPE_CSC	IR_LANCAMENTO_ERP	494	NVARCHAR2	500	Y	producao	2026-10-08
CPE_CSC	DATA_EMISSAO_NF_ERP	495	DATE	7	Y	producao	2026-10-08
CPE_CSC	CSC_CLASSI_PPP	496	NVARCHAR2	500	Y	producao	2026-10-08
CPE_CSC	CSC_CLASSI_PCD	497	NVARCHAR2	500	Y	producao	2026-10-08
CPE_CSC	APROV_FAVORECIDO	498	NVARCHAR2	500	Y	producao	2026-10-08
CPE_CSC	APROV_GESTOR_FAVORECIDO	499	NVARCHAR2	500	Y	producao	2026-10-08
CPE_CSC	GERENCIA_DIVISAO	500	NVARCHAR2	500	Y	producao	2026-10-08
CPE_CSC	SIM_OU_NAO_NF	501	NVARCHAR2	100	Y	producao	2026-10-08
CPE_CSC	IDADE_VACIN	502	NVARCHAR2	500	Y	producao	2026-10-08
CPE_CSC	CSC_INSCRICAO	503	NVARCHAR2	500	Y	producao	2026-10-08
CPE_CSC	CSC_CONCURSO	504	NVARCHAR2	500	Y	producao	2026-10-08
CPE_CSC	CSC_POSSUI_CANDIDATO	505	NVARCHAR2	500	Y	producao	2026-10-08
CPE_CSC	CSC_FINAL_FILA	506	NVARCHAR2	500	Y	producao	2026-10-08
CPE_CSC	CSC_DATA_MANIFESTACAO	507	DATE	7	Y	producao	2026-10-08
CPE_CSC	CSC_EDITAL_CONCURSO	508	NVARCHAR2	500	Y	producao	2026-10-08
CPE_CSC	CSC_TIPO_VAGA	509	NVARCHAR2	500	Y	producao	2026-10-08
CPE_CSC	CSC_FILA_MACROPOLO	510	NVARCHAR2	500	Y	producao	2026-10-08
CPE_CSC	CSC_TELEFONE_1	511	NVARCHAR2	500	Y	producao	2026-10-08
CPE_CSC	CSC_TELEFONE_2	512	NVARCHAR2	500	Y	producao	2026-10-08
CPE_CSC	CSC_UF_INSCR	513	NVARCHAR2	500	Y	producao	2026-10-08
CPE_CSC	CSC_MACROPOLO	514	NVARCHAR2	500	Y	producao	2026-10-08
CPE_CSC	CSC_UF_REGRA	515	NVARCHAR2	500	Y	producao	2026-10-08
CPE_CSC	CSC_MACROPOLO_REGRA	516	NVARCHAR2	500	Y	producao	2026-10-08
CPE_CSC	CSC_PPP	517	NVARCHAR2	500	Y	producao	2026-10-08
CPE_CSC	CSC_PCD	518	NVARCHAR2	500	Y	producao	2026-10-08
CPE_CSC	CSC_JURADO	519	NVARCHAR2	500	Y	producao	2026-10-08
CPE_CSC	CSC_CLASSI_M_POLO	520	NVARCHAR2	500	Y	producao	2026-10-08
CPE_CSC	CSC_CLASSI_UF	521	NVARCHAR2	500	Y	producao	2026-10-08
CPE_CSC	CSC_CLASSI_CARGO	522	NVARCHAR2	500	Y	producao	2026-10-08
CPE_CSC	CSC_ACEITA_MACROPOLO	523	NVARCHAR2	500	Y	producao	2026-10-08
CPE_CSC	CSC_DATA_ACEITE	524	DATE	7	Y	producao	2026-10-08
CPE_CSC	SIM_NAO10	525	NVARCHAR2	500	Y	producao	2026-10-08
CPE_CSC	FABRICANTE_BEM	526	NVARCHAR2	500	Y	producao	2026-10-08
CPE_CSC	VEICULO_PLACA	527	NVARCHAR2	500	Y	producao	2026-10-08
CPE_CSC	CSC_RG_ORGAO_UF	528	NVARCHAR2	500	Y	producao	2026-10-08
CPE_CSC	CSC_DESISTIU_VAGA	529	NVARCHAR2	500	Y	producao	2026-10-08
CPE_CSC	OBS45	530	NVARCHAR2	1800	Y	producao	2026-10-08
CPE_CSC	OBS30	531	NVARCHAR2	1800	Y	producao	2026-10-08
CPE_CSC	OBS31	532	NVARCHAR2	1800	Y	producao	2026-10-08
CPE_CSC	OBS42	533	NVARCHAR2	1800	Y	producao	2026-10-08
CPE_CSC	OBS43	534	NVARCHAR2	1800	Y	producao	2026-10-08
CPE_CSC	OBS44	535	NVARCHAR2	1800	Y	producao	2026-10-08
CPE_CSC	PRESTADOR_PARECER_TRIBUTARIO	536	NVARCHAR2	500	Y	producao	2026-10-08
CPE_CSC	NOTA_EMITIDA_BRASILIA	537	NVARCHAR2	500	Y	producao	2026-10-08
CPE_CSC	CSC_POLO	538	NVARCHAR2	500	Y	producao	2026-10-08
CPE_CSC	TESTE_ESS	539	NVARCHAR2	100	Y	producao	2026-10-08
CPE_CSC	CONDICAO_DDL_ERP	540	NVARCHAR2	200	Y	producao	2026-10-08
CPE_CSC	LOCAL_FORNECEDOR	541	NVARCHAR2	500	Y	producao	2026-10-08
CPE_CSC	URL_RELATORIO	542	NVARCHAR2	500	Y	producao	2026-10-08
CPE_CSC	TIPO_DE_CONTRIBUINTE_PARECER	543	NVARCHAR2	500	Y	producao	2026-10-08
CPE_CSC	TIPO_OPERACAO_PDPEP	544	NVARCHAR2	500	Y	producao	2026-10-08
CPE_CSC	MATRICULA_4	545	NUMBER	22	Y	producao	2026-10-08
CPE_CSC	DATA_DE_PAGAMENTO_3	546	DATE	7	Y	producao	2026-10-08
CPE_CSC	CSC_TAMFARDA	547	NVARCHAR2	500	Y	producao	2026-10-08
CPE_CSC	CSC_TIPO_POSSE	548	NVARCHAR2	500	Y	producao	2026-10-08
CPE_CSC	M2	549	NUMBER	22	Y	producao	2026-10-08
CPE_CSC	LINK_LAUDO_CPE_CSC	550	NVARCHAR2	500	Y	producao	2026-10-08
CPE_CSC	MATRICULA_FAVORECIDO_REEMBOLSO	551	NVARCHAR2	500	Y	producao	2026-10-08
CPE_CSC	CNPJ_CPE_CSC	552	NVARCHAR2	500	Y	producao	2026-10-08
CPE_CSC	NUMERO_NF_CPE_CSC	553	NVARCHAR2	500	Y	producao	2026-10-08
CPE_CSC	OBS41	554	NVARCHAR2	1800	Y	producao	2026-10-08
CPE_CSC	PLACA	555	NVARCHAR2	160	Y	producao	2026-10-08
CPE_CSC	TIPO_MULTA	556	NVARCHAR2	500	Y	producao	2026-10-08
CPE_CSC	DATA_ANO	557	NVARCHAR2	500	Y	producao	2026-10-08
CPE_CSC	MULTA_PARCELADA	558	NVARCHAR2	500	Y	producao	2026-10-08
CPE_CSC	DIAS_DE_JORNADA	559	NVARCHAR2	500	Y	producao	2026-10-08
CPE_CSC	ODOMETRO_ATUAL	560	NVARCHAR2	500	Y	producao	2026-10-08
CPE_CSC	VEICULO	561	NVARCHAR2	500	Y	producao	2026-10-08
CPE_CSC	ANO_REFERENCIA	562	NVARCHAR2	500	Y	producao	2026-10-08
CPE_CSC	OBS39	563	NVARCHAR2	1800	Y	producao	2026-10-08
CPE_CSC	VALIDA_ATESTADO	564	NVARCHAR2	500	Y	producao	2026-10-08
CPE_CSC	MOTIVO_VALIDA	565	NVARCHAR2	500	Y	producao	2026-10-08
CPE_CSC	DATA_RECEBIMENTO_ATESTADO	566	DATE	7	Y	producao	2026-10-08
CPE_CSC	DATA_EMISSAO_ATESTADO	567	DATE	7	Y	producao	2026-10-08
CPE_CSC	TIPO_ASSINATURA	568	NVARCHAR2	500	Y	producao	2026-10-08
CPE_CSC	VALOR_TOT_PREST_CONTAS	569	NUMBER	22	Y	producao	2026-10-08
CPE_CSC	VALORTOTSEMCOMPROV	570	NUMBER	22	Y	producao	2026-10-08
CPE_CSC	JORNADA1	571	NVARCHAR2	500	Y	producao	2026-10-08
CPE_CSC	JORNADA2	572	NVARCHAR2	500	Y	producao	2026-10-08
CPE_CSC	JORNADA3	573	NVARCHAR2	500	Y	producao	2026-10-08
CPE_CSC	JORNADA4	574	NVARCHAR2	500	Y	producao	2026-10-08
CPE_CSC	TAMANHO	575	NVARCHAR2	500	Y	producao	2026-10-08
CPE_CSC	COMBOBOX__1	576	NVARCHAR2	500	Y	producao	2026-10-08
CPE_CSC	TIPO_DE_CONTA_BANCO	577	NVARCHAR2	500	Y	producao	2026-10-08
CPE_CSC	NUM_CONTA	578	NVARCHAR2	500	Y	producao	2026-10-08
CPE_CSC	CODIGO_BBTS	579	NVARCHAR2	500	Y	producao	2026-10-08
CPE_CSC	DATA_DO_EXTRATO	580	DATE	7	Y	producao	2026-10-08
CPE_CSC	MES_ANO_AUTOMATICO	581	NVARCHAR2	500	Y	producao	2026-10-08
CPE_CSC	NOME_SITE_LOCAL_FORNECEDOR	582	NVARCHAR2	500	Y	producao	2026-10-08
CPE_CSC	CIDADE_CLASSIFICACAO	583	NVARCHAR2	500	Y	producao	2026-10-08
CPE_CSC	VALOR_UTILIZADO_DESLOCAMENTO	584	NUMBER	22	Y	producao	2026-10-08
CPE_CSC	OBS32	585	NVARCHAR2	1800	Y	producao	2026-10-08
CPE_CSC	IRRF_BASE_LEGAL	586	NVARCHAR2	4000	Y	producao	2026-10-08
CPE_CSC	INSTRUCAO_FORNECEDOR	587	NVARCHAR2	4000	Y	producao	2026-10-08
CPE_CSC	IRRF_ALIQUOTA	588	NVARCHAR2	500	Y	producao	2026-10-08
CPE_CSC	PIS_BASE_LEGAL	589	NVARCHAR2	4000	Y	producao	2026-10-08
CPE_CSC	COFINS_RETENCAO	590	NVARCHAR2	500	Y	producao	2026-10-08
CPE_CSC	COFINS_ALIQUOTA	591	NVARCHAR2	500	Y	producao	2026-10-08
CPE_CSC	COFINS_BASE_LEGAL	592	NVARCHAR2	4000	Y	producao	2026-10-08
CPE_CSC	ISSQN_RENTENCAO	593	NVARCHAR2	500	Y	producao	2026-10-08
CPE_CSC	INSS_RETENCAO	594	NVARCHAR2	500	Y	producao	2026-10-08
CPE_CSC	SIM_NAO_DEDUCAO_INSS_CONSULTA_FISCO	595	NVARCHAR2	500	Y	producao	2026-10-08
CPE_CSC	TIPO_CONTRIBUINTE_CONSULTA_FISCO	596	NVARCHAR2	500	Y	producao	2026-10-08
CPE_CSC	INSS_ALIQUOTA	597	NVARCHAR2	500	Y	producao	2026-10-08
CPE_CSC	INSS_BASE_LEGAL	598	NVARCHAR2	4000	Y	producao	2026-10-08
CPE_CSC	OBS_DEDUCAO_INSS	599	NVARCHAR2	500	Y	producao	2026-10-08
CPE_CSC	PIS_RETENCAO_IMPOSTO	600	NVARCHAR2	500	Y	producao	2026-10-08
CPE_CSC	PIS_ALIQUOTA	601	NVARCHAR2	500	Y	producao	2026-10-08
CPE_CSC	CSLL_RETENCAO	602	NVARCHAR2	500	Y	producao	2026-10-08
CPE_CSC	CSLL_ALIQUOTA	603	NVARCHAR2	500	Y	producao	2026-10-08
CPE_CSC	CSLL_BASE_LEGAL	604	NVARCHAR2	4000	Y	producao	2026-10-08
CPE_CSC	IRRF_RETENCAO	605	NVARCHAR2	500	Y	producao	2026-10-08
CPE_CSC	SIMPLES_OU_NORMAL	606	NVARCHAR2	500	Y	producao	2026-10-08
CPE_CSC	TIPO_DE_NOTA_FISCAL_PARECER	607	NVARCHAR2	500	Y	producao	2026-10-08
CPE_CSC	TIPO_NOTA_ERP	608	NVARCHAR2	500	Y	producao	2026-10-08
CPE_CSC	DATA_VENC_NF	609	DATE	7	Y	producao	2026-10-08
CPE_CSC	NUM_PARCELAS	610	NVARCHAR2	500	Y	producao	2026-10-08
CPE_CSC	ADESAO_DIARIAS_AVULSAS	611	NVARCHAR2	6	Y	producao	2026-10-08
CPE_CSC	OBS___	612	NVARCHAR2	4000	Y	producao	2026-10-08
CPE_CSC	NUMERO_FLOAT1	613	NUMBER	22	Y	producao	2026-10-08
CPE_CSC	NUMERO_FLOAT2	614	NUMBER	22	Y	producao	2026-10-08
CPE_CSC	NUMERO_FLOAT3	615	NUMBER	22	Y	producao	2026-10-08
CPE_CSC	NUMERO_FLOAT4	616	NUMBER	22	Y	producao	2026-10-08
CPE_CSC	NUMERO_FLOAT5	617	NUMBER	22	Y	producao	2026-10-08
CPE_CSC	NUMERO_FLOAT6	618	NUMBER	22	Y	producao	2026-10-08
CPE_CSC	VALOR_CLASSIFICACAO	619	NUMBER	22	Y	producao	2026-10-08
CPE_CSC	TITULO_PROPOSTA	620	NVARCHAR2	500	Y	producao	2026-10-08
CPE_CSC	TEXT	621	NVARCHAR2	2000	Y	producao	2026-10-08
CPE_CSC	TEXT_1	622	NVARCHAR2	2000	Y	producao	2026-10-08
CPE_CSC	MEMO1	623	NVARCHAR2	3600	Y	producao	2026-10-08
CPE_CSC	DATA_PARA_PERIODO_DE	624	DATE	7	Y	producao	2026-10-08
CPE_CSC	DATA_PARA_PERIODO_ATE	625	DATE	7	Y	producao	2026-10-08
CPE_CSC	TEXT2	626	NVARCHAR2	500	Y	producao	2026-10-08
CPE_CSC	MEMO4	627	NVARCHAR2	3400	Y	producao	2026-10-08
CPE_CSC	SIM_NAO200	628	NVARCHAR2	500	Y	producao	2026-10-08
CPE_CSC	CODIGO_DO_SERVICO	629	NUMBER	22	Y	producao	2026-10-08
CPE_CSC	VALOR_UTILIZADO	630	NVARCHAR2	500	Y	producao	2026-10-08
CPE_CSC	FORNECEDOR8	631	NVARCHAR2	500	Y	producao	2026-10-08
CPE_CSC	DESCRICAO_UM	632	NVARCHAR2	4000	Y	producao	2026-10-08
CPE_CSC	DESCRICAO_OBRIG2	633	NVARCHAR2	4000	Y	producao	2026-10-08
CPE_CSC	SIM_NAO_FAT	634	NVARCHAR2	100	Y	producao	2026-10-08
CPE_CSC	DESCRICAO_DOIS	635	NVARCHAR2	4000	Y	producao	2026-10-08
CPE_CSC	CAMINHO	636	NVARCHAR2	500	Y	producao	2026-10-08
CPE_CSC	RESPONSAVEL_TAREFA_INICIAL	637	NVARCHAR2	500	Y	producao	2026-10-08
CP_ORDEM_SERVICO	ID_OCORRENCIA	1	NUMBER	22	N	producao	2026-10-08
CP_ORDEM_SERVICO	RES_BKP_GESTOR_RECURSO	2	NUMBER	22	Y	producao	2026-10-08
CP_ORDEM_SERVICO	CRUS_NOME	3	NVARCHAR2	500	Y	producao	2026-10-08
CP_ORDEM_SERVICO	CRUS_SNOME	4	NVARCHAR2	500	Y	producao	2026-10-08
CP_ORDEM_SERVICO	CRUS_ORGAO	5	NUMBER	22	Y	producao	2026-10-08
CP_ORDEM_SERVICO	CRUS_LOCAL	6	NUMBER	22	Y	producao	2026-10-08
CP_ORDEM_SERVICO	CRUS_FORNECEDOR	7	NUMBER	22	Y	producao	2026-10-08
CP_ORDEM_SERVICO	RECURSO_REST	8	NVARCHAR2	500	Y	producao	2026-10-08
CP_ORDEM_SERVICO	CRUS_EMAIL	9	NVARCHAR2	500	Y	producao	2026-10-08
CP_ORDEM_SERVICO	SERVIDOR	10	NVARCHAR2	500	Y	producao	2026-10-08
CP_ORDEM_SERVICO	SISTEMA	11	NVARCHAR2	500	Y	producao	2026-10-08
CP_ORDEM_SERVICO	SCHEMA	12	NVARCHAR2	500	Y	producao	2026-10-08
CP_ORDEM_SERVICO	EXECUCAO_PROPOSTA	13	DATE	7	Y	producao	2026-10-08
CP_ORDEM_SERVICO	HORA_EXECUCAO	14	NVARCHAR2	500	Y	producao	2026-10-08
CP_ORDEM_SERVICO	SITUACAO_SERVIDOR	15	NVARCHAR2	500	Y	producao	2026-10-08
CP_ORDEM_SERVICO	MOTIVO	16	NVARCHAR2	4000	Y	producao	2026-10-08
CP_ORDEM_SERVICO	INSTANCIA	17	NVARCHAR2	500	Y	producao	2026-10-08
CP_ORDEM_SERVICO	DATA_INICIO	18	DATE	7	Y	producao	2026-10-08
CP_ORDEM_SERVICO	DATA_FIM	19	DATE	7	Y	producao	2026-10-08
CP_ORDEM_SERVICO	NOME_SERV_APLIC	20	NVARCHAR2	500	Y	producao	2026-10-08
CP_ORDEM_SERVICO	NUMERO_DO_CHAMADO	21	NUMBER	22	Y	producao	2026-10-08
CP_ORDEM_SERVICO	NOME_SERV_CORREIO	22	NVARCHAR2	500	Y	producao	2026-10-08
CP_ORDEM_SERVICO	APLIC_NOTES	23	NVARCHAR2	500	Y	producao	2026-10-08
CP_ORDEM_SERVICO	DESKTOP	24	NVARCHAR2	200	Y	producao	2026-10-08
CP_ORDEM_SERVICO	GRUPOS_ESPECIALISTAS_EXTERNOS	25	NVARCHAR2	500	Y	producao	2026-10-08
CP_ORDEM_SERVICO	PASTA_DO_SERVIDOR_DE_ARQUIVOS	26	NVARCHAR2	500	Y	producao	2026-10-08
CP_ORDEM_SERVICO	TIPO_PERIFERICO	27	NVARCHAR2	500	Y	producao	2026-10-08
CP_ORDEM_SERVICO	SOFTWARE	28	NVARCHAR2	500	Y	producao	2026-10-08
CP_ORDEM_SERVICO	CARGO	29	NVARCHAR2	500	Y	producao	2026-10-08
CP_ORDEM_SERVICO	EFEITO	30	NVARCHAR2	500	Y	producao	2026-10-08
CP_ORDEM_SERVICO	TIPO_MUDANCA	31	NVARCHAR2	500	Y	producao	2026-10-08
CP_ORDEM_SERVICO	RETORNO	32	NVARCHAR2	500	Y	producao	2026-10-08
CP_ORDEM_SERVICO	TIPO_MAN_ACESSO	33	NVARCHAR2	500	Y	producao	2026-10-08
CP_ORDEM_SERVICO	SISTEMAS_BLOQUEIO	34	NVARCHAR2	500	Y	producao	2026-10-08
CP_ORDEM_SERVICO	TIPO_RDM	35	NVARCHAR2	500	Y	producao	2026-10-08
CP_ORDEM_SERVICO	ACESSO_TELEFONIA	36	NVARCHAR2	6	Y	producao	2026-10-08
CP_ORDEM_SERVICO	NOVA_SENHA	37	NVARCHAR2	500	Y	producao	2026-10-08
CP_ORDEM_SERVICO	RESET	38	NVARCHAR2	6	Y	producao	2026-10-08
CP_ORDEM_SERVICO	PATRIMONIO	39	NVARCHAR2	500	Y	producao	2026-10-08
CP_ORDEM_SERVICO	HARDWARE	40	NVARCHAR2	500	Y	producao	2026-10-08
CP_ORDEM_SERVICO	PARECER_KEY_USER	41	NVARCHAR2	500	Y	producao	2026-10-08
CP_ORDEM_SERVICO	LOCALIDADE	42	NVARCHAR2	500	Y	producao	2026-10-08
CP_ORDEM_SERVICO	CRITICIDADE	43	NVARCHAR2	500	Y	producao	2026-10-08
CP_ORDEM_SERVICO	COMPLEXIDADE	44	NVARCHAR2	500	Y	producao	2026-10-08
CP_ORDEM_SERVICO	REQUISITO	45	NVARCHAR2	600	Y	producao	2026-10-08
CP_ORDEM_SERVICO	ACESSO_DDD	46	NVARCHAR2	6	Y	producao	2026-10-08
CP_ORDEM_SERVICO	RAMAL	47	NVARCHAR2	100	Y	producao	2026-10-08
CP_ORDEM_SERVICO	ACESSO_DDI	48	NVARCHAR2	6	Y	producao	2026-10-08
CP_ORDEM_SERVICO	ACESSO_FIXO	49	NVARCHAR2	6	Y	producao	2026-10-08
CP_ORDEM_SERVICO	ACESSO_RAMAL	50	NVARCHAR2	6	Y	producao	2026-10-08
CP_ORDEM_SERVICO	ACESSO_CELULAR	51	NVARCHAR2	6	Y	producao	2026-10-08
CP_ORDEM_SERVICO	LOGON	52	NVARCHAR2	6	Y	producao	2026-10-08
CP_ORDEM_SERVICO	NOTESCLIENT	53	NVARCHAR2	6	Y	producao	2026-10-08
CP_ORDEM_SERVICO	WEBMAIL	54	NVARCHAR2	6	Y	producao	2026-10-08
CP_ORDEM_SERVICO	CHAVE_DE_ACESSO_SISBB	55	NVARCHAR2	500	Y	producao	2026-10-08
CP_ORDEM_SERVICO	GESTORCLIENTE	56	NVARCHAR2	500	Y	producao	2026-10-08
CP_ORDEM_SERVICO	SENHA_GESTOR	57	NVARCHAR2	6	Y	producao	2026-10-08
CP_ORDEM_SERVICO	SENHA_COLABORADOR	58	NVARCHAR2	6	Y	producao	2026-10-08
CP_ORDEM_SERVICO	TIPO_DE_ACESSO	59	NVARCHAR2	500	Y	producao	2026-10-08
CP_ORDEM_SERVICO	NOVA_FUNCIONALIDADE	60	NVARCHAR2	6	Y	producao	2026-10-08
CP_ORDEM_SERVICO	TIPO_DE_ACESSO_NOTES	61	NVARCHAR2	500	Y	producao	2026-10-08
CP_ORDEM_SERVICO	MATRICULAS	62	NVARCHAR2	500	Y	producao	2026-10-08
CP_ORDEM_SERVICO	ENDERECOMAC	63	NVARCHAR2	500	Y	producao	2026-10-08
CP_ORDEM_SERVICO	RISCO	64	NVARCHAR2	4000	Y	producao	2026-10-08
CP_ORDEM_SERVICO	SERVICO_INDISPONIVEL	65	NVARCHAR2	500	Y	producao	2026-10-08
CP_ORDEM_SERVICO	AMBIENTE	66	NVARCHAR2	500	Y	producao	2026-10-08
CP_ORDEM_SERVICO	ENDERECO	67	NVARCHAR2	500	Y	producao	2026-10-08
CP_ORDEM_SERVICO	CEP	68	NVARCHAR2	20	Y	producao	2026-10-08
CP_ORDEM_SERVICO	SERVICO_MATRIZ	69	NVARCHAR2	500	Y	producao	2026-10-08
CP_ORDEM_SERVICO	PRAZO	70	NVARCHAR2	500	Y	producao	2026-10-08
CP_ORDEM_SERVICO	OUTROS_PRAZO	71	NVARCHAR2	500	Y	producao	2026-10-08
CP_ORDEM_SERVICO	SOLICITACAO	72	NVARCHAR2	500	Y	producao	2026-10-08
CP_ORDEM_SERVICO	TIPO_DE_RESPOSTA	73	NVARCHAR2	500	Y	producao	2026-10-08
CP_ORDEM_SERVICO	NÚMERO_DO_PROCESSO_LICITATÓRIO	74	NVARCHAR2	500	Y	producao	2026-10-08
CP_ORDEM_SERVICO	TIPO_DE_LICITAÇÃO	75	NVARCHAR2	500	Y	producao	2026-10-08
CP_ORDEM_SERVICO	FORNECEDOR	76	NVARCHAR2	500	Y	producao	2026-10-08
CP_ORDEM_SERVICO	DGCO	77	NVARCHAR2	500	Y	producao	2026-10-08
CP_ORDEM_SERVICO	EMPRESAS_ENVOLVIDAS	78	NVARCHAR2	500	Y	producao	2026-10-08
CP_ORDEM_SERVICO	OBJETO	79	NVARCHAR2	500	Y	producao	2026-10-08
CP_ORDEM_SERVICO	ATIVIDADE	80	NVARCHAR2	500	Y	producao	2026-10-08
CP_ORDEM_SERVICO	JURORGAO	81	NVARCHAR2	500	Y	producao	2026-10-08
CP_ORDEM_SERVICO	REFERENCIA	82	NVARCHAR2	500	Y	producao	2026-10-08
CP_ORDEM_SERVICO	OBJETO_DO_CONTRATO	83	NVARCHAR2	500	Y	producao	2026-10-08
CP_ORDEM_SERVICO	OBJETO_DA_CONSULTA	84	NVARCHAR2	4000	Y	producao	2026-10-08
CP_ORDEM_SERVICO	OBJETO_DA_PROCURAÇÃO	85	NVARCHAR2	500	Y	producao	2026-10-08
CP_ORDEM_SERVICO	OBJETO_NI	86	NVARCHAR2	500	Y	producao	2026-10-08
CP_ORDEM_SERVICO	OBJETO_NT	87	NVARCHAR2	500	Y	producao	2026-10-08
CP_ORDEM_SERVICO	DATA_DO_DOCUMENTO	88	DATE	7	Y	producao	2026-10-08
CP_ORDEM_SERVICO	PRORROGAR_PRAZO	89	NUMBER	22	Y	producao	2026-10-08
CP_ORDEM_SERVICO	DATA_NOTIFICACAO	90	DATE	7	Y	producao	2026-10-08
CP_ORDEM_SERVICO	OBSERVACAO_FORNECEDOREXTERNO	91	NVARCHAR2	500	Y	producao	2026-10-08
CP_ORDEM_SERVICO	ESTIMATIVA_ESFORCO_TESTE	92	NUMBER	22	Y	producao	2026-10-08
CP_ORDEM_SERVICO	ESTIMATIVA_ESFORCO_CONSTRUCAO	93	NUMBER	22	Y	producao	2026-10-08
CP_ORDEM_SERVICO	TIPO_DE_MUDANCA	94	NVARCHAR2	500	Y	producao	2026-10-08
CP_ORDEM_SERVICO	PLANO_RETORNO	95	NVARCHAR2	500	Y	producao	2026-10-08
CP_ORDEM_SERVICO	EFEITO_MUDANCA	96	NVARCHAR2	500	Y	producao	2026-10-08
CP_ORDEM_SERVICO	RESPONSAVEL	97	NVARCHAR2	500	Y	producao	2026-10-08
CP_ORDEM_SERVICO	PRIORIDADE	98	NVARCHAR2	500	Y	producao	2026-10-08
CP_ORDEM_SERVICO	RESULTADO_TESTE	99	NVARCHAR2	500	Y	producao	2026-10-08
CP_ORDEM_SERVICO	PLANO	100	NVARCHAR2	500	Y	producao	2026-10-08
CP_ORDEM_SERVICO	TERMO_RESPONSABILIDADE	101	NVARCHAR2	3000	Y	producao	2026-10-08
CP_ORDEM_SERVICO	LOGIN	102	NVARCHAR2	500	Y	producao	2026-10-08
CP_ORDEM_SERVICO	SENHA_REDE	103	NVARCHAR2	20	Y	producao	2026-10-08
CP_ORDEM_SERVICO	EMAIL_EXTERNO	104	NVARCHAR2	500	Y	producao	2026-10-08
CP_ORDEM_SERVICO	SENHA_NOTES	105	NVARCHAR2	20	Y	producao	2026-10-08
CP_ORDEM_SERVICO	SENHA_WEBMAIL	106	NVARCHAR2	20	Y	producao	2026-10-08
CP_ORDEM_SERVICO	LOGIN_SISBB	107	NVARCHAR2	500	Y	producao	2026-10-08
CP_ORDEM_SERVICO	SENHA_SISBB	108	NUMBER	22	Y	producao	2026-10-08
CP_ORDEM_SERVICO	NOME	109	NVARCHAR2	500	Y	producao	2026-10-08
CP_ORDEM_SERVICO	CPF	110	NVARCHAR2	30	Y	producao	2026-10-08
CP_ORDEM_SERVICO	TIPO_USUARIO	111	NVARCHAR2	500	Y	producao	2026-10-08
CP_ORDEM_SERVICO	EMPRESA_TERCEIRIZADA	112	NVARCHAR2	500	Y	producao	2026-10-08
CP_ORDEM_SERVICO	SISBB	113	NVARCHAR2	6	Y	producao	2026-10-08
CP_ORDEM_SERVICO	MODULO_SISBB	114	NVARCHAR2	500	Y	producao	2026-10-08
CP_ORDEM_SERVICO	POLITICA_SEGURANCA	115	NVARCHAR2	1800	Y	producao	2026-10-08
CP_ORDEM_SERVICO	STRING_SERVID	116	NVARCHAR2	500	Y	producao	2026-10-08
CP_ORDEM_SERVICO	STRING_MODEL_TERCEIRIZADO	117	NVARCHAR2	500	Y	producao	2026-10-08
CP_ORDEM_SERVICO	SENHA	118	NVARCHAR2	500	Y	producao	2026-10-08
CP_ORDEM_SERVICO	GESTORES	119	NVARCHAR2	500	Y	producao	2026-10-08
CP_ORDEM_SERVICO	SISTEMA_CORPORATIVO	120	NVARCHAR2	500	Y	producao	2026-10-08
CP_ORDEM_SERVICO	TERCEIRIZADO	121	NVARCHAR2	500	Y	producao	2026-10-08
CP_ORDEM_SERVICO	STRING_ERP	122	NVARCHAR2	500	Y	producao	2026-10-08
CP_ORDEM_SERVICO	MODELO_COMUNICADO	123	NVARCHAR2	500	Y	producao	2026-10-08
CP_ORDEM_SERVICO	STRING_WEBMAIL	124	NVARCHAR2	500	Y	producao	2026-10-08
CP_ORDEM_SERVICO	REMETENTE	125	NVARCHAR2	500	Y	producao	2026-10-08
CP_ORDEM_SERVICO	ASSUNTO	126	NVARCHAR2	1000	Y	producao	2026-10-08
CP_ORDEM_SERVICO	CAIXA_DEPARTAMENTAL	127	NVARCHAR2	500	Y	producao	2026-10-08
CP_ORDEM_SERVICO	DATA_HORA	128	DATE	7	Y	producao	2026-10-08
CP_ORDEM_SERVICO	LIBERAR_PARA	129	NVARCHAR2	500	Y	producao	2026-10-08
CP_ORDEM_SERVICO	CLASSE_USUARIO	130	NVARCHAR2	500	Y	producao	2026-10-08
CP_ORDEM_SERVICO	EMAIL_CAIXA	131	NVARCHAR2	500	Y	producao	2026-10-08
CP_ORDEM_SERVICO	NOME_CAIXA_DEP	132	NVARCHAR2	500	Y	producao	2026-10-08
CP_ORDEM_SERVICO	STRING_ORGAO_FAV	133	NVARCHAR2	500	Y	producao	2026-10-08
CP_ORDEM_SERVICO	NOME_GRUPO	134	NVARCHAR2	500	Y	producao	2026-10-08
CP_ORDEM_SERVICO	TIPO_GRUPO	135	NVARCHAR2	500	Y	producao	2026-10-08
CP_ORDEM_SERVICO	URL	136	NVARCHAR2	500	Y	producao	2026-10-08
CP_ORDEM_SERVICO	APLICACAO	137	NVARCHAR2	500	Y	producao	2026-10-08
CP_ORDEM_SERVICO	TAMANHO_COTA_EMAIL	138	NVARCHAR2	500	Y	producao	2026-10-08
CP_ORDEM_SERVICO	SICON	139	NVARCHAR2	6	Y	producao	2026-10-08
CP_ORDEM_SERVICO	COLAB_BASA	140	NVARCHAR2	500	Y	producao	2026-10-08
CP_ORDEM_SERVICO	ALCADA_SUFICIENTE	141	NVARCHAR2	500	Y	producao	2026-10-08
CP_ORDEM_SERVICO	GESTOR_INFO	142	NVARCHAR2	500	Y	producao	2026-10-08
CP_ORDEM_SERVICO	GRUPO_PROJETO	143	NVARCHAR2	500	Y	producao	2026-10-08
CP_ORDEM_SERVICO	GERENTE_PROJETO	144	NVARCHAR2	500	Y	producao	2026-10-08
CP_ORDEM_SERVICO	NOME_PROJETO	145	NVARCHAR2	500	Y	producao	2026-10-08
CP_ORDEM_SERVICO	POSSUI_RESERVA	146	NVARCHAR2	6	Y	producao	2026-10-08
CP_ORDEM_SERVICO	STRING_POSSUI_RESERVA	147	NVARCHAR2	500	Y	producao	2026-10-08
CP_ORDEM_SERVICO	MOTIVO_SOL	148	NVARCHAR2	500	Y	producao	2026-10-08
CP_ORDEM_SERVICO	AREA_SOL_CAIXA_DEP	149	NVARCHAR2	500	Y	producao	2026-10-08
CP_ORDEM_SERVICO	PERMANENTE	150	NVARCHAR2	6	Y	producao	2026-10-08
CP_ORDEM_SERVICO	SCR_ORIGEM	151	NUMBER	22	Y	producao	2026-10-08
CP_ORDEM_SERVICO	DATA_POSSE	152	DATE	7	Y	producao	2026-10-08
CP_ORDEM_SERVICO	STRING_SCR	153	NVARCHAR2	500	Y	producao	2026-10-08
CP_ORDEM_SERVICO	CONTROLE_NOVOCOLAB	154	NVARCHAR2	6	Y	producao	2026-10-08
CP_ORDEM_SERVICO	SOLICITAR_ACESSO	155	NVARCHAR2	500	Y	producao	2026-10-08
CP_ORDEM_SERVICO	INSTALACAO_SOFTWARE	156	NVARCHAR2	6	Y	producao	2026-10-08
CP_ORDEM_SERVICO	TIPO_DE_SERVICO_MATERIAL	157	NVARCHAR2	500	Y	producao	2026-10-08
CP_ORDEM_SERVICO	ERAT	158	NVARCHAR2	500	Y	producao	2026-10-08
CP_ORDEM_SERVICO	EMPRESA_RESPONSAVEL	159	NVARCHAR2	500	Y	producao	2026-10-08
CP_ORDEM_SERVICO	OSBB	160	NVARCHAR2	28	Y	producao	2026-10-08
CP_ORDEM_SERVICO	NUMERO_DA_OV_CHAMADO	161	NUMBER	22	Y	producao	2026-10-08
CP_ORDEM_SERVICO	CPF_ADMISSIONAL	162	NVARCHAR2	24	Y	producao	2026-10-08
CP_ORDEM_SERVICO	LOCALIDADE_DO_ERRO	163	NVARCHAR2	500	Y	producao	2026-10-08
CP_ORDEM_SERVICO	MANTENEDOR	164	NVARCHAR2	500	Y	producao	2026-10-08
CP_ORDEM_SERVICO	CHAMADO_COBRA	165	NUMBER	22	Y	producao	2026-10-08
CP_ORDEM_SERVICO	MATRICULA_COLABORADOR	166	NVARCHAR2	500	Y	producao	2026-10-08
CP_ORDEM_SERVICO	ESPECIALIDADES	167	NVARCHAR2	500	Y	producao	2026-10-08
CP_ORDEM_SERVICO	DESCRIÇÃO_OPCIONAL	168	NVARCHAR2	500	Y	producao	2026-10-08
CP_ORDEM_SERVICO	CODIGO_DO_EQUIPAMENTO_PAI	169	NUMBER	22	Y	producao	2026-10-08
CP_ORDEM_SERVICO	MATRICULA_TECNICO	170	NUMBER	22	Y	producao	2026-10-08
CP_ORDEM_SERVICO	COD_PECA_CHAMADO	171	NVARCHAR2	22	Y	producao	2026-10-08
CP_ORDEM_SERVICO	TECNICO_RESIDENTE	172	NVARCHAR2	6	Y	producao	2026-10-08
CP_ORDEM_SERVICO	TIPO_DE_SUPORTE_ARS	173	NVARCHAR2	500	Y	producao	2026-10-08
CP_ORDEM_SERVICO	GESTORTECNICO	174	NVARCHAR2	500	Y	producao	2026-10-08
CP_ORDEM_SERVICO	NOME_COLABORADOR	175	NVARCHAR2	500	Y	producao	2026-10-08
CP_ORDEM_SERVICO	DESCRIÇÃO_OBRIGATORIA	176	NVARCHAR2	4000	Y	producao	2026-10-08
CP_ORDEM_SERVICO	DATA_RETORNO	177	DATE	7	Y	producao	2026-10-08
CP_ORDEM_SERVICO	CNPJ	178	NVARCHAR2	500	Y	producao	2026-10-08
CP_ORDEM_SERVICO	CHAMADO_PARCEIRO	179	NVARCHAR2	20	Y	producao	2026-10-08
CP_ORDEM_SERVICO	SCR1	180	NUMBER	22	Y	producao	2026-10-08
CP_ORDEM_SERVICO	MATRICULA_DUPLICADA	181	NVARCHAR2	6	Y	producao	2026-10-08
CP_ORDEM_SERVICO	CHAMADO_COBRA_1	182	NVARCHAR2	30	Y	producao	2026-10-08
CP_ORDEM_SERVICO	SAC	183	NVARCHAR2	28	Y	producao	2026-10-08
CP_ORDEM_SERVICO	CLAUSULA_CONTRATUAL	184	NVARCHAR2	500	Y	producao	2026-10-08
CP_ORDEM_SERVICO	MULTA	185	NVARCHAR2	400	Y	producao	2026-10-08
CP_ORDEM_SERVICO	NÚMERO_DA_NOTA_FISCAL	186	NVARCHAR2	500	Y	producao	2026-10-08
CP_ORDEM_SERVICO	INCIDE_INSS	187	NVARCHAR2	500	Y	producao	2026-10-08
CP_ORDEM_SERVICO	DATA_EMISSAO	188	DATE	7	Y	producao	2026-10-08
CP_ORDEM_SERVICO	DATA_VENCIMENTO	189	DATE	7	Y	producao	2026-10-08
CP_ORDEM_SERVICO	VALOR_NOTA	190	NVARCHAR2	200	Y	producao	2026-10-08
CP_ORDEM_SERVICO	NUMEROS_DAS_OCS	191	NVARCHAR2	200	Y	producao	2026-10-08
CP_ORDEM_SERVICO	TROCA_MATRICULA	192	NVARCHAR2	6	Y	producao	2026-10-08
CP_ORDEM_SERVICO	VISIBILIDADE	193	NVARCHAR2	500	Y	producao	2026-10-08
CP_ORDEM_SERVICO	FAVORECIDO_CUSTOM	194	NUMBER	22	Y	producao	2026-10-08
CP_ORDEM_SERVICO	LISTA_APROVADORES	195	NVARCHAR2	500	Y	producao	2026-10-08
CP_ORDEM_SERVICO	NUM_PATRIMONIO	196	NVARCHAR2	30	Y	producao	2026-10-08
CP_ORDEM_SERVICO	SCR_DESTINO	197	NUMBER	22	Y	producao	2026-10-08
CP_ORDEM_SERVICO	ANALISE_SOLICITACAO	198	NVARCHAR2	500	Y	producao	2026-10-08
CP_ORDEM_SERVICO	TIPO_DE_IDENTIDADE	199	NVARCHAR2	500	Y	producao	2026-10-08
CP_ORDEM_SERVICO	DATA_ENTRADA	200	DATE	7	Y	producao	2026-10-08
CP_ORDEM_SERVICO	DATA_RETIRADA	201	DATE	7	Y	producao	2026-10-08
CP_ORDEM_SERVICO	SISTEMA_OPERACIONAL	202	NVARCHAR2	500	Y	producao	2026-10-08
CP_ORDEM_SERVICO	PARECER_PLANEJAMENTO	203	NVARCHAR2	4000	Y	producao	2026-10-08
CP_ORDEM_SERVICO	NUMERO_MP	204	NVARCHAR2	500	Y	producao	2026-10-08
CP_ORDEM_SERVICO	DATA_RESTAURACAO	205	DATE	7	Y	producao	2026-10-08
CP_ORDEM_SERVICO	EMAIL	206	NVARCHAR2	500	Y	producao	2026-10-08
CP_ORDEM_SERVICO	PASTA_DE_ARQUIVOS	207	NVARCHAR2	500	Y	producao	2026-10-08
CP_ORDEM_SERVICO	ARQUIVOS	208	NVARCHAR2	500	Y	producao	2026-10-08
CP_ORDEM_SERVICO	ARQ_PASTA	209	NVARCHAR2	6	Y	producao	2026-10-08
CP_ORDEM_SERVICO	MOTIVO_AUDIT	210	NVARCHAR2	4000	Y	producao	2026-10-08
CP_ORDEM_SERVICO	NUM_SEQ	211	NVARCHAR2	500	Y	producao	2026-10-08
CP_ORDEM_SERVICO	ORGAO_EMITENTE	212	NVARCHAR2	500	Y	producao	2026-10-08
CP_ORDEM_SERVICO	CRITICIDADE_AUDIT	213	NVARCHAR2	500	Y	producao	2026-10-08
CP_ORDEM_SERVICO	NUM_ITEM	214	NVARCHAR2	60	Y	producao	2026-10-08
CP_ORDEM_SERVICO	GESTORES_RESPONSA	215	NVARCHAR2	500	Y	producao	2026-10-08
CP_ORDEM_SERVICO	PRAZO_INICIAL	216	DATE	7	Y	producao	2026-10-08
CP_ORDEM_SERVICO	PRAZO_FINAL	217	DATE	7	Y	producao	2026-10-08
CP_ORDEM_SERVICO	RESPONSAVEL_APROV	218	NVARCHAR2	500	Y	producao	2026-10-08
CP_ORDEM_SERVICO	NOVO_PRAZO	219	DATE	7	Y	producao	2026-10-08
CP_ORDEM_SERVICO	DIRETORES	220	NVARCHAR2	500	Y	producao	2026-10-08
CP_ORDEM_SERVICO	NUM_DOCU	221	NVARCHAR2	500	Y	producao	2026-10-08
CP_ORDEM_SERVICO	MOTIVO_DIRETOR	222	NVARCHAR2	2000	Y	producao	2026-10-08
CP_ORDEM_SERVICO	NUM_REPROG	223	NVARCHAR2	6	Y	producao	2026-10-08
CP_ORDEM_SERVICO	CONAD	224	NVARCHAR2	6	Y	producao	2026-10-08
CP_ORDEM_SERVICO	PRESI	225	NVARCHAR2	6	Y	producao	2026-10-08
CP_ORDEM_SERVICO	COAUD	226	NVARCHAR2	6	Y	producao	2026-10-08
CP_ORDEM_SERVICO	AUDIT1	227	NVARCHAR2	6	Y	producao	2026-10-08
CP_ORDEM_SERVICO	DIRETOR	228	NVARCHAR2	6	Y	producao	2026-10-08
CP_ORDEM_SERVICO	ATRASO	229	NUMBER	22	Y	producao	2026-10-08
CP_ORDEM_SERVICO	MOTIVO_GEREX	230	NVARCHAR2	4000	Y	producao	2026-10-08
CP_ORDEM_SERVICO	ESTADO	231	NVARCHAR2	500	Y	producao	2026-10-08
CP_ORDEM_SERVICO	MES	232	NVARCHAR2	500	Y	producao	2026-10-08
CP_ORDEM_SERVICO	RESPOSTA_RECLAMACAO_SAUDE	233	NVARCHAR2	1000	Y	producao	2026-10-08
CP_ORDEM_SERVICO	NOME_SAUDE	234	NVARCHAR2	500	Y	producao	2026-10-08
CP_ORDEM_SERVICO	CRM_CNPJ	235	NVARCHAR2	500	Y	producao	2026-10-08
CP_ORDEM_SERVICO	TELEFONE	236	NVARCHAR2	500	Y	producao	2026-10-08
CP_ORDEM_SERVICO	RESPOSTA_SOLICITACAO_SAUDE	237	NVARCHAR2	500	Y	producao	2026-10-08
CP_ORDEM_SERVICO	MOTIVO_SAUDE	238	NVARCHAR2	2000	Y	producao	2026-10-08
CP_ORDEM_SERVICO	RESPONSAVEL_APROVA_PRESI	239	NVARCHAR2	500	Y	producao	2026-10-08
CP_ORDEM_SERVICO	RESPONSAVEL_APROVA_AUDIT	240	NVARCHAR2	500	Y	producao	2026-10-08
CP_ORDEM_SERVICO	MOTIVO_PRESI	241	NVARCHAR2	4000	Y	producao	2026-10-08
CP_ORDEM_SERVICO	DATA_APROVACAO	242	DATE	7	Y	producao	2026-10-08
CP_ORDEM_SERVICO	DIRETOR_RESPONSA	243	NVARCHAR2	500	Y	producao	2026-10-08
CP_ORDEM_SERVICO	DATA_APROVACAO_AUDIT	244	DATE	7	Y	producao	2026-10-08
CP_ORDEM_SERVICO	DATA_APROVACAO_PRESI	245	DATE	7	Y	producao	2026-10-08
CP_ORDEM_SERVICO	NOME_CONTROLE_SAUDE	246	NVARCHAR2	500	Y	producao	2026-10-08
CP_ORDEM_SERVICO	PARECER_AUDIT	247	NVARCHAR2	4000	Y	producao	2026-10-08
CP_ORDEM_SERVICO	ANALISE_IMPACTO	248	NVARCHAR2	500	Y	producao	2026-10-08
CP_ORDEM_SERVICO	EXCLUIR_SAUDE	249	NVARCHAR2	500	Y	producao	2026-10-08
CP_ORDEM_SERVICO	NOVO_PLANO	250	NVARCHAR2	500	Y	producao	2026-10-08
CP_ORDEM_SERVICO	LOCALIDADE_SAUDE	251	NVARCHAR2	500	Y	producao	2026-10-08
CP_ORDEM_SERVICO	ESPECIALIDADE_SAUDE	252	NVARCHAR2	500	Y	producao	2026-10-08
CP_ORDEM_SERVICO	JUSTIFICATIVA_SAUDE	253	NVARCHAR2	2000	Y	producao	2026-10-08
CP_ORDEM_SERVICO	NUMERO_OS	254	NVARCHAR2	500	Y	producao	2026-10-08
CP_ORDEM_SERVICO	BANCO	255	NVARCHAR2	500	Y	producao	2026-10-08
CP_ORDEM_SERVICO	AGENCIA	256	NVARCHAR2	500	Y	producao	2026-10-08
CP_ORDEM_SERVICO	CONTA_CORRENTE	257	NVARCHAR2	500	Y	producao	2026-10-08
CP_ORDEM_SERVICO	TIPO_PLANO_CLIENTE	258	NVARCHAR2	500	Y	producao	2026-10-08
CP_ORDEM_SERVICO	MOTIVO_REEMBOLSO_SAUDE	259	NVARCHAR2	500	Y	producao	2026-10-08
CP_ORDEM_SERVICO	SCR_CRIADO	260	NUMBER	22	Y	producao	2026-10-08
CP_ORDEM_SERVICO	GESTOR_PATRIMONIALEMI	261	NVARCHAR2	500	Y	producao	2026-10-08
CP_ORDEM_SERVICO	GESTOR_PATRIMONIAL	262	NVARCHAR2	500	Y	producao	2026-10-08
CP_ORDEM_SERVICO	DESCRICAO_BEM	263	NVARCHAR2	500	Y	producao	2026-10-08
CP_ORDEM_SERVICO	NUMERO_SERIE	264	NVARCHAR2	40	Y	producao	2026-10-08
CP_ORDEM_SERVICO	ACAO_TOMADA	265	NVARCHAR2	4000	Y	producao	2026-10-08
CP_ORDEM_SERVICO	BEM_LOCALIZADO	266	NVARCHAR2	500	Y	producao	2026-10-08
CP_ORDEM_SERVICO	NUM_PATRIM_ORIGINAL	267	NUMBER	22	Y	producao	2026-10-08
CP_ORDEM_SERVICO	NUM_NOTA_FISCAL	268	NUMBER	22	Y	producao	2026-10-08
CP_ORDEM_SERVICO	ESTADO_BEM	269	NVARCHAR2	500	Y	producao	2026-10-08
CP_ORDEM_SERVICO	VIABILIDADE_TRANSFERENCIA	270	NVARCHAR2	500	Y	producao	2026-10-08
CP_ORDEM_SERVICO	MUDANCA_ESTABELECIMENTO	271	NVARCHAR2	500	Y	producao	2026-10-08
CP_ORDEM_SERVICO	SAUDE_TIPO	272	NVARCHAR2	500	Y	producao	2026-10-08
CP_ORDEM_SERVICO	ALTERADO_AMIL	273	NVARCHAR2	500	Y	producao	2026-10-08
CP_ORDEM_SERVICO	ALTERADO_SAUDE	274	NVARCHAR2	500	Y	producao	2026-10-08
CP_ORDEM_SERVICO	CELULAR	275	NVARCHAR2	500	Y	producao	2026-10-08
CP_ORDEM_SERVICO	DATA_NASCIMENTO	276	DATE	7	Y	producao	2026-10-08
CP_ORDEM_SERVICO	SEXO	277	NVARCHAR2	500	Y	producao	2026-10-08
CP_ORDEM_SERVICO	NOME_MAE	278	NVARCHAR2	500	Y	producao	2026-10-08
CP_ORDEM_SERVICO	DESC_CPF_BENF	279	NVARCHAR2	6	Y	producao	2026-10-08
CP_ORDEM_SERVICO	TIPO_INCLUSAO_PLANO	280	NVARCHAR2	500	Y	producao	2026-10-08
CP_ORDEM_SERVICO	MARCA_OTICA	281	NVARCHAR2	500	Y	producao	2026-10-08
CP_ORDEM_SERVICO	DATA_HORA_ENVIO	282	DATE	7	Y	producao	2026-10-08
CP_ORDEM_SERVICO	DATA_PROCESSAMENTO_SAUDE	283	DATE	7	Y	producao	2026-10-08
CP_ORDEM_SERVICO	VALOR_SAUDE	284	NUMBER	22	Y	producao	2026-10-08
CP_ORDEM_SERVICO	DATA_PAGAMENTO_SAUDE	285	DATE	7	Y	producao	2026-10-08
CP_ORDEM_SERVICO	PEC_DECLARACAO	286	NVARCHAR2	6	Y	producao	2026-10-08
CP_ORDEM_SERVICO	PEC_JUSTIFICATIVA	287	NVARCHAR2	4000	Y	producao	2026-10-08
CP_ORDEM_SERVICO	PEC_FUNCAO_GRATIFICADA	288	NVARCHAR2	500	Y	producao	2026-10-08
CP_ORDEM_SERVICO	PEC_PERIODO	289	NVARCHAR2	500	Y	producao	2026-10-08
CP_ORDEM_SERVICO	PEC_AREA_INTERESSE	290	NVARCHAR2	500	Y	producao	2026-10-08
CP_ORDEM_SERVICO	PEC_TIPO	291	NVARCHAR2	500	Y	producao	2026-10-08
CP_ORDEM_SERVICO	PEC_AVALIACAO_DESEMPENHO	292	NVARCHAR2	500	Y	producao	2026-10-08
CP_ORDEM_SERVICO	PEC_REGIAO	293	NVARCHAR2	500	Y	producao	2026-10-08
CP_ORDEM_SERVICO	PEC_CARGO	294	NVARCHAR2	500	Y	producao	2026-10-08
CP_ORDEM_SERVICO	PEC_PREVISAO_CONCLUSAO	295	DATE	7	Y	producao	2026-10-08
CP_ORDEM_SERVICO	PEC_JUSTIFICATICA_RH	296	NVARCHAR2	500	Y	producao	2026-10-08
CP_ORDEM_SERVICO	PEC_PONTUACAO_TOTAL	297	NUMBER	22	Y	producao	2026-10-08
CP_ORDEM_SERVICO	N_CONTRATO_CONSIG	298	NVARCHAR2	500	Y	producao	2026-10-08
CP_ORDEM_SERVICO	CONTRATO_ANTIGO_CONSIG	299	NVARCHAR2	500	Y	producao	2026-10-08
CP_ORDEM_SERVICO	NOVO_CONTRATO_CONSIG	300	NVARCHAR2	500	Y	producao	2026-10-08
CP_ORDEM_SERVICO	PRAZO_CONSIG	301	NUMBER	22	Y	producao	2026-10-08
CP_ORDEM_SERVICO	VALOR_PRESTACAO_CONSIG	302	NUMBER	22	Y	producao	2026-10-08
CP_ORDEM_SERVICO	DATA_SOLICITACAO_CONSIG	303	DATE	7	Y	producao	2026-10-08
CP_ORDEM_SERVICO	ACEITE_CONSIG	304	NVARCHAR2	6	Y	producao	2026-10-08
CP_ORDEM_SERVICO	LIMITE_CONSIG	305	NUMBER	22	Y	producao	2026-10-08
CP_ORDEM_SERVICO	VALOR_PRESTACAO_EC	306	NUMBER	22	Y	producao	2026-10-08
CP_ORDEM_SERVICO	VALOR_NOTA_FISCAL	307	NUMBER	22	Y	producao	2026-10-08
CP_ORDEM_SERVICO	VALOR_TOTAL_REEMBOLSO	308	NUMBER	22	Y	producao	2026-10-08
CP_ORDEM_SERVICO	VALOR_REEMBOLSO	309	NUMBER	22	Y	producao	2026-10-08
CP_ORDEM_SERVICO	RESPOSTA_EM_PARTES_REEMBOLSO	310	NVARCHAR2	500	Y	producao	2026-10-08
CP_ORDEM_SERVICO	RESPOSTA_REPROVACAO_REEMBOLSO	311	NVARCHAR2	4000	Y	producao	2026-10-08
CP_ORDEM_SERVICO	RESPONSAVEL_MOV	312	NVARCHAR2	500	Y	producao	2026-10-08
CP_ORDEM_SERVICO	LB_NOME_CLIENTE	313	NVARCHAR2	500	Y	producao	2026-10-08
CP_ORDEM_SERVICO	LB_NUM_PROPOSTA_COMERCIAL	314	NVARCHAR2	500	Y	producao	2026-10-08
CP_ORDEM_SERVICO	LB_NUM_DGCO	315	NVARCHAR2	500	Y	producao	2026-10-08
CP_ORDEM_SERVICO	LB_NOME_PROJETO	316	NVARCHAR2	500	Y	producao	2026-10-08
CP_ORDEM_SERVICO	LB_DIRETORIA_RESP	317	NVARCHAR2	500	Y	producao	2026-10-08
CP_ORDEM_SERVICO	LB_TIPO_ENQUADRAMENTO	318	NVARCHAR2	500	Y	producao	2026-10-08
CP_ORDEM_SERVICO	LB_INF_MCTI	319	NVARCHAR2	500	Y	producao	2026-10-08
CP_ORDEM_SERVICO	LB_PROJETO_PATENT	320	NVARCHAR2	500	Y	producao	2026-10-08
CP_ORDEM_SERVICO	LB_ROTULO_02	321	NVARCHAR2	500	Y	producao	2026-10-08
CP_ORDEM_SERVICO	LB_DESCRI_PROJE	322	NVARCHAR2	4000	Y	producao	2026-10-08
CP_ORDEM_SERVICO	LB_ROTULO_05	323	NVARCHAR2	500	Y	producao	2026-10-08
CP_ORDEM_SERVICO	LB_INOV_PROD_APERFEICOA	324	NVARCHAR2	500	Y	producao	2026-10-08
CP_ORDEM_SERVICO	LB_INOV_PROD_EXISTE	325	NVARCHAR2	500	Y	producao	2026-10-08
CP_ORDEM_SERVICO	LB_INOV_DESC_RELEV	326	NVARCHAR2	4000	Y	producao	2026-10-08
CP_ORDEM_SERVICO	LB_ROTULO_06	327	NVARCHAR2	500	Y	producao	2026-10-08
CP_ORDEM_SERVICO	LB_INOV_PROC_APERFEICOA	328	NVARCHAR2	500	Y	producao	2026-10-08
CP_ORDEM_SERVICO	LB_INOV_DESC_RELEV_PROCESS	329	NVARCHAR2	4000	Y	producao	2026-10-08
CP_ORDEM_SERVICO	LB_ROTULO_03	330	NVARCHAR2	500	Y	producao	2026-10-08
CP_ORDEM_SERVICO	LB_ANO_BASE_DISP	331	NUMBER	22	Y	producao	2026-10-08
CP_ORDEM_SERVICO	LB_VL_DISP_RH	332	NVARCHAR2	500	Y	producao	2026-10-08
CP_ORDEM_SERVICO	LB_VL_DISP_SER_TER	333	NVARCHAR2	500	Y	producao	2026-10-08
CP_ORDEM_SERVICO	LB_VL_DISP_REC_CONT	334	NVARCHAR2	500	Y	producao	2026-10-08
CP_ORDEM_SERVICO	LB_VL_DISP_TRANS	335	NVARCHAR2	500	Y	producao	2026-10-08
CP_ORDEM_SERVICO	LB_VL_DISP_MAT_CONS	336	NVARCHAR2	500	Y	producao	2026-10-08
CP_ORDEM_SERVICO	LB_VL_DISP_BENS_INTA	337	NVARCHAR2	500	Y	producao	2026-10-08
CP_ORDEM_SERVICO	LB_VL_DISP_EQUIP_NAC	338	NVARCHAR2	500	Y	producao	2026-10-08
CP_ORDEM_SERVICO	LB_VL_DISP_EQUIP_IMP	339	NVARCHAR2	500	Y	producao	2026-10-08
CP_ORDEM_SERVICO	LB_VL_DISP_MAT_PERM	340	NVARCHAR2	500	Y	producao	2026-10-08
CP_ORDEM_SERVICO	LB_VL_DISP_OUTROS	341	NVARCHAR2	500	Y	producao	2026-10-08
CP_ORDEM_SERVICO	LB_VL_DISP_TOTAL	342	NVARCHAR2	500	Y	producao	2026-10-08
CP_ORDEM_SERVICO	LB_ROTULO_04	343	NVARCHAR2	500	Y	producao	2026-10-08
CP_ORDEM_SERVICO	LB_ESPECIFI_DESPESA	344	NVARCHAR2	4000	Y	producao	2026-10-08
CP_ORDEM_SERVICO	LB_ROTULO_07	345	NVARCHAR2	4000	Y	producao	2026-10-08
CP_ORDEM_SERVICO	LB_INF_ADICIONAIS	346	NVARCHAR2	4000	Y	producao	2026-10-08
CP_ORDEM_SERVICO	NN_JUSTIFICATIVA	347	NVARCHAR2	500	Y	producao	2026-10-08
CP_ORDEM_SERVICO	PPREESPONSAVEL_RELACIONAMENTO	348	NVARCHAR2	500	Y	producao	2026-10-08
CP_ORDEM_SERVICO	PEC_VALOR_REEMBOLSO	349	NUMBER	22	Y	producao	2026-10-08
CP_ORDEM_SERVICO	PEC_EDITAL	350	NVARCHAR2	500	Y	producao	2026-10-08
CP_ORDEM_SERVICO	PEC_TIPO_REEMBOLSO	351	NVARCHAR2	500	Y	producao	2026-10-08
CP_ORDEM_SERVICO	PEC_MENSALIDADE	352	NUMBER	22	Y	producao	2026-10-08
CP_ORDEM_SERVICO	PEC_VENCIMENTO_MENSAL	353	DATE	7	Y	producao	2026-10-08
CP_ORDEM_SERVICO	PEC_AREA_INTERESSE_R	354	NVARCHAR2	500	Y	producao	2026-10-08
CP_ORDEM_SERVICO	PEC_CURSO	355	NVARCHAR2	500	Y	producao	2026-10-08
CP_ORDEM_SERVICO	PEC_NOME_CURSO	356	NVARCHAR2	500	Y	producao	2026-10-08
CP_ORDEM_SERVICO	PEC_INSTITUICAO	357	NVARCHAR2	500	Y	producao	2026-10-08
CP_ORDEM_SERVICO	PEC_VALOR_CURSO	358	NUMBER	22	Y	producao	2026-10-08
CP_ORDEM_SERVICO	PEC_MESES_TOTAL	359	NVARCHAR2	500	Y	producao	2026-10-08
CP_ORDEM_SERVICO	PEC_DATA_MATRICULA	360	DATE	7	Y	producao	2026-10-08
CP_ORDEM_SERVICO	PEC_PRESTACAO_TOTAL	361	NUMBER	22	Y	producao	2026-10-08
CP_ORDEM_SERVICO	PEC_PRESTACAO_VENCER	362	NUMBER	22	Y	producao	2026-10-08
CP_ORDEM_SERVICO	CORREIO	363	NVARCHAR2	6	Y	producao	2026-10-08
CP_ORDEM_SERVICO	FORNECEDOR1	364	NVARCHAR2	500	Y	producao	2026-10-08
CP_ORDEM_SERVICO	MODULO_DOCNIX	365	NVARCHAR2	500	Y	producao	2026-10-08
CP_ORDEM_SERVICO	TIPO_VT	366	NVARCHAR2	500	Y	producao	2026-10-08
CP_ORDEM_SERVICO	SIC_VT	367	NVARCHAR2	500	Y	producao	2026-10-08
CP_ORDEM_SERVICO	CT_VT	368	NVARCHAR2	500	Y	producao	2026-10-08
CP_ORDEM_SERVICO	BAIRRO	369	NVARCHAR2	500	Y	producao	2026-10-08
CP_ORDEM_SERVICO	CIDADE	370	NVARCHAR2	60	Y	producao	2026-10-08
CP_ORDEM_SERVICO	ENDERECO_COMPLEMENTO	371	NVARCHAR2	500	Y	producao	2026-10-08
CP_ORDEM_SERVICO	ENDERECO_NUMERO	372	NUMBER	22	Y	producao	2026-10-08
CP_ORDEM_SERVICO	VALOR_TOTAL_VT	373	NUMBER	22	Y	producao	2026-10-08
CP_ORDEM_SERVICO	LB_ROTULO_01	374	NVARCHAR2	500	Y	producao	2026-10-08
CP_ORDEM_SERVICO	MULTIDATA_DOCNIX	375	NVARCHAR2	4000	Y	producao	2026-10-08
CP_ORDEM_SERVICO	TIPO_DEMANDA_DOCNIX	376	NVARCHAR2	500	Y	producao	2026-10-08
CP_ORDEM_SERVICO	CHAMADO_MULTIDATA	377	NVARCHAR2	500	Y	producao	2026-10-08
CP_ORDEM_SERVICO	NUM_VERSAO	378	NUMBER	22	Y	producao	2026-10-08
CP_ORDEM_SERVICO	SIC_RESPOSTA_SOLICITACAO	379	NVARCHAR2	4000	Y	producao	2026-10-08
CP_ORDEM_SERVICO	SIC_DATA_INICIAL	380	DATE	7	Y	producao	2026-10-08
CP_ORDEM_SERVICO	SIC_CIDADAO_NOME	381	NVARCHAR2	200	Y	producao	2026-10-08
CP_ORDEM_SERVICO	SIC_CIDADAO_TELEFONE	382	NVARCHAR2	500	Y	producao	2026-10-08
CP_ORDEM_SERVICO	SIC_CIDADAO_EMAIL	383	NVARCHAR2	200	Y	producao	2026-10-08
CP_ORDEM_SERVICO	SIC_DESC_INFORMACAO	384	NVARCHAR2	2000	Y	producao	2026-10-08
CP_ORDEM_SERVICO	VERSAO	385	NVARCHAR2	24	Y	producao	2026-10-08
CP_ORDEM_SERVICO	SCR_MOVI	386	NUMBER	22	Y	producao	2026-10-08
CP_ORDEM_SERVICO	EMAIL_CAIXA_COM	387	NVARCHAR2	200	Y	producao	2026-10-08
CP_ORDEM_SERVICO	NOME_SCR_ORIGEM	388	NVARCHAR2	500	Y	producao	2026-10-08
CP_ORDEM_SERVICO	NOME_SCR_DESTINO	389	NVARCHAR2	500	Y	producao	2026-10-08
CP_ORDEM_SERVICO	EMAIL_COLAB	390	NVARCHAR2	400	Y	producao	2026-10-08
CP_ORDEM_SERVICO	SIGILO	391	NVARCHAR2	500	Y	producao	2026-10-08
CP_ORDEM_SERVICO	ORGAO_CLIENTE	392	NVARCHAR2	600	Y	producao	2026-10-08
CP_ORDEM_SERVICO	TELEFONE_CLIENTE	393	NVARCHAR2	600	Y	producao	2026-10-08
CP_ORDEM_SERVICO	CLIENTE_INICIAL	394	NVARCHAR2	500	Y	producao	2026-10-08
CP_ORDEM_SERVICO	OBS_DOCU	395	NVARCHAR2	4000	Y	producao	2026-10-08
CP_ORDEM_SERVICO	EMAIL_CLIENTE	396	NVARCHAR2	400	Y	producao	2026-10-08
CP_ORDEM_SERVICO	ESFORCO_DIAS	397	NUMBER	22	Y	producao	2026-10-08
CP_ORDEM_SERVICO	QTD_PESSOAS	398	NUMBER	22	Y	producao	2026-10-08
CP_ORDEM_SERVICO	RESTRICAO1_DOD	399	NVARCHAR2	4000	Y	producao	2026-10-08
CP_ORDEM_SERVICO	CONCLUSAO_DOD	400	NVARCHAR2	4000	Y	producao	2026-10-08
CP_ORDEM_SERVICO	FILA_DOD	401	NVARCHAR2	500	Y	producao	2026-10-08
CP_ORDEM_SERVICO	JUSTIFICATIVA_DOD	402	NVARCHAR2	4000	Y	producao	2026-10-08
CP_ORDEM_SERVICO	REQUISITOS_DOD	403	NVARCHAR2	4000	Y	producao	2026-10-08
CP_ORDEM_SERVICO	PRAZO_DOD	404	NVARCHAR2	500	Y	producao	2026-10-08
CP_ORDEM_SERVICO	CONTA_DOD	405	NVARCHAR2	500	Y	producao	2026-10-08
CP_ORDEM_SERVICO	MOTIVACAO_DOD	406	NVARCHAR2	500	Y	producao	2026-10-08
CP_ORDEM_SERVICO	PROCESSO_DOD	407	NVARCHAR2	500	Y	producao	2026-10-08
CP_ORDEM_SERVICO	INTERVENIENTES_DOD	408	NVARCHAR2	4000	Y	producao	2026-10-08
CP_ORDEM_SERVICO	COMUNICA_DOD	409	NVARCHAR2	500	Y	producao	2026-10-08
CP_ORDEM_SERVICO	FORNECEDORES_DOD	410	NVARCHAR2	4000	Y	producao	2026-10-08
CP_ORDEM_SERVICO	IDENTIFICACAO_DOD	411	NVARCHAR2	4000	Y	producao	2026-10-08
CP_ORDEM_SERVICO	RESTRICAO_DOD	412	NVARCHAR2	4000	Y	producao	2026-10-08
CP_ORDEM_SERVICO	CENARIO_DOD	413	NVARCHAR2	4000	Y	producao	2026-10-08
CP_ORDEM_SERVICO	RECOMENDA_DOD	414	NVARCHAR2	500	Y	producao	2026-10-08
CP_ORDEM_SERVICO	FONTE_RECURSO_DOD	415	NVARCHAR2	500	Y	producao	2026-10-08
CP_ORDEM_SERVICO	SOLUCAO_DOD	416	NVARCHAR2	4000	Y	producao	2026-10-08
CP_ORDEM_SERVICO	NI_DOD	417	NVARCHAR2	4000	Y	producao	2026-10-08
CP_ORDEM_SERVICO	PREMISSA_DOD	418	NVARCHAR2	4000	Y	producao	2026-10-08
CP_ORDEM_SERVICO	LEI_DOD	419	NVARCHAR2	500	Y	producao	2026-10-08
CP_ORDEM_SERVICO	ALINHAMENTO_ESTRATEGICO_DOD	420	NVARCHAR2	4000	Y	producao	2026-10-08
CP_ORDEM_SERVICO	PATROCINADOR	421	NVARCHAR2	4000	Y	producao	2026-10-08
CP_ORDEM_SERVICO	FAVORECIDO_TODOS	422	NVARCHAR2	500	Y	producao	2026-10-08
CP_ORDEM_SERVICO	FAVORECIDO_DITEC	423	NVARCHAR2	500	Y	producao	2026-10-08
CP_ORDEM_SERVICO	PRIORIDADE_DEMANDA	424	NVARCHAR2	500	Y	producao	2026-10-08
CP_ORDEM_SERVICO	DATA_ALOCACAO	425	DATE	7	Y	producao	2026-10-08
CP_ORDEM_SERVICO	TIPO_DE_SERVICO	426	NVARCHAR2	500	Y	producao	2026-10-08
CP_ORDEM_SERVICO	DATA_VIABILIDADE	427	DATE	7	Y	producao	2026-10-08
CP_ORDEM_SERVICO	NOME_DAS	428	NVARCHAR2	500	Y	producao	2026-10-08
CP_ORDEM_SERVICO	FUNCAO_DAS	429	NVARCHAR2	500	Y	producao	2026-10-08
CP_ORDEM_SERVICO	RESPONSA	430	NVARCHAR2	500	Y	producao	2026-10-08
CP_ORDEM_SERVICO	DATA_ADMISSAO	431	DATE	7	Y	producao	2026-10-08
CP_ORDEM_SERVICO	LOCALIDADE_MOV	432	NVARCHAR2	500	Y	producao	2026-10-08
CP_ORDEM_SERVICO	OBS_ACOMPA	433	NVARCHAR2	1000	Y	producao	2026-10-08
CP_ORDEM_SERVICO	ENTREGA_DOCUMENTO	434	NVARCHAR2	500	Y	producao	2026-10-08
CP_ORDEM_SERVICO	POSSE	435	NVARCHAR2	500	Y	producao	2026-10-08
CP_ORDEM_SERVICO	EXAME_MEDICO	436	NVARCHAR2	500	Y	producao	2026-10-08
CP_ORDEM_SERVICO	CARGO_MOV	437	NVARCHAR2	500	Y	producao	2026-10-08
CP_ORDEM_SERVICO	PERFIL	438	NVARCHAR2	500	Y	producao	2026-10-08
CP_ORDEM_SERVICO	LOCALIDADE_TR	439	NVARCHAR2	500	Y	producao	2026-10-08
CP_ORDEM_SERVICO	PERFIL_ANA_ADM	440	NVARCHAR2	500	Y	producao	2026-10-08
CP_ORDEM_SERVICO	PERFIL_ANA_OPE	441	NVARCHAR2	500	Y	producao	2026-10-08
CP_ORDEM_SERVICO	PERFIL_TEC_ADM	442	NVARCHAR2	500	Y	producao	2026-10-08
CP_ORDEM_SERVICO	PERFIL_TEC_OPE	443	NVARCHAR2	500	Y	producao	2026-10-08
CP_ORDEM_SERVICO	DOTACAO	444	NUMBER	22	Y	producao	2026-10-08
CP_ORDEM_SERVICO	LOTACAO	445	NUMBER	22	Y	producao	2026-10-08
CP_ORDEM_SERVICO	CARGO_DOTA	446	NVARCHAR2	500	Y	producao	2026-10-08
CP_ORDEM_SERVICO	NOME_PRESTADOR	447	NVARCHAR2	500	Y	producao	2026-10-08
CP_ORDEM_SERVICO	MATRICULA_PRESTADOR	448	NUMBER	22	Y	producao	2026-10-08
CP_ORDEM_SERVICO	DATA_EFETIVACAO	449	DATE	7	Y	producao	2026-10-08
CP_ORDEM_SERVICO	ESCOLARIDADE	450	NVARCHAR2	500	Y	producao	2026-10-08
CP_ORDEM_SERVICO	CURSO	451	NVARCHAR2	500	Y	producao	2026-10-08
CP_ORDEM_SERVICO	PERIODO_CURSO	452	NVARCHAR2	500	Y	producao	2026-10-08
CP_ORDEM_SERVICO	SEXO_CONTRA	453	NVARCHAR2	500	Y	producao	2026-10-08
CP_ORDEM_SERVICO	ATIVIDADES	454	NVARCHAR2	4000	Y	producao	2026-10-08
CP_ORDEM_SERVICO	REQUISITOS	455	NVARCHAR2	4000	Y	producao	2026-10-08
CP_ORDEM_SERVICO	HORARIO_ESTAG	456	NVARCHAR2	4000	Y	producao	2026-10-08
CP_ORDEM_SERVICO	FAVORECIDO_MONITOR	457	NVARCHAR2	500	Y	producao	2026-10-08
CP_ORDEM_SERVICO	SALARIO_DAS	458	NVARCHAR2	500	Y	producao	2026-10-08
CP_ORDEM_SERVICO	FUNCAO_PRESTA	459	NVARCHAR2	500	Y	producao	2026-10-08
CP_ORDEM_SERVICO	SALARIO_PRESTA	460	NVARCHAR2	500	Y	producao	2026-10-08
CP_ORDEM_SERVICO	EMPRESA_PRESTADORA	461	NVARCHAR2	500	Y	producao	2026-10-08
CP_ORDEM_SERVICO	FAVORECIDO_COBRA	462	NVARCHAR2	500	Y	producao	2026-10-08
CP_ORDEM_SERVICO	MATRICULA_MOVI	463	NUMBER	22	Y	producao	2026-10-08
CP_ORDEM_SERVICO	CARGO_PRESTA	464	NVARCHAR2	600	Y	producao	2026-10-08
CP_ORDEM_SERVICO	FUNCAO	465	NVARCHAR2	500	Y	producao	2026-10-08
CP_ORDEM_SERVICO	DESC_COLABORADOR	466	NVARCHAR2	500	Y	producao	2026-10-08
CP_ORDEM_SERVICO	FAVORECIDO_PRESTA	467	NVARCHAR2	500	Y	producao	2026-10-08
CP_ORDEM_SERVICO	FAVORECIDO_ESTAG	468	NVARCHAR2	500	Y	producao	2026-10-08
CP_ORDEM_SERVICO	RENOVACAO	469	DATE	7	Y	producao	2026-10-08
CP_ORDEM_SERVICO	TIPO_AVISO_PED_EMPRESA	470	NVARCHAR2	500	Y	producao	2026-10-08
CP_ORDEM_SERVICO	HORA_EXTRA	471	NVARCHAR2	500	Y	producao	2026-10-08
CP_ORDEM_SERVICO	PUMVP	472	NVARCHAR2	500	Y	producao	2026-10-08
CP_ORDEM_SERVICO	NUM_LOCOMOCAO	473	NVARCHAR2	500	Y	producao	2026-10-08
CP_ORDEM_SERVICO	UNIFORME	474	NVARCHAR2	500	Y	producao	2026-10-08
CP_ORDEM_SERVICO	CELULAR_DEV	475	NVARCHAR2	500	Y	producao	2026-10-08
CP_ORDEM_SERVICO	NOTEBOOK	476	NVARCHAR2	500	Y	producao	2026-10-08
CP_ORDEM_SERVICO	MAT_TRABALHO	477	NVARCHAR2	500	Y	producao	2026-10-08
CP_ORDEM_SERVICO	TIPO_AVISO_PED_COLAB	478	NVARCHAR2	500	Y	producao	2026-10-08
CP_ORDEM_SERVICO	TIPO_TRANSF	479	NVARCHAR2	500	Y	producao	2026-10-08
CP_ORDEM_SERVICO	TICKET	480	NVARCHAR2	500	Y	producao	2026-10-08
CP_ORDEM_SERVICO	SCR	481	NUMBER	22	Y	producao	2026-10-08
CP_ORDEM_SERVICO	DESCRICAO_ORGAO_OR	482	NVARCHAR2	500	Y	producao	2026-10-08
CP_ORDEM_SERVICO	MOV_NOME	483	NVARCHAR2	500	Y	producao	2026-10-08
CP_ORDEM_SERVICO	DESCRICAO_ORGAO	484	NVARCHAR2	500	Y	producao	2026-10-08
CP_ORDEM_SERVICO	FUNCAO_DAS_NOMEA	485	NVARCHAR2	500	Y	producao	2026-10-08
CP_ORDEM_SERVICO	RESPONSAVEL_DITEC	486	NVARCHAR2	500	Y	producao	2026-10-08
CP_ORDEM_SERVICO	RA_RTC_DOD	487	NVARCHAR2	500	Y	producao	2026-10-08
CP_ORDEM_SERVICO	SCR_TODOS_RH	488	NVARCHAR2	500	Y	producao	2026-10-08
CP_ORDEM_SERVICO	SCR_TODOS_DESTINO	489	NVARCHAR2	500	Y	producao	2026-10-08
CP_ORDEM_SERVICO	DESCRICAO_OBRIG	490	NVARCHAR2	4000	Y	producao	2026-10-08
CP_ORDEM_SERVICO	ANO_FIM	491	NVARCHAR2	8	Y	producao	2026-10-08
CP_ORDEM_SERVICO	ANO_INICIO	492	NVARCHAR2	8	Y	producao	2026-10-08
CP_ORDEM_SERVICO	RELATORIO_FOLHA	493	NVARCHAR2	6	Y	producao	2026-10-08
CP_ORDEM_SERVICO	FAVORECIDO_ALL	494	NVARCHAR2	500	Y	producao	2026-10-08
CP_ORDEM_SERVICO	PPPREVFATURAMENTO	495	NVARCHAR2	500	Y	producao	2026-10-08
CP_ORDEM_SERVICO	PPFINANCEIRO_ACAO	496	NVARCHAR2	2400	Y	producao	2026-10-08
CP_ORDEM_SERVICO	PPLIMITE_ORCAMENTARIO	497	NVARCHAR2	26	Y	producao	2026-10-08
CP_ORDEM_SERVICO	NNCONSOLIDACAO	498	NVARCHAR2	2400	Y	producao	2026-10-08
CP_ORDEM_SERVICO	NNBUSINESSPLAN	499	NVARCHAR2	500	Y	producao	2026-10-08
CP_ORDEM_SERVICO	PPPRECIFICACAO_ACAO	500	NVARCHAR2	2400	Y	producao	2026-10-08
CP_ORDEM_SERVICO	PP_DIV_DAMZ	501	NVARCHAR2	6	Y	producao	2026-10-08
CP_ORDEM_SERVICO	PP_DIV_DTEL	502	NVARCHAR2	6	Y	producao	2026-10-08
CP_ORDEM_SERVICO	PPNOME_PROJETO	503	NVARCHAR2	500	Y	producao	2026-10-08
CP_ORDEM_SERVICO	PP_DIV_DOCC	504	NVARCHAR2	6	Y	producao	2026-10-08
CP_ORDEM_SERVICO	PP_DIV_DPOP	505	NVARCHAR2	6	Y	producao	2026-10-08
CP_ORDEM_SERVICO	PPTIPO_VENDA	506	NVARCHAR2	500	Y	producao	2026-10-08
CP_ORDEM_SERVICO	PPDIRETORIA_NEGOCIO	507	NVARCHAR2	500	Y	producao	2026-10-08
CP_ORDEM_SERVICO	PP_DIV_DSPD	508	NVARCHAR2	6	Y	producao	2026-10-08
CP_ORDEM_SERVICO	PPORGAO_CLIENTE	509	NVARCHAR2	500	Y	producao	2026-10-08
CP_ORDEM_SERVICO	PPOBJ_PROP_DESCRICAO	510	NVARCHAR2	4000	Y	producao	2026-10-08
CP_ORDEM_SERVICO	PP_DIV_DCSI	511	NVARCHAR2	6	Y	producao	2026-10-08
CP_ORDEM_SERVICO	PP_DIV_DGPJ	512	NVARCHAR2	6	Y	producao	2026-10-08
CP_ORDEM_SERVICO	PPDIRETOR_NEGOCIO	513	NVARCHAR2	500	Y	producao	2026-10-08
CP_ORDEM_SERVICO	PP_DIV_DERP	514	NVARCHAR2	6	Y	producao	2026-10-08
CP_ORDEM_SERVICO	PP_DIV_DGRA	515	NVARCHAR2	6	Y	producao	2026-10-08
CP_ORDEM_SERVICO	PP_DIV_DPSD	516	NVARCHAR2	6	Y	producao	2026-10-08
CP_ORDEM_SERVICO	PP_DIV_DTMS	517	NVARCHAR2	6	Y	producao	2026-10-08
CP_ORDEM_SERVICO	PPCLIENTE	518	NVARCHAR2	500	Y	producao	2026-10-08
CP_ORDEM_SERVICO	PPGEREX_NEGOCIO	519	NVARCHAR2	500	Y	producao	2026-10-08
CP_ORDEM_SERVICO	PPPARCE_FORN_ENVOLVIDOS	520	NVARCHAR2	500	Y	producao	2026-10-08
CP_ORDEM_SERVICO	PP_DIV_DPML	521	NVARCHAR2	6	Y	producao	2026-10-08
CP_ORDEM_SERVICO	PP_DIV_DSND	522	NVARCHAR2	6	Y	producao	2026-10-08
CP_ORDEM_SERVICO	PPPARCE_FORN_PROJETO	523	NVARCHAR2	6	Y	producao	2026-10-08
CP_ORDEM_SERVICO	PP_APROV_DIVISAO	524	NVARCHAR2	500	Y	producao	2026-10-08
CP_ORDEM_SERVICO	PPOBSERVACAO01_TAREFA01	525	NVARCHAR2	2400	Y	producao	2026-10-08
CP_ORDEM_SERVICO	PPPARECER_CONFORMIDADE_FINAL	526	NVARCHAR2	500	Y	producao	2026-10-08
CP_ORDEM_SERVICO	PPPROPOSTA	527	NVARCHAR2	500	Y	producao	2026-10-08
CP_ORDEM_SERVICO	PPDIRETORIARESP	528	NVARCHAR2	500	Y	producao	2026-10-08
CP_ORDEM_SERVICO	PPRISCOINDENEGOCIO	529	NVARCHAR2	500	Y	producao	2026-10-08
CP_ORDEM_SERVICO	PPRISCOOPERACIONAL	530	NVARCHAR2	4000	Y	producao	2026-10-08
CP_ORDEM_SERVICO	PPRISCOLEGAIS	531	NVARCHAR2	4000	Y	producao	2026-10-08
CP_ORDEM_SERVICO	PPRISCOFINANCEIRO	532	NVARCHAR2	4000	Y	producao	2026-10-08
CP_ORDEM_SERVICO	PP_OBSERVACOES_DOC_APRO_FINAL	533	NVARCHAR2	2400	Y	producao	2026-10-08
CP_ORDEM_SERVICO	PPCOLIGADA	534	NVARCHAR2	500	Y	producao	2026-10-08
CP_ORDEM_SERVICO	PPVAL_PROPOSTA	535	NVARCHAR2	500	Y	producao	2026-10-08
CP_ORDEM_SERVICO	PPMARGEMNEG	536	NUMBER	22	Y	producao	2026-10-08
CP_ORDEM_SERVICO	PPVIGCONTRATO	537	DATE	7	Y	producao	2026-10-08
CP_ORDEM_SERVICO	PPCONDIPAGAMENTO	538	NVARCHAR2	500	Y	producao	2026-10-08
CP_ORDEM_SERVICO	PPPROPINVESTIMENTO	539	NVARCHAR2	500	Y	producao	2026-10-08
CP_ORDEM_SERVICO	PPORCAMENTOPREV	540	NVARCHAR2	500	Y	producao	2026-10-08
CP_ORDEM_SERVICO	PPNOVONEGOCIO	541	NVARCHAR2	500	Y	producao	2026-10-08
CP_ORDEM_SERVICO	PP_OBS_APROV_GEREX	542	NVARCHAR2	2400	Y	producao	2026-10-08
CP_ORDEM_SERVICO	PP_ALTERACAO_PROP	543	NVARCHAR2	500	Y	producao	2026-10-08
CP_ORDEM_SERVICO	PPCOMPRAS_ACAO	544	NVARCHAR2	2400	Y	producao	2026-10-08
CP_ORDEM_SERVICO	PPCOMPRAS	545	NVARCHAR2	500	Y	producao	2026-10-08
CP_ORDEM_SERVICO	PPOBSCONFORMIDADE	546	NVARCHAR2	2400	Y	producao	2026-10-08
CP_ORDEM_SERVICO	PP_VALID_PROPOSTA_COMERCIAL	547	DATE	7	Y	producao	2026-10-08
CP_ORDEM_SERVICO	PP_NOVADATA_PROPCOM	548	DATE	7	Y	producao	2026-10-08
CP_ORDEM_SERVICO	PPOBSAPROVGEREX	549	NVARCHAR2	2400	Y	producao	2026-10-08
CP_ORDEM_SERVICO	PPOBSAPROVPRESI	550	NVARCHAR2	2400	Y	producao	2026-10-08
CP_ORDEM_SERVICO	PPOBSAPROVDIREX	551	NVARCHAR2	2400	Y	producao	2026-10-08
CP_ORDEM_SERVICO	NNELABORARCONSULTA	552	NVARCHAR2	2400	Y	producao	2026-10-08
CP_ORDEM_SERVICO	PROPOSTA_COMERCIAL_NN	553	NVARCHAR2	2400	Y	producao	2026-10-08
CP_ORDEM_SERVICO	PPAPRESDIREX	554	NVARCHAR2	2400	Y	producao	2026-10-08
CP_ORDEM_SERVICO	PP_DATA_APRES_DIREX	555	DATE	7	Y	producao	2026-10-08
CP_ORDEM_SERVICO	PROP_APROV_CLIENTE	556	NVARCHAR2	500	Y	producao	2026-10-08
CP_ORDEM_SERVICO	PP_ALTERACAO_PROPOSTA	557	NVARCHAR2	500	Y	producao	2026-10-08
CP_ORDEM_SERVICO	PP_ALTERACAO_PROPOSTA_ESCOPO	558	NVARCHAR2	500	Y	producao	2026-10-08
CP_ORDEM_SERVICO	PPDADO_FECH_NEG_CONT_CLIENT	559	NVARCHAR2	26	Y	producao	2026-10-08
CP_ORDEM_SERVICO	PPDADO_FECH_NEG_DGCO	560	NVARCHAR2	26	Y	producao	2026-10-08
CP_ORDEM_SERVICO	PPDADO_FECH_NEG_NUN_PROP_CB	561	NVARCHAR2	26	Y	producao	2026-10-08
CP_ORDEM_SERVICO	PPDADO_FECH_NEG_DATA_FECH	562	DATE	7	Y	producao	2026-10-08
CP_ORDEM_SERVICO	NNPARECERCOJUR	563	NVARCHAR2	500	Y	producao	2026-10-08
CP_ORDEM_SERVICO	PP_DIV_LABEL	564	NVARCHAR2	500	Y	producao	2026-10-08
CP_ORDEM_SERVICO	PPPARCEIROS_FORNEC	565	NVARCHAR2	500	Y	producao	2026-10-08
CP_ORDEM_SERVICO	PPSOLIC_PROPOSTA	566	NVARCHAR2	500	Y	producao	2026-10-08
CP_ORDEM_SERVICO	PPGER_OPER_PROPOSTA	567	NVARCHAR2	500	Y	producao	2026-10-08
CP_ORDEM_SERVICO	PPOBSAPROVCONAD	568	NVARCHAR2	2400	Y	producao	2026-10-08
CP_ORDEM_SERVICO	PPVIGECONTRATO	569	NVARCHAR2	200	Y	producao	2026-10-08
CP_ORDEM_SERVICO	PP_JUSTIFICATIVA_CONFORMIDADE	570	NVARCHAR2	2400	Y	producao	2026-10-08
CP_ORDEM_SERVICO	PP_ALCADA_PRESI	571	NVARCHAR2	500	Y	producao	2026-10-08
CP_ORDEM_SERVICO	PP_ALCADA_CONAD	572	NVARCHAR2	500	Y	producao	2026-10-08
CP_ORDEM_SERVICO	PPDIRETOR_NEGOCIO2	573	NVARCHAR2	500	Y	producao	2026-10-08
CP_ORDEM_SERVICO	PPOBSENCPROJ	574	NVARCHAR2	2400	Y	producao	2026-10-08
CP_ORDEM_SERVICO	DEP_FAVORECIDO_COBRA	575	NVARCHAR2	500	Y	producao	2026-10-08
CP_ORDEM_SERVICO	VALOR_MENSALIDADE	576	NUMBER	22	Y	producao	2026-10-08
CP_ORDEM_SERVICO	DATA_PAGAMENTO	577	DATE	7	Y	producao	2026-10-08
CP_ORDEM_SERVICO	REEMBOLSO_DECLARACAO	578	NVARCHAR2	6	Y	producao	2026-10-08
CP_ORDEM_SERVICO	PP_DIV_DIGN	579	NVARCHAR2	6	Y	producao	2026-10-08
CP_ORDEM_SERVICO	PP_DIV_DIDH	580	NVARCHAR2	6	Y	producao	2026-10-08
CP_ORDEM_SERVICO	PP_DIV_AUDIT	581	NVARCHAR2	6	Y	producao	2026-10-08
CP_ORDEM_SERVICO	PP_DIV_CON	582	NVARCHAR2	6	Y	producao	2026-10-08
CP_ORDEM_SERVICO	PP_DIV_DGOV	583	NVARCHAR2	6	Y	producao	2026-10-08
CP_ORDEM_SERVICO	PP_DIV_DPLA	584	NVARCHAR2	6	Y	producao	2026-10-08
CP_ORDEM_SERVICO	PP_DIV_DORG	585	NVARCHAR2	6	Y	producao	2026-10-08
CP_ORDEM_SERVICO	PP_DIV_DCNF	586	NVARCHAR2	6	Y	producao	2026-10-08
CP_ORDEM_SERVICO	PP_DIV_DFIN	587	NVARCHAR2	6	Y	producao	2026-10-08
CP_ORDEM_SERVICO	PP_DIV_DCOM	588	NVARCHAR2	6	Y	producao	2026-10-08
CP_ORDEM_SERVICO	PP_DIV_DCTA	589	NVARCHAR2	6	Y	producao	2026-10-08
CP_ORDEM_SERVICO	PP_DIV_DGEC	590	NVARCHAR2	6	Y	producao	2026-10-08
CP_ORDEM_SERVICO	PP_DIV_DSGE	591	NVARCHAR2	6	Y	producao	2026-10-08
CP_ORDEM_SERVICO	PP_DIV_DATQ	592	NVARCHAR2	6	Y	producao	2026-10-08
CP_ORDEM_SERVICO	PP_DIV_DLIC	593	NVARCHAR2	6	Y	producao	2026-10-08
CP_ORDEM_SERVICO	PP_DIV_DGCO	594	NVARCHAR2	6	Y	producao	2026-10-08
CP_ORDEM_SERVICO	PP_DIV_DGPR	595	NVARCHAR2	6	Y	producao	2026-10-08
CP_ORDEM_SERVICO	PP_DIV_DGOI	596	NVARCHAR2	6	Y	producao	2026-10-08
CP_ORDEM_SERVICO	PP_DIV_DDPR	597	NVARCHAR2	6	Y	producao	2026-10-08
CP_ORDEM_SERVICO	PP_DIV_DMOR	598	NVARCHAR2	6	Y	producao	2026-10-08
CP_ORDEM_SERVICO	PP_DIV_DPNN	599	NVARCHAR2	6	Y	producao	2026-10-08
CP_ORDEM_SERVICO	PP_DIV_DAEN	600	NVARCHAR2	6	Y	producao	2026-10-08
CP_ORDEM_SERVICO	PP_DIV_DAPN	601	NVARCHAR2	6	Y	producao	2026-10-08
CP_ORDEM_SERVICO	PP_DIV_DSTI	602	NVARCHAR2	6	Y	producao	2026-10-08
CP_ORDEM_SERVICO	PP_DIV_DOIP	603	NVARCHAR2	6	Y	producao	2026-10-08
CP_ORDEM_SERVICO	PP_DIV_DGIF	604	NVARCHAR2	6	Y	producao	2026-10-08
CP_ORDEM_SERVICO	PP_DIV_DEQS	605	NVARCHAR2	6	Y	producao	2026-10-08
CP_ORDEM_SERVICO	PP_DIV_DGPS	606	NVARCHAR2	6	Y	producao	2026-10-08
CP_ORDEM_SERVICO	PP_DIV_DPPR	607	NVARCHAR2	6	Y	producao	2026-10-08
CP_ORDEM_SERVICO	PP_DIV_DOSL	608	NVARCHAR2	6	Y	producao	2026-10-08
CP_ORDEM_SERVICO	PP_DIV_DGOR	609	NVARCHAR2	6	Y	producao	2026-10-08
CP_ORDEM_SERVICO	ACOES_IMPLE	610	NVARCHAR2	4000	Y	producao	2026-10-08
CP_ORDEM_SERVICO	MACRO_ACAO	611	NVARCHAR2	400	Y	producao	2026-10-08
CP_ORDEM_SERVICO	DOCUMENTO	612	NVARCHAR2	500	Y	producao	2026-10-08
CP_ORDEM_SERVICO	DATA_DOCUMENTO	613	DATE	7	Y	producao	2026-10-08
CP_ORDEM_SERVICO	ASSUNTO_DGOV	614	NVARCHAR2	4000	Y	producao	2026-10-08
CP_ORDEM_SERVICO	PROPOSTA	615	NVARCHAR2	4000	Y	producao	2026-10-08
CP_ORDEM_SERVICO	ORIGEM_DELIBERACAO	616	NVARCHAR2	500	Y	producao	2026-10-08
CP_ORDEM_SERVICO	VALOR	617	NUMBER	22	Y	producao	2026-10-08
CP_ORDEM_SERVICO	PRAZO_DELIBERACAO	618	DATE	7	Y	producao	2026-10-08
CP_ORDEM_SERVICO	GEREX	619	NVARCHAR2	500	Y	producao	2026-10-08
CP_ORDEM_SERVICO	TIPO_DOCUMENTO_DGOV	620	NVARCHAR2	500	Y	producao	2026-10-08
CP_ORDEM_SERVICO	ORGAO_EMISSOR	621	NVARCHAR2	500	Y	producao	2026-10-08
CP_ORDEM_SERVICO	PARA_CONHECIMENTO	622	NVARCHAR2	6	Y	producao	2026-10-08
CP_ORDEM_SERVICO	FAVORECIDO_GRATIF	623	NVARCHAR2	500	Y	producao	2026-10-08
CP_ORDEM_SERVICO	VALOR_REMUNERACAO	624	NVARCHAR2	26	Y	producao	2026-10-08
CP_ORDEM_SERVICO	ALT_SCR	625	NVARCHAR2	500	Y	producao	2026-10-08
CP_ORDEM_SERVICO	ATIVA_SCR	626	NVARCHAR2	500	Y	producao	2026-10-08
CP_ORDEM_SERVICO	PROCESSO_LICITATORIO	627	NVARCHAR2	500	Y	producao	2026-10-08
CP_ORDEM_SERVICO	LICITACAO	628	NVARCHAR2	500	Y	producao	2026-10-08
CP_ORDEM_SERVICO	PROCURACAO	629	NVARCHAR2	500	Y	producao	2026-10-08
CP_ORDEM_SERVICO	DATA_HOMOLOGACAO	630	DATE	7	Y	producao	2026-10-08
CP_ORDEM_SERVICO	PEC_BOLSA	631	NVARCHAR2	500	Y	producao	2026-10-08
CP_ORDEM_SERVICO	FAVORECIDO_SUBST	632	NVARCHAR2	500	Y	producao	2026-10-08
CP_ORDEM_SERVICO	MOTIVO_SUBSTITUICAO	633	NVARCHAR2	500	Y	producao	2026-10-08
CP_ORDEM_SERVICO	PRAZO_SUBST	634	NVARCHAR2	500	Y	producao	2026-10-08
CP_ORDEM_SERVICO	MOV_NOME1	635	NVARCHAR2	500	Y	producao	2026-10-08
CP_ORDEM_SERVICO	IMPACTO_DOD	636	NVARCHAR2	500	Y	producao	2026-10-08
CP_ORDEM_SERVICO	ALINHAMENTO_DOD	637	NVARCHAR2	500	Y	producao	2026-10-08
CP_ORDEM_SERVICO	URGENCIA_DOD	638	NVARCHAR2	500	Y	producao	2026-10-08
CP_ORDEM_SERVICO	ABRANGENCIA_DOD	639	NVARCHAR2	500	Y	producao	2026-10-08
CP_ORDEM_SERVICO	IMAGEM_DOD	640	NVARCHAR2	500	Y	producao	2026-10-08
CP_ORDEM_SERVICO	QUANT_INTERVENIENTES_DOD	641	NVARCHAR2	500	Y	producao	2026-10-08
CP_ORDEM_SERVICO	GRAVIDADE_DOD	642	NVARCHAR2	500	Y	producao	2026-10-08
CP_ORDEM_SERVICO	TENDENCIA_DOD	643	NVARCHAR2	500	Y	producao	2026-10-08
CP_ORDEM_SERVICO	TEMPO_DOD	644	NVARCHAR2	500	Y	producao	2026-10-08
CP_ORDEM_SERVICO	TOTAL_CRITERIOS	645	NUMBER	22	Y	producao	2026-10-08
CP_ORDEM_SERVICO	RESPOSTA_DGOV	646	NVARCHAR2	500	Y	producao	2026-10-08
CP_ORDEM_SERVICO	DIAS_PRAZO	647	NUMBER	22	Y	producao	2026-10-08
CP_ORDEM_SERVICO	DATA_REUNIAO	648	DATE	7	Y	producao	2026-10-08
CP_ORDEM_SERVICO	ANO	649	NUMBER	22	Y	producao	2026-10-08
CP_ORDEM_SERVICO	RESPOSTA_COPIA_DGOV	650	NVARCHAR2	6	Y	producao	2026-10-08
CP_ORDEM_SERVICO	DATA_ENTREGA	651	DATE	7	Y	producao	2026-10-08
CP_ORDEM_SERVICO	DATA_DESENV	652	DATE	7	Y	producao	2026-10-08
CP_ORDEM_SERVICO	MOTIVACAO_NOVA	653	NVARCHAR2	500	Y	producao	2026-10-08
CP_ORDEM_SERVICO	JUSTA_CAUSA	654	NVARCHAR2	500	Y	producao	2026-10-08
CP_ORDEM_SERVICO	MOTIVO_EXO_GEREX	655	NVARCHAR2	500	Y	producao	2026-10-08
CP_ORDEM_SERVICO	MOTIVO_EXO_OUTROS	656	NVARCHAR2	500	Y	producao	2026-10-08
CP_ORDEM_SERVICO	ORGAO_FAVORECIDO	657	NVARCHAR2	500	Y	producao	2026-10-08
CP_ORDEM_SERVICO	RECLAMADAS	658	NVARCHAR2	500	Y	producao	2026-10-08
CP_ORDEM_SERVICO	RESUMO	659	NVARCHAR2	4000	Y	producao	2026-10-08
CP_ORDEM_SERVICO	OBJETO_GUIA	660	NVARCHAR2	500	Y	producao	2026-10-08
CP_ORDEM_SERVICO	RI	661	NVARCHAR2	500	Y	producao	2026-10-08
CP_ORDEM_SERVICO	AUTOR	662	NVARCHAR2	500	Y	producao	2026-10-08
CP_ORDEM_SERVICO	ASSUNTO_GUIA	663	NVARCHAR2	500	Y	producao	2026-10-08
CP_ORDEM_SERVICO	PROCESSO	664	NVARCHAR2	500	Y	producao	2026-10-08
CP_ORDEM_SERVICO	REFERENCIA_GUIA	665	NVARCHAR2	500	Y	producao	2026-10-08
CP_ORDEM_SERVICO	COMARCA	666	NVARCHAR2	500	Y	producao	2026-10-08
CP_ORDEM_SERVICO	DATA_ATIVIDADE	667	DATE	7	Y	producao	2026-10-08
CP_ORDEM_SERVICO	RESPONSAVEL_ID	668	NVARCHAR2	500	Y	producao	2026-10-08
CP_ORDEM_SERVICO	NUM_CHAMA_FORN	669	NVARCHAR2	24	Y	producao	2026-10-08
CP_ORDEM_SERVICO	RESPONSAVEL_ATUAL	670	NUMBER	22	Y	producao	2026-10-08
CP_ORDEM_SERVICO	DATA_ENCERRA	671	DATE	7	Y	producao	2026-10-08
CP_ORDEM_SERVICO	CHAMADOS_ABERTOS	672	NUMBER	22	Y	producao	2026-10-08
CP_ORDEM_SERVICO	CARGO_ATUAL	673	NVARCHAR2	500	Y	producao	2026-10-08
CP_ORDEM_SERVICO	DOTACAO_SCR	674	NUMBER	22	Y	producao	2026-10-08
CP_ORDEM_SERVICO	LOTACAO_SCR	675	NUMBER	22	Y	producao	2026-10-08
CP_ORDEM_SERVICO	PARCELAS_PID	676	NUMBER	22	Y	producao	2026-10-08
CP_ORDEM_SERVICO	VALOR_PRESTACAO	677	NUMBER	22	Y	producao	2026-10-08
CP_ORDEM_SERVICO	CNPJ_FORNECEDOR	678	NVARCHAR2	500	Y	producao	2026-10-08
CP_ORDEM_SERVICO	DEBITO_PID	679	NVARCHAR2	6	Y	producao	2026-10-08
CP_ORDEM_SERVICO	NI_PID	680	NVARCHAR2	6	Y	producao	2026-10-08
CP_ORDEM_SERVICO	RESCISAO_PID	681	NVARCHAR2	6	Y	producao	2026-10-08
CP_ORDEM_SERVICO	ID_PERSON	682	NVARCHAR2	500	Y	producao	2026-10-08
CP_ORDEM_SERVICO	SCR_PRESTADOR	683	NVARCHAR2	500	Y	producao	2026-10-08
CP_ORDEM_SERVICO	DESCRICAO_DOCUMENTO	684	NVARCHAR2	4000	Y	producao	2026-10-08
CP_ORDEM_SERVICO	FORNECEDOR_COMPRAS	685	NVARCHAR2	500	Y	producao	2026-10-08
CP_ORDEM_SERVICO	EMAIL_FORNECEDOR	686	NVARCHAR2	500	Y	producao	2026-10-08
CP_ORDEM_SERVICO	MODALIDADE_CONTRATACAO	687	NVARCHAR2	500	Y	producao	2026-10-08
CP_ORDEM_SERVICO	VEDADA_RENOVACAO	688	NVARCHAR2	500	Y	producao	2026-10-08
CP_ORDEM_SERVICO	FUNDAMENTACAO_LEGAL	689	NVARCHAR2	500	Y	producao	2026-10-08
CP_ORDEM_SERVICO	REEMBOLSO_DECLARACAO_MED	690	NVARCHAR2	6	Y	producao	2026-10-08
CP_ORDEM_SERVICO	CLIENTE_INICIAL_ID	691	NVARCHAR2	500	Y	producao	2026-10-08
CP_ORDEM_SERVICO	SIGLA_SCR	692	NVARCHAR2	500	Y	producao	2026-10-08
CP_ORDEM_SERVICO	SIGLA_DIRETORIA	693	NVARCHAR2	500	Y	producao	2026-10-08
CP_ORDEM_SERVICO	NOME_FORNECEDOR	694	NVARCHAR2	500	Y	producao	2026-10-08
CP_ORDEM_SERVICO	FAVORECIDO_PEC	695	NVARCHAR2	500	Y	producao	2026-10-08
CP_ORDEM_SERVICO	PEC_EDITAL_V9	696	NVARCHAR2	500	Y	producao	2026-10-08
CP_ORDEM_SERVICO	MOTIVO_EXONERA	697	NVARCHAR2	500	Y	producao	2026-10-08
CP_ORDEM_SERVICO	EMAIL_CAIXA_DEPT	698	NVARCHAR2	500	Y	producao	2026-10-08
CP_ORDEM_SERVICO	TIPO_DE_DNS	699	NVARCHAR2	500	Y	producao	2026-10-08
CP_ORDEM_SERVICO	RESULTADO_ANALISE_MICROSOFT	700	NVARCHAR2	500	Y	producao	2026-10-08
CP_ORDEM_SERVICO	DATA_FIM_ESTIMADA	701	DATE	7	Y	producao	2026-10-08
CP_ORDEM_SERVICO	DATA_FIM_REAL	702	DATE	7	Y	producao	2026-10-08
CP_ORDEM_SERVICO	COMENTARIO	703	NVARCHAR2	500	Y	producao	2026-10-08
CP_ORDEM_SERVICO	MODALIDADE_SRPPEP	704	NVARCHAR2	500	Y	producao	2026-10-08
CP_ORDEM_SERVICO	QTD_DIAS_HOMOL	705	NUMBER	22	Y	producao	2026-10-08
CP_ORDEM_SERVICO	NUMERO_OC	706	NUMBER	22	Y	producao	2026-10-08
CP_ORDEM_SERVICO	DATA_CRIACAO_OC	707	DATE	7	Y	producao	2026-10-08
CP_ORDEM_SERVICO	MODELO_CONTRATACAO	708	NVARCHAR2	500	Y	producao	2026-10-08
CP_ORDEM_SERVICO	VALOR_REF_CONT	709	NUMBER	22	Y	producao	2026-10-08
CP_ORDEM_SERVICO	RESPONSAVEL_COMPRAS	710	NVARCHAR2	500	Y	producao	2026-10-08
CP_ORDEM_SERVICO	VALOR_COMPARACAO	711	NVARCHAR2	500	Y	producao	2026-10-08
CP_ORDEM_SERVICO	ANS_DIAS	712	NVARCHAR2	20	Y	producao	2026-10-08
CP_ORDEM_SERVICO	ANS_MIN	713	NUMBER	22	Y	producao	2026-10-08
CP_ORDEM_SERVICO	DATA_CERTAME	714	DATE	7	Y	producao	2026-10-08
CP_ORDEM_SERVICO	VALOR_CONTRATADO	715	NUMBER	22	Y	producao	2026-10-08
CP_ORDEM_SERVICO	COMPLEXIDADE_COMPRAS	716	NVARCHAR2	500	Y	producao	2026-10-08
CP_ORDEM_SERVICO	TIPO_NOMEACAO	717	NVARCHAR2	500	Y	producao	2026-10-08
CP_ORDEM_SERVICO	TENDENCIA_DOD_V2	718	NVARCHAR2	500	Y	producao	2026-10-08
CP_ORDEM_SERVICO	CLASSIFICA_NECESSIDADE	719	NVARCHAR2	500	Y	producao	2026-10-08
CP_ORDEM_SERVICO	IMPACTO_DOD_V2	720	NVARCHAR2	500	Y	producao	2026-10-08
CP_ORDEM_SERVICO	TEMPO_DOD_V2	721	NVARCHAR2	500	Y	producao	2026-10-08
CP_ORDEM_SERVICO	PROCESSO_DOD_V2	722	NVARCHAR2	500	Y	producao	2026-10-08
CP_ORDEM_SERVICO	URGENCIA_DOD_V2	723	NVARCHAR2	500	Y	producao	2026-10-08
CP_ORDEM_SERVICO	OBJETIVO_EC	724	NVARCHAR2	500	Y	producao	2026-10-08
CP_ORDEM_SERVICO	JUSTIFICATIVA_IMAGEM	725	NVARCHAR2	500	Y	producao	2026-10-08
CP_ORDEM_SERVICO	JUSTIFICATIVA_TENDENCIA	726	NVARCHAR2	500	Y	producao	2026-10-08
CP_ORDEM_SERVICO	ALINHAMENTO_DOD_V2	727	NVARCHAR2	500	Y	producao	2026-10-08
CP_ORDEM_SERVICO	ABRANGENCIA_DOD_V2	728	NVARCHAR2	500	Y	producao	2026-10-08
CP_ORDEM_SERVICO	GRAVIDADE_DOD_V2	729	NVARCHAR2	500	Y	producao	2026-10-08
CP_ORDEM_SERVICO	ACAO_EC	730	NVARCHAR2	500	Y	producao	2026-10-08
CP_ORDEM_SERVICO	JUSTIFICATIVA_URGENCIA	731	NVARCHAR2	500	Y	producao	2026-10-08
CP_ORDEM_SERVICO	JUSTIFICATIVA_GRAVIDADE	732	NVARCHAR2	500	Y	producao	2026-10-08
CP_ORDEM_SERVICO	VALOR_DOD	733	NUMBER	22	Y	producao	2026-10-08
CP_ORDEM_SERVICO	MOTIVACAO_DOD_V2	734	NVARCHAR2	500	Y	producao	2026-10-08
CP_ORDEM_SERVICO	IMAGEM_DOD_V2	735	NVARCHAR2	500	Y	producao	2026-10-08
CP_ORDEM_SERVICO	FONTE_RECURSO_DOD_V2	736	NVARCHAR2	500	Y	producao	2026-10-08
CP_ORDEM_SERVICO	INICIATIVA_EC	737	NVARCHAR2	500	Y	producao	2026-10-08
CP_ORDEM_SERVICO	RECOMENDA_DOD_V2	738	NVARCHAR2	500	Y	producao	2026-10-08
CP_ORDEM_SERVICO	JUSTIFICATIVA_IMPACTO	739	NVARCHAR2	500	Y	producao	2026-10-08
CP_ORDEM_SERVICO	ESFORCO_DIAS_VISAO	740	NUMBER	22	Y	producao	2026-10-08
CP_ORDEM_SERVICO	DATA_ALOCACAO_VISAO	741	DATE	7	Y	producao	2026-10-08
CP_ORDEM_SERVICO	ESFORCO_DIAS_REQUISITOS	742	NUMBER	22	Y	producao	2026-10-08
CP_ORDEM_SERVICO	DATA_ALOCACAO_REQUISITOS	743	DATE	7	Y	producao	2026-10-08
CP_ORDEM_SERVICO	VALOR_PRIORIDADE	744	NUMBER	22	Y	producao	2026-10-08
CP_ORDEM_SERVICO	RISCO_PRIORIDADE	745	NUMBER	22	Y	producao	2026-10-08
CP_ORDEM_SERVICO	QTDE_ANALISTA_ORCADO_DOD	746	NVARCHAR2	500	Y	producao	2026-10-08
CP_ORDEM_SERVICO	QUANT_INTERVENIENTES_DOD_V2	747	NVARCHAR2	500	Y	producao	2026-10-08
CP_ORDEM_SERVICO	PRAZO_ORCADO_DOD	748	NVARCHAR2	500	Y	producao	2026-10-08
CP_ORDEM_SERVICO	GRAU_CONFIDENCIALIDADE	749	NVARCHAR2	500	Y	producao	2026-10-08
CP_ORDEM_SERVICO	FORNECEDOR_COMPRAS_V2	750	NVARCHAR2	500	Y	producao	2026-10-08
CP_ORDEM_SERVICO	FISCO_TRIBUTOS	751	NVARCHAR2	200	Y	producao	2026-10-08
CP_ORDEM_SERVICO	OPCAO_DE_CONFIRMACAO	752	NVARCHAR2	6	Y	producao	2026-10-08
CP_ORDEM_SERVICO	RUBRICA	753	NVARCHAR2	500	Y	producao	2026-10-08
CP_ORDEM_SERVICO	FUNCAO_RUBRICA	754	NVARCHAR2	600	Y	producao	2026-10-08
CP_ORDEM_SERVICO	PLANO_ORC_BBTS	755	NVARCHAR2	2000	Y	producao	2026-10-08
CP_ORDEM_SERVICO	PLANO_ORC_PDG	756	NVARCHAR2	2000	Y	producao	2026-10-08
CP_ORDEM_SERVICO	NOME_RUBRICA	757	NVARCHAR2	120	Y	producao	2026-10-08
CP_ORDEM_SERVICO	FINALIDADE_RUB	758	NVARCHAR2	240	Y	producao	2026-10-08
CP_ORDEM_SERVICO	NORMATIVO_RUB	759	NVARCHAR2	120	Y	producao	2026-10-08
CP_ORDEM_SERVICO	TIPO_CONTA	760	NVARCHAR2	500	Y	producao	2026-10-08
CP_ORDEM_SERVICO	NIVEL_SUPERIOR	761	NVARCHAR2	500	Y	producao	2026-10-08
CP_ORDEM_SERVICO	RETIFICA_RUB	762	NVARCHAR2	500	Y	producao	2026-10-08
CP_ORDEM_SERVICO	NATUREZA_RUB	763	NVARCHAR2	500	Y	producao	2026-10-08
CP_ORDEM_SERVICO	NIVEL_CONTA	764	NVARCHAR2	500	Y	producao	2026-10-08
CP_ORDEM_SERVICO	PLANO_DRE	765	NVARCHAR2	2000	Y	producao	2026-10-08
CP_ORDEM_SERVICO	QUANTIDADE	766	NUMBER	22	Y	producao	2026-10-08
CP_ORDEM_SERVICO	PLANO_BALANCETE	767	NVARCHAR2	2000	Y	producao	2026-10-08
CP_ORDEM_SERVICO	PLANO_SPED	768	NVARCHAR2	2000	Y	producao	2026-10-08
CP_ORDEM_SERVICO	REST_RUB_DATA	769	NVARCHAR2	500	Y	producao	2026-10-08
CP_ORDEM_SERVICO	REST_RUB_USU	770	NVARCHAR2	500	Y	producao	2026-10-08
CP_ORDEM_SERVICO	REST_RUB_SCR	771	NVARCHAR2	500	Y	producao	2026-10-08
CP_ORDEM_SERVICO	RUBR_VINCU	772	NVARCHAR2	500	Y	producao	2026-10-08
CP_ORDEM_SERVICO	NOME_PLANO_DRE	773	NVARCHAR2	120	Y	producao	2026-10-08
CP_ORDEM_SERVICO	NOME_SPED	774	NVARCHAR2	120	Y	producao	2026-10-08
CP_ORDEM_SERVICO	IRPJ	775	NVARCHAR2	500	Y	producao	2026-10-08
CP_ORDEM_SERVICO	CSLL	776	NVARCHAR2	500	Y	producao	2026-10-08
CP_ORDEM_SERVICO	PIS_COFINS	777	NVARCHAR2	500	Y	producao	2026-10-08
CP_ORDEM_SERVICO	NORMATIVO_LEGAL	778	NVARCHAR2	600	Y	producao	2026-10-08
CP_ORDEM_SERVICO	PARECERES_NI	779	NVARCHAR2	4000	Y	producao	2026-10-08
CP_ORDEM_SERVICO	DATA_AVAL_TRI	780	DATE	7	Y	producao	2026-10-08
CP_ORDEM_SERVICO	CODIGO_FUNCAO_GRATIFICADA	781	NVARCHAR2	500	Y	producao	2026-10-08
CP_ORDEM_SERVICO	HORA_ENTRADA	782	NVARCHAR2	160	Y	producao	2026-10-08
CP_ORDEM_SERVICO	HORA_INICIO	783	NVARCHAR2	160	Y	producao	2026-10-08
CP_ORDEM_SERVICO	HORA_FIM	784	NVARCHAR2	160	Y	producao	2026-10-08
CP_ORDEM_SERVICO	HORA_SAIDA	785	NVARCHAR2	160	Y	producao	2026-10-08
CP_ORDEM_SERVICO	FASES_DOD	786	NVARCHAR2	500	Y	producao	2026-10-08
CP_ORDEM_SERVICO	DATA_INICIO_AUX1	787	DATE	7	Y	producao	2026-10-08
CP_ORDEM_SERVICO	DATA_RETORNO_AFAST	788	DATE	7	Y	producao	2026-10-08
CP_ORDEM_SERVICO	ATESTADO_LISTA	789	NVARCHAR2	500	Y	producao	2026-10-08
CP_ORDEM_SERVICO	SELEC_MATER_CIDADA	790	NVARCHAR2	500	Y	producao	2026-10-08
CP_ORDEM_SERVICO	DECLARA_MATERNIDADE	791	NVARCHAR2	6	Y	producao	2026-10-08
CP_ORDEM_SERVICO	SELEC_LIC_AMAMENTACAO	792	NVARCHAR2	500	Y	producao	2026-10-08
CP_ORDEM_SERVICO	DATA_INICIO_AUX	793	DATE	7	Y	producao	2026-10-08
CP_ORDEM_SERVICO	DATA_AUX	794	DATE	7	Y	producao	2026-10-08
CP_ORDEM_SERVICO	NATUREZA_SERV	795	NVARCHAR2	500	Y	producao	2026-10-08
CP_ORDEM_SERVICO	NUMERO_DA_OC	796	NVARCHAR2	200	Y	producao	2026-10-08
CP_ORDEM_SERVICO	FAVORECIDO_CULTURA	797	NVARCHAR2	500	Y	producao	2026-10-08
CP_ORDEM_SERVICO	MOTIVO_NEGACAO	798	NVARCHAR2	500	Y	producao	2026-10-08
CP_ORDEM_SERVICO	ENTREGA_PRE_FATURA	799	NUMBER	22	Y	producao	2026-10-08
CP_ORDEM_SERVICO	ATESTE_PRE_FATURA	800	NUMBER	22	Y	producao	2026-10-08
CP_ORDEM_SERVICO	ENTREGA_NF	801	NUMBER	22	Y	producao	2026-10-08
CP_ORDEM_SERVICO	SOLICITACAO_APROVADA	802	NVARCHAR2	500	Y	producao	2026-10-08
CP_ORDEM_SERVICO	LISTA_DE_SELECAO	803	NVARCHAR2	500	Y	producao	2026-10-08
CP_ORDEM_SERVICO	AVISO	804	NVARCHAR2	4000	Y	producao	2026-10-08
CP_ORDEM_SERVICO	PRECIF_DATA_INICIO	805	DATE	7	Y	producao	2026-10-08
CP_ORDEM_SERVICO	PRECIF_DATA_FIM	806	DATE	7	Y	producao	2026-10-08
CP_ORDEM_SERVICO	PEC_LOCALLIDADE	807	NVARCHAR2	500	Y	producao	2026-10-08
CP_ORDEM_SERVICO	FAVORECIDO_ALIMENTACAO	808	NVARCHAR2	500	Y	producao	2026-10-08
CP_ORDEM_SERVICO	OPCAO_AUXILIO	809	NVARCHAR2	500	Y	producao	2026-10-08
CP_ORDEM_SERVICO	FAVORECIDO_NOME	810	NVARCHAR2	500	Y	producao	2026-10-08
CP_ORDEM_SERVICO	PRAZO_DIAS	811	NVARCHAR2	500	Y	producao	2026-10-08
CP_ORDEM_SERVICO	GRAU_CONFIDENCIALIDADE2	812	NVARCHAR2	500	Y	producao	2026-10-08
CP_ORDEM_SERVICO	NN_CONTRATO_CLIENTE	813	NVARCHAR2	26	Y	producao	2026-10-08
CP_ORDEM_SERVICO	NN_CONTRATO_COBRA	814	NVARCHAR2	26	Y	producao	2026-10-08
CP_ORDEM_SERVICO	NN_DATA_FECHAMENTO	815	DATE	7	Y	producao	2026-10-08
CP_ORDEM_SERVICO	NN_RISCO_AMBIENTAL	816	NVARCHAR2	4000	Y	producao	2026-10-08
CP_ORDEM_SERVICO	NN_RISCO_CREDITO	817	NVARCHAR2	4000	Y	producao	2026-10-08
CP_ORDEM_SERVICO	NN_RISCO_IMAGEM	818	NVARCHAR2	4000	Y	producao	2026-10-08
CP_ORDEM_SERVICO	NN_RISCO_LIQUIDEZ	819	NVARCHAR2	4000	Y	producao	2026-10-08
CP_ORDEM_SERVICO	NN_RISCO_MERCADO	820	NVARCHAR2	4000	Y	producao	2026-10-08
CP_ORDEM_SERVICO	NN_RISCO_OPERACIONAL	821	NVARCHAR2	4000	Y	producao	2026-10-08
CP_ORDEM_SERVICO	NN_NUMERO_PROJETO	822	NVARCHAR2	500	Y	producao	2026-10-08
CP_ORDEM_SERVICO	NN_VALOR_PROPOSTA	823	NUMBER	22	Y	producao	2026-10-08
CP_ORDEM_SERVICO	NN_NOME_PROJETO	824	NVARCHAR2	500	Y	producao	2026-10-08
CP_ORDEM_SERVICO	NN_EMP_CONGLOMERADO	825	NVARCHAR2	500	Y	producao	2026-10-08
CP_ORDEM_SERVICO	NN_DIRETORIA_NEGOCIO	826	NVARCHAR2	500	Y	producao	2026-10-08
CP_ORDEM_SERVICO	NN_INVESTIMENTO	827	NVARCHAR2	500	Y	producao	2026-10-08
CP_ORDEM_SERVICO	NN_VIGENCIA_CONTRATO	828	DATE	7	Y	producao	2026-10-08
CP_ORDEM_SERVICO	NN_MARGEM_MINIMA	829	NUMBER	22	Y	producao	2026-10-08
CP_ORDEM_SERVICO	NN_FATURAMENTO	830	NUMBER	22	Y	producao	2026-10-08
CP_ORDEM_SERVICO	NN_CONDICAO_PAGAMENTO	831	NVARCHAR2	4000	Y	producao	2026-10-08
CP_ORDEM_SERVICO	NN_CLIENTE	832	NVARCHAR2	500	Y	producao	2026-10-08
CP_ORDEM_SERVICO	NN_NOVO_NEGOCIO	833	NVARCHAR2	500	Y	producao	2026-10-08
CP_ORDEM_SERVICO	NN_MARGEM	834	NUMBER	22	Y	producao	2026-10-08
CP_ORDEM_SERVICO	NN_ORGAO_CLIENTE	835	NVARCHAR2	500	Y	producao	2026-10-08
CP_ORDEM_SERVICO	NN_DIRETOR_NEGOCIO	836	NVARCHAR2	500	Y	producao	2026-10-08
CP_ORDEM_SERVICO	NN_OBJETO_PROPOSTA	837	NVARCHAR2	4000	Y	producao	2026-10-08
CP_ORDEM_SERVICO	NN_TIPO_VENDA	838	NVARCHAR2	500	Y	producao	2026-10-08
CP_ORDEM_SERVICO	NN_GEREX_NEGOCIO	839	NVARCHAR2	500	Y	producao	2026-10-08
CP_ORDEM_SERVICO	NN_RESPONSAVEL_RELACIONAMENTO	840	NVARCHAR2	500	Y	producao	2026-10-08
CP_ORDEM_SERVICO	NN_ORCAMENTO	841	NUMBER	22	Y	producao	2026-10-08
CP_ORDEM_SERVICO	NN_APELIDO_PROJETO	842	NVARCHAR2	500	Y	producao	2026-10-08
CP_ORDEM_SERVICO	NN_GERENCIA_NEGOCIO	843	NVARCHAR2	500	Y	producao	2026-10-08
CP_ORDEM_SERVICO	NN_REPROVA_DEVOLVE	844	NVARCHAR2	500	Y	producao	2026-10-08
CP_ORDEM_SERVICO	NN_ORIGEM_ESTRUTURACAO	845	NVARCHAR2	500	Y	producao	2026-10-08
CP_ORDEM_SERVICO	NN_INOVACAO	846	NVARCHAR2	500	Y	producao	2026-10-08
CP_ORDEM_SERVICO	NN_TIPO_INOVACAO	847	NVARCHAR2	500	Y	producao	2026-10-08
CP_ORDEM_SERVICO	NN_TIPO_SERVICO	848	NVARCHAR2	500	Y	producao	2026-10-08
CP_ORDEM_SERVICO	NN_SERVICO_PORTIFOLIO	849	NVARCHAR2	500	Y	producao	2026-10-08
CP_ORDEM_SERVICO	NN_GERENCIA_DESTINO	850	NVARCHAR2	500	Y	producao	2026-10-08
CP_ORDEM_SERVICO	NN_VALIDADE_PROPOSTA	851	NUMBER	22	Y	producao	2026-10-08
CP_ORDEM_SERVICO	NN_PRAZO_DEMANDA	852	DATE	7	Y	producao	2026-10-08
CP_ORDEM_SERVICO	NN_APROVACAO_CLIENTE	853	NVARCHAR2	500	Y	producao	2026-10-08
CP_ORDEM_SERVICO	NN_ALTERACAO_PROPOSTA	854	NVARCHAR2	500	Y	producao	2026-10-08
CP_ORDEM_SERVICO	NN_DATA_DIREX	855	DATE	7	Y	producao	2026-10-08
CP_ORDEM_SERVICO	NN_TIPO_PROJETO	856	NVARCHAR2	500	Y	producao	2026-10-08
CP_ORDEM_SERVICO	NN_RESPOSTA_CLIENTE	857	NVARCHAR2	4000	Y	producao	2026-10-08
CP_ORDEM_SERVICO	PEC_ESPECIALIZACOES	858	NVARCHAR2	500	Y	producao	2026-10-08
CP_ORDEM_SERVICO	PEC_CARGO_MBA	859	NVARCHAR2	500	Y	producao	2026-10-08
CP_ORDEM_SERVICO	PEC_FUNCAO_MBA	860	NVARCHAR2	500	Y	producao	2026-10-08
CP_ORDEM_SERVICO	INSTRUCOES	861	NVARCHAR2	1000	Y	producao	2026-10-08
CP_ORDEM_SERVICO	PEC_LOCALIDADE	862	NVARCHAR2	500	Y	producao	2026-10-08
CP_ORDEM_SERVICO	REEMBOLSO_DECLARACAO_ESCOLA	863	NVARCHAR2	6	Y	producao	2026-10-08
CP_ORDEM_SERVICO	ESFORCO_INICIO	864	NUMBER	22	Y	producao	2026-10-08
CP_ORDEM_SERVICO	ESFORCO_REAL	865	NUMBER	22	Y	producao	2026-10-08
CP_ORDEM_SERVICO	COMO_ACESSAR_HOM	866	NVARCHAR2	4000	Y	producao	2026-10-08
CP_ORDEM_SERVICO	DESC_FASE	867	NVARCHAR2	500	Y	producao	2026-10-08
CP_ORDEM_SERVICO	RESP_ATEND_DOD	868	NVARCHAR2	500	Y	producao	2026-10-08
CP_ORDEM_SERVICO	JUSTIFICATIVA_CONSIG	869	NVARCHAR2	4000	Y	producao	2026-10-08
CP_ORDEM_SERVICO	DDD	870	NVARCHAR2	20	Y	producao	2026-10-08
CP_ORDEM_SERVICO	UF	871	NVARCHAR2	500	Y	producao	2026-10-08
CP_ORDEM_SERVICO	IMEI_APARELHO	872	NVARCHAR2	30	Y	producao	2026-10-08
CP_ORDEM_SERVICO	IMEI_CHIP	873	NVARCHAR2	40	Y	producao	2026-10-08
CP_ORDEM_SERVICO	DIREX	874	NVARCHAR2	6	Y	producao	2026-10-08
CP_ORDEM_SERVICO	GEREXE	875	NVARCHAR2	6	Y	producao	2026-10-08
CP_ORDEM_SERVICO	MOTIVO_DIREX	876	NVARCHAR2	2000	Y	producao	2026-10-08
CP_ORDEM_SERVICO	DATA_GEREX	877	DATE	7	Y	producao	2026-10-08
CP_ORDEM_SERVICO	GRUPO_EMAIL	878	NVARCHAR2	500	Y	producao	2026-10-08
CP_ORDEM_SERVICO	SIM_NAO	879	NVARCHAR2	100	Y	producao	2026-10-08
CP_ORDEM_SERVICO	ALCADA_ESTATUTARIO	880	NVARCHAR2	6	Y	producao	2026-10-08
CP_ORDEM_SERVICO	NOVO_PLANO_UNIMED	881	NVARCHAR2	500	Y	producao	2026-10-08
CP_ORDEM_SERVICO	CONFIRMA	882	NVARCHAR2	500	Y	producao	2026-10-08
CP_ORDEM_SERVICO	CLASSIFICACAO_RESPOSTA	883	NVARCHAR2	500	Y	producao	2026-10-08
CP_ORDEM_SERVICO	SIC_RESPOSTA_PRI	884	NVARCHAR2	4000	Y	producao	2026-10-08
CP_ORDEM_SERVICO	SIC_APROV_PRI	885	NVARCHAR2	500	Y	producao	2026-10-08
CP_ORDEM_SERVICO	SIC_CARGO_PRI	886	NVARCHAR2	500	Y	producao	2026-10-08
CP_ORDEM_SERVICO	CHAMADO	887	NVARCHAR2	500	Y	producao	2026-10-08
CP_ORDEM_SERVICO	RECURSO	888	NVARCHAR2	4000	Y	producao	2026-10-08
CP_ORDEM_SERVICO	SIC_APROV_RESPOSTA	889	NVARCHAR2	500	Y	producao	2026-10-08
CP_ORDEM_SERVICO	SIC_ORGAO_RESPOSTA	890	NVARCHAR2	500	Y	producao	2026-10-08
CP_ORDEM_SERVICO	SIC_ORGAO_PRI	891	NVARCHAR2	500	Y	producao	2026-10-08
CP_ORDEM_SERVICO	RECURSO_SEG	892	NVARCHAR2	500	Y	producao	2026-10-08
CP_ORDEM_SERVICO	SIC_ORGAO_SEG	893	NVARCHAR2	500	Y	producao	2026-10-08
CP_ORDEM_SERVICO	SIC_CARGO_SEG	894	NVARCHAR2	500	Y	producao	2026-10-08
CP_ORDEM_SERVICO	SIC_RESPOSTA_SEG	895	NVARCHAR2	4000	Y	producao	2026-10-08
CP_ORDEM_SERVICO	SIC_APROV_SEG	896	NVARCHAR2	500	Y	producao	2026-10-08
CP_ORDEM_SERVICO	MEIO_SOLICITACAO	897	NVARCHAR2	500	Y	producao	2026-10-08
CP_ORDEM_SERVICO	SIC_CARGO_RESPOSTA	898	NVARCHAR2	500	Y	producao	2026-10-08
CP_ORDEM_SERVICO	SIC_CARGO_CGU	899	NVARCHAR2	500	Y	producao	2026-10-08
CP_ORDEM_SERVICO	SIC_APROV_CGU	900	NVARCHAR2	500	Y	producao	2026-10-08
CP_ORDEM_SERVICO	SIC_RESPOSTA_CGU	901	NVARCHAR2	4000	Y	producao	2026-10-08
CP_ORDEM_SERVICO	TERMO_DE_CIENCIA	902	NVARCHAR2	6	Y	producao	2026-10-08
CP_ORDEM_SERVICO	ID_ORGAO_ORIGEM	903	NVARCHAR2	500	Y	producao	2026-10-08
CP_ORDEM_SERVICO	PASTA	904	NVARCHAR2	500	Y	producao	2026-10-08
CP_ORDEM_SERVICO	COMBOBOX	905	NVARCHAR2	1800	Y	producao	2026-10-08
CP_ORDEM_SERVICO	SERVICO_SELECIONADO	906	NVARCHAR2	500	Y	producao	2026-10-08
CP_ORDEM_SERVICO	FAVORECIDO_FUNCIO	907	NVARCHAR2	500	Y	producao	2026-10-08
CP_ORDEM_SERVICO	CARGOS_EDITAL	908	NVARCHAR2	500	Y	producao	2026-10-08
CP_ORDEM_SERVICO	FUNCAO_GRATIFICADA	909	NVARCHAR2	500	Y	producao	2026-10-08
CP_ORDEM_SERVICO	ID_ORGAO_DESTINO	910	NVARCHAR2	500	Y	producao	2026-10-08
CP_ORDEM_SERVICO	TIPO_SOLICITACAO	911	NVARCHAR2	500	Y	producao	2026-10-08
CP_ORDEM_SERVICO	FASE_CHAMADO	912	NVARCHAR2	500	Y	producao	2026-10-08
CP_ORDEM_SERVICO	LAUDO_TECNICO	913	NVARCHAR2	500	Y	producao	2026-10-08
CP_ORDEM_SERVICO	TIPO_DOCUMENTO	914	NVARCHAR2	500	Y	producao	2026-10-08
CP_ORDEM_SERVICO	BASE	915	NVARCHAR2	500	Y	producao	2026-10-08
CP_ORDEM_SERVICO	PREDIO	916	NVARCHAR2	500	Y	producao	2026-10-08
CP_ORDEM_SERVICO	LOGIN_ASSTEC	917	NVARCHAR2	500	Y	producao	2026-10-08
CP_ORDEM_SERVICO	TIPO_CAD_REDE_MAN	918	NVARCHAR2	500	Y	producao	2026-10-08
CP_ORDEM_SERVICO	TIPO	919	NVARCHAR2	500	Y	producao	2026-10-08
CP_ORDEM_SERVICO	HORARIO_COBERTURA	920	NVARCHAR2	500	Y	producao	2026-10-08
CP_ORDEM_SERVICO	UF_ASSTEC	921	NVARCHAR2	500	Y	producao	2026-10-08
CP_ORDEM_SERVICO	PERFIL_USU_REDE_MAN	922	NVARCHAR2	500	Y	producao	2026-10-08
CP_ORDEM_SERVICO	SCR_ASSTEC	923	NVARCHAR2	500	Y	producao	2026-10-08
CP_ORDEM_SERVICO	TIPO_ACESSO	924	NVARCHAR2	500	Y	producao	2026-10-08
CP_ORDEM_SERVICO	ENDERECO_FORNECEDOR	925	NVARCHAR2	600	Y	producao	2026-10-08
CP_ORDEM_SERVICO	MUNICIPIO	926	NVARCHAR2	500	Y	producao	2026-10-08
CP_ORDEM_SERVICO	CEP1	927	NVARCHAR2	20	Y	producao	2026-10-08
CP_ORDEM_SERVICO	ATIVIDADE_ECONOMICA	928	NVARCHAR2	500	Y	producao	2026-10-08
CP_ORDEM_SERVICO	OBJETO_CONTRATACAO	929	NVARCHAR2	4000	Y	producao	2026-10-08
CP_ORDEM_SERVICO	MODALIDADE_LICITACAO	930	NVARCHAR2	500	Y	producao	2026-10-08
CP_ORDEM_SERVICO	LABEL1	931	NVARCHAR2	4000	Y	producao	2026-10-08
CP_ORDEM_SERVICO	DESCRICAO1	932	NVARCHAR2	4000	Y	producao	2026-10-08
CP_ORDEM_SERVICO	SG	933	NUMBER	22	Y	producao	2026-10-08
CP_ORDEM_SERVICO	LG	934	NUMBER	22	Y	producao	2026-10-08
CP_ORDEM_SERVICO	LC	935	NUMBER	22	Y	producao	2026-10-08
CP_ORDEM_SERVICO	LABEL2	936	NVARCHAR2	4000	Y	producao	2026-10-08
CP_ORDEM_SERVICO	LABEL3	937	NVARCHAR2	2048	Y	producao	2026-10-08
CP_ORDEM_SERVICO	DESCRICAO2	938	NVARCHAR2	4000	Y	producao	2026-10-08
CP_ORDEM_SERVICO	ASSISTENCIA_TECNICA	939	NVARCHAR2	6	Y	producao	2026-10-08
CP_ORDEM_SERVICO	DOCGAP	940	NVARCHAR2	500	Y	producao	2026-10-08
CP_ORDEM_SERVICO	TIPOGAP	941	NVARCHAR2	500	Y	producao	2026-10-08
CP_ORDEM_SERVICO	MOSCOW_LIST	942	NVARCHAR2	500	Y	producao	2026-10-08
CP_ORDEM_SERVICO	COMBOBOX1	943	NVARCHAR2	400	Y	producao	2026-10-08
CP_ORDEM_SERVICO	DATA1	944	DATE	7	Y	producao	2026-10-08
CP_ORDEM_SERVICO	DATA2	945	DATE	7	Y	producao	2026-10-08
CP_ORDEM_SERVICO	IP_LAN	946	NVARCHAR2	500	Y	producao	2026-10-08
CP_ORDEM_SERVICO	IP_WAN	947	NVARCHAR2	500	Y	producao	2026-10-08
CP_ORDEM_SERVICO	NUM_CHAVE	948	NVARCHAR2	500	Y	producao	2026-10-08
CP_ORDEM_SERVICO	FAIXA	949	NVARCHAR2	500	Y	producao	2026-10-08
CP_ORDEM_SERVICO	TIPO_SINAL	950	NVARCHAR2	500	Y	producao	2026-10-08
CP_ORDEM_SERVICO	OS_DERP	951	NVARCHAR2	500	Y	producao	2026-10-08
CP_ORDEM_SERVICO	NOME_PVV	952	NVARCHAR2	500	Y	producao	2026-10-08
CP_ORDEM_SERVICO	PATRIMONIO_PVV	953	NVARCHAR2	500	Y	producao	2026-10-08
CP_ORDEM_SERVICO	IP_PVV	954	NVARCHAR2	500	Y	producao	2026-10-08
CP_ORDEM_SERVICO	URL1	955	NVARCHAR2	500	Y	producao	2026-10-08
CP_ORDEM_SERVICO	COR_VEICULO	956	NVARCHAR2	500	Y	producao	2026-10-08
CP_ORDEM_SERVICO	ORIGEM_ACAO	957	NVARCHAR2	500	Y	producao	2026-10-08
CP_ORDEM_SERVICO	CRITICIDADE_ACAO	958	NVARCHAR2	500	Y	producao	2026-10-08
CP_ORDEM_SERVICO	GCI	959	NVARCHAR2	6	Y	producao	2026-10-08
CP_ORDEM_SERVICO	CORIS	960	NVARCHAR2	6	Y	producao	2026-10-08
CP_ORDEM_SERVICO	MOTIVO_GCI	961	NVARCHAR2	4000	Y	producao	2026-10-08
CP_ORDEM_SERVICO	MOTIVO_CORIS	962	NVARCHAR2	4000	Y	producao	2026-10-08
CP_ORDEM_SERVICO	PEC_TIPO_REEMBOLSO_1	963	NVARCHAR2	500	Y	producao	2026-10-08
CP_ORDEM_SERVICO	PESQUISA_DESLIGAMENTO	964	NVARCHAR2	500	Y	producao	2026-10-08
CP_ORDEM_SERVICO	NN_PERCENTUAL_RISCO	965	NUMBER	22	Y	producao	2026-10-08
CP_ORDEM_SERVICO	SEVERIDADE	966	NVARCHAR2	500	Y	producao	2026-10-08
CP_ORDEM_SERVICO	GOLIVE	967	NVARCHAR2	500	Y	producao	2026-10-08
CP_ORDEM_SERVICO	NN_ALCADA	968	NVARCHAR2	500	Y	producao	2026-10-08
CP_ORDEM_SERVICO	CAUSA_RAIZ	969	NVARCHAR2	500	Y	producao	2026-10-08
CP_ORDEM_SERVICO	NUM_CONTRATO	970	NVARCHAR2	400	Y	producao	2026-10-08
CP_ORDEM_SERVICO	DATA_FIM_ESTIMADA1	971	DATE	7	Y	producao	2026-10-08
CP_ORDEM_SERVICO	NN_SCR_GERENCIAS	972	NVARCHAR2	500	Y	producao	2026-10-08
CP_ORDEM_SERVICO	EQUIL_ECONOMICO	973	NVARCHAR2	500	Y	producao	2026-10-08
CP_ORDEM_SERVICO	SUPORTE_TIPO_SOLIC	974	NUMBER	22	Y	producao	2026-10-08
CP_ORDEM_SERVICO	DESCRICAO3	975	NVARCHAR2	1000	Y	producao	2026-10-08
CP_ORDEM_SERVICO	NF_TIPOS_BBTS	976	NVARCHAR2	200	Y	producao	2026-10-08
CP_ORDEM_SERVICO	UNIDADE_NEGOCIO	977	NVARCHAR2	500	Y	producao	2026-10-08
CP_ORDEM_SERVICO	SINDICATO	978	NVARCHAR2	500	Y	producao	2026-10-08
CP_ORDEM_SERVICO	STEP_CARGO	979	NVARCHAR2	500	Y	producao	2026-10-08
CP_ORDEM_SERVICO	STEP_FUNCAO	980	NVARCHAR2	500	Y	producao	2026-10-08
CP_ORDEM_SERVICO	DEMANDA_INFRA	981	NVARCHAR2	6	Y	producao	2026-10-08
CP_ORDEM_SERVICO	DEMANDA_PROC	982	NVARCHAR2	6	Y	producao	2026-10-08
CP_ORDEM_SERVICO	DEMANDA_SW	983	NVARCHAR2	6	Y	producao	2026-10-08
CP_ORDEM_SERVICO	DISPONIBILIDADE_DIAS	984	NVARCHAR2	500	Y	producao	2026-10-08
CP_ORDEM_SERVICO	DISPONIBILIDADE_HORAS	985	NVARCHAR2	500	Y	producao	2026-10-08
CP_ORDEM_SERVICO	QTD_USUARIOS	986	NVARCHAR2	500	Y	producao	2026-10-08
CP_ORDEM_SERVICO	DESC_TEMPO_NI_LEI	987	NVARCHAR2	500	Y	producao	2026-10-08
CP_ORDEM_SERVICO	TEMPO_NI_LEI	988	NVARCHAR2	500	Y	producao	2026-10-08
CP_ORDEM_SERVICO	QTD_USUARIOS_SIMUT	989	NVARCHAR2	500	Y	producao	2026-10-08
CP_ORDEM_SERVICO	INTERACAO_SIST	990	NVARCHAR2	500	Y	producao	2026-10-08
CP_ORDEM_SERVICO	SERV_SLA_RELAC	991	NVARCHAR2	500	Y	producao	2026-10-08
CP_ORDEM_SERVICO	DISPONIBILIDADE_HORAS_PERSON	992	NVARCHAR2	500	Y	producao	2026-10-08
CP_ORDEM_SERVICO	SEVERIDADE_SERVICO	993	NVARCHAR2	500	Y	producao	2026-10-08
CP_ORDEM_SERVICO	DESC_REL_SLA	994	NVARCHAR2	500	Y	producao	2026-10-08
CP_ORDEM_SERVICO	DEMANDA_EXPRESSA	995	NVARCHAR2	6	Y	producao	2026-10-08
CP_ORDEM_SERVICO	TIC_DATAAPROVACAO	996	DATE	7	Y	producao	2026-10-08
CP_ORDEM_SERVICO	LABEL18	997	NVARCHAR2	2000	Y	producao	2026-10-08
CP_ORDEM_SERVICO	VALOR_REMUNERACAO_PDCI	998	NVARCHAR2	500	Y	producao	2026-10-08
CP_ORDEM_SERVICO	MATRICULA	999	NUMBER	22	Y	producao	2026-10-08
CP_ORDEM_SERVICO	MATRICULA1	1000	NUMBER	22	Y	producao	2026-10-08
CP_PESSOA	ID_PESSOA	1	NUMBER	22	N	producao	2026-10-08
CP_PESSOA	MATRICULA	2	NVARCHAR2	60	Y	producao	2026-10-08
CP_PESSOA	FUNCAO_GRATIFICADA	3	NVARCHAR2	60	Y	producao	2026-10-08
CP_PESSOA	CARGO_FUNCIONAL	4	NVARCHAR2	60	Y	producao	2026-10-08
CP_PESSOA	CPF	5	NVARCHAR2	22	Y	producao	2026-10-08
CP_PESSOA	DATA_NASCIMENTO	6	DATE	7	Y	producao	2026-10-08
CP_PESSOA	DESC_CONTRATACAO	7	NVARCHAR2	60	Y	producao	2026-10-08
CP_PESSOA	PERSON_ID	8	NVARCHAR2	40	Y	producao	2026-10-08
CP_PESSOA	TIPO_CONTRATACAO	9	NVARCHAR2	2	Y	producao	2026-10-08
CP_PESSOA	SEXO	10	NVARCHAR2	500	Y	producao	2026-10-08
CP_PESSOA	GESTOR_POSICAO	11	NVARCHAR2	500	Y	producao	2026-10-08
CP_PESSOA	DATA_DE_ADMISSAO	12	DATE	7	Y	producao	2026-10-08
